{"type":"FeatureCollection","features":[{"type":"Feature","properties":{"adcode":110000,"name":"北京市","center":[116.405285,39.904989],"centroid":[116.41995,40.18994],"childrenNum":16,"level":"province","parent":{"adcode":100000},"subFeatureIndex":0,"acroutes":[100000]},"geometry":{"type":"Polygon","coordinates":[[[117.27,40.561],[117.248,40.54],[117.263,40.513],[117.209,40.502],[117.264,40.442],[117.226,40.369],[117.295,40.278],[117.331,40.29],[117.351,40.23],[117.39,40.228],[117.349,40.137],[117.255,40.115],[117.204,40.07],[117.052,40.06],[117.025,40.03],[116.928,40.055],[116.781,40.035],[116.758,39.968],[116.783,39.948],[116.784,39.891],[116.866,39.844],[116.918,39.846],[116.949,39.779],[116.902,39.764],[116.917,39.731],[116.887,39.725],[116.906,39.677],[116.85,39.668],[116.791,39.596],[116.749,39.62],[116.709,39.618],[116.723,39.593],[116.592,39.621],[116.524,39.596],[116.508,39.551],[116.473,39.553],[116.444,39.51],[116.402,39.528],[116.412,39.483],[116.444,39.482],[116.455,39.453],[116.435,39.443],[116.338,39.456],[116.258,39.5],[116.241,39.564],[116.199,39.589],[116.13,39.568],[115.995,39.577],[115.978,39.596],[115.957,39.561],[115.91,39.6],[115.915,39.583],[115.806,39.51],[115.753,39.516],[115.668,39.615],[115.587,39.59],[115.546,39.619],[115.518,39.597],[115.522,39.64],[115.479,39.651],[115.487,39.742],[115.44,39.752],[115.444,39.786],[115.553,39.795],[115.567,39.816],[115.514,39.838],[115.523,39.899],[115.426,39.951],[115.455,40.03],[115.591,40.096],[115.6,40.12],[115.755,40.146],[115.774,40.176],[115.848,40.147],[115.899,40.234],[115.969,40.264],[115.918,40.354],[115.864,40.359],[115.772,40.444],[115.781,40.493],[115.736,40.503],[115.755,40.54],[115.908,40.617],[115.972,40.603],[115.982,40.579],[116.134,40.667],[116.163,40.662],[116.247,40.792],[116.311,40.755],[116.317,40.772],[116.466,40.774],[116.334,40.904],[116.34,40.929],[116.37,40.944],[116.398,40.906],[116.477,40.9],[116.455,40.981],[116.568,40.993],[116.598,40.975],[116.616,41.053],[116.648,41.059],[116.699,41.021],[116.678,40.971],[116.722,40.927],[116.714,40.91],[116.848,40.839],[116.965,40.71],[117.208,40.695],[117.32,40.658],[117.409,40.687],[117.515,40.66],[117.413,40.605],[117.43,40.576],[117.39,40.562],[117.349,40.581],[117.27,40.561]]]}},{"type":"Feature","properties":{"adcode":120000,"name":"天津市","center":[117.190182,39.125596],"centroid":[117.347043,39.288036],"childrenNum":16,"level":"province","parent":{"adcode":100000},"subFeatureIndex":1,"acroutes":[100000]},"geometry":{"type":"MultiPolygon","coordinates":[[[[117.673,39.387],[117.669,39.412],[117.601,39.419],[117.521,39.357],[117.536,39.338],[117.595,39.349],[117.67,39.323],[117.671,39.358],[117.745,39.355],[117.785,39.377],[117.811,39.355],[117.851,39.364],[117.854,39.328],[118.024,39.289],[118.065,39.231],[117.977,39.206],[117.965,39.173],[117.872,39.123],[117.838,39.057],[117.856,38.957],[117.898,38.949],[117.848,38.856],[117.779,38.869],[117.646,38.829],[117.647,38.789],[117.741,38.754],[117.729,38.68],[117.657,38.66],[117.639,38.627],[117.479,38.616],[117.369,38.565],[117.253,38.556],[117.238,38.581],[117.259,38.608],[117.213,38.64],[117.11,38.585],[117.055,38.639],[117.068,38.681],[116.877,38.681],[116.859,38.741],[116.746,38.754],[116.751,38.831],[116.723,38.853],[116.708,38.932],[116.754,39.035],[116.872,39.055],[116.913,39.111],[116.909,39.151],[116.87,39.154],[116.856,39.216],[116.882,39.226],[116.89,39.338],[116.871,39.358],[116.829,39.339],[116.818,39.374],[116.876,39.435],[116.785,39.466],[116.821,39.482],[116.82,39.529],[116.787,39.554],[116.812,39.616],[116.85,39.668],[116.906,39.677],[116.932,39.706],[116.964,39.643],[117.016,39.654],[117.153,39.624],[117.178,39.645],[117.162,39.749],[117.206,39.764],[117.156,39.817],[117.252,39.834],[117.248,39.861],[117.163,39.877],[117.151,39.945],[117.198,39.993],[117.192,40.066],[117.255,40.115],[117.349,40.137],[117.416,40.249],[117.549,40.233],[117.675,40.082],[117.753,40.082],[117.776,40.06],[117.744,40.018],[117.793,40.006],[117.782,39.967],[117.691,39.985],[117.615,39.973],[117.546,39.999],[117.508,39.902],[117.562,39.8],[117.546,39.776],[117.596,39.746],[117.578,39.727],[117.669,39.667],[117.637,39.603],[117.654,39.575],[117.707,39.576],[117.716,39.53],[117.767,39.599],[117.934,39.574],[117.9,39.474],[117.87,39.455],[117.872,39.412],[117.7,39.407],[117.673,39.387]]],[[[117.766,39.401],[117.847,39.408],[117.852,39.381],[117.805,39.373],[117.766,39.401]]]]}},{"type":"Feature","properties":{"adcode":130000,"name":"河北省","center":[114.502461,38.045474],"childrenNum":11,"level":"province","parent":{"adcode":100000},"subFeatureIndex":2,"acroutes":[100000]},"geometry":{"type":"MultiPolygon","coordinates":[[[[117.501,40.637],[117.515,40.66],[117.409,40.687],[117.32,40.658],[117.208,40.695],[116.965,40.71],[116.848,40.839],[116.714,40.91],[116.722,40.927],[116.678,40.971],[116.688,41.045],[116.616,41.053],[116.598,40.975],[116.568,40.993],[116.455,40.981],[116.477,40.9],[116.398,40.906],[116.37,40.944],[116.34,40.929],[116.334,40.904],[116.438,40.819],[116.454,40.766],[116.317,40.772],[116.311,40.755],[116.247,40.792],[116.163,40.662],[116.134,40.667],[115.982,40.579],[115.972,40.603],[115.908,40.617],[115.755,40.54],[115.736,40.503],[115.781,40.493],[115.772,40.444],[115.864,40.359],[115.918,40.354],[115.969,40.264],[115.899,40.234],[115.848,40.147],[115.774,40.176],[115.755,40.146],[115.6,40.12],[115.591,40.096],[115.455,40.03],[115.426,39.951],[115.523,39.899],[115.514,39.838],[115.567,39.816],[115.553,39.795],[115.444,39.786],[115.44,39.752],[115.487,39.742],[115.479,39.651],[115.522,39.64],[115.518,39.597],[115.546,39.619],[115.587,39.59],[115.668,39.615],[115.753,39.516],[115.806,39.51],[115.915,39.583],[115.91,39.6],[115.957,39.561],[115.978,39.596],[115.995,39.577],[116.13,39.568],[116.199,39.589],[116.241,39.564],[116.258,39.5],[116.338,39.456],[116.435,39.443],[116.455,39.453],[116.444,39.482],[116.412,39.483],[116.402,39.528],[116.444,39.51],[116.473,39.553],[116.508,39.551],[116.524,39.596],[116.592,39.621],[116.723,39.593],[116.709,39.618],[116.791,39.596],[116.812,39.616],[116.787,39.554],[116.82,39.529],[116.821,39.482],[116.785,39.466],[116.876,39.435],[116.818,39.374],[116.829,39.339],[116.871,39.358],[116.89,39.338],[116.882,39.226],[116.856,39.216],[116.87,39.154],[116.909,39.151],[116.913,39.111],[116.872,39.055],[116.754,39.035],[116.708,38.932],[116.723,38.853],[116.751,38.831],[116.746,38.754],[116.859,38.741],[116.877,38.681],[117.068,38.681],[117.055,38.639],[117.11,38.585],[117.213,38.64],[117.259,38.608],[117.238,38.581],[117.253,38.556],[117.369,38.565],[117.479,38.616],[117.639,38.627],[117.638,38.545],[117.686,38.539],[117.645,38.528],[117.781,38.374],[117.958,38.376],[117.809,38.228],[117.771,38.135],[117.705,38.076],[117.587,38.072],[117.439,37.854],[117.027,37.832],[116.805,37.849],[116.754,37.77],[116.679,37.729],[116.605,37.625],[116.434,37.473],[116.336,37.581],[116.279,37.525],[116.276,37.467],[116.225,37.48],[116.243,37.448],[116.226,37.428],[116.286,37.404],[116.236,37.361],[116.169,37.384],[115.976,37.337],[115.97,37.24],[115.91,37.207],[115.912,37.177],[115.88,37.151],[115.888,37.112],[115.777,36.993],[115.797,36.969],[115.758,36.902],[115.712,36.883],[115.684,36.808],[115.48,36.76],[115.452,36.702],[115.355,36.627],[115.331,36.55],[115.273,36.497],[115.317,36.454],[115.298,36.413],[115.34,36.398],[115.367,36.309],[115.423,36.322],[115.417,36.293],[115.475,36.248],[115.484,36.149],[115.465,36.17],[115.377,36.128],[115.366,36.099],[115.313,36.088],[115.302,36.128],[115.201,36.21],[115.184,36.193],[115.125,36.21],[115.105,36.172],[115.063,36.178],[115.046,36.113],[114.998,36.07],[114.914,36.052],[114.913,36.141],[114.772,36.125],[114.735,36.156],[114.589,36.118],[114.587,36.141],[114.533,36.172],[114.356,36.23],[114.345,36.256],[114.241,36.251],[114.21,36.273],[114.203,36.245],[114.17,36.246],[114.176,36.265],[114.129,36.28],[114.08,36.27],[114.043,36.303],[114.056,36.329],[113.982,36.318],[113.963,36.354],[113.911,36.315],[113.882,36.354],[113.849,36.348],[113.857,36.329],[113.813,36.332],[113.731,36.363],[113.708,36.423],[113.587,36.461],[113.554,36.495],[113.589,36.548],[113.54,36.594],[113.545,36.623],[113.487,36.635],[113.507,36.705],[113.465,36.708],[113.5,36.741],[113.536,36.732],[113.681,36.79],[113.676,36.856],[113.697,36.882],[113.773,36.855],[113.793,36.895],[113.761,36.956],[113.792,36.988],[113.772,37.017],[113.788,37.06],[113.758,37.075],[113.773,37.152],[113.832,37.168],[113.886,37.239],[113.902,37.31],[113.963,37.356],[113.974,37.403],[114.015,37.425],[114.037,37.494],[114.119,37.591],[114.14,37.676],[114.068,37.722],[113.994,37.707],[114.045,37.762],[114.007,37.813],[113.977,37.817],[113.959,37.906],[113.901,37.985],[113.872,37.99],[113.877,38.055],[113.811,38.118],[113.832,38.169],[113.721,38.175],[113.711,38.214],[113.599,38.227],[113.545,38.271],[113.558,38.343],[113.525,38.383],[113.583,38.46],[113.546,38.493],[113.562,38.558],[113.603,38.587],[113.613,38.646],[113.702,38.652],[113.721,38.713],[113.776,38.71],[113.803,38.763],[113.84,38.759],[113.856,38.829],[113.776,38.886],[113.768,38.96],[113.898,39.068],[113.93,39.064],[113.962,39.101],[113.995,39.096],[114.007,39.123],[114.051,39.136],[114.109,39.052],[114.346,39.075],[114.388,39.177],[114.444,39.174],[114.476,39.216],[114.416,39.243],[114.437,39.259],[114.431,39.308],[114.467,39.33],[114.469,39.401],[114.569,39.574],[114.515,39.565],[114.496,39.608],[114.432,39.614],[114.408,39.652],[114.417,39.776],[114.39,39.819],[114.407,39.833],[114.395,39.867],[114.216,39.862],[114.204,39.885],[114.229,39.9],[114.212,39.919],[114.174,39.898],[114.047,39.916],[114.029,39.986],[113.91,40.016],[113.959,40.033],[113.989,40.112],[114.046,40.057],[114.087,40.072],[114.102,40.1],[114.073,40.169],[114.098,40.194],[114.136,40.175],[114.236,40.198],[114.255,40.236],[114.47,40.268],[114.531,40.345],[114.312,40.373],[114.286,40.425],[114.3,40.44],[114.267,40.474],[114.294,40.552],[114.274,40.553],[114.283,40.591],[114.236,40.607],[114.103,40.771],[114.104,40.798],[114.08,40.79],[114.045,40.831],[114.074,40.857],[114.042,40.918],[114.058,40.925],[113.995,40.939],[113.973,40.983],[113.819,41.098],[113.878,41.116],[113.92,41.172],[113.997,41.192],[114.016,41.232],[113.992,41.27],[113.971,41.24],[113.899,41.316],[113.925,41.326],[113.945,41.392],[113.871,41.413],[113.933,41.487],[114.101,41.538],[114.231,41.514],[114.226,41.617],[114.259,41.623],[114.215,41.685],[114.238,41.699],[114.201,41.79],[114.352,41.953],[114.478,41.952],[114.512,41.982],[114.468,42.026],[114.511,42.111],[114.56,42.133],[114.648,42.11],[114.755,42.116],[114.794,42.149],[114.863,42.098],[114.861,42.055],[114.902,42.016],[114.939,41.846],[114.869,41.814],[114.903,41.696],[114.895,41.636],[114.861,41.601],[115.056,41.602],[115.099,41.624],[115.195,41.602],[115.204,41.571],[115.257,41.581],[115.29,41.623],[115.31,41.593],[115.378,41.603],[115.346,41.636],[115.361,41.661],[115.319,41.692],[115.347,41.712],[115.654,41.829],[115.688,41.868],[115.835,41.938],[115.917,41.945],[116.007,41.798],[116.099,41.777],[116.129,41.806],[116.107,41.831],[116.123,41.862],[116.194,41.862],[116.224,41.933],[116.298,41.968],[116.31,41.997],[116.374,42.01],[116.414,41.982],[116.393,41.943],[116.511,41.974],[116.553,41.929],[116.639,41.93],[116.728,41.951],[116.749,41.984],[116.796,41.978],[116.88,42.018],[116.89,42.093],[116.789,42.2],[116.903,42.191],[116.919,42.23],[116.887,42.366],[116.922,42.404],[117.095,42.484],[117.39,42.462],[117.413,42.472],[117.41,42.52],[117.387,42.518],[117.434,42.557],[117.435,42.585],[117.475,42.603],[117.667,42.582],[117.801,42.613],[117.798,42.585],[118.024,42.385],[118.009,42.347],[118.06,42.298],[117.974,42.251],[117.977,42.23],[118.106,42.172],[118.098,42.105],[118.155,42.081],[118.117,42.037],[118.194,42.031],[118.239,42.093],[118.297,42.058],[118.287,42.034],[118.24,42.025],[118.314,41.988],[118.306,41.94],[118.269,41.93],[118.34,41.872],[118.335,41.845],[118.292,41.773],[118.178,41.815],[118.14,41.784],[118.133,41.733],[118.159,41.676],[118.207,41.651],[118.215,41.596],[118.303,41.553],[118.316,41.513],[118.272,41.471],[118.349,41.428],[118.349,41.343],[118.38,41.312],[118.528,41.355],[118.677,41.35],[118.742,41.324],[118.843,41.375],[118.845,41.343],[118.891,41.301],[118.949,41.318],[119.198,41.283],[119.24,41.314],[119.249,41.28],[119.204,41.223],[119.17,41.223],[119.189,41.198],[119.126,41.139],[119.081,41.132],[119.081,41.096],[119.038,41.068],[118.965,41.079],[118.937,41.053],[118.952,41.018],[119.013,41.007],[119.001,40.967],[118.902,40.961],[118.873,40.848],[118.846,40.822],[118.908,40.775],[118.895,40.754],[118.95,40.748],[119.055,40.665],[119.185,40.68],[119.145,40.632],[119.163,40.6],[119.231,40.604],[119.22,40.569],[119.256,40.543],[119.559,40.548],[119.572,40.524],[119.554,40.502],[119.605,40.455],[119.598,40.334],[119.652,40.272],[119.639,40.232],[119.672,40.239],[119.717,40.196],[119.746,40.208],[119.761,40.136],[119.737,40.105],[119.787,40.042],[119.854,40.033],[119.846,40.001],[119.872,39.961],[119.82,39.979],[119.787,39.951],[119.541,39.888],[119.52,39.84],[119.536,39.809],[119.474,39.813],[119.366,39.735],[119.27,39.498],[119.317,39.411],[119.273,39.364],[119.185,39.342],[119.096,39.242],[118.926,39.123],[118.89,39.119],[118.951,39.179],[118.815,39.139],[118.637,39.157],[118.579,39.131],[118.588,39.108],[118.533,39.091],[118.605,38.971],[118.54,38.91],[118.491,38.909],[118.378,38.972],[118.366,39.016],[118.225,39.035],[118.125,39.183],[118.07,39.214],[118.026,39.202],[118.065,39.256],[118.024,39.289],[117.854,39.328],[117.851,39.364],[117.811,39.355],[117.805,39.373],[117.852,39.381],[117.847,39.408],[117.872,39.412],[117.87,39.455],[117.9,39.474],[117.934,39.574],[117.767,39.599],[117.716,39.53],[117.707,39.576],[117.654,39.575],[117.637,39.603],[117.669,39.667],[117.578,39.727],[117.596,39.746],[117.546,39.776],[117.562,39.8],[117.508,39.902],[117.515,39.947],[117.546,39.999],[117.615,39.973],[117.691,39.985],[117.782,39.967],[117.793,40.006],[117.744,40.018],[117.776,40.06],[117.753,40.082],[117.675,40.082],[117.549,40.233],[117.45,40.253],[117.351,40.23],[117.331,40.29],[117.295,40.278],[117.226,40.369],[117.264,40.442],[117.209,40.502],[117.263,40.513],[117.248,40.54],[117.27,40.561],[117.43,40.576],[117.413,40.605],[117.467,40.65],[117.501,40.637]]],[[[117.192,40.066],[117.198,39.993],[117.151,39.945],[117.163,39.877],[117.248,39.861],[117.252,39.834],[117.156,39.817],[117.206,39.764],[117.162,39.749],[117.178,39.645],[117.153,39.624],[117.016,39.654],[116.983,39.639],[116.932,39.706],[116.89,39.688],[116.887,39.725],[116.917,39.731],[116.902,39.764],[116.949,39.779],[116.918,39.846],[116.866,39.844],[116.784,39.891],[116.783,39.948],[116.758,39.968],[116.781,40.035],[116.928,40.055],[117.025,40.03],[117.052,40.06],[117.21,40.082],[117.192,40.066]]],[[[117.745,39.355],[117.671,39.358],[117.67,39.323],[117.595,39.349],[117.536,39.338],[117.521,39.357],[117.601,39.419],[117.669,39.412],[117.673,39.387],[117.7,39.407],[117.766,39.401],[117.785,39.377],[117.745,39.355]]],[[[118.858,39.099],[118.82,39.109],[118.869,39.143],[118.858,39.099]]]]}},{"type":"Feature","properties":{"adcode":140000,"name":"山西省","center":[112.549248,37.857014],"centroid":[112.304436,37.618179],"childrenNum":11,"level":"province","parent":{"adcode":100000},"subFeatureIndex":3,"acroutes":[100000]},"geometry":{"type":"Polygon","coordinates":[[[110.23,34.693],[110.247,34.789],[110.231,34.881],[110.321,35.005],[110.374,35.134],[110.375,35.252],[110.45,35.328],[110.478,35.414],[110.61,35.632],[110.549,35.878],[110.512,35.88],[110.517,35.972],[110.493,35.994],[110.447,36.164],[110.474,36.248],[110.46,36.328],[110.49,36.43],[110.473,36.453],[110.504,36.488],[110.497,36.582],[110.395,36.677],[110.403,36.697],[110.438,36.686],[110.447,36.738],[110.408,36.776],[110.424,36.856],[110.376,36.882],[110.409,36.892],[110.424,36.964],[110.383,37.022],[110.427,37.009],[110.417,37.027],[110.536,37.115],[110.662,37.282],[110.69,37.287],[110.695,37.35],[110.631,37.373],[110.644,37.435],[110.74,37.449],[110.795,37.559],[110.764,37.64],[110.793,37.651],[110.775,37.681],[110.706,37.706],[110.751,37.736],[110.736,37.77],[110.68,37.79],[110.594,37.922],[110.523,37.955],[110.509,38.192],[110.566,38.215],[110.578,38.297],[110.661,38.309],[110.747,38.366],[110.778,38.441],[110.874,38.454],[110.871,38.51],[110.908,38.521],[110.92,38.582],[110.881,38.627],[111.009,38.848],[111.01,38.933],[110.98,38.97],[110.998,38.998],[111.138,39.064],[111.248,39.302],[111.202,39.305],[111.186,39.351],[111.155,39.339],[111.159,39.363],[111.126,39.366],[111.143,39.408],[111.359,39.432],[111.372,39.479],[111.431,39.509],[111.422,39.539],[111.461,39.607],[111.445,39.64],[111.497,39.662],[111.659,39.642],[111.784,39.589],[111.843,39.62],[111.879,39.606],[111.938,39.623],[111.925,39.667],[111.96,39.693],[111.97,39.797],[112.182,40.061],[112.233,40.17],[112.3,40.211],[112.31,40.256],[112.456,40.3],[112.744,40.167],[112.849,40.207],[112.898,40.329],[113.033,40.369],[113.251,40.413],[113.317,40.32],[113.56,40.348],[113.689,40.448],[113.763,40.474],[113.795,40.518],[113.851,40.461],[113.949,40.515],[114.062,40.529],[114.077,40.576],[114.042,40.609],[114.064,40.707],[114.135,40.737],[114.236,40.607],[114.283,40.591],[114.274,40.553],[114.294,40.552],[114.267,40.474],[114.3,40.44],[114.286,40.425],[114.312,40.373],[114.531,40.345],[114.47,40.268],[114.255,40.236],[114.236,40.198],[114.136,40.175],[114.098,40.194],[114.073,40.169],[114.102,40.1],[114.087,40.072],[114.046,40.057],[113.989,40.112],[113.959,40.033],[113.91,40.016],[114.029,39.986],[114.047,39.916],[114.174,39.898],[114.212,39.919],[114.229,39.9],[114.204,39.885],[114.216,39.862],[114.395,39.867],[114.407,39.833],[114.39,39.819],[114.417,39.776],[114.408,39.652],[114.432,39.614],[114.496,39.608],[114.515,39.565],[114.569,39.574],[114.469,39.401],[114.467,39.33],[114.431,39.308],[114.437,39.259],[114.416,39.243],[114.476,39.216],[114.444,39.174],[114.388,39.177],[114.346,39.075],[114.109,39.052],[114.051,39.136],[114.007,39.123],[113.995,39.096],[113.962,39.101],[113.93,39.064],[113.898,39.068],[113.768,38.96],[113.776,38.886],[113.856,38.829],[113.84,38.759],[113.803,38.763],[113.776,38.71],[113.721,38.713],[113.702,38.652],[113.613,38.646],[113.603,38.587],[113.562,38.558],[113.546,38.493],[113.583,38.46],[113.525,38.383],[113.558,38.343],[113.545,38.271],[113.599,38.227],[113.711,38.214],[113.721,38.175],[113.832,38.169],[113.811,38.118],[113.877,38.055],[113.872,37.99],[113.901,37.985],[113.959,37.906],[113.977,37.817],[114.007,37.813],[114.045,37.762],[113.994,37.707],[114.068,37.722],[114.14,37.676],[114.119,37.591],[114.037,37.494],[114.015,37.425],[113.974,37.403],[113.963,37.356],[113.902,37.31],[113.886,37.239],[113.832,37.168],[113.773,37.152],[113.758,37.075],[113.788,37.06],[113.772,37.017],[113.792,36.988],[113.761,36.956],[113.793,36.895],[113.773,36.855],[113.697,36.882],[113.676,36.856],[113.681,36.79],[113.536,36.732],[113.5,36.741],[113.465,36.708],[113.507,36.705],[113.487,36.635],[113.545,36.623],[113.54,36.594],[113.589,36.548],[113.554,36.495],[113.587,36.461],[113.708,36.423],[113.731,36.363],[113.716,36.262],[113.682,36.216],[113.698,36.182],[113.651,36.174],[113.713,36.13],[113.655,36.125],[113.686,36.056],[113.66,36.035],[113.695,36.027],[113.679,35.986],[113.649,35.994],[113.638,35.87],[113.661,35.837],[113.583,35.818],[113.605,35.798],[113.593,35.692],[113.623,35.675],[113.625,35.633],[113.548,35.657],[113.558,35.622],[113.499,35.532],[113.392,35.507],[113.348,35.468],[113.312,35.481],[113.304,35.427],[113.19,35.449],[113.185,35.409],[113.165,35.413],[113.126,35.332],[112.996,35.362],[112.992,35.296],[112.884,35.244],[112.822,35.258],[112.773,35.208],[112.72,35.206],[112.628,35.263],[112.637,35.226],[112.391,35.239],[112.288,35.22],[112.305,35.252],[112.242,35.235],[112.059,35.28],[112.079,35.219],[112.04,35.194],[112.066,35.153],[112.062,35.056],[111.933,35.083],[111.81,35.062],[111.807,35.033],[111.664,34.984],[111.682,34.951],[111.647,34.939],[111.57,34.843],[111.439,34.838],[111.389,34.815],[111.346,34.832],[111.292,34.807],[111.255,34.82],[111.233,34.79],[111.149,34.808],[111.118,34.757],[110.976,34.706],[110.92,34.73],[110.884,34.644],[110.825,34.616],[110.792,34.65],[110.749,34.652],[110.71,34.605],[110.533,34.583],[110.488,34.611],[110.425,34.588],[110.295,34.611],[110.23,34.693]]]}},{"type":"Feature","properties":{"adcode":150000,"name":"内蒙古自治区","center":[111.670801,40.818311],"centroid":[114.077429,44.331087],"childrenNum":12,"level":"province","parent":{"adcode":100000},"subFeatureIndex":4,"acroutes":[100000]},"geometry":{"type":"Polygon","coordinates":[[[98.195,42.653],[99.512,42.568],[99.969,42.648],[100.272,42.637],[100.325,42.69],[100.863,42.671],[101.558,42.53],[101.804,42.504],[102.07,42.232],[102.449,42.144],[102.541,42.162],[102.712,42.153],[103.419,41.882],[103.869,41.802],[104.08,41.805],[104.53,41.875],[104.524,41.662],[104.923,41.654],[105.009,41.583],[105.231,41.751],[105.292,41.75],[105.742,41.949],[106.786,42.291],[107.272,42.364],[107.304,42.412],[107.466,42.459],[107.574,42.413],[107.94,42.404],[108.238,42.46],[108.299,42.439],[108.533,42.443],[108.846,42.396],[109.026,42.458],[109.292,42.436],[109.544,42.473],[109.734,42.579],[109.906,42.636],[110.108,42.643],[110.14,42.675],[110.437,42.781],[110.47,42.839],[110.631,42.936],[110.737,43.09],[111.02,43.33],[111.354,43.436],[111.457,43.494],[111.564,43.49],[111.794,43.672],[111.951,43.693],[111.971,43.748],[111.96,43.823],[111.87,43.94],[111.663,44.061],[111.559,44.171],[111.534,44.262],[111.507,44.294],[111.429,44.32],[111.416,44.357],[111.479,44.489],[111.57,44.576],[111.561,44.647],[111.625,44.778],[111.765,44.969],[111.904,45.052],[112.071,45.096],[112.114,45.073],[112.439,45.072],[112.6,44.931],[112.85,44.84],[113.115,44.8],[113.504,44.778],[113.631,44.745],[113.799,44.849],[113.862,44.863],[113.907,44.915],[114.065,44.931],[114.117,44.957],[114.191,45.037],[114.347,45.119],[114.46,45.214],[114.52,45.284],[114.551,45.387],[114.745,45.438],[114.983,45.379],[115.365,45.392],[115.7,45.46],[116.035,45.685],[116.175,45.689],[116.223,45.747],[116.287,45.775],[116.289,45.839],[116.243,45.876],[116.272,45.967],[116.585,46.293],[116.746,46.328],[116.834,46.384],[117.097,46.357],[117.372,46.36],[117.392,46.463],[117.448,46.528],[117.42,46.582],[117.596,46.603],[117.704,46.517],[117.748,46.522],[117.871,46.55],[117.868,46.575],[117.915,46.608],[118.046,46.631],[118.316,46.739],[118.447,46.704],[118.586,46.693],[118.639,46.721],[118.788,46.687],[118.788,46.718],[118.845,46.772],[118.914,46.775],[118.912,46.733],[118.951,46.722],[119.012,46.746],[119.123,46.643],[119.263,46.649],[119.374,46.603],[119.432,46.639],[119.558,46.634],[119.657,46.626],[119.677,46.585],[119.783,46.626],[119.804,46.682],[119.912,46.67],[119.935,46.713],[119.917,46.758],[119.936,46.79],[119.927,46.904],[119.86,46.917],[119.795,47.013],[119.807,47.055],[119.716,47.196],[119.628,47.248],[119.568,47.248],[119.559,47.303],[119.366,47.423],[119.322,47.427],[119.366,47.477],[119.152,47.54],[119.134,47.664],[118.773,47.771],[118.568,47.992],[118.285,48.011],[118.239,48.042],[118.125,48.047],[118.052,48.014],[117.814,48.016],[117.493,47.759],[117.384,47.641],[117.095,47.824],[116.879,47.894],[116.791,47.898],[116.453,47.837],[116.266,47.877],[116.13,47.823],[115.939,47.683],[115.58,47.922],[115.529,48.155],[115.823,48.259],[115.8,48.515],[116.078,48.822],[116.048,48.873],[116.718,49.847],[117.069,49.695],[117.278,49.637],[117.485,49.633],[117.809,49.521],[117.866,49.592],[117.951,49.596],[117.996,49.623],[118.083,49.617],[118.13,49.669],[118.157,49.66],[118.212,49.691],[118.221,49.73],[118.384,49.784],[118.386,49.827],[118.484,49.831],[118.485,49.866],[118.575,49.931],[118.965,49.989],[119.09,49.986],[119.163,50.028],[119.19,50.088],[119.236,50.075],[119.31,50.161],[119.35,50.166],[119.339,50.192],[119.358,50.198],[119.319,50.221],[119.351,50.304],[119.382,50.324],[119.358,50.359],[119.188,50.348],[119.156,50.365],[119.177,50.379],[119.126,50.389],[119.165,50.423],[119.217,50.415],[119.296,50.574],[119.281,50.602],[119.362,50.633],[119.386,50.683],[119.45,50.695],[119.507,50.764],[119.515,50.814],[119.491,50.879],[119.57,50.934],[119.599,50.985],[119.678,51.016],[119.727,51.051],[119.719,51.075],[119.764,51.092],[119.753,51.117],[119.788,51.175],[119.761,51.213],[119.822,51.214],[119.798,51.244],[119.828,51.263],[119.811,51.281],[119.885,51.303],[119.884,51.337],[119.947,51.361],[119.911,51.391],[119.971,51.4],[120.003,51.459],[119.985,51.505],[120.053,51.561],[120.036,51.584],[120.059,51.634],[120.101,51.649],[120.087,51.678],[120.173,51.68],[120.317,51.786],[120.407,51.817],[120.401,51.834],[120.48,51.855],[120.481,51.886],[120.549,51.882],[120.548,51.908],[120.657,51.926],[120.718,52.016],[120.691,52.047],[120.754,52.085],[120.76,52.137],[120.787,52.158],[120.746,52.206],[120.755,52.258],[120.716,52.261],[120.627,52.324],[120.624,52.361],[120.688,52.428],[120.683,52.464],[120.707,52.493],[120.687,52.511],[120.734,52.537],[120.462,52.645],[120.397,52.616],[120.29,52.624],[120.195,52.579],[120.076,52.586],[120.05,52.598],[120.035,52.646],[120.071,52.706],[120.032,52.774],[120.181,52.807],[120.297,52.87],[120.295,52.892],[120.351,52.906],[120.363,52.941],[120.411,52.958],[120.453,53.01],[120.563,53.083],[120.644,53.107],[120.687,53.142],[120.691,53.175],[120.839,53.24],[120.821,53.269],[120.883,53.294],[121.098,53.307],[121.129,53.277],[121.228,53.28],[121.337,53.326],[121.499,53.337],[121.68,53.241],[121.665,53.17],[121.753,53.148],[121.775,53.09],[121.818,53.062],[121.786,53.018],[121.716,52.998],[121.663,52.912],[121.61,52.892],[121.621,52.853],[121.591,52.825],[121.477,52.772],[121.373,52.683],[121.31,52.676],[121.182,52.599],[121.324,52.574],[121.353,52.535],[121.495,52.485],[121.519,52.457],[121.64,52.444],[121.679,52.42],[121.658,52.39],[121.716,52.343],[121.714,52.318],[121.841,52.283],[121.948,52.298],[122.036,52.378],[122.041,52.413],[122.091,52.427],[122.081,52.44],[122.14,52.51],[122.169,52.514],[122.208,52.469],[122.311,52.475],[122.342,52.414],[122.419,52.375],[122.447,52.394],[122.484,52.341],[122.478,52.296],[122.787,52.252],[122.766,52.233],[122.769,52.18],[122.738,52.153],[122.629,52.137],[122.644,52.112],[122.625,52.067],[122.651,52.059],[122.684,51.975],[122.726,51.979],[122.729,51.919],[122.706,51.89],[122.772,51.78],[122.749,51.747],[122.856,51.607],[122.833,51.582],[122.874,51.561],[122.859,51.525],[122.88,51.511],[122.854,51.478],[122.9,51.445],[122.904,51.415],[122.966,51.387],[122.966,51.346],[123.003,51.312],[123.069,51.321],[123.294,51.254],[123.44,51.271],[123.662,51.319],[123.711,51.398],[123.794,51.361],[123.842,51.367],[123.926,51.301],[124.128,51.347],[124.239,51.345],[124.272,51.308],[124.407,51.272],[124.444,51.358],[124.49,51.381],[124.587,51.364],[124.627,51.327],[124.694,51.333],[124.784,51.392],[124.864,51.38],[124.943,51.447],[124.918,51.474],[124.929,51.498],[125.047,51.53],[125.073,51.554],[125.06,51.597],[125.099,51.658],[125.129,51.659],[125.13,51.635],[125.289,51.634],[125.316,51.61],[125.352,51.624],[125.7,51.327],[125.761,51.262],[125.762,51.226],[125.85,51.214],[125.865,51.146],[125.947,51.108],[125.994,51.119],[125.976,51.084],[126.059,51.044],[126.034,51.011],[126.068,50.967],[126.043,50.926],[125.996,50.907],[125.998,50.873],[125.962,50.901],[125.913,50.826],[125.878,50.817],[125.89,50.806],[125.836,50.793],[125.847,50.77],[125.759,50.747],[125.826,50.704],[125.789,50.68],[125.829,50.562],[125.627,50.443],[125.562,50.438],[125.583,50.41],[125.536,50.42],[125.522,50.405],[125.547,50.359],[125.464,50.296],[125.449,50.216],[125.335,50.161],[125.376,50.137],[125.311,50.14],[125.259,50.104],[125.287,50.094],[125.284,50.07],[125.328,50.066],[125.316,50.046],[125.253,50.041],[125.298,50.014],[125.242,49.988],[125.231,49.958],[125.19,49.96],[125.246,49.872],[125.225,49.867],[125.239,49.845],[125.178,49.83],[125.223,49.799],[125.204,49.734],[125.225,49.726],[125.22,49.669],[125.185,49.635],[125.165,49.669],[125.127,49.655],[125.154,49.617],[125.168,49.63],[125.23,49.595],[125.234,49.537],[125.211,49.54],[125.228,49.487],[125.271,49.454],[125.262,49.322],[125.215,49.277],[125.22,49.189],[125.117,49.126],[125.034,49.157],[125.04,49.176],[124.983,49.163],[124.907,49.184],[124.809,49.116],[124.829,49.078],[124.808,49.021],[124.744,48.92],[124.709,48.92],[124.697,48.842],[124.654,48.834],[124.656,48.784],[124.612,48.748],[124.625,48.702],[124.602,48.633],[124.521,48.556],[124.549,48.536],[124.534,48.515],[124.556,48.468],[124.508,48.446],[124.519,48.378],[124.58,48.297],[124.559,48.268],[124.579,48.262],[124.513,48.165],[124.53,48.147],[124.416,48.088],[124.43,48.121],[124.471,48.133],[124.475,48.174],[124.419,48.182],[124.422,48.246],[124.318,48.351],[124.314,48.504],[124.259,48.536],[124.079,48.436],[123.746,48.198],[123.579,48.045],[123.3,47.954],[123.162,47.782],[122.849,47.674],[122.765,47.614],[122.594,47.547],[122.543,47.496],[122.507,47.401],[122.418,47.351],[122.616,47.124],[122.68,47.094],[122.853,47.072],[122.778,47.003],[122.774,46.974],[122.791,46.942],[122.895,46.96],[122.907,46.807],[122.997,46.761],[123.004,46.731],[123.164,46.74],[123.223,46.821],[123.222,46.85],[123.296,46.865],[123.341,46.827],[123.374,46.838],[123.405,46.935],[123.36,46.971],[123.304,46.965],[123.302,47.0],[123.337,46.989],[123.424,46.934],[123.488,46.96],[123.528,46.945],[123.483,46.846],[123.507,46.827],[123.563,46.826],[123.577,46.891],[123.605,46.891],[123.599,46.868],[123.626,46.848],[123.58,46.827],[123.629,46.814],[123.632,46.729],[123.603,46.689],[123.276,46.661],[123.279,46.617],[123.228,46.588],[123.181,46.614],[123.046,46.618],[123.053,46.58],[123.002,46.575],[123.012,46.435],[123.178,46.248],[123.129,46.211],[123.127,46.175],[123.103,46.172],[123.113,46.13],[123.046,46.1],[122.793,46.073],[122.829,45.912],[122.8,45.857],[122.752,45.835],[122.792,45.766],[122.742,45.705],[122.672,45.7],[122.641,45.771],[122.556,45.822],[122.505,45.787],[122.496,45.858],[122.446,45.917],[122.362,45.917],[122.373,45.856],[122.338,45.86],[122.301,45.813],[122.254,45.798],[122.201,45.857],[122.091,45.882],[122.04,45.959],[121.844,46.024],[121.762,45.999],[121.809,45.961],[121.817,45.875],[121.77,45.844],[121.754,45.795],[121.644,45.752],[121.714,45.702],[121.811,45.687],[121.867,45.72],[121.97,45.693],[122.003,45.623],[121.996,45.599],[121.966,45.596],[122.003,45.508],[122.168,45.44],[122.18,45.41],[122.147,45.374],[122.147,45.296],[122.239,45.276],[122.23,45.207],[122.192,45.181],[122.143,45.183],[122.11,45.142],[122.12,45.069],[122.075,45.007],[122.079,44.914],[122.049,44.913],[122.1,44.782],[122.169,44.77],[122.142,44.754],[122.11,44.768],[122.102,44.736],[122.162,44.728],[122.103,44.674],[122.131,44.578],[122.196,44.56],[122.228,44.48],[122.286,44.478],[122.292,44.31],[122.271,44.256],[122.319,44.233],[122.483,44.237],[122.675,44.286],[122.761,44.37],[123.025,44.493],[123.125,44.51],[123.142,44.428],[123.114,44.403],[123.129,44.367],[123.197,44.345],[123.287,44.212],[123.387,44.162],[123.328,44.084],[123.331,44.029],[123.401,43.979],[123.371,43.97],[123.468,43.854],[123.462,43.823],[123.498,43.771],[123.483,43.737],[123.52,43.708],[123.537,43.634],[123.51,43.625],[123.512,43.593],[123.421,43.598],[123.461,43.569],[123.453,43.546],[123.36,43.567],[123.305,43.551],[123.33,43.519],[123.316,43.492],[123.383,43.469],[123.42,43.41],[123.486,43.445],[123.52,43.402],[123.545,43.415],[123.608,43.366],[123.704,43.37],[123.698,43.272],[123.664,43.265],[123.677,43.224],[123.646,43.209],[123.667,43.18],[123.573,43.003],[123.475,43.042],[123.259,42.993],[123.184,42.926],[123.17,42.86],[123.228,42.832],[123.058,42.769],[122.98,42.778],[122.946,42.754],[122.887,42.77],[122.849,42.712],[122.733,42.786],[122.625,42.773],[122.556,42.828],[122.437,42.843],[122.351,42.83],[122.372,42.776],[122.461,42.755],[122.396,42.707],[122.396,42.684],[122.339,42.67],[122.205,42.733],[122.205,42.685],[122.062,42.724],[121.939,42.688],[121.89,42.557],[121.699,42.439],[121.666,42.437],[121.604,42.495],[121.608,42.516],[121.571,42.487],[121.479,42.496],[121.386,42.474],[121.305,42.436],[121.285,42.388],[121.219,42.372],[121.071,42.254],[120.883,42.27],[120.883,42.243],[120.83,42.253],[120.821,42.228],[120.746,42.224],[120.625,42.154],[120.584,42.167],[120.466,42.106],[120.494,42.074],[120.45,42.057],[120.457,42.016],[120.399,41.985],[120.373,41.995],[120.309,41.952],[120.318,41.937],[120.272,41.925],[120.26,41.904],[120.29,41.897],[120.287,41.88],[120.189,41.848],[120.127,41.773],[120.138,41.729],[120.096,41.697],[120.036,41.708],[120.041,41.819],[120.023,41.817],[119.99,41.899],[119.954,41.923],[119.951,41.974],[119.846,42.097],[119.842,42.216],[119.745,42.212],[119.617,42.253],[119.609,42.277],[119.54,42.298],[119.572,42.359],[119.503,42.388],[119.433,42.317],[119.28,42.261],[119.238,42.201],[119.278,42.185],[119.315,42.12],[119.385,42.09],[119.376,42.023],[119.325,41.97],[119.334,41.872],[119.293,41.791],[119.318,41.764],[119.308,41.657],[119.42,41.568],[119.362,41.566],[119.406,41.503],[119.376,41.422],[119.31,41.406],[119.331,41.385],[119.296,41.325],[119.212,41.308],[119.198,41.283],[118.949,41.318],[118.891,41.301],[118.845,41.343],[118.843,41.375],[118.742,41.324],[118.677,41.35],[118.528,41.355],[118.38,41.312],[118.349,41.343],[118.349,41.428],[118.272,41.471],[118.316,41.513],[118.303,41.553],[118.215,41.596],[118.207,41.651],[118.159,41.676],[118.133,41.733],[118.14,41.784],[118.178,41.815],[118.292,41.773],[118.335,41.845],[118.34,41.872],[118.269,41.93],[118.306,41.94],[118.314,41.988],[118.24,42.025],[118.287,42.034],[118.297,42.058],[118.239,42.093],[118.194,42.031],[118.117,42.037],[118.155,42.081],[118.098,42.105],[118.106,42.172],[117.977,42.23],[117.974,42.251],[118.06,42.298],[118.009,42.347],[118.024,42.385],[117.78,42.618],[117.667,42.582],[117.475,42.603],[117.435,42.585],[117.434,42.557],[117.387,42.518],[117.41,42.52],[117.413,42.472],[117.39,42.462],[117.095,42.484],[116.922,42.404],[116.887,42.366],[116.919,42.23],[116.903,42.191],[116.789,42.2],[116.89,42.093],[116.88,42.018],[116.796,41.978],[116.749,41.984],[116.728,41.951],[116.639,41.93],[116.553,41.929],[116.511,41.974],[116.393,41.943],[116.414,41.982],[116.374,42.01],[116.31,41.997],[116.298,41.968],[116.224,41.933],[116.194,41.862],[116.123,41.862],[116.107,41.831],[116.129,41.806],[116.099,41.777],[116.007,41.798],[115.917,41.945],[115.835,41.938],[115.688,41.868],[115.654,41.829],[115.347,41.712],[115.319,41.692],[115.361,41.661],[115.346,41.636],[115.378,41.603],[115.31,41.593],[115.29,41.623],[115.257,41.581],[115.204,41.571],[115.195,41.602],[115.099,41.624],[115.056,41.602],[114.861,41.601],[114.895,41.636],[114.903,41.696],[114.869,41.814],[114.939,41.846],[114.863,42.098],[114.794,42.149],[114.755,42.116],[114.648,42.11],[114.56,42.133],[114.511,42.111],[114.502,42.067],[114.48,42.065],[114.468,42.026],[114.512,41.982],[114.478,41.952],[114.352,41.953],[114.201,41.79],[114.238,41.699],[114.215,41.685],[114.259,41.623],[114.226,41.617],[114.231,41.514],[114.032,41.53],[113.933,41.487],[113.871,41.413],[113.945,41.392],[113.925,41.326],[113.899,41.316],[113.971,41.24],[113.992,41.27],[114.016,41.232],[113.997,41.192],[113.92,41.172],[113.878,41.116],[113.819,41.098],[113.973,40.983],[113.995,40.939],[114.058,40.925],[114.042,40.918],[114.074,40.857],[114.045,40.831],[114.08,40.79],[114.104,40.798],[114.135,40.737],[114.064,40.707],[114.042,40.609],[114.077,40.576],[114.062,40.529],[113.949,40.515],[113.851,40.461],[113.795,40.518],[113.763,40.474],[113.689,40.448],[113.56,40.348],[113.5,40.334],[113.317,40.32],[113.251,40.413],[113.033,40.369],[112.898,40.329],[112.849,40.207],[112.744,40.167],[112.456,40.3],[112.31,40.256],[112.3,40.211],[112.233,40.17],[112.182,40.061],[111.97,39.797],[111.96,39.693],[111.925,39.667],[111.938,39.623],[111.879,39.606],[111.843,39.62],[111.784,39.589],[111.659,39.642],[111.497,39.662],[111.445,39.64],[111.461,39.607],[111.422,39.539],[111.431,39.509],[111.372,39.479],[111.337,39.421],[111.172,39.423],[111.126,39.366],[111.088,39.376],[111.098,39.402],[111.064,39.401],[111.059,39.448],[111.149,39.531],[111.137,39.587],[111.101,39.559],[110.891,39.509],[110.738,39.349],[110.703,39.274],[110.626,39.267],[110.524,39.383],[110.483,39.361],[110.435,39.381],[110.43,39.341],[110.385,39.31],[110.244,39.424],[110.153,39.454],[110.125,39.433],[110.137,39.392],[110.162,39.387],[110.218,39.281],[110.041,39.216],[109.962,39.212],[109.903,39.272],[109.872,39.244],[109.961,39.192],[109.894,39.141],[109.922,39.107],[109.851,39.123],[109.762,39.057],[109.665,38.982],[109.685,38.968],[109.672,38.928],[109.624,38.855],[109.55,38.806],[109.511,38.834],[109.404,38.721],[109.339,38.702],[109.329,38.66],[109.367,38.628],[109.332,38.598],[109.277,38.623],[109.054,38.434],[109.051,38.385],[109.008,38.359],[108.962,38.265],[108.976,38.245],[108.939,38.208],[108.964,38.155],[109.069,38.091],[109.051,38.055],[109.07,38.023],[109.038,38.022],[109.019,37.972],[108.935,37.923],[108.883,38.014],[108.798,38.048],[108.827,37.989],[108.798,37.934],[108.778,37.684],[108.628,37.652],[108.533,37.691],[108.422,37.649],[108.301,37.641],[108.246,37.666],[108.134,37.622],[108.025,37.65],[107.982,37.787],[107.733,37.849],[107.685,37.889],[107.65,37.864],[107.492,37.945],[107.412,37.948],[107.441,37.996],[107.394,38.015],[107.332,38.087],[107.24,38.112],[107.191,38.154],[107.139,38.161],[107.119,38.134],[107.051,38.123],[106.942,38.132],[106.628,38.233],[106.482,38.319],[106.6,38.39],[106.648,38.471],[106.663,38.602],[106.709,38.719],[106.954,38.941],[106.972,39.026],[106.968,39.055],[106.859,39.108],[106.796,39.214],[106.807,39.319],[106.782,39.372],[106.644,39.358],[106.602,39.376],[106.512,39.272],[106.403,39.292],[106.28,39.262],[106.285,39.146],[106.251,39.131],[106.146,39.153],[106.097,39.085],[106.061,38.969],[105.971,38.909],[105.993,38.857],[105.909,38.791],[105.895,38.696],[105.853,38.642],[105.874,38.593],[105.821,38.367],[105.866,38.296],[105.842,38.241],[105.775,38.187],[105.768,38.121],[105.84,38.004],[105.8,37.94],[105.804,37.862],[105.761,37.8],[105.622,37.778],[105.599,37.699],[105.315,37.702],[105.111,37.634],[105.028,37.581],[104.867,37.567],[104.805,37.539],[104.434,37.515],[104.408,37.465],[104.184,37.407],[103.875,37.604],[103.683,37.778],[103.407,37.861],[103.362,38.038],[103.369,38.089],[103.535,38.157],[103.508,38.281],[103.416,38.405],[103.86,38.645],[104.044,38.895],[104.173,38.944],[104.196,38.988],[104.208,39.083],[104.171,39.161],[104.047,39.298],[104.09,39.42],[103.853,39.462],[103.345,39.332],[103.008,39.1],[102.617,39.172],[102.453,39.255],[102.277,39.189],[101.903,39.112],[101.834,39.089],[102.075,38.891],[101.942,38.809],[101.777,38.66],[101.673,38.691],[101.602,38.655],[101.563,38.713],[101.331,38.777],[101.307,38.803],[101.342,38.822],[101.335,38.847],[101.243,38.861],[101.237,38.907],[101.199,38.943],[101.229,39.021],[100.97,38.947],[100.962,39.006],[100.902,39.03],[100.875,39.003],[100.835,39.026],[100.829,39.075],[100.864,39.107],[100.842,39.406],[100.499,39.401],[100.501,39.481],[100.327,39.509],[100.301,39.572],[100.314,39.607],[100.25,39.685],[100.128,39.702],[100.041,39.757],[99.905,39.786],[99.822,39.86],[99.672,39.888],[99.441,39.886],[99.533,39.892],[99.751,40.007],[99.841,40.013],[99.927,40.064],[99.956,40.151],[100.007,40.2],[100.169,40.278],[100.169,40.541],[100.243,40.619],[100.237,40.717],[100.108,40.875],[100.057,40.908],[99.673,40.933],[99.566,40.847],[99.175,40.858],[99.173,40.747],[99.102,40.677],[99.042,40.694],[98.985,40.783],[98.791,40.706],[98.803,40.607],[98.689,40.692],[98.668,40.773],[98.57,40.747],[98.628,40.678],[98.344,40.568],[98.333,40.919],[98.25,40.939],[97.972,41.098],[97.629,41.44],[97.614,41.477],[97.847,41.656],[97.173,42.795],[98.195,42.653]]]}},{"type":"Feature","properties":{"adcode":210000,"name":"辽宁省","center":[123.429096,41.796767],"centroid":[122.604994,41.299712],"childrenNum":14,"level":"province","parent":{"adcode":100000},"subFeatureIndex":5,"acroutes":[100000]},"geometry":{"type":"MultiPolygon","coordinates":[[[[123.393,39.724],[123.389,39.747],[123.275,39.754],[123.287,39.704],[123.215,39.697],[123.213,39.666],[123.167,39.674],[123.146,39.647],[123.103,39.677],[123.011,39.655],[123.021,39.643],[122.973,39.595],[122.861,39.605],[122.809,39.56],[122.649,39.517],[122.533,39.42],[122.413,39.412],[122.275,39.322],[122.243,39.268],[122.117,39.214],[122.124,39.173],[122.167,39.159],[122.048,39.101],[122.062,39.06],[122.014,39.073],[121.963,39.03],[121.907,39.056],[121.929,39.025],[121.853,39.036],[121.921,38.97],[121.863,38.943],[121.805,38.971],[121.79,39.023],[121.757,39.026],[121.738,38.999],[121.671,39.01],[121.663,38.966],[121.619,38.95],[121.719,38.92],[121.709,38.873],[121.565,38.875],[121.51,38.818],[121.36,38.822],[121.26,38.786],[121.199,38.722],[121.138,38.723],[121.112,38.776],[121.129,38.799],[121.111,38.862],[121.13,38.879],[121.094,38.894],[121.089,38.922],[121.128,38.959],[121.204,38.941],[121.341,38.981],[121.317,39.012],[121.371,39.06],[121.431,39.027],[121.508,39.034],[121.599,39.099],[121.562,39.127],[121.591,39.155],[121.642,39.12],[121.606,39.081],[121.632,39.078],[121.682,39.118],[121.639,39.166],[121.604,39.166],[121.591,39.229],[121.631,39.226],[121.589,39.263],[121.624,39.286],[121.673,39.276],[121.668,39.311],[121.719,39.32],[121.725,39.364],[121.562,39.323],[121.515,39.287],[121.475,39.296],[121.433,39.358],[121.308,39.391],[121.27,39.374],[121.246,39.389],[121.27,39.434],[121.246,39.457],[121.302,39.476],[121.287,39.507],[121.268,39.483],[121.225,39.519],[121.227,39.555],[121.299,39.606],[121.45,39.625],[121.452,39.658],[121.483,39.659],[121.503,39.703],[121.459,39.748],[121.487,39.76],[121.472,39.802],[121.542,39.874],[121.627,39.883],[121.7,39.937],[121.764,39.934],[121.825,40.026],[121.91,40.073],[121.956,40.133],[121.995,40.128],[122.003,40.172],[121.95,40.204],[121.94,40.242],[122.027,40.245],[122.04,40.322],[122.11,40.316],[122.138,40.339],[122.111,40.349],[122.136,40.375],[122.152,40.358],[122.199,40.382],[122.187,40.423],[122.251,40.446],[122.222,40.481],[122.265,40.48],[122.231,40.505],[122.246,40.52],[122.134,40.614],[122.149,40.672],[122.066,40.649],[121.952,40.681],[121.934,40.798],[121.843,40.832],[121.816,40.895],[121.683,40.83],[121.626,40.844],[121.553,40.818],[121.555,40.85],[121.499,40.88],[121.44,40.882],[121.439,40.83],[121.126,40.869],[121.077,40.816],[121.087,40.798],[121.011,40.784],[121.007,40.808],[120.972,40.806],[120.994,40.791],[120.991,40.744],[121.029,40.746],[121.033,40.709],[120.83,40.671],[120.823,40.594],[120.728,40.539],[120.667,40.467],[120.619,40.46],[120.603,40.361],[120.522,40.305],[120.524,40.257],[120.492,40.2],[120.372,40.174],[120.135,40.075],[119.947,40.04],[119.918,39.99],[119.854,39.989],[119.854,40.033],[119.787,40.042],[119.737,40.105],[119.761,40.136],[119.746,40.208],[119.717,40.196],[119.672,40.239],[119.639,40.232],[119.652,40.272],[119.598,40.334],[119.605,40.455],[119.554,40.502],[119.572,40.524],[119.559,40.548],[119.256,40.543],[119.22,40.569],[119.231,40.604],[119.163,40.6],[119.145,40.632],[119.185,40.68],[119.055,40.665],[118.95,40.748],[118.895,40.754],[118.908,40.775],[118.846,40.822],[118.873,40.848],[118.902,40.961],[119.001,40.967],[119.013,41.007],[118.952,41.018],[118.937,41.053],[118.965,41.079],[119.038,41.068],[119.081,41.096],[119.081,41.132],[119.126,41.139],[119.189,41.198],[119.17,41.223],[119.204,41.223],[119.249,41.28],[119.24,41.314],[119.296,41.325],[119.331,41.385],[119.31,41.406],[119.376,41.422],[119.378,41.46],[119.402,41.472],[119.406,41.503],[119.362,41.566],[119.42,41.568],[119.416,41.59],[119.342,41.618],[119.308,41.657],[119.318,41.764],[119.293,41.791],[119.334,41.872],[119.325,41.97],[119.376,42.023],[119.385,42.09],[119.315,42.12],[119.278,42.185],[119.238,42.201],[119.28,42.261],[119.433,42.317],[119.503,42.388],[119.572,42.359],[119.54,42.298],[119.609,42.277],[119.617,42.253],[119.745,42.212],[119.842,42.216],[119.846,42.097],[119.951,41.974],[119.954,41.923],[119.99,41.899],[120.023,41.817],[120.041,41.819],[120.036,41.708],[120.096,41.697],[120.138,41.729],[120.127,41.773],[120.189,41.848],[120.287,41.88],[120.29,41.897],[120.26,41.904],[120.272,41.925],[120.318,41.937],[120.309,41.952],[120.373,41.995],[120.399,41.985],[120.457,42.016],[120.45,42.057],[120.494,42.074],[120.466,42.106],[120.584,42.167],[120.625,42.154],[120.746,42.224],[120.821,42.228],[120.83,42.253],[120.883,42.243],[120.883,42.27],[121.071,42.254],[121.219,42.372],[121.285,42.388],[121.305,42.436],[121.386,42.474],[121.479,42.496],[121.571,42.487],[121.608,42.516],[121.604,42.495],[121.666,42.437],[121.699,42.439],[121.89,42.557],[121.939,42.688],[122.062,42.724],[122.205,42.685],[122.205,42.733],[122.339,42.67],[122.396,42.684],[122.396,42.707],[122.461,42.755],[122.372,42.776],[122.351,42.83],[122.437,42.843],[122.556,42.828],[122.625,42.773],[122.733,42.786],[122.849,42.712],[122.887,42.77],[122.946,42.754],[122.98,42.778],[123.058,42.769],[123.228,42.832],[123.17,42.86],[123.184,42.926],[123.259,42.993],[123.475,43.042],[123.573,43.003],[123.667,43.18],[123.646,43.209],[123.677,43.224],[123.664,43.265],[123.698,43.272],[123.71,43.417],[123.749,43.439],[123.748,43.472],[123.797,43.49],[123.858,43.459],[123.852,43.406],[123.896,43.361],[123.964,43.341],[124.033,43.281],[124.099,43.293],[124.114,43.247],[124.215,43.256],[124.276,43.233],[124.274,43.179],[124.426,43.076],[124.333,42.997],[124.442,42.959],[124.372,42.881],[124.436,42.881],[124.466,42.847],[124.587,42.905],[124.635,42.973],[124.659,42.973],[124.687,43.051],[124.755,43.074],[124.785,43.117],[124.883,43.134],[124.889,43.075],[124.841,43.032],[124.87,42.988],[124.85,42.883],[124.874,42.79],[124.928,42.82],[124.975,42.803],[124.997,42.745],[124.968,42.723],[125.015,42.666],[125.011,42.632],[125.097,42.622],[125.067,42.535],[125.091,42.516],[125.069,42.499],[125.186,42.428],[125.204,42.367],[125.167,42.352],[125.175,42.308],[125.264,42.313],[125.299,42.29],[125.276,42.231],[125.313,42.22],[125.281,42.175],[125.313,42.197],[125.306,42.146],[125.357,42.145],[125.368,42.183],[125.49,42.136],[125.446,42.098],[125.414,42.102],[125.416,42.064],[125.37,42.003],[125.299,41.974],[125.292,41.959],[125.352,41.928],[125.308,41.925],[125.295,41.823],[125.336,41.768],[125.317,41.677],[125.447,41.676],[125.45,41.598],[125.507,41.534],[125.493,41.509],[125.533,41.479],[125.548,41.401],[125.637,41.344],[125.62,41.318],[125.647,41.264],[125.685,41.274],[125.695,41.245],[125.749,41.245],[125.738,41.178],[125.791,41.168],[125.712,41.095],[125.74,41.089],[125.684,41.022],[125.675,40.975],[125.589,40.931],[125.584,40.892],[125.652,40.916],[125.708,40.867],[125.641,40.799],[125.685,40.769],[125.617,40.764],[125.586,40.789],[125.545,40.73],[125.496,40.729],[125.454,40.677],[125.419,40.673],[125.422,40.636],[125.376,40.658],[125.279,40.655],[125.263,40.62],[125.182,40.611],[125.016,40.534],[125.005,40.496],[125.044,40.467],[124.946,40.456],[124.914,40.482],[124.739,40.372],[124.723,40.322],[124.627,40.292],[124.515,40.22],[124.347,40.08],[124.336,40.05],[124.372,40.022],[124.288,39.963],[124.287,39.932],[124.242,39.928],[124.214,39.865],[124.173,39.841],[124.151,39.746],[124.099,39.777],[124.103,39.823],[124.003,39.8],[123.812,39.831],[123.688,39.808],[123.645,39.824],[123.613,39.775],[123.547,39.756],[123.534,39.788],[123.393,39.724]]],[[[122.577,39.27],[122.509,39.29],[122.539,39.308],[122.593,39.278],[122.679,39.269],[122.577,39.27]]],[[[122.343,39.203],[122.393,39.213],[122.399,39.162],[122.366,39.175],[122.345,39.145],[122.319,39.171],[122.343,39.203]]],[[[122.628,39.232],[122.741,39.249],[122.752,39.23],[122.697,39.206],[122.692,39.233],[122.628,39.232]]],[[[122.758,39.01],[122.705,39.044],[122.739,39.035],[122.758,39.01]]],[[[122.996,39.495],[122.945,39.52],[122.961,39.551],[123.036,39.533],[122.996,39.495]]],[[[122.548,39.229],[122.502,39.224],[122.503,39.241],[122.548,39.229]]],[[[120.805,40.526],[120.83,40.516],[120.833,40.492],[120.787,40.474],[120.805,40.526]]],[[[123.054,39.458],[123.09,39.451],[123.087,39.427],[123.054,39.458]]],[[[123.146,39.092],[123.201,39.078],[123.206,39.057],[123.161,39.025],[123.146,39.092]]],[[[123.72,39.763],[123.757,39.754],[123.717,39.745],[123.72,39.763]]]]}},{"type":"Feature","properties":{"adcode":220000,"name":"吉林省","center":[125.3245,43.886841],"centroid":[126.171208,43.703954],"childrenNum":9,"level":"province","parent":{"adcode":100000},"subFeatureIndex":6,"acroutes":[100000]},"geometry":{"type":"MultiPolygon","coordinates":[[[[130.559,42.496],[130.523,42.622],[130.482,42.627],[130.459,42.588],[130.476,42.57],[130.435,42.553],[130.424,42.575],[130.447,42.607],[130.388,42.603],[130.257,42.711],[130.245,42.799],[130.278,42.892],[130.136,42.904],[130.102,42.923],[130.144,42.976],[129.964,42.979],[129.954,43.011],[129.897,43.002],[129.904,42.968],[129.868,42.974],[129.875,42.924],[129.847,42.919],[129.816,42.851],[129.767,42.708],[129.797,42.682],[129.754,42.646],[129.787,42.615],[129.746,42.585],[129.749,42.471],[129.704,42.427],[129.652,42.427],[129.627,42.463],[129.591,42.448],[129.601,42.415],[129.546,42.362],[129.452,42.441],[129.401,42.449],[129.366,42.429],[129.368,42.459],[129.342,42.441],[129.356,42.427],[129.309,42.404],[129.326,42.39],[129.241,42.376],[129.231,42.356],[129.26,42.336],[129.209,42.293],[129.231,42.284],[129.216,42.265],[129.183,42.262],[129.216,42.208],[129.114,42.141],[129.048,42.137],[129.009,42.092],[128.971,42.097],[128.953,42.026],[128.898,42.017],[128.738,42.05],[128.702,42.02],[128.607,42.03],[128.598,42.007],[128.294,42.026],[128.091,42.023],[128.034,42.0],[128.107,41.95],[128.113,41.794],[128.148,41.781],[128.164,41.722],[128.302,41.628],[128.318,41.576],[128.238,41.498],[128.204,41.411],[128.115,41.364],[128.091,41.375],[128.111,41.393],[128.04,41.393],[128.0,41.443],[127.991,41.421],[127.882,41.448],[127.869,41.404],[127.78,41.427],[127.637,41.414],[127.564,41.433],[127.547,41.477],[127.42,41.46],[127.406,41.479],[127.254,41.487],[127.289,41.502],[127.119,41.54],[127.178,41.6],[127.136,41.6],[127.093,41.63],[127.103,41.648],[127.038,41.677],[127.051,41.745],[126.94,41.773],[126.953,41.804],[126.931,41.813],[126.887,41.792],[126.848,41.734],[126.809,41.749],[126.8,41.703],[126.695,41.751],[126.691,41.728],[126.724,41.711],[126.688,41.674],[126.608,41.669],[126.564,41.609],[126.583,41.563],[126.497,41.407],[126.539,41.367],[126.524,41.349],[126.497,41.375],[126.437,41.353],[126.295,41.172],[126.168,41.095],[126.125,41.092],[126.109,41.012],[126.066,40.998],[126.083,40.977],[126.041,40.929],[126.008,40.937],[125.959,40.882],[125.875,40.909],[125.817,40.867],[125.778,40.898],[125.708,40.867],[125.652,40.916],[125.584,40.892],[125.589,40.931],[125.675,40.975],[125.684,41.022],[125.74,41.089],[125.712,41.095],[125.791,41.168],[125.738,41.178],[125.749,41.245],[125.695,41.245],[125.685,41.274],[125.647,41.264],[125.62,41.318],[125.637,41.344],[125.548,41.401],[125.533,41.479],[125.493,41.509],[125.507,41.534],[125.45,41.598],[125.447,41.676],[125.317,41.677],[125.336,41.768],[125.295,41.823],[125.308,41.925],[125.352,41.928],[125.292,41.959],[125.37,42.003],[125.416,42.064],[125.414,42.102],[125.446,42.098],[125.49,42.136],[125.368,42.183],[125.357,42.145],[125.306,42.146],[125.313,42.197],[125.281,42.175],[125.313,42.22],[125.276,42.231],[125.299,42.29],[125.264,42.313],[125.175,42.308],[125.167,42.352],[125.204,42.367],[125.186,42.428],[125.069,42.499],[125.091,42.516],[125.067,42.535],[125.097,42.622],[125.011,42.632],[125.015,42.666],[124.968,42.723],[124.997,42.745],[124.975,42.803],[124.928,42.82],[124.874,42.79],[124.85,42.883],[124.87,42.988],[124.841,43.032],[124.889,43.075],[124.883,43.134],[124.785,43.117],[124.755,43.074],[124.687,43.051],[124.659,42.973],[124.635,42.973],[124.587,42.905],[124.466,42.847],[124.436,42.881],[124.372,42.881],[124.442,42.959],[124.333,42.997],[124.426,43.076],[124.274,43.179],[124.276,43.233],[124.215,43.256],[124.114,43.247],[124.099,43.293],[124.033,43.281],[123.964,43.341],[123.896,43.361],[123.852,43.406],[123.858,43.459],[123.797,43.49],[123.748,43.472],[123.704,43.37],[123.608,43.366],[123.545,43.415],[123.52,43.402],[123.486,43.445],[123.42,43.41],[123.383,43.469],[123.316,43.492],[123.33,43.519],[123.305,43.551],[123.36,43.567],[123.453,43.546],[123.461,43.569],[123.421,43.598],[123.512,43.593],[123.51,43.625],[123.537,43.634],[123.52,43.708],[123.483,43.737],[123.498,43.771],[123.462,43.823],[123.468,43.854],[123.371,43.97],[123.401,43.979],[123.331,44.029],[123.328,44.084],[123.387,44.162],[123.287,44.212],[123.197,44.345],[123.129,44.367],[123.114,44.403],[123.142,44.428],[123.125,44.51],[123.025,44.493],[122.761,44.37],[122.675,44.286],[122.483,44.237],[122.319,44.233],[122.271,44.256],[122.292,44.31],[122.286,44.478],[122.228,44.48],[122.196,44.56],[122.131,44.578],[122.103,44.674],[122.162,44.728],[122.102,44.736],[122.11,44.768],[122.142,44.754],[122.169,44.77],[122.1,44.782],[122.049,44.913],[122.079,44.914],[122.075,45.007],[122.12,45.069],[122.11,45.142],[122.143,45.183],[122.192,45.181],[122.23,45.207],[122.239,45.276],[122.147,45.296],[122.147,45.374],[122.18,45.41],[122.168,45.44],[122.003,45.508],[121.966,45.596],[121.996,45.599],[122.003,45.623],[121.97,45.693],[121.867,45.72],[121.811,45.687],[121.714,45.702],[121.644,45.752],[121.754,45.795],[121.77,45.844],[121.817,45.875],[121.809,45.961],[121.762,45.999],[121.844,46.024],[122.04,45.959],[122.091,45.882],[122.201,45.857],[122.254,45.798],[122.301,45.813],[122.338,45.86],[122.373,45.856],[122.362,45.917],[122.446,45.917],[122.496,45.858],[122.505,45.787],[122.556,45.822],[122.641,45.771],[122.672,45.7],[122.742,45.705],[122.792,45.766],[122.752,45.835],[122.8,45.857],[122.829,45.912],[122.793,46.073],[123.046,46.1],[123.113,46.13],[123.103,46.172],[123.127,46.175],[123.129,46.211],[123.248,46.273],[123.357,46.232],[123.453,46.233],[123.499,46.26],[123.57,46.224],[123.605,46.252],[123.776,46.263],[123.896,46.304],[123.918,46.257],[123.96,46.288],[123.952,46.257],[123.98,46.229],[123.956,46.206],[123.972,46.17],[124.002,46.167],[123.992,46.143],[124.017,46.119],[123.994,46.101],[124.04,46.02],[123.989,46.012],[124.012,45.982],[123.974,45.974],[123.969,45.937],[123.996,45.907],[124.061,45.886],[124.067,45.84],[124.036,45.838],[124.064,45.802],[124.002,45.771],[124.135,45.69],[124.122,45.669],[124.147,45.665],[124.128,45.642],[124.162,45.616],[124.227,45.634],[124.239,45.592],[124.273,45.584],[124.264,45.555],[124.349,45.547],[124.369,45.513],[124.352,45.497],[124.399,45.441],[124.481,45.456],[124.544,45.412],[124.58,45.424],[124.575,45.451],[124.729,45.444],[124.776,45.468],[124.793,45.437],[124.84,45.456],[124.886,45.443],[124.885,45.495],[124.911,45.536],[124.961,45.495],[125.026,45.493],[125.05,45.429],[125.089,45.421],[125.066,45.399],[125.097,45.383],[125.138,45.41],[125.302,45.402],[125.319,45.423],[125.362,45.393],[125.435,45.463],[125.425,45.486],[125.497,45.469],[125.617,45.518],[125.688,45.514],[125.712,45.478],[125.695,45.352],[125.824,45.238],[125.915,45.197],[125.993,45.192],[125.998,45.162],[126.235,45.14],[126.403,45.223],[126.569,45.253],[126.787,45.159],[126.793,45.135],[126.964,45.132],[126.971,45.071],[127.093,44.947],[127.073,44.907],[127.0,44.874],[126.984,44.824],[126.997,44.765],[127.041,44.712],[127.05,44.567],[127.095,44.616],[127.139,44.607],[127.182,44.645],[127.229,44.643],[127.214,44.625],[127.262,44.613],[127.276,44.64],[127.393,44.632],[127.557,44.575],[127.57,44.55],[127.536,44.522],[127.465,44.517],[127.464,44.485],[127.509,44.437],[127.486,44.41],[127.624,44.278],[127.59,44.228],[127.682,44.167],[127.712,44.199],[127.729,44.099],[127.783,44.072],[127.808,44.087],[127.913,44.065],[128.091,44.133],[128.06,44.169],[128.092,44.182],[128.104,44.23],[128.064,44.251],[128.102,44.293],[128.065,44.307],[128.05,44.35],[128.075,44.37],[128.173,44.347],[128.211,44.432],[128.373,44.514],[128.463,44.432],[128.482,44.376],[128.476,44.346],[128.447,44.34],[128.472,44.32],[128.45,44.203],[128.472,44.158],[128.575,44.048],[128.585,43.99],[128.64,43.948],[128.636,43.891],[128.696,43.903],[128.761,43.857],[128.719,43.817],[128.76,43.756],[128.729,43.737],[128.768,43.732],[128.878,43.54],[128.95,43.554],[129.014,43.523],[129.23,43.593],[129.212,43.785],[129.255,43.819],[129.348,43.798],[129.468,43.875],[129.743,43.876],[129.739,43.896],[129.78,43.893],[129.803,43.965],[129.868,44.013],[129.951,44.027],[130.018,43.962],[130.009,43.889],[130.028,43.852],[130.079,43.835],[130.144,43.879],[130.153,43.916],[130.208,43.948],[130.262,43.949],[130.319,44.04],[130.365,44.044],[130.364,43.992],[130.338,43.964],[130.382,43.91],[130.386,43.854],[130.363,43.845],[130.383,43.777],[130.423,43.745],[130.394,43.703],[130.413,43.653],[130.631,43.622],[130.623,43.59],[130.823,43.503],[130.864,43.438],[130.907,43.434],[130.96,43.486],[131.027,43.509],[131.143,43.426],[131.235,43.475],[131.294,43.47],[131.319,43.5],[131.296,43.442],[131.314,43.393],[131.276,43.369],[131.255,43.265],[131.206,43.237],[131.208,43.132],[131.174,43.112],[131.172,43.07],[131.12,43.068],[131.103,43.021],[131.115,42.975],[131.151,42.968],[131.146,42.937],[131.115,42.915],[131.034,42.929],[131.018,42.915],[131.043,42.863],[130.95,42.877],[130.891,42.853],[130.802,42.88],[130.784,42.842],[130.666,42.848],[130.407,42.732],[130.464,42.688],[130.521,42.702],[130.593,42.671],[130.634,42.603],[130.623,42.573],[130.57,42.557],[130.565,42.507],[130.586,42.485],[130.559,42.496]]],[[[130.646,42.427],[130.581,42.435],[130.586,42.485],[130.646,42.427]]]]}},{"type":"Feature","properties":{"adcode":230000,"name":"黑龙江省","center":[126.642464,45.756967],"centroid":[127.693027,48.040465],"childrenNum":13,"level":"province","parent":{"adcode":100000},"subFeatureIndex":7,"acroutes":[100000]},"geometry":{"type":"Polygon","coordinates":[[[123.499,46.26],[123.453,46.233],[123.357,46.232],[123.248,46.273],[123.178,46.248],[123.012,46.435],[123.002,46.575],[123.053,46.58],[123.046,46.618],[123.181,46.614],[123.228,46.588],[123.279,46.617],[123.276,46.661],[123.603,46.689],[123.632,46.729],[123.629,46.814],[123.58,46.827],[123.626,46.848],[123.599,46.868],[123.605,46.891],[123.577,46.891],[123.563,46.826],[123.507,46.827],[123.483,46.846],[123.528,46.945],[123.488,46.96],[123.424,46.934],[123.337,46.989],[123.302,47.0],[123.304,46.965],[123.36,46.971],[123.405,46.935],[123.374,46.838],[123.341,46.827],[123.296,46.865],[123.222,46.85],[123.223,46.821],[123.164,46.74],[123.077,46.745],[123.026,46.719],[122.997,46.761],[122.907,46.807],[122.895,46.96],[122.791,46.942],[122.774,46.974],[122.778,47.003],[122.853,47.072],[122.68,47.094],[122.616,47.124],[122.418,47.351],[122.507,47.401],[122.543,47.496],[122.594,47.547],[122.765,47.614],[122.849,47.674],[123.162,47.782],[123.3,47.954],[123.579,48.045],[123.746,48.198],[124.079,48.436],[124.259,48.536],[124.314,48.504],[124.318,48.351],[124.422,48.246],[124.419,48.182],[124.475,48.174],[124.471,48.133],[124.43,48.121],[124.416,48.088],[124.53,48.147],[124.513,48.165],[124.579,48.262],[124.559,48.268],[124.58,48.297],[124.519,48.378],[124.508,48.446],[124.556,48.468],[124.534,48.515],[124.549,48.536],[124.521,48.556],[124.602,48.633],[124.625,48.702],[124.612,48.748],[124.656,48.784],[124.654,48.834],[124.697,48.842],[124.709,48.92],[124.744,48.92],[124.808,49.021],[124.829,49.078],[124.809,49.116],[124.907,49.184],[124.983,49.163],[125.04,49.176],[125.034,49.157],[125.117,49.126],[125.22,49.189],[125.215,49.277],[125.262,49.322],[125.271,49.454],[125.228,49.487],[125.211,49.54],[125.234,49.537],[125.23,49.595],[125.168,49.63],[125.154,49.617],[125.127,49.655],[125.165,49.669],[125.185,49.635],[125.22,49.669],[125.225,49.726],[125.204,49.734],[125.223,49.799],[125.178,49.83],[125.239,49.845],[125.225,49.867],[125.246,49.872],[125.19,49.96],[125.231,49.958],[125.242,49.988],[125.298,50.014],[125.253,50.041],[125.316,50.046],[125.328,50.066],[125.284,50.07],[125.287,50.094],[125.259,50.104],[125.311,50.14],[125.376,50.137],[125.335,50.161],[125.449,50.216],[125.464,50.296],[125.547,50.359],[125.522,50.405],[125.536,50.42],[125.583,50.41],[125.562,50.438],[125.627,50.443],[125.829,50.562],[125.789,50.68],[125.826,50.704],[125.759,50.747],[125.847,50.77],[125.836,50.793],[125.89,50.806],[125.878,50.817],[125.913,50.826],[125.962,50.901],[125.998,50.873],[125.996,50.907],[126.043,50.926],[126.068,50.967],[126.034,51.011],[126.059,51.044],[125.976,51.084],[125.994,51.119],[125.947,51.108],[125.865,51.146],[125.85,51.214],[125.762,51.226],[125.761,51.262],[125.7,51.327],[125.352,51.624],[125.316,51.61],[125.289,51.634],[125.13,51.635],[125.129,51.659],[125.099,51.658],[125.06,51.597],[125.073,51.554],[125.047,51.53],[124.929,51.498],[124.918,51.474],[124.943,51.447],[124.864,51.38],[124.784,51.392],[124.694,51.333],[124.627,51.327],[124.587,51.364],[124.49,51.381],[124.444,51.358],[124.407,51.272],[124.272,51.308],[124.239,51.345],[124.128,51.347],[123.926,51.301],[123.842,51.367],[123.794,51.361],[123.711,51.398],[123.662,51.319],[123.44,51.271],[123.294,51.254],[123.069,51.321],[123.003,51.312],[122.966,51.346],[122.966,51.387],[122.904,51.415],[122.9,51.445],[122.854,51.478],[122.88,51.511],[122.859,51.525],[122.874,51.561],[122.833,51.582],[122.856,51.607],[122.749,51.747],[122.772,51.78],[122.706,51.89],[122.729,51.919],[122.726,51.979],[122.684,51.975],[122.651,52.059],[122.625,52.067],[122.644,52.112],[122.629,52.137],[122.738,52.153],[122.769,52.18],[122.766,52.233],[122.787,52.252],[122.478,52.296],[122.484,52.341],[122.447,52.394],[122.419,52.375],[122.342,52.414],[122.311,52.475],[122.208,52.469],[122.169,52.514],[122.14,52.51],[122.081,52.44],[122.091,52.427],[122.041,52.413],[122.036,52.378],[121.948,52.298],[121.841,52.283],[121.714,52.318],[121.716,52.343],[121.658,52.39],[121.679,52.42],[121.64,52.444],[121.519,52.457],[121.495,52.485],[121.353,52.535],[121.324,52.574],[121.182,52.599],[121.31,52.676],[121.373,52.683],[121.477,52.772],[121.591,52.825],[121.621,52.853],[121.61,52.892],[121.663,52.912],[121.716,52.998],[121.786,53.018],[121.818,53.062],[121.775,53.09],[121.753,53.148],[121.665,53.17],[121.68,53.241],[121.499,53.337],[121.698,53.393],[121.876,53.427],[122.111,53.427],[122.162,53.469],[122.227,53.462],[122.35,53.506],[122.435,53.445],[122.895,53.463],[123.052,53.507],[123.137,53.498],[123.275,53.563],[123.454,53.537],[123.499,53.498],[123.491,53.543],[123.517,53.558],[123.558,53.532],[123.531,53.507],[123.57,53.505],[123.587,53.547],[123.621,53.55],[123.698,53.499],[123.865,53.49],[124.014,53.403],[124.058,53.404],[124.126,53.348],[124.239,53.38],[124.328,53.332],[124.376,53.259],[124.436,53.224],[124.679,53.207],[124.721,53.192],[124.712,53.163],[124.734,53.147],[124.833,53.145],[124.872,53.099],[124.909,53.118],[124.888,53.164],[124.97,53.194],[125.142,53.204],[125.504,53.095],[125.504,53.061],[125.531,53.051],[125.614,53.084],[125.684,53.008],[125.743,52.994],[125.737,52.944],[125.665,52.914],[125.679,52.861],[125.828,52.899],[125.967,52.76],[126.052,52.8],[126.117,52.768],[126.044,52.74],[126.073,52.691],[126.062,52.673],[125.996,52.675],[125.969,52.63],[126.031,52.576],[126.067,52.604],[126.147,52.573],[126.213,52.525],[126.193,52.492],[126.205,52.466],[126.269,52.475],[126.354,52.389],[126.321,52.342],[126.328,52.31],[126.433,52.299],[126.437,52.277],[126.313,52.235],[126.307,52.206],[126.556,52.136],[126.514,52.037],[126.451,52.028],[126.463,51.948],[126.51,51.922],[126.673,51.732],[126.734,51.711],[126.741,51.642],[126.679,51.602],[126.695,51.578],[126.837,51.536],[126.792,51.432],[126.909,51.407],[126.93,51.359],[126.837,51.345],[126.821,51.281],[126.909,51.247],[126.922,51.26],[126.878,51.301],[126.887,51.322],[126.984,51.319],[126.9,51.201],[126.923,51.062],[127.114,50.938],[127.236,50.781],[127.295,50.755],[127.295,50.663],[127.371,50.581],[127.294,50.466],[127.364,50.438],[127.37,50.404],[127.332,50.341],[127.372,50.297],[127.603,50.239],[127.587,50.138],[127.502,50.057],[127.496,49.994],[127.547,49.929],[127.532,49.826],[127.583,49.786],[127.675,49.764],[127.678,49.698],[127.815,49.594],[128.001,49.592],[128.071,49.557],[128.185,49.54],[128.287,49.566],[128.343,49.545],[128.39,49.59],[128.538,49.604],[128.715,49.565],[128.744,49.595],[128.803,49.582],[128.813,49.558],[128.763,49.516],[128.761,49.482],[128.872,49.493],[129.014,49.457],[129.085,49.36],[129.144,49.357],[129.215,49.399],[129.358,49.356],[129.39,49.433],[129.518,49.424],[129.546,49.395],[129.563,49.3],[129.605,49.279],[129.73,49.288],[129.762,49.258],[129.754,49.209],[129.784,49.184],[129.848,49.181],[129.867,49.114],[129.913,49.109],[129.937,49.04],[130.021,49.021],[130.238,48.869],[130.412,48.905],[130.471,48.906],[130.502,48.866],[130.681,48.881],[130.69,48.85],[130.622,48.784],[130.538,48.612],[130.605,48.594],[130.621,48.496],[130.767,48.508],[130.748,48.404],[130.845,48.296],[130.788,48.257],[130.766,48.189],[130.666,48.105],[130.7,48.044],[130.891,47.927],[130.961,47.828],[130.966,47.733],[131.03,47.695],[131.115,47.69],[131.237,47.733],[131.456,47.747],[131.544,47.736],[131.59,47.661],[131.641,47.664],[131.69,47.707],[131.977,47.673],[132.001,47.712],[132.243,47.71],[132.325,47.762],[132.372,47.765],[132.558,47.718],[132.601,47.741],[132.599,47.792],[132.687,47.885],[132.661,47.945],[132.723,47.963],[132.819,47.937],[132.883,48.003],[132.992,48.035],[133.053,48.11],[133.13,48.135],[133.302,48.103],[133.546,48.121],[133.573,48.182],[133.693,48.187],[133.741,48.255],[133.996,48.304],[134.069,48.339],[134.116,48.333],[134.204,48.382],[134.369,48.383],[134.502,48.419],[134.705,48.405],[134.764,48.37],[134.821,48.376],[134.928,48.452],[135.036,48.441],[135.069,48.459],[135.096,48.438],[135.091,48.403],[135.009,48.366],[134.679,48.256],[134.673,48.171],[134.632,48.099],[134.552,48.033],[134.554,47.982],[134.6,47.948],[134.608,47.909],[134.677,47.885],[134.679,47.819],[134.773,47.763],[134.78,47.716],[134.69,47.638],[134.678,47.589],[134.576,47.519],[134.568,47.478],[134.49,47.446],[134.307,47.429],[134.264,47.371],[134.177,47.326],[134.157,47.248],[134.23,47.182],[134.222,47.105],[134.143,47.093],[134.102,47.006],[134.064,46.98],[134.076,46.938],[134.025,46.811],[134.053,46.78],[134.011,46.638],[133.92,46.596],[133.85,46.475],[133.852,46.45],[133.903,46.446],[133.949,46.401],[133.869,46.338],[133.923,46.331],[133.91,46.254],[133.867,46.251],[133.879,46.234],[133.85,46.204],[133.815,46.231],[133.765,46.173],[133.706,46.163],[133.691,46.134],[133.746,46.075],[133.681,45.986],[133.677,45.943],[133.615,45.943],[133.618,45.904],[133.584,45.869],[133.555,45.893],[133.512,45.887],[133.494,45.84],[133.468,45.835],[133.47,45.799],[133.505,45.786],[133.47,45.778],[133.487,45.74],[133.446,45.705],[133.485,45.692],[133.486,45.659],[133.449,45.647],[133.471,45.631],[133.413,45.618],[133.423,45.584],[133.204,45.517],[133.144,45.431],[133.145,45.367],[133.119,45.353],[133.096,45.247],[133.13,45.211],[133.139,45.127],[132.954,45.023],[132.867,45.062],[132.004,45.254],[131.932,45.288],[131.917,45.339],[131.888,45.342],[131.83,45.312],[131.789,45.246],[131.794,45.212],[131.722,45.235],[131.682,45.215],[131.651,45.16],[131.696,45.132],[131.484,44.996],[131.502,44.978],[131.465,44.963],[131.355,44.99],[131.275,44.92],[131.208,44.914],[131.161,44.948],[131.09,44.924],[131.102,44.899],[131.079,44.882],[130.965,44.851],[130.973,44.82],[131.016,44.815],[131.016,44.79],[131.064,44.787],[131.112,44.71],[131.311,44.047],[131.266,44.035],[131.254,43.893],[131.217,43.836],[131.221,43.682],[131.239,43.67],[131.2,43.532],[131.305,43.502],[131.294,43.47],[131.235,43.475],[131.143,43.426],[131.027,43.509],[130.96,43.486],[130.907,43.434],[130.864,43.438],[130.823,43.503],[130.623,43.59],[130.631,43.622],[130.413,43.653],[130.394,43.703],[130.423,43.745],[130.383,43.777],[130.363,43.845],[130.386,43.854],[130.382,43.91],[130.338,43.964],[130.364,43.992],[130.365,44.044],[130.319,44.04],[130.262,43.949],[130.208,43.948],[130.153,43.916],[130.144,43.879],[130.079,43.835],[130.028,43.852],[130.009,43.889],[130.018,43.962],[129.951,44.027],[129.868,44.013],[129.803,43.965],[129.78,43.893],[129.739,43.896],[129.743,43.876],[129.468,43.875],[129.348,43.798],[129.255,43.819],[129.212,43.785],[129.23,43.593],[129.014,43.523],[128.95,43.554],[128.878,43.54],[128.768,43.732],[128.729,43.737],[128.76,43.756],[128.719,43.817],[128.761,43.857],[128.696,43.903],[128.636,43.891],[128.64,43.948],[128.585,43.99],[128.575,44.048],[128.472,44.158],[128.45,44.203],[128.472,44.32],[128.447,44.34],[128.476,44.346],[128.482,44.376],[128.463,44.432],[128.373,44.514],[128.211,44.432],[128.173,44.347],[128.075,44.37],[128.05,44.35],[128.065,44.307],[128.102,44.293],[128.064,44.251],[128.104,44.23],[128.092,44.182],[128.06,44.169],[128.091,44.133],[127.913,44.065],[127.808,44.087],[127.783,44.072],[127.729,44.099],[127.712,44.199],[127.682,44.167],[127.59,44.228],[127.624,44.278],[127.486,44.41],[127.509,44.437],[127.464,44.485],[127.465,44.517],[127.536,44.522],[127.57,44.55],[127.557,44.575],[127.393,44.632],[127.276,44.64],[127.262,44.613],[127.214,44.625],[127.229,44.643],[127.182,44.645],[127.139,44.607],[127.095,44.616],[127.05,44.567],[127.041,44.712],[126.997,44.765],[126.984,44.824],[127.0,44.874],[127.073,44.907],[127.093,44.947],[126.971,45.071],[126.964,45.132],[126.793,45.135],[126.787,45.159],[126.569,45.253],[126.403,45.223],[126.235,45.14],[125.998,45.162],[125.993,45.192],[125.915,45.197],[125.824,45.238],[125.695,45.352],[125.712,45.478],[125.688,45.514],[125.617,45.518],[125.497,45.469],[125.425,45.486],[125.435,45.463],[125.362,45.393],[125.319,45.423],[125.302,45.402],[125.138,45.41],[125.097,45.383],[125.066,45.399],[125.089,45.421],[125.05,45.429],[125.026,45.493],[124.961,45.495],[124.911,45.536],[124.885,45.495],[124.886,45.443],[124.84,45.456],[124.793,45.437],[124.776,45.468],[124.729,45.444],[124.575,45.451],[124.58,45.424],[124.544,45.412],[124.481,45.456],[124.399,45.441],[124.352,45.497],[124.369,45.513],[124.349,45.547],[124.264,45.555],[124.273,45.584],[124.239,45.592],[124.227,45.634],[124.162,45.616],[124.128,45.642],[124.147,45.665],[124.122,45.669],[124.135,45.69],[124.002,45.771],[124.064,45.802],[124.036,45.838],[124.067,45.84],[124.061,45.886],[123.969,45.937],[123.974,45.974],[124.012,45.982],[123.989,46.012],[124.04,46.02],[123.994,46.101],[124.017,46.119],[123.992,46.143],[124.002,46.167],[123.972,46.17],[123.956,46.206],[123.98,46.229],[123.952,46.257],[123.96,46.288],[123.918,46.257],[123.896,46.304],[123.85,46.302],[123.776,46.263],[123.605,46.252],[123.57,46.224],[123.499,46.26]]]}},{"type":"Feature","properties":{"adcode":310000,"name":"上海市","center":[121.472644,31.231706],"centroid":[121.438737,31.072559],"childrenNum":16,"level":"province","parent":{"adcode":100000},"subFeatureIndex":8,"acroutes":[100000]},"geometry":{"type":"MultiPolygon","coordinates":[[[[120.891,31.094],[120.859,31.1],[120.881,31.135],[121.018,31.134],[121.077,31.158],[121.06,31.245],[121.09,31.292],[121.143,31.275],[121.114,31.375],[121.242,31.493],[121.248,31.477],[121.344,31.512],[121.521,31.395],[121.722,31.304],[121.977,31.016],[121.994,30.863],[121.955,30.826],[121.97,30.789],[121.944,30.777],[121.905,30.814],[121.681,30.819],[121.517,30.775],[121.362,30.68],[121.275,30.677],[121.272,30.724],[121.217,30.786],[121.123,30.779],[121.138,30.826],[121.098,30.857],[121.038,30.814],[120.992,30.837],[121.02,30.872],[120.993,30.89],[120.989,31.014],[120.901,31.017],[120.891,31.094]]],[[[121.996,31.493],[121.982,31.464],[121.891,31.429],[121.819,31.438],[121.434,31.591],[121.395,31.585],[121.372,31.553],[121.119,31.759],[121.2,31.835],[121.323,31.868],[121.385,31.833],[121.432,31.769],[121.6,31.703],[121.975,31.617],[121.996,31.493]]],[[[121.764,31.315],[121.51,31.482],[121.567,31.483],[121.586,31.455],[121.742,31.407],[121.793,31.363],[121.796,31.33],[121.764,31.315]]],[[[121.846,31.375],[122.123,31.307],[122.098,31.256],[121.841,31.295],[121.793,31.378],[121.846,31.375]]],[[[121.579,31.48],[121.632,31.457],[121.627,31.445],[121.579,31.48]]],[[[122.009,31.221],[121.996,31.161],[121.96,31.159],[121.944,31.216],[122.009,31.221]]],[[[121.924,31.234],[121.909,31.195],[121.883,31.241],[121.924,31.234]]]]}},{"type":"Feature","properties":{"adcode":320000,"name":"江苏省","center":[118.767413,32.041544],"centroid":[119.486506,32.983991],"childrenNum":13,"level":"province","parent":{"adcode":100000},"subFeatureIndex":9,"acroutes":[100000]},"geometry":{"type":"Polygon","coordinates":[[[117.465,34.485],[117.593,34.463],[117.61,34.491],[117.659,34.501],[117.684,34.547],[117.802,34.519],[117.794,34.652],[117.903,34.644],[117.91,34.671],[117.952,34.678],[118.084,34.656],[118.115,34.614],[118.079,34.57],[118.185,34.544],[118.133,34.483],[118.178,34.453],[118.18,34.38],[118.29,34.425],[118.38,34.415],[118.439,34.508],[118.425,34.595],[118.439,34.626],[118.474,34.623],[118.461,34.656],[118.546,34.706],[118.601,34.714],[118.608,34.694],[118.69,34.678],[118.784,34.723],[118.719,34.745],[118.861,34.944],[118.863,35.026],[118.928,35.051],[119.115,35.055],[119.138,35.096],[119.287,35.115],[119.307,35.033],[119.292,35.029],[119.285,35.068],[119.238,35.049],[119.211,34.982],[119.203,34.89],[119.238,34.799],[119.379,34.764],[119.441,34.769],[119.44,34.785],[119.497,34.754],[119.382,34.752],[119.526,34.734],[119.466,34.673],[119.641,34.569],[119.812,34.486],[119.963,34.459],[120.312,34.307],[120.367,34.092],[120.68,33.52],[120.741,33.338],[120.834,33.275],[120.819,33.238],[120.843,33.21],[120.872,33.047],[120.933,33.006],[120.981,32.86],[120.953,32.714],[120.916,32.701],[120.964,32.683],[120.98,32.636],[120.962,32.612],[121.122,32.569],[121.153,32.529],[121.39,32.461],[121.426,32.431],[121.45,32.282],[121.494,32.264],[121.499,32.211],[121.459,32.177],[121.759,32.059],[121.856,31.955],[121.97,31.719],[121.975,31.617],[121.6,31.703],[121.432,31.769],[121.385,31.833],[121.323,31.868],[121.2,31.835],[121.119,31.759],[121.372,31.553],[121.344,31.512],[121.248,31.477],[121.242,31.493],[121.175,31.449],[121.114,31.375],[121.143,31.275],[121.09,31.292],[121.06,31.245],[121.077,31.158],[121.018,31.134],[120.881,31.135],[120.859,31.1],[120.891,31.094],[120.901,31.017],[120.866,30.99],[120.821,31.007],[120.77,30.997],[120.746,30.962],[120.698,30.971],[120.685,30.955],[120.713,30.885],[120.655,30.847],[120.59,30.854],[120.505,30.758],[120.442,30.861],[120.435,30.921],[120.358,30.887],[120.371,30.949],[120.224,30.927],[120.111,30.956],[120.001,31.027],[119.921,31.17],[119.827,31.174],[119.81,31.149],[119.78,31.179],[119.706,31.153],[119.678,31.168],[119.6,31.109],[119.533,31.159],[119.392,31.174],[119.36,31.213],[119.374,31.259],[119.35,31.301],[119.338,31.259],[119.267,31.25],[119.198,31.27],[119.198,31.295],[119.158,31.295],[119.105,31.235],[118.795,31.229],[118.757,31.28],[118.726,31.282],[118.721,31.323],[118.746,31.373],[118.852,31.394],[118.886,31.519],[118.859,31.624],[118.803,31.619],[118.774,31.683],[118.748,31.676],[118.736,31.633],[118.643,31.65],[118.698,31.71],[118.641,31.759],[118.558,31.73],[118.522,31.743],[118.534,31.767],[118.482,31.778],[118.505,31.842],[118.364,31.93],[118.394,32.076],[118.501,32.122],[118.511,32.194],[118.644,32.21],[118.675,32.25],[118.657,32.301],[118.703,32.329],[118.691,32.472],[118.592,32.481],[118.609,32.537],[118.564,32.562],[118.569,32.586],[118.689,32.588],[118.719,32.614],[118.735,32.589],[118.757,32.604],[118.785,32.582],[118.821,32.604],[118.843,32.568],[118.908,32.592],[118.891,32.553],[118.922,32.557],[118.976,32.505],[119.041,32.515],[119.085,32.453],[119.168,32.536],[119.153,32.558],[119.22,32.577],[119.231,32.607],[119.185,32.826],[119.113,32.823],[119.055,32.875],[119.021,32.956],[118.934,32.939],[118.849,32.957],[118.81,32.854],[118.743,32.853],[118.757,32.737],[118.484,32.721],[118.451,32.744],[118.375,32.719],[118.363,32.771],[118.3,32.783],[118.301,32.846],[118.25,32.848],[118.233,32.914],[118.304,32.969],[118.245,32.998],[118.217,33.192],[118.178,33.218],[118.149,33.169],[118.038,33.135],[117.989,33.181],[117.977,33.226],[117.942,33.225],[117.939,33.262],[117.974,33.279],[118.029,33.375],[118.017,33.403],[118.051,33.492],[118.107,33.475],[118.112,33.617],[118.168,33.663],[118.161,33.736],[118.118,33.766],[118.066,33.766],[118.02,33.739],[117.973,33.75],[117.902,33.72],[117.791,33.734],[117.75,33.711],[117.725,33.75],[117.754,33.891],[117.715,33.879],[117.673,33.935],[117.671,33.992],[117.629,34.029],[117.569,33.985],[117.515,34.061],[117.435,34.028],[117.404,34.032],[117.357,34.088],[117.192,34.069],[117.131,34.102],[117.124,34.128],[117.025,34.167],[117.051,34.221],[116.969,34.284],[116.969,34.389],[116.909,34.408],[116.828,34.389],[116.774,34.454],[116.592,34.494],[116.43,34.651],[116.374,34.64],[116.392,34.71],[116.364,34.715],[116.369,34.749],[116.403,34.756],[116.408,34.851],[116.445,34.896],[116.622,34.94],[116.781,34.917],[116.789,34.975],[116.816,34.965],[116.822,34.93],[116.922,34.895],[116.929,34.843],[116.966,34.845],[116.979,34.815],[116.951,34.811],[116.969,34.772],[117.022,34.759],[117.07,34.714],[117.073,34.639],[117.104,34.649],[117.152,34.559],[117.139,34.527],[117.166,34.434],[117.248,34.451],[117.268,34.533],[117.304,34.542],[117.273,34.557],[117.371,34.585],[117.465,34.485]]]}},{"type":"Feature","properties":{"adcode":330000,"name":"浙江省","center":[120.153576,30.287459],"centroid":[120.109913,29.181466],"childrenNum":11,"level":"province","parent":{"adcode":100000},"subFeatureIndex":10,"acroutes":[100000]},"geometry":{"type":"MultiPolygon","coordinates":[[[[118.433896,28.288335],[118.444367,28.253548],[118.490562,28.238259],[118.493026,28.262509],[118.588497,28.282538],[118.595272,28.258292],[118.651322,28.277267],[118.674728,28.27147],[118.699366,28.309939],[118.719692,28.312047],[118.756032,28.252493],[118.802228,28.240368],[118.804075,28.207675],[118.771431,28.188687],[118.805923,28.154923],[118.802228,28.117453],[118.767735,28.10584],[118.719076,28.063601],[118.733858,28.027684],[118.730163,27.970615],[118.753568,27.947885],[118.818242,27.916689],[118.829329,27.847921],[118.873677,27.733563],[118.879836,27.667859],[118.913713,27.619616],[118.909401,27.568168],[118.869365,27.540047],[118.907553,27.460952],[118.955597,27.4498],[118.986393,27.47582],[118.983314,27.498649],[119.020886,27.498118],[119.03998,27.478475],[119.092335,27.466262],[119.129907,27.475289],[119.121284,27.438115],[119.14777,27.424836],[119.224146,27.416868],[119.26911,27.42218],[119.285124,27.457766],[119.334399,27.480067],[119.360269,27.524657],[119.416935,27.539517],[119.438493,27.508734],[119.466826,27.526249],[119.501935,27.610601],[119.501319,27.649837],[119.541971,27.666799],[119.606028,27.674749],[119.644217,27.663619],[119.626354,27.620676],[119.630666,27.582491],[119.675014,27.574534],[119.659615,27.540578],[119.690412,27.537394],[119.70889,27.514042],[119.703347,27.446613],[119.685485,27.438646],[119.711354,27.403054],[119.750774,27.373829],[119.739687,27.362668],[119.782187,27.330241],[119.768636,27.307909],[119.843165,27.300464],[119.938636,27.329709],[119.960194,27.365857],[120.008237,27.375423],[120.026099,27.344063],[120.052584,27.338747],[120.096316,27.390302],[120.136968,27.402523],[120.134504,27.420055],[120.221352,27.420055],[120.26262,27.432804],[120.273091,27.38924],[120.340844,27.399867],[120.343924,27.363199],[120.430155,27.258976],[120.401822,27.250996],[120.404286,27.204166],[120.461568,27.142407],[120.492365,27.136016],[120.545952,27.156785],[120.574901,27.234501],[120.554575,27.25206],[120.580444,27.321203],[120.665444,27.357884],[120.673451,27.420055],[120.703016,27.478475],[120.637111,27.561271],[120.634647,27.577186],[120.685154,27.622797],[120.709176,27.682699],[120.771386,27.734623],[120.777545,27.774873],[120.809574,27.775402],[120.840371,27.758986],[120.910588,27.864852],[120.942001,27.896592],[120.97403,27.887071],[121.027616,27.832574],[121.070116,27.834162],[121.107688,27.81352],[121.152036,27.815638],[121.134174,27.787051],[121.13479,27.787051],[121.149572,27.801345],[121.149572,27.801875],[121.153268,27.809815],[121.152652,27.810344],[121.192072,27.822518],[121.193304,27.872259],[121.162507,27.879136],[121.162507,27.90717],[121.099681,27.895005],[121.05595,27.900294],[120.991892,27.95],[121.015298,27.981714],[121.059029,28.096338],[121.108304,28.139092],[121.121239,28.12537],[121.140949,28.031382],[121.176058,28.022401],[121.261057,28.034551],[121.299862,28.067297],[121.328195,28.134343],[121.373774,28.133287],[121.402107,28.197127],[121.45631,28.250385],[121.488955,28.301509],[121.538846,28.299401],[121.571491,28.279376],[121.580114,28.240368],[121.627541,28.251966],[121.669425,28.33312],[121.660186,28.355768],[121.634317,28.347868],[121.658954,28.392628],[121.692831,28.407368],[121.671273,28.472621],[121.646019,28.511544],[121.634317,28.562542],[121.596128,28.575156],[121.557324,28.645033],[121.540694,28.655537],[121.646019,28.682842],[121.689135,28.719062],[121.704534,28.804577],[121.687287,28.863294],[121.774751,28.863818],[121.772287,28.898404],[121.743338,28.954451],[121.711309,28.985865],[121.712541,29.028783],[121.658954,29.058606],[121.660186,29.118226],[121.616454,29.143318],[121.608447,29.168927],[121.715621,29.125022],[121.750113,29.136523],[121.767975,29.166837],[121.780294,29.10986],[121.811091,29.10986],[121.85975,29.086328],[121.884388,29.105677],[121.966308,29.052852],[121.970004,29.092604],[121.988482,29.110906],[121.986634,29.154817],[121.948446,29.193485],[121.971851,29.193485],[121.966924,29.249894],[122.002032,29.260336],[122.000185,29.278608],[121.94475,29.28435],[121.958301,29.334448],[121.936127,29.348012],[121.937975,29.384],[121.975547,29.411113],[121.993409,29.45229],[121.973083,29.477821],[121.968772,29.515846],[121.995257,29.545007],[122.000185,29.582486],[121.966308,29.636078],[121.909641,29.650122],[121.872685,29.632437],[121.833265,29.653242],[121.937359,29.748373],[122.003264,29.762401],[122.043916,29.822647],[122.10243,29.859504],[122.143082,29.877668],[122.140003,29.901535],[122.00696,29.891678],[122.00388,29.92021],[121.971235,29.955476],[121.919497,29.920729],[121.835113,29.958068],[121.78399,29.99332],[121.721164,29.992802],[121.699606,30.007832],[121.652795,30.071037],[121.635548,30.070002],[121.561636,30.184395],[121.497578,30.258861],[121.395332,30.338435],[121.371926,30.37097],[121.328195,30.397299],[121.225333,30.404526],[121.183449,30.434458],[121.092906,30.515952],[121.058413,30.563888],[121.148956,30.599953],[121.188992,30.632916],[121.239499,30.648878],[121.274608,30.677191],[121.272144,30.723504],[121.232108,30.755909],[121.21671,30.785734],[121.174826,30.771851],[121.123087,30.77905],[121.13787,30.826342],[121.097833,30.857171],[121.060261,30.845354],[121.038087,30.814007],[120.991892,30.837133],[121.020225,30.872069],[120.993124,30.889532],[121.000515,30.938309],[120.989428,31.01425],[120.949392,31.030148],[120.940153,31.010146],[120.901349,31.017327],[120.865624,30.989627],[120.820661,31.006556],[120.770154,30.996809],[120.746132,30.962432],[120.698089,30.970643],[120.684538,30.955247],[120.709176,30.933176],[120.713487,30.88491],[120.68269,30.882342],[120.654973,30.846896],[120.589684,30.854089],[120.563814,30.835592],[120.504684,30.757967],[120.489285,30.763624],[120.460336,30.839702],[120.441858,30.860768],[120.435083,30.920855],[120.42338,30.902884],[120.35809,30.886964],[120.371025,30.948575],[120.316206,30.933689],[120.223816,30.926502],[120.149903,30.937283],[120.111099,30.955761],[120.052584,31.00553],[120.001461,31.027071],[119.988527,31.059375],[119.946027,31.106016],[119.921389,31.170045],[119.878274,31.160828],[119.827151,31.174142],[119.809904,31.148536],[119.779723,31.17875],[119.715666,31.169533],[119.705811,31.152634],[119.678093,31.167997],[119.623891,31.130096],[119.649144,31.104991],[119.629434,31.085517],[119.633746,31.019379],[119.580159,30.967051],[119.582007,30.932149],[119.563529,30.919315],[119.557369,30.874124],[119.575847,30.829939],[119.55429,30.825828],[119.527188,30.77905],[119.479761,30.772365],[119.482841,30.704467],[119.444652,30.650422],[119.408312,30.645274],[119.39045,30.685941],[119.343022,30.664322],[119.323312,30.630341],[119.238929,30.609225],[119.265414,30.574709],[119.237081,30.546881],[119.272189,30.510281],[119.326392,30.532964],[119.336247,30.508734],[119.335015,30.448389],[119.36766,30.38491],[119.402768,30.374584],[119.349182,30.349281],[119.326392,30.372002],[119.277117,30.341018],[119.246936,30.341018],[119.236465,30.297106],[119.201356,30.290905],[119.126828,30.304856],[119.091719,30.323972],[119.06277,30.304856],[118.988857,30.332237],[118.954365,30.360126],[118.880452,30.31519],[118.877988,30.282637],[118.905089,30.216464],[118.929727,30.2025],[118.852735,30.166805],[118.852119,30.149729],[118.895234,30.148694],[118.873677,30.11505],[118.878604,30.064822],[118.902626,30.029078],[118.894619,29.937845],[118.838568,29.934733],[118.841032,29.891159],[118.740634,29.814859],[118.744945,29.73902],[118.700598,29.706277],[118.647011,29.64336],[118.61991,29.654282],[118.573714,29.638159],[118.532446,29.588731],[118.500417,29.57572],[118.496106,29.519492],[118.381541,29.504909],[118.347664,29.474174],[118.329802,29.495012],[118.306396,29.479384],[118.316252,29.422581],[118.248498,29.431443],[118.193064,29.395472],[118.205382,29.343839],[118.166578,29.314099],[118.178281,29.297921],[118.138861,29.283828],[118.077883,29.290614],[118.073571,29.216993],[118.042159,29.210202],[118.027992,29.167882],[118.045238,29.149068],[118.037847,29.102017],[118.076035,29.074822],[118.066796,29.053898],[118.097593,28.998952],[118.115455,29.009944],[118.115455,29.009944],[118.133933,28.983771],[118.165346,28.986912],[118.227556,28.942406],[118.195527,28.904167],[118.270056,28.918836],[118.300237,28.826075],[118.364295,28.813491],[118.403099,28.702791],[118.428352,28.681267],[118.428352,28.617193],[118.428352,28.617193],[118.412338,28.55676],[118.4302,28.515225],[118.414802,28.497344],[118.474548,28.478934],[118.456686,28.424738],[118.432048,28.402104],[118.455454,28.384204],[118.480091,28.327325],[118.433896,28.288335]]],[[[122.163408,29.988137],[122.239785,29.962735],[122.279205,29.937326],[122.322321,29.940438],[122.341415,29.976733],[122.343879,30.020269],[122.310002,30.039958],[122.290908,30.074663],[122.301379,30.086574],[122.293988,30.100554],[122.152938,30.113497],[122.095655,30.158008],[122.048844,30.147141],[121.955221,30.183878],[121.934895,30.161631],[121.983554,30.100554],[121.989714,30.077252],[121.978011,30.059125],[122.027902,29.991247],[122.106742,30.005759],[122.118445,29.986582],[122.163408,29.988137]]],[[[122.213915,30.186464],[122.178807,30.199396],[122.152938,30.19112],[122.143698,30.163183],[122.168336,30.138343],[122.213915,30.186464]]],[[[122.229314,29.711995],[122.210836,29.700559],[122.269966,29.685482],[122.231162,29.710435],[122.229314,29.711995]]],[[[122.427646,30.738422],[122.427031,30.697777],[122.532972,30.696748],[122.528045,30.725047],[122.475074,30.714243],[122.445509,30.745109],[122.427646,30.738422]]],[[[122.162793,30.329654],[122.058083,30.291938],[122.154169,30.244903],[122.231778,30.234562],[122.247176,30.30124],[122.228082,30.329654],[122.191126,30.329654],[122.176343,30.351863],[122.162793,30.329654]]],[[[122.317393,30.249556],[122.277973,30.242835],[122.358661,30.236113],[122.365437,30.255242],[122.417175,30.238699],[122.40732,30.272817],[122.333408,30.272817],[122.317393,30.249556]]],[[[122.026054,29.178333],[122.013119,29.151681],[122.056851,29.158476],[122.075945,29.176243],[122.036525,29.20759],[122.026054,29.178333]]],[[[122.372212,29.893234],[122.386379,29.834069],[122.415944,29.828877],[122.401777,29.869884],[122.433806,29.883376],[122.43319,29.919173],[122.411632,29.951846],[122.398081,29.9394],[122.351886,29.959105],[122.330944,29.937845],[122.338951,29.911911],[122.353734,29.89946],[122.362973,29.894272],[122.372212,29.893234]]],[[[122.43011,30.408655],[122.432574,30.445294],[122.37406,30.461802],[122.277973,30.471603],[122.281669,30.418461],[122.318625,30.407106],[122.352502,30.422074],[122.43011,30.408655]]],[[[121.837577,28.770484],[121.86283,28.782024],[121.861598,28.814016],[121.837577,28.770484]]],[[[122.265038,29.84549],[122.221307,29.832512],[122.248408,29.804473],[122.310002,29.766557],[122.325401,29.781621],[122.299531,29.819532],[122.319241,29.829397],[122.265038,29.84549]]],[[[121.790765,29.082144],[121.832649,29.050236],[121.84312,29.082144],[121.82033,29.099402],[121.790765,29.082144]]],[[[121.201311,27.623328],[121.197616,27.618025],[121.198848,27.616964],[121.203775,27.625979],[121.201311,27.623328]]],[[[121.943518,30.776993],[121.968156,30.688514],[121.997105,30.658659],[122.087032,30.602014],[122.133227,30.595317],[122.075329,30.647848],[122.011271,30.66947],[121.992793,30.695204],[121.987866,30.753338],[121.970004,30.789333],[121.943518,30.776993]]],[[[121.889315,28.471569],[121.918881,28.497344],[121.881924,28.502603],[121.889315,28.471569]]],[[[122.182503,29.650642],[122.211452,29.692241],[122.200365,29.712515],[122.146778,29.749412],[122.13138,29.788893],[122.083952,29.78318],[122.047612,29.719791],[122.074097,29.701599],[122.095655,29.716673],[122.138155,29.662083],[122.182503,29.650642]]],[[[122.461523,29.944068],[122.459675,29.944586],[122.460291,29.947179],[122.451668,29.943031],[122.451052,29.940956],[122.450436,29.940956],[122.449204,29.9394],[122.4529,29.936807],[122.452284,29.935252],[122.45598,29.926435],[122.457827,29.927472],[122.462755,29.927991],[122.467067,29.928509],[122.459059,29.938882],[122.461523,29.944068]]],[[[122.570544,30.644244],[122.559457,30.679764],[122.546523,30.651967],[122.570544,30.644244]]],[[[121.869605,28.423685],[121.910873,28.44],[121.889931,28.45105],[121.869605,28.423685]]],[[[122.065474,30.179739],[122.055619,30.200431],[122.017431,30.186464],[122.025438,30.161631],[122.065474,30.179739]]],[[[122.391306,29.970512],[122.411632,30.025969],[122.378371,30.023896],[122.3679,29.980361],[122.391306,29.970512]]],[[[121.850511,29.977251],[121.874533,29.964809],[121.933047,29.994875],[121.924424,30.052391],[121.88562,30.094859],[121.848663,30.101072],[121.84004,30.047211],[121.844968,29.982953],[121.850511,29.977251]]],[[[121.066421,27.478475],[121.066421,27.461483],[121.107073,27.443958],[121.067036,27.478475],[121.066421,27.478475]]],[[[121.952141,29.187738],[121.979243,29.160043],[121.976779,29.191918],[121.952141,29.187738]]],[[[122.038373,29.759284],[122.011271,29.746294],[122.02975,29.716673],[122.038373,29.759284]]],[[[121.940438,30.114533],[121.910257,30.089163],[121.945982,30.064304],[121.962612,30.106249],[121.940438,30.114533]]],[[[121.957685,30.287804],[122.0008,30.308473],[121.989098,30.339985],[121.94167,30.33327],[121.921344,30.30744],[121.957685,30.287804]]],[[[122.192974,29.965327],[122.163408,29.988137],[122.152322,29.97103],[122.154169,29.97103],[122.155401,29.970512],[122.18435,29.955476],[122.192974,29.965327]]],[[[122.287828,29.723949],[122.301379,29.748373],[122.258263,29.753569],[122.241633,29.784738],[122.2133,29.771752],[122.251488,29.731225],[122.287828,29.723949]]],[[[121.134174,27.787051],[121.134174,27.785992],[121.13479,27.787051],[121.134174,27.787051]]],[[[122.760254,30.141966],[122.784275,30.130062],[122.781196,30.13265],[122.778116,30.13679],[122.770725,30.138861],[122.763333,30.141966],[122.762101,30.142484],[122.760254,30.141966]]],[[[122.264423,30.269716],[122.253952,30.237147],[122.315545,30.250073],[122.300147,30.271266],[122.264423,30.269716]]],[[[122.282901,29.860542],[122.30877,29.849642],[122.343263,29.860542],[122.343263,29.882857],[122.301379,29.883895],[122.282901,29.860542]]],[[[122.781196,30.694175],[122.799674,30.716301],[122.778732,30.729677],[122.757174,30.713728],[122.781196,30.694175]]],[[[121.098449,27.937311],[121.152652,27.961629],[121.120623,27.986471],[121.0695,27.984357],[121.038087,27.948942],[121.098449,27.937311]]],[[[121.185913,27.963215],[121.237652,27.988056],[121.197616,28.000739],[121.17113,27.978543],[121.185913,27.963215]]],[[[122.454132,29.956513],[122.447972,29.955994],[122.445509,29.952365],[122.446741,29.951327],[122.447972,29.947698],[122.459059,29.950809],[122.458443,29.951846],[122.455364,29.955994],[122.454132,29.956513]]],[[[122.836014,30.698806],[122.831087,30.728648],[122.807681,30.714243],[122.836014,30.698806]]],[[[122.200365,29.969475],[122.233626,29.946661],[122.273662,29.93214],[122.239785,29.960142],[122.200365,29.969475]]],[[[122.029134,29.954957],[122.043916,29.930584],[122.058699,29.955994],[122.029134,29.954957]]],[[[121.044247,27.979072],[121.089826,27.998625],[121.073812,28.007608],[121.044247,27.979072]]],[[[122.471378,29.927472],[122.470762,29.925916],[122.473226,29.925397],[122.47261,29.927472],[122.471378,29.927472]]],[[[122.152322,29.97103],[122.155401,29.970512],[122.154169,29.97103],[122.152322,29.97103]]]]}},{"type":"Feature","properties":{"adcode":340000,"name":"安徽省","center":[117.283042,31.86119],"centroid":[117.226884,31.849254],"childrenNum":16,"level":"province","parent":{"adcode":100000},"subFeatureIndex":11,"acroutes":[100000]},"geometry":{"type":"MultiPolygon","coordinates":[[[[116.599629,34.014324],[116.641512,33.978103],[116.64336,33.896675],[116.631042,33.887733],[116.566984,33.9081],[116.558361,33.881274],[116.486296,33.869846],[116.437637,33.846489],[116.437021,33.801246],[116.408071,33.805721],[116.393905,33.782843],[116.316912,33.771402],[116.263326,33.730101],[116.230065,33.735078],[116.155536,33.709693],[116.132747,33.751501],[116.100102,33.782843],[116.074232,33.781351],[116.055754,33.804727],[116.05945,33.860902],[115.982457,33.917039],[116.00032,33.965199],[115.95782,34.007875],[115.904233,34.009859],[115.876516,34.028708],[115.877132,34.002913],[115.85003,34.004898],[115.846335,34.028708],[115.809378,34.062428],[115.768726,34.061932],[115.736082,34.076805],[115.705901,34.059949],[115.658473,34.061437],[115.642459,34.03218],[115.60735,34.030196],[115.579017,33.974133],[115.577785,33.950307],[115.547604,33.874815],[115.631988,33.869846],[115.614126,33.775879],[115.576553,33.787817],[115.563003,33.772895],[115.601807,33.718653],[115.601191,33.658898],[115.639995,33.585143],[115.564851,33.576169],[115.511264,33.55323],[115.463837,33.567193],[115.422569,33.557219],[115.394851,33.506335],[115.366518,33.5233],[115.345576,33.502842],[115.345576,33.449928],[115.324634,33.457418],[115.315395,33.431451],[115.328946,33.403477],[115.313547,33.376994],[115.341881,33.370997],[115.365286,33.336005],[115.361591,33.298497],[115.335105,33.297997],[115.340033,33.260973],[115.300613,33.204407],[115.303692,33.149809],[115.289526,33.131769],[115.245178,33.135778],[115.194671,33.120743],[115.168186,33.088658],[115.041302,33.086653],[114.990795,33.102195],[114.966158,33.147304],[114.932897,33.153817],[114.902716,33.129764],[114.897172,33.086653],[114.913187,33.083143],[114.925506,33.016928],[114.891629,33.020441],[114.883006,32.990328],[114.916266,32.971251],[114.943368,32.935094],[115.009273,32.940117],[115.035143,32.932582],[115.029599,32.906962],[115.139237,32.897917],[115.155867,32.864747],[115.197135,32.856201],[115.189744,32.812452],[115.211301,32.785791],[115.189744,32.770695],[115.179273,32.726402],[115.182968,32.666973],[115.20083,32.591876],[115.24333,32.593388],[115.267352,32.578261],[115.30554,32.583303],[115.304924,32.553042],[115.411482,32.575235],[115.409018,32.549007],[115.497713,32.492489],[115.5088,32.468761],[115.510648,32.468761],[115.510648,32.468256],[115.510648,32.467751],[115.509416,32.466741],[115.522967,32.441997],[115.57101,32.419266],[115.604271,32.425833],[115.626445,32.40512],[115.657857,32.428864],[115.667712,32.409667],[115.704669,32.495013],[115.742241,32.476335],[115.771806,32.505108],[115.789052,32.468761],[115.861117,32.537403],[115.891298,32.576243],[115.910393,32.567165],[115.8759,32.542448],[115.845719,32.501575],[115.883291,32.487946],[115.865429,32.458662],[115.899306,32.390971],[115.912856,32.227596],[115.941805,32.166318],[115.922095,32.049725],[115.928871,32.003046],[115.909161,31.94314],[115.920248,31.920285],[115.894994,31.8649],[115.893762,31.832365],[115.914704,31.814567],[115.886371,31.776418],[115.851878,31.786593],[115.808147,31.770313],[115.808147,31.770313],[115.767495,31.78761],[115.731154,31.76726],[115.676336,31.778453],[115.553764,31.69549],[115.534054,31.698545],[115.495249,31.673083],[115.476771,31.643028],[115.485394,31.608885],[115.439815,31.588496],[115.415793,31.525771],[115.371446,31.495668],[115.389924,31.450241],[115.373909,31.405813],[115.393004,31.389977],[115.372062,31.349098],[115.40717,31.337854],[115.443511,31.344498],[115.473076,31.265242],[115.507568,31.267799],[115.539597,31.231985],[115.540213,31.194621],[115.585793,31.143926],[115.603655,31.17363],[115.655394,31.211002],[115.700973,31.201276],[115.778582,31.112164],[115.797676,31.128047],[115.837712,31.127022],[115.867277,31.147512],[115.887603,31.10909],[115.939958,31.071678],[115.938726,31.04707],[116.006479,31.034764],[116.015102,31.011685],[116.058834,31.012711],[116.071769,30.956787],[116.03974,30.957813],[115.976298,30.931636],[115.932566,30.889532],[115.865429,30.864364],[115.848799,30.828397],[115.863581,30.815549],[115.851262,30.756938],[115.782893,30.751795],[115.762567,30.685426],[115.81369,30.637035],[115.819234,30.597893],[115.848799,30.602014],[115.876516,30.582438],[115.887603,30.542758],[115.910393,30.519046],[115.894994,30.452517],[115.921479,30.416397],[115.885139,30.379747],[115.91532,30.337919],[115.903001,30.31364],[115.985537,30.290905],[115.997856,30.252657],[116.065609,30.204569],[116.055754,30.180774],[116.088399,30.110391],[116.078544,30.062233],[116.091479,30.036331],[116.073616,29.969993],[116.128435,29.897904],[116.13521,29.819532],[116.172783,29.828358],[116.227601,29.816936],[116.250391,29.785777],[116.280572,29.788893],[116.342782,29.835626],[116.467818,29.896347],[116.525716,29.897385],[116.552201,29.909836],[116.585462,30.045657],[116.620571,30.073109],[116.666766,30.076734],[116.720353,30.053945],[116.747454,30.057053],[116.783794,30.030632],[116.802889,29.99643],[116.830606,30.004723],[116.83307,29.95755],[116.868794,29.980361],[116.900207,29.949253],[116.882961,29.893753],[116.780715,29.792529],[116.762237,29.802396],[116.673541,29.709916],[116.698795,29.707836],[116.70557,29.69692],[116.706802,29.6964],[116.704954,29.688602],[116.680317,29.681323],[116.651983,29.637118],[116.716657,29.590813],[116.721585,29.564789],[116.760389,29.599139],[116.780715,29.569994],[116.849084,29.57624],[116.873722,29.609546],[116.939627,29.648561],[116.974736,29.657403],[116.996294,29.683403],[117.041873,29.680803],[117.112706,29.711995],[117.108395,29.75201],[117.136728,29.775388],[117.123177,29.798761],[117.073286,29.831992],[117.127489,29.86158],[117.129952,29.89946],[117.171836,29.920729],[117.2168,29.926953],[117.246365,29.915023],[117.261763,29.880781],[117.25314,29.834588],[117.29256,29.822647],[117.338756,29.848085],[117.359082,29.812782],[117.382487,29.840818],[117.415132,29.85068],[117.408973,29.802396],[117.455168,29.749412],[117.453936,29.688082],[117.490277,29.660003],[117.530313,29.654282],[117.523538,29.630356],[117.543248,29.588731],[117.608537,29.591333],[117.647957,29.614749],[117.678754,29.595496],[117.690457,29.555939],[117.729877,29.550213],[117.795167,29.570515],[117.872775,29.54761],[117.933753,29.549172],[118.00397,29.578322],[118.042774,29.566351],[118.050782,29.542924],[118.095129,29.534072],[118.143788,29.489803],[118.127774,29.47209],[118.136397,29.418932],[118.193064,29.395472],[118.248498,29.431443],[118.316252,29.422581],[118.306396,29.479384],[118.329802,29.495012],[118.347664,29.474174],[118.381541,29.504909],[118.496106,29.519492],[118.500417,29.57572],[118.532446,29.588731],[118.573714,29.638159],[118.61991,29.654282],[118.647011,29.64336],[118.700598,29.706277],[118.744945,29.73902],[118.740634,29.814859],[118.841032,29.891159],[118.838568,29.934733],[118.894619,29.937845],[118.902626,30.029078],[118.878604,30.064822],[118.873677,30.11505],[118.895234,30.148694],[118.852119,30.149729],[118.852735,30.166805],[118.929727,30.2025],[118.905089,30.216464],[118.877988,30.282637],[118.880452,30.31519],[118.954365,30.360126],[118.988857,30.332237],[119.06277,30.304856],[119.091719,30.323972],[119.126828,30.304856],[119.201356,30.290905],[119.236465,30.297106],[119.246936,30.341018],[119.277117,30.341018],[119.326392,30.372002],[119.349182,30.349281],[119.402768,30.374584],[119.36766,30.38491],[119.335015,30.448389],[119.336247,30.508734],[119.326392,30.532964],[119.272189,30.510281],[119.237081,30.546881],[119.265414,30.574709],[119.238929,30.609225],[119.323312,30.630341],[119.343022,30.664322],[119.39045,30.685941],[119.408312,30.645274],[119.444652,30.650422],[119.482841,30.704467],[119.479761,30.772365],[119.527188,30.77905],[119.55429,30.825828],[119.575847,30.829939],[119.557369,30.874124],[119.563529,30.919315],[119.582007,30.932149],[119.580159,30.967051],[119.633746,31.019379],[119.629434,31.085517],[119.649144,31.104991],[119.623891,31.130096],[119.599869,31.10909],[119.532732,31.159291],[119.461283,31.156219],[119.439109,31.177214],[119.391682,31.174142],[119.360269,31.213049],[119.374435,31.258591],[119.350414,31.301043],[119.338095,31.259103],[119.294363,31.263195],[119.266646,31.250405],[119.198277,31.270357],[119.197661,31.295418],[119.158241,31.294907],[119.107118,31.250917],[119.10527,31.235055],[119.014727,31.241707],[118.984546,31.237102],[118.870597,31.242219],[118.794836,31.229426],[118.756648,31.279564],[118.726467,31.282121],[118.720924,31.322518],[118.745561,31.372606],[118.767735,31.363919],[118.824401,31.375672],[118.852119,31.393553],[118.883532,31.500261],[118.857046,31.506384],[118.865669,31.519139],[118.885995,31.519139],[118.881684,31.564023],[118.858894,31.623665],[118.802844,31.619078],[118.773894,31.682759],[118.748025,31.675629],[118.736322,31.633347],[118.643315,31.649651],[118.643315,31.671555],[118.697518,31.709747],[118.653786,31.73011],[118.641467,31.75861],[118.571866,31.746397],[118.5577,31.73011],[118.521975,31.743343],[118.533678,31.76726],[118.481939,31.778453],[118.504729,31.841516],[118.466541,31.857784],[118.472084,31.879639],[118.363679,31.930443],[118.389548,31.985281],[118.394476,32.076098],[118.433896,32.086746],[118.501033,32.121726],[118.49549,32.165304],[118.510888,32.194176],[118.643931,32.209875],[118.674728,32.250375],[118.657482,32.30148],[118.703061,32.328792],[118.685199,32.403604],[118.691359,32.472295],[118.628533,32.467751],[118.592192,32.481383],[118.608823,32.536899],[118.564475,32.562122],[118.568787,32.585825],[118.59712,32.600951],[118.632844,32.578261],[118.658714,32.594397],[118.688895,32.588346],[118.719076,32.614059],[118.719076,32.614059],[118.73509,32.58885],[118.757264,32.603976],[118.784981,32.582295],[118.820706,32.60448],[118.84288,32.56767],[118.908169,32.59238],[118.890923,32.553042],[118.92172,32.557078],[118.922336,32.557078],[118.92172,32.557078],[118.922336,32.557078],[118.975923,32.505108],[119.041212,32.515201],[119.084944,32.452602],[119.142226,32.499556],[119.168096,32.536394],[119.152697,32.557582],[119.22045,32.576748],[119.230921,32.607001],[119.208748,32.641276],[119.211827,32.708275],[119.184726,32.825529],[119.113277,32.823014],[119.054763,32.8748],[119.020886,32.955685],[118.993169,32.958196],[118.934039,32.93861],[118.892771,32.941121],[118.89585,32.957694],[118.89585,32.957694],[118.849039,32.956689],[118.846575,32.922034],[118.821322,32.920527],[118.810235,32.853687],[118.743097,32.853184],[118.743097,32.853184],[118.73817,32.772708],[118.756648,32.737477],[118.707373,32.72036],[118.642699,32.744525],[118.572482,32.719856],[118.560163,32.729926],[118.483787,32.721367],[118.450526,32.743518],[118.411106,32.715828],[118.375382,32.718849],[118.363063,32.770695],[118.334114,32.761637],[118.300237,32.783275],[118.301469,32.846145],[118.250346,32.848157],[118.2331,32.914498],[118.252194,32.936601],[118.291614,32.946143],[118.303933,32.96874],[118.26944,32.969242],[118.244803,32.998359],[118.243571,33.027967],[118.219549,33.114227],[118.217085,33.191888],[118.178281,33.217926],[118.149332,33.169348],[118.038463,33.134776],[118.037231,33.152314],[117.988572,33.180869],[117.977485,33.226437],[117.942376,33.224936],[117.939297,33.262475],[117.974405,33.279487],[117.992883,33.333005],[118.029224,33.374995],[118.016905,33.402978],[118.027376,33.455421],[118.050782,33.491863],[118.107448,33.475391],[118.117919,33.594615],[118.112376,33.617045],[118.16781,33.663381],[118.161035,33.735576],[118.117919,33.766427],[118.065564,33.76593],[118.019985,33.738562],[117.972557,33.74951],[117.901724,33.720146],[117.843826,33.736074],[117.791471,33.733585],[117.750203,33.710688],[117.72495,33.74951],[117.739732,33.758467],[117.759442,33.874318],[117.753899,33.891211],[117.715095,33.879287],[117.672595,33.934916],[117.671363,33.992494],[117.629479,34.028708],[117.612849,34.000433],[117.569117,33.985051],[117.543248,34.038627],[117.514914,34.060941],[117.435458,34.028212],[117.404045,34.03218],[117.357234,34.088205],[117.311654,34.067882],[117.277162,34.078787],[117.257452,34.065899],[117.192162,34.068873],[117.130568,34.101586],[117.123793,34.128342],[117.046801,34.151622],[117.025243,34.167469],[117.051112,34.221425],[116.969192,34.283753],[116.983359,34.348011],[116.960569,34.363821],[116.969192,34.389012],[116.909446,34.408271],[116.828142,34.389012],[116.782563,34.429993],[116.773939,34.453683],[116.722816,34.472434],[116.662454,34.472927],[116.592237,34.493646],[116.594085,34.511894],[116.490607,34.573513],[116.477057,34.614896],[116.432709,34.630163],[116.430245,34.650843],[116.374195,34.640011],[116.334159,34.620806],[116.32492,34.601104],[116.286116,34.608986],[116.247927,34.551829],[116.196804,34.575977],[116.191261,34.535561],[116.204196,34.508442],[116.178326,34.496112],[116.162312,34.459605],[116.178942,34.430487],[116.215898,34.403333],[116.213435,34.382098],[116.255934,34.376665],[116.301514,34.342082],[116.357564,34.319843],[116.372347,34.26595],[116.409303,34.273863],[116.409303,34.273863],[116.456731,34.268917],[116.516477,34.296114],[116.562056,34.285731],[116.582382,34.266444],[116.545426,34.241711],[116.542962,34.203608],[116.565752,34.16945],[116.536187,34.151127],[116.52818,34.122892],[116.576223,34.068873],[116.576223,34.068873],[116.599629,34.014324],[116.599629,34.014324]]],[[[118.865669,31.519139],[118.857046,31.506384],[118.883532,31.500261],[118.885995,31.519139],[118.865669,31.519139]]],[[[116.698795,29.707836],[116.673541,29.709916],[116.653831,29.694841],[116.680317,29.681323],[116.704954,29.688602],[116.706802,29.6964],[116.70557,29.69692],[116.698795,29.707836]]],[[[115.5088,32.468761],[115.509416,32.466741],[115.510648,32.467751],[115.510648,32.468256],[115.510648,32.468761],[115.5088,32.468761]]]]}},{"type":"Feature","properties":{"adcode":350000,"name":"福建省","center":[119.306239,26.075302],"centroid":[118.006468,26.069925],"childrenNum":9,"level":"province","parent":{"adcode":100000},"subFeatureIndex":12,"acroutes":[100000]},"geometry":{"type":"MultiPolygon","coordinates":[[[[119.004872,24.970009],[118.989473,24.973807],[119.023966,25.04377],[119.016575,25.058409],[118.974691,25.024792],[118.945126,25.028588],[118.892155,25.092558],[118.974691,25.115319],[118.951901,25.15162],[118.985162,25.168954],[118.985162,25.19495],[118.942046,25.211195],[118.940198,25.21715],[118.943278,25.221482],[118.903242,25.239347],[118.900162,25.242595],[118.919256,25.248008],[118.91556,25.256668],[118.918024,25.25721],[118.956212,25.272905],[118.996864,25.266411],[118.975307,25.237723],[118.990089,25.20199],[119.055379,25.219316],[119.074473,25.211195],[119.054147,25.168412],[119.032589,25.17437],[119.028893,25.139702],[119.06585,25.102855],[119.075705,25.099604],[119.134219,25.106107],[119.107118,25.075214],[119.119436,25.012861],[119.146538,25.056782],[119.165632,25.145661],[119.137299,25.15487],[119.108349,25.193867],[119.131755,25.223106],[119.190269,25.175995],[119.231537,25.188993],[119.26911,25.159746],[119.314689,25.190076],[119.294979,25.237182],[119.331935,25.230685],[119.380595,25.250173],[119.333167,25.287516],[119.299291,25.328634],[119.247552,25.333502],[119.240776,25.316733],[119.218603,25.368115],[119.14469,25.388121],[119.151465,25.426503],[119.191501,25.424341],[119.232153,25.442176],[119.219834,25.468654],[119.256175,25.488643],[119.275269,25.476758],[119.26295,25.428124],[119.288204,25.410827],[119.353493,25.411908],[119.343638,25.472436],[119.359037,25.521592],[119.400921,25.493505],[119.45266,25.493505],[119.438493,25.412449],[119.463131,25.448661],[119.491464,25.443257],[119.48592,25.418935],[119.507478,25.396231],[119.486536,25.369737],[119.548746,25.365952],[119.578927,25.400556],[119.555521,25.429205],[119.577695,25.445959],[119.59063,25.398394],[119.582623,25.374063],[119.597405,25.334584],[119.649144,25.342697],[119.665159,25.3719],[119.656535,25.396772],[119.670086,25.435691],[119.622659,25.434069],[119.675014,25.468113],[119.682405,25.445959],[119.688564,25.441095],[119.773564,25.395691],[119.764325,25.433529],[119.804977,25.457847],[119.866571,25.455145],[119.864107,25.469734],[119.862875,25.474597],[119.811136,25.507009],[119.81668,25.532393],[119.861027,25.531313],[119.883817,25.546432],[119.831462,25.579905],[119.843165,25.597717],[119.790194,25.614447],[119.785883,25.66786],[119.700267,25.616606],[119.683637,25.592859],[119.716898,25.551292],[119.715666,25.51187],[119.680557,25.497827],[119.675014,25.475137],[119.634362,25.475137],[119.611572,25.519972],[119.616499,25.556691],[119.586934,25.59232],[119.534579,25.585303],[119.541355,25.6247],[119.478529,25.631715],[119.472986,25.662466],[119.543819,25.684581],[119.602949,25.68512],[119.602949,25.714779],[119.626354,25.723406],[119.628202,25.87212],[119.638057,25.889888],[119.69534,25.904424],[119.723673,26.011503],[119.700267,26.032477],[119.668854,26.026024],[119.654688,26.090002],[119.618963,26.11956],[119.604181,26.168985],[119.664543,26.202282],[119.676246,26.262943],[119.7711,26.285481],[119.802513,26.268846],[119.806825,26.307479],[119.845013,26.323036],[119.862875,26.307479],[119.904143,26.308552],[119.95465,26.352534],[119.946027,26.374519],[119.893672,26.355752],[119.835774,26.434019],[119.83639,26.454381],[119.788346,26.583435],[119.740303,26.610727],[119.670086,26.618218],[119.605412,26.595744],[119.577695,26.622498],[119.619579,26.649246],[119.637441,26.703256],[119.664543,26.726243],[119.711354,26.686681],[119.833926,26.690959],[119.864107,26.671174],[119.873962,26.642827],[119.908455,26.661547],[119.899216,26.693098],[119.938636,26.747088],[119.942947,26.784492],[120.052584,26.786629],[120.061824,26.768997],[119.99407,26.720363],[119.969433,26.686681],[119.972512,26.654594],[119.949107,26.624638],[119.901679,26.624638],[119.851788,26.595209],[119.828383,26.524013],[119.867187,26.509019],[119.947875,26.56042],[119.93802,26.576478],[119.967585,26.597885],[120.007621,26.595744],[120.063671,26.627848],[120.093852,26.613938],[120.1382,26.638012],[120.110483,26.692563],[120.162222,26.717691],[120.151135,26.750829],[120.106787,26.752966],[120.136352,26.797847],[120.103707,26.794642],[120.102476,26.82669],[120.073526,26.823485],[120.054432,26.863533],[120.117874,26.882751],[120.126497,26.920644],[120.130193,26.917976],[120.1807,26.920644],[120.233055,26.907837],[120.25954,26.982526],[120.279866,26.987326],[120.275554,27.027315],[120.29588,27.035845],[120.282946,27.089671],[120.391967,27.081146],[120.403054,27.10086],[120.461568,27.142407],[120.404286,27.204166],[120.401822,27.250996],[120.430155,27.258976],[120.343924,27.363199],[120.340844,27.399867],[120.273091,27.38924],[120.26262,27.432804],[120.221352,27.420055],[120.134504,27.420055],[120.136968,27.402523],[120.096316,27.390302],[120.052584,27.338747],[120.026099,27.344063],[120.008237,27.375423],[119.960194,27.365857],[119.938636,27.329709],[119.843165,27.300464],[119.768636,27.307909],[119.782187,27.330241],[119.739687,27.362668],[119.750774,27.373829],[119.711354,27.403054],[119.685485,27.438646],[119.703347,27.446613],[119.70889,27.514042],[119.690412,27.537394],[119.659615,27.540578],[119.675014,27.574534],[119.630666,27.582491],[119.626354,27.620676],[119.644217,27.663619],[119.606028,27.674749],[119.541971,27.666799],[119.501319,27.649837],[119.501935,27.610601],[119.466826,27.526249],[119.438493,27.508734],[119.416935,27.539517],[119.360269,27.524657],[119.334399,27.480067],[119.285124,27.457766],[119.26911,27.42218],[119.224146,27.416868],[119.14777,27.424836],[119.121284,27.438115],[119.129907,27.475289],[119.092335,27.466262],[119.03998,27.478475],[119.020886,27.498118],[118.983314,27.498649],[118.986393,27.47582],[118.955597,27.4498],[118.907553,27.460952],[118.869365,27.540047],[118.909401,27.568168],[118.913713,27.619616],[118.879836,27.667859],[118.873677,27.733563],[118.829329,27.847921],[118.818242,27.916689],[118.753568,27.947885],[118.730163,27.970615],[118.733858,28.027684],[118.719076,28.063601],[118.767735,28.10584],[118.802228,28.117453],[118.805923,28.154923],[118.771431,28.188687],[118.804075,28.207675],[118.802228,28.240368],[118.756032,28.252493],[118.719692,28.312047],[118.699366,28.309939],[118.674728,28.27147],[118.651322,28.277267],[118.595272,28.258292],[118.588497,28.282538],[118.493026,28.262509],[118.490562,28.238259],[118.444367,28.253548],[118.433896,28.288335],[118.424041,28.291497],[118.314404,28.221913],[118.339041,28.193962],[118.375382,28.186577],[118.361215,28.155978],[118.356288,28.091586],[118.242339,28.075746],[118.199839,28.049869],[118.153644,28.062016],[118.120999,28.041946],[118.129006,28.017118],[118.094513,28.003909],[118.096977,27.970615],[117.999043,27.991227],[117.965166,27.962687],[117.942992,27.974315],[117.910963,27.949471],[117.856145,27.94577],[117.78716,27.896063],[117.788392,27.855858],[117.740348,27.800286],[117.704624,27.834162],[117.68245,27.823577],[117.649805,27.851625],[117.609769,27.863265],[117.556182,27.966387],[117.52169,27.982243],[117.477958,27.930966],[117.453936,27.939955],[117.407741,27.893948],[117.366473,27.88231],[117.341836,27.855858],[117.334444,27.8876],[117.280242,27.871201],[117.276546,27.847921],[117.303031,27.833103],[117.296256,27.764282],[117.245133,27.71926],[117.205097,27.714492],[117.204481,27.683759],[117.174916,27.677399],[117.114554,27.692238],[117.096076,27.667329],[117.11209,27.645596],[117.094228,27.627569],[117.065279,27.665739],[117.040641,27.669979],[117.003685,27.625449],[117.024627,27.592569],[117.01662,27.563393],[117.054808,27.5427],[117.076982,27.566046],[117.103467,27.533149],[117.110242,27.458828],[117.133032,27.42218],[117.107163,27.393491],[117.104699,27.330773],[117.140423,27.322798],[117.136728,27.303123],[117.171836,27.29036],[117.149662,27.241419],[117.044953,27.146667],[117.05296,27.100327],[116.967344,27.061962],[116.936547,27.019319],[116.910062,27.034779],[116.851548,27.009188],[116.817671,27.018252],[116.679085,26.978259],[116.632889,26.933984],[116.602092,26.888623],[116.548506,26.84004],[116.543578,26.803723],[116.557745,26.773806],[116.515245,26.720898],[116.520172,26.684543],[116.566368,26.650315],[116.553433,26.575942],[116.539267,26.559349],[116.597165,26.512768],[116.610716,26.476882],[116.638433,26.477418],[116.608252,26.429732],[116.601476,26.372911],[116.553433,26.365404],[116.553433,26.400253],[116.519557,26.410437],[116.499846,26.361651],[116.459194,26.345026],[116.437021,26.308016],[116.412999,26.297822],[116.385282,26.238253],[116.400064,26.202819],[116.392057,26.171133],[116.435789,26.159854],[116.476441,26.172745],[116.489375,26.113649],[116.384666,26.030864],[116.360028,25.991601],[116.369883,25.963088],[116.326152,25.956631],[116.303362,25.924341],[116.258398,25.902809],[116.225138,25.908731],[116.17771,25.894195],[116.132131,25.860273],[116.131515,25.824185],[116.18079,25.778926],[116.129667,25.758985],[116.106877,25.701299],[116.067457,25.703995],[116.068689,25.646282],[116.041588,25.62416],[116.063145,25.56317],[116.040356,25.548052],[116.03666,25.514571],[116.005247,25.490264],[116.023109,25.435691],[115.992928,25.374063],[116.008327,25.319437],[115.987385,25.290221],[115.949813,25.292386],[115.930719,25.236099],[115.855574,25.20957],[115.860501,25.165704],[115.888219,25.128866],[115.880212,25.092016],[115.908545,25.084428],[115.928255,25.050276],[115.873436,25.019911],[115.925175,24.960786],[115.870356,24.959701],[115.89253,24.936911],[115.907929,24.923343],[115.985537,24.899461],[116.015102,24.905975],[116.068073,24.850053],[116.153073,24.846795],[116.191877,24.877203],[116.221442,24.829959],[116.251007,24.82507],[116.244232,24.793563],[116.297202,24.801712],[116.345862,24.828872],[116.363724,24.87123],[116.395137,24.877746],[116.417927,24.840821],[116.381586,24.82507],[116.375427,24.803885],[116.419158,24.767482],[116.416079,24.744113],[116.44626,24.714216],[116.485064,24.720196],[116.517709,24.652225],[116.506622,24.621218],[116.530027,24.604895],[116.570679,24.621762],[116.600861,24.654401],[116.623034,24.64189],[116.667382,24.658752],[116.777635,24.679418],[116.815207,24.654944],[116.761005,24.583128],[116.759157,24.545572],[116.796729,24.502014],[116.83307,24.496568],[116.860787,24.460075],[116.839229,24.442097],[116.903903,24.369614],[116.895895,24.350533],[116.919301,24.321087],[116.914374,24.287817],[116.938395,24.28127],[116.933468,24.220157],[116.956257,24.216883],[116.998757,24.179217],[116.9347,24.126794],[116.930388,24.064514],[116.953178,24.008218],[116.981511,23.999471],[116.976583,23.931659],[116.955642,23.922359],[116.981511,23.855602],[117.012308,23.855054],[117.019083,23.801952],[117.048032,23.758687],[117.055424,23.694038],[117.123793,23.647448],[117.147199,23.654027],[117.192778,23.629356],[117.192778,23.5619],[117.291328,23.571225],[117.302415,23.550379],[117.387415,23.555317],[117.463791,23.584937],[117.454552,23.628259],[117.493357,23.642514],[117.501364,23.70445],[117.54448,23.715956],[117.601762,23.70171],[117.660276,23.789357],[117.651653,23.815093],[117.671979,23.878041],[117.691073,23.888985],[117.762522,23.886796],[117.792703,23.906494],[117.807486,23.947521],[117.864768,24.004938],[117.910347,24.012045],[117.927594,24.039922],[117.936217,24.100029],[118.000275,24.152462],[118.019369,24.197232],[118.074803,24.225615],[118.115455,24.229435],[118.158571,24.269814],[118.112376,24.357075],[118.081579,24.35653],[118.088354,24.408858],[118.048934,24.418122],[118.084042,24.528695],[118.121615,24.570067],[118.150564,24.583673],[118.169042,24.559725],[118.242955,24.51236],[118.375382,24.536317],[118.363679,24.567889],[118.444367,24.614689],[118.512736,24.60816],[118.557084,24.572788],[118.558316,24.51236],[118.614366,24.521617],[118.680272,24.58204],[118.687047,24.63373],[118.661178,24.622306],[118.652554,24.653857],[118.670417,24.679962],[118.703677,24.665278],[118.778822,24.743569],[118.786213,24.77672],[118.650707,24.808774],[118.647627,24.843536],[118.702445,24.865258],[118.69875,24.848967],[118.748641,24.84245],[118.807771,24.870687],[118.834256,24.854397],[118.864437,24.887518],[118.933423,24.870687],[118.988857,24.878831],[118.987009,24.898375],[118.932807,24.906518],[118.91864,24.932569],[118.945741,24.954275],[119.014111,24.941252],[119.032589,24.961328],[119.032589,24.961871],[119.007335,24.963499],[119.004872,24.970009]]],[[[118.412338,24.514538],[118.374766,24.458986],[118.318715,24.486765],[118.298389,24.477506],[118.31194,24.424661],[118.282375,24.413218],[118.329802,24.382152],[118.353208,24.415398],[118.405563,24.427931],[118.457918,24.412128],[118.477012,24.437738],[118.451758,24.506915],[118.412338,24.514538]]],[[[119.471138,25.197116],[119.507478,25.183036],[119.52534,25.157579],[119.549362,25.161912],[119.566608,25.210112],[119.540739,25.20199],[119.501319,25.21715],[119.473601,25.259916],[119.44342,25.238806],[119.444036,25.20199],[119.471138,25.197116]]],[[[119.580159,25.627398],[119.611572,25.669479],[119.580775,25.650059],[119.580159,25.627398]]],[[[119.976824,26.191005],[120.016244,26.217316],[119.998998,26.235569],[119.970665,26.217852],[119.976824,26.191005]]],[[[118.230636,24.401228],[118.273752,24.441007],[118.233716,24.445911],[118.230636,24.401228]]],[[[119.906607,26.68989],[119.926933,26.664756],[119.950954,26.692563],[119.906607,26.68989]]],[[[118.204151,24.504737],[118.191832,24.536861],[118.14502,24.560814],[118.093281,24.540672],[118.068644,24.463344],[118.084042,24.435559],[118.143173,24.420847],[118.19368,24.463344],[118.204151,24.504737]]],[[[119.929397,26.134067],[119.960194,26.146961],[119.919542,26.172208],[119.929397,26.134067]]],[[[119.642985,26.129231],[119.665159,26.155556],[119.62697,26.173282],[119.606028,26.15287],[119.642985,26.129231]]],[[[120.034106,26.488667],[120.066751,26.498308],[120.071679,26.521336],[120.035954,26.515981],[120.034106,26.488667]]],[[[119.662079,25.646822],[119.673782,25.632794],[119.718745,25.634952],[119.716898,25.664624],[119.662079,25.646822]]],[[[119.760629,26.613402],[119.776644,26.600025],[119.818527,26.616613],[119.796354,26.630523],[119.760629,26.613402]]],[[[120.135736,26.550784],[120.167149,26.571661],[120.153598,26.604841],[120.117874,26.568984],[120.135736,26.550784]]],[[[120.360554,26.916909],[120.394431,26.933984],[120.363018,26.967592],[120.327909,26.963858],[120.319286,26.944654],[120.360554,26.916909]]],[[[120.150519,26.798916],[120.140048,26.795176],[120.163454,26.798381],[120.161606,26.803189],[120.150519,26.798916]]],[[[119.668238,26.628383],[119.720593,26.635873],[119.758781,26.659408],[119.748926,26.681334],[119.712586,26.6685],[119.673782,26.680799],[119.651608,26.657269],[119.668238,26.628383]]]]}},{"type":"Feature","properties":{"adcode":360000,"name":"江西省","center":[115.892151,28.676493],"centroid":[115.732975,27.636112],"childrenNum":11,"level":"province","parent":{"adcode":100000},"subFeatureIndex":13,"acroutes":[100000]},"geometry":{"type":"Polygon","coordinates":[[[118.205,29.344],[118.167,29.314],[118.178,29.298],[118.078,29.291],[118.074,29.217],[118.042,29.21],[118.028,29.168],[118.038,29.102],[118.076,29.075],[118.098,28.999],[118.115,29.01],[118.228,28.942],[118.196,28.904],[118.27,28.919],[118.3,28.826],[118.364,28.813],[118.428,28.681],[118.415,28.497],[118.475,28.479],[118.432,28.402],[118.48,28.327],[118.314,28.222],[118.375,28.187],[118.356,28.092],[118.2,28.05],[118.154,28.062],[118.095,28.004],[118.097,27.971],[117.999,27.991],[117.965,27.963],[117.856,27.946],[117.787,27.896],[117.788,27.856],[117.74,27.8],[117.61,27.863],[117.556,27.966],[117.522,27.982],[117.478,27.931],[117.454,27.94],[117.342,27.856],[117.334,27.888],[117.28,27.871],[117.277,27.848],[117.303,27.833],[117.296,27.764],[117.245,27.719],[117.205,27.714],[117.204,27.684],[117.115,27.692],[117.094,27.628],[117.041,27.67],[117.004,27.625],[117.017,27.563],[117.055,27.543],[117.077,27.566],[117.103,27.533],[117.133,27.422],[117.107,27.393],[117.105,27.331],[117.172,27.29],[117.15,27.241],[117.045,27.147],[117.053,27.1],[116.967,27.062],[116.937,27.019],[116.91,27.035],[116.679,26.978],[116.549,26.84],[116.558,26.774],[116.515,26.721],[116.52,26.685],[116.566,26.65],[116.539,26.559],[116.611,26.477],[116.638,26.477],[116.601,26.373],[116.553,26.365],[116.553,26.4],[116.52,26.41],[116.5,26.362],[116.413,26.298],[116.385,26.238],[116.392,26.171],[116.476,26.173],[116.489,26.114],[116.385,26.031],[116.36,25.992],[116.37,25.963],[116.132,25.86],[116.132,25.824],[116.181,25.779],[116.13,25.759],[116.107,25.701],[116.067,25.704],[116.069,25.646],[116.042,25.624],[116.063,25.563],[116.005,25.49],[116.023,25.436],[115.993,25.374],[116.008,25.319],[115.987,25.29],[115.95,25.292],[115.931,25.236],[115.856,25.21],[115.888,25.129],[115.88,25.092],[115.928,25.05],[115.873,25.02],[115.925,24.961],[115.87,24.96],[115.907,24.88],[115.862,24.864],[115.864,24.891],[115.824,24.909],[115.756,24.749],[115.769,24.708],[115.801,24.706],[115.78,24.663],[115.844,24.562],[115.689,24.545],[115.671,24.605],[115.57,24.622],[115.556,24.684],[115.413,24.793],[115.373,24.775],[115.359,24.735],[115.27,24.75],[115.105,24.668],[115.057,24.703],[115.025,24.669],[114.909,24.661],[114.893,24.583],[114.869,24.562],[114.847,24.603],[114.828,24.588],[114.73,24.609],[114.738,24.565],[114.705,24.526],[114.665,24.584],[114.59,24.537],[114.534,24.559],[114.429,24.486],[114.403,24.498],[114.391,24.564],[114.301,24.579],[114.258,24.641],[114.191,24.657],[114.169,24.69],[114.273,24.701],[114.336,24.749],[114.342,24.807],[114.403,24.878],[114.396,24.951],[114.456,24.997],[114.506,25.0],[114.561,25.077],[114.64,25.074],[114.736,25.122],[114.735,25.156],[114.686,25.173],[114.694,25.214],[114.735,25.226],[114.743,25.275],[114.714,25.316],[114.637,25.324],[114.6,25.386],[114.541,25.417],[114.478,25.371],[114.439,25.376],[114.43,25.344],[114.383,25.317],[114.315,25.338],[114.295,25.3],[114.26,25.292],[114.19,25.317],[114.056,25.278],[114.04,25.251],[114.018,25.274],[114.05,25.364],[113.983,25.415],[114.003,25.443],[113.945,25.442],[113.963,25.528],[113.986,25.529],[113.983,25.599],[113.914,25.701],[113.971,25.836],[114.028,25.893],[114.008,26.016],[114.044,26.077],[114.088,26.066],[114.121,26.086],[114.106,26.098],[114.238,26.152],[114.217,26.203],[114.181,26.215],[114.088,26.168],[114.013,26.184],[113.963,26.151],[113.949,26.193],[114.029,26.266],[114.048,26.338],[114.031,26.377],[114.085,26.406],[114.11,26.483],[114.072,26.48],[114.109,26.57],[114.019,26.587],[113.997,26.616],[113.913,26.614],[113.861,26.664],[113.836,26.806],[113.927,26.949],[113.824,27.036],[113.803,27.099],[113.772,27.097],[113.873,27.29],[113.854,27.305],[113.873,27.385],[113.7,27.332],[113.617,27.346],[113.606,27.389],[113.632,27.405],[113.598,27.429],[113.591,27.468],[113.627,27.5],[113.579,27.545],[113.607,27.625],[113.763,27.799],[113.756,27.86],[113.728,27.875],[113.752,27.934],[113.823,27.982],[113.845,27.972],[113.864,28.005],[113.914,27.991],[113.966,28.018],[113.97,28.041],[114.026,28.031],[114.047,28.057],[113.992,28.161],[114.108,28.183],[114.144,28.247],[114.182,28.25],[114.198,28.291],[114.253,28.319],[114.252,28.396],[114.172,28.433],[114.218,28.485],[114.086,28.558],[114.132,28.607],[114.154,28.829],[114.077,28.834],[114.06,28.903],[114.028,28.891],[114.005,28.918],[114.009,28.955],[113.974,28.938],[113.942,29.047],[113.952,29.093],[114.035,29.152],[114.063,29.205],[114.252,29.235],[114.259,29.344],[114.307,29.365],[114.342,29.328],[114.44,29.342],[114.52,29.326],[114.673,29.396],[114.741,29.387],[114.76,29.363],[114.784,29.386],[114.895,29.398],[114.947,29.465],[114.936,29.487],[114.905,29.473],[114.918,29.454],[114.889,29.436],[114.86,29.476],[114.901,29.506],[114.94,29.494],[114.967,29.522],[114.948,29.543],[115.001,29.572],[115.033,29.547],[115.087,29.56],[115.086,29.526],[115.154,29.51],[115.157,29.585],[115.12,29.598],[115.144,29.646],[115.113,29.685],[115.177,29.655],[115.251,29.66],[115.286,29.618],[115.471,29.74],[115.479,29.811],[115.512,29.84],[115.668,29.85],[115.91,29.724],[115.966,29.724],[116.173,29.828],[116.281,29.789],[116.468,29.896],[116.552,29.91],[116.585,30.046],[116.667,30.077],[116.747,30.057],[116.803,29.996],[116.831,30.005],[116.833,29.958],[116.869,29.98],[116.9,29.949],[116.883,29.894],[116.654,29.695],[116.68,29.681],[116.652,29.637],[116.722,29.565],[116.76,29.599],[116.781,29.57],[116.849,29.576],[116.996,29.683],[117.113,29.712],[117.108,29.752],[117.137,29.775],[117.073,29.832],[117.127,29.862],[117.13,29.899],[117.217,29.927],[117.262,29.881],[117.253,29.835],[117.293,29.823],[117.339,29.848],[117.359,29.813],[117.415,29.851],[117.409,29.802],[117.455,29.749],[117.454,29.688],[117.53,29.654],[117.543,29.589],[117.648,29.615],[117.69,29.556],[117.73,29.55],[117.795,29.571],[117.934,29.549],[118.004,29.578],[118.144,29.49],[118.136,29.419],[118.193,29.395],[118.205,29.344]]]}},{"type":"Feature","properties":{"adcode":370000,"name":"山东省","center":[117.000923,36.675807],"centroid":[118.187759,36.376092],"childrenNum":16,"level":"province","parent":{"adcode":100000},"subFeatureIndex":14,"acroutes":[100000]},"geometry":{"type":"MultiPolygon","coordinates":[[[[116.374195,34.640011],[116.392057,34.710391],[116.363724,34.715311],[116.369267,34.749247],[116.403144,34.756131],[116.408071,34.850972],[116.445028,34.895652],[116.557745,34.908905],[116.613795,34.922645],[116.622418,34.939818],[116.677853,34.939327],[116.781331,34.916757],[116.789338,34.975133],[116.815823,34.965324],[116.821983,34.929515],[116.858323,34.928533],[116.922381,34.894671],[116.929156,34.843114],[116.966113,34.844588],[116.979047,34.815113],[116.95133,34.81069],[116.969192,34.771864],[117.022163,34.759081],[117.070206,34.713835],[117.061583,34.675947],[117.073286,34.639026],[117.104083,34.648874],[117.15151,34.559222],[117.139191,34.526687],[117.166293,34.434435],[117.248213,34.451216],[117.252524,34.48674],[117.27285,34.499565],[117.267923,34.532603],[117.303647,34.542463],[117.27285,34.556757],[117.311654,34.561686],[117.311654,34.561686],[117.32151,34.566614],[117.32151,34.566614],[117.325205,34.573021],[117.325205,34.573021],[117.370785,34.584846],[117.402813,34.569571],[117.402813,34.550843],[117.465023,34.484767],[117.53832,34.467006],[117.592523,34.462566],[117.609769,34.490686],[117.659044,34.501044],[117.684298,34.547392],[117.801942,34.518798],[117.791471,34.583368],[117.793935,34.651827],[117.902956,34.644443],[117.909732,34.670533],[117.951615,34.678408],[118.053861,34.650843],[118.084042,34.655766],[118.114839,34.614404],[118.079115,34.569571],[118.185056,34.543942],[118.16473,34.50499],[118.132702,34.483287],[118.177665,34.45319],[118.179513,34.379628],[118.217701,34.379134],[118.220165,34.405802],[118.277447,34.404814],[118.290382,34.424563],[118.379693,34.415183],[118.404947,34.427525],[118.416034,34.473914],[118.439439,34.507949],[118.424657,34.595193],[118.439439,34.626223],[118.473932,34.623269],[118.460997,34.656258],[118.545997,34.705964],[118.601431,34.714327],[118.607591,34.694155],[118.664257,34.693663],[118.690127,34.678408],[118.739402,34.693663],[118.783749,34.723181],[118.764039,34.740396],[118.719076,34.745313],[118.739402,34.792508],[118.772047,34.794474],[118.80038,34.843114],[118.805307,34.87307],[118.860742,34.944233],[118.86259,35.025626],[118.928495,35.051106],[118.942662,35.040817],[119.027045,35.055516],[119.114509,35.055026],[119.137915,35.096167],[119.217371,35.106939],[119.250016,35.124562],[119.286972,35.115261],[119.306066,35.076578],[119.354109,35.080007],[119.373819,35.078538],[119.428022,35.121136],[119.397841,35.137777],[119.411392,35.231689],[119.450812,35.285443],[119.493312,35.318655],[119.538275,35.296678],[119.543819,35.347949],[119.590014,35.37284],[119.579543,35.406504],[119.618963,35.459655],[119.663311,35.562931],[119.662079,35.589215],[119.718129,35.615492],[119.75139,35.617924],[119.772332,35.578995],[119.780339,35.584835],[119.792658,35.615492],[119.824071,35.646136],[119.83023,35.620357],[119.868419,35.60868],[119.925085,35.637382],[119.91215,35.660725],[119.950339,35.729741],[119.920157,35.739943],[119.926317,35.759856],[119.958346,35.760342],[120.01378,35.714193],[120.049505,35.786562],[120.032258,35.812288],[120.064287,35.873414],[120.112331,35.885052],[120.125265,35.906868],[120.152983,35.907353],[120.207801,35.947575],[120.169613,35.888446],[120.202258,35.89184],[120.209033,35.917531],[120.265699,35.966468],[120.30512,35.971796],[120.316206,36.002304],[120.289721,36.017311],[120.285409,36.01247],[120.249069,35.992136],[120.257076,36.025055],[120.198562,35.995525],[120.234902,36.030863],[120.239214,36.062316],[120.181316,36.066669],[120.152367,36.095206],[120.116642,36.102943],[120.108635,36.127599],[120.142512,36.143549],[120.140664,36.173507],[120.181316,36.203936],[120.22012,36.209248],[120.224432,36.19138],[120.260772,36.198624],[120.263236,36.182202],[120.310047,36.185101],[120.297112,36.225664],[120.319902,36.232423],[120.362402,36.196209],[120.35809,36.174956],[120.286025,36.047317],[120.337764,36.055058],[120.429539,36.056994],[120.468959,36.087952],[120.546568,36.091821],[120.546568,36.107778],[120.593995,36.100525],[120.615553,36.120348],[120.64327,36.114547],[120.672835,36.130016],[120.712255,36.126632],[120.696857,36.15563],[120.696857,36.203936],[120.680843,36.238698],[120.686386,36.279234],[120.657437,36.276339],[120.66298,36.331803],[120.744284,36.327946],[120.694393,36.390118],[120.759683,36.46283],[120.828668,36.46668],[120.837291,36.459942],[120.858849,36.424797],[120.848994,36.403124],[120.871784,36.36699],[120.911204,36.412276],[120.917979,36.417573],[120.90874,36.450315],[120.938305,36.447908],[120.965407,36.466199],[120.95432,36.507578],[120.983269,36.546051],[120.962327,36.562877],[120.909972,36.568645],[120.884718,36.601323],[120.847146,36.618617],[120.882255,36.627262],[120.926602,36.611892],[120.955551,36.575855],[121.028848,36.572971],[121.078123,36.607568],[121.161275,36.651273],[121.251818,36.671436],[121.29863,36.702151],[121.31218,36.702151],[121.35776,36.713186],[121.400876,36.701191],[121.3941,36.738129],[121.454462,36.752515],[121.496962,36.795179],[121.506817,36.803805],[121.565331,36.830635],[121.548701,36.807638],[121.485259,36.786073],[121.532071,36.73621],[121.575186,36.740047],[121.556092,36.764502],[121.651563,36.723739],[121.631853,36.80093],[121.6762,36.819137],[121.726092,36.826323],[121.762432,36.84644],[121.767975,36.874691],[121.927504,36.932597],[121.965076,36.938337],[122.008808,36.96225],[122.042684,36.871819],[122.051923,36.904846],[122.093191,36.913938],[122.115981,36.94025],[122.124604,36.944077],[122.141235,36.938337],[122.119677,36.891924],[122.175727,36.894317],[122.188662,36.866073],[122.174495,36.842609],[122.220691,36.848835],[122.275509,36.83734],[122.280437,36.835904],[122.344495,36.828239],[122.378371,36.844525],[122.383915,36.865595],[122.415944,36.85937],[122.454748,36.879],[122.452284,36.88618],[122.434422,36.914416],[122.483081,36.913938],[122.48924,36.886659],[122.532356,36.901496],[122.55761,36.968467],[122.544675,37.004797],[122.583479,37.037289],[122.575472,37.054485],[122.494168,37.033945],[122.467067,37.037289],[122.478769,37.058784],[122.484313,37.128956],[122.533588,37.153286],[122.581015,37.147562],[122.573624,37.176178],[122.624131,37.190959],[122.592718,37.261485],[122.567465,37.25958],[122.573624,37.296247],[122.611196,37.339558],[122.607501,37.364296],[122.650616,37.388551],[122.6925,37.373809],[122.714058,37.392355],[122.701739,37.418501],[122.67587,37.413273],[122.641377,37.428482],[122.553914,37.407093],[122.4954,37.413748],[122.487393,37.43466],[122.41656,37.414699],[122.337103,37.414223],[122.281053,37.430858],[122.287212,37.445114],[122.25272,37.467917],[122.194205,37.456041],[122.166488,37.438937],[122.131996,37.49926],[122.163408,37.519199],[122.150474,37.557163],[122.08888,37.554316],[122.075329,37.540556],[122.017431,37.531065],[121.997721,37.494512],[121.923808,37.473142],[121.772903,37.466492],[121.66573,37.473617],[121.635548,37.494037],[121.575802,37.460317],[121.571491,37.441313],[121.477252,37.475992],[121.460006,37.522522],[121.400876,37.557638],[121.395948,37.589891],[121.435368,37.592737],[121.391021,37.625449],[121.349137,37.635403],[121.358376,37.597479],[121.304789,37.582778],[121.217326,37.582778],[121.17421,37.597479],[121.148956,37.626397],[121.161891,37.646302],[121.142797,37.661464],[121.160043,37.698882],[121.136022,37.723501],[121.037471,37.718767],[120.994356,37.759468],[120.943233,37.785486],[120.940769,37.819533],[120.874863,37.833241],[120.845298,37.826623],[120.839139,37.82426],[120.733197,37.833714],[120.656821,37.793054],[120.634031,37.796364],[120.590915,37.7642],[120.517619,37.750005],[120.454793,37.757576],[120.367945,37.697935],[120.227511,37.693673],[120.22012,37.671886],[120.269395,37.658622],[120.272475,37.636824],[120.215192,37.621183],[120.208417,37.588469],[120.246605,37.556689],[120.222584,37.532963],[120.144359,37.481691],[120.086461,37.465067],[120.064903,37.448915],[120.010085,37.442263],[119.949723,37.419927],[119.926933,37.386649],[119.843781,37.376662],[119.837006,37.346695],[119.883201,37.311004],[119.89244,37.263866],[119.865339,37.233854],[119.83023,37.225754],[119.808057,37.196203],[119.740303,37.133727],[119.687332,37.143746],[119.678709,37.158056],[119.576463,37.127524],[119.489616,37.134681],[119.428022,37.125616],[119.361501,37.125616],[119.327624,37.115595],[119.301138,37.139452],[119.298675,37.197156],[119.2069,37.223371],[119.190885,37.25958],[119.204436,37.280058],[119.136683,37.230995],[119.12806,37.254816],[119.091103,37.257674],[119.084328,37.239572],[119.054147,37.254816],[119.03998,37.30434],[119.001176,37.31862],[118.942662,37.497361],[118.939582,37.527268],[118.988857,37.620709],[119.023966,37.642037],[119.153313,37.655305],[119.236465,37.651988],[119.262334,37.660517],[119.280197,37.692726],[119.309146,37.805349],[119.291899,37.869627],[119.24016,37.878131],[119.212443,37.838913],[119.16132,37.81906],[119.12806,37.847892],[119.110813,37.921577],[119.001792,37.99613],[118.974075,38.094162],[118.908169,38.139362],[118.811467,38.157717],[118.703677,38.151129],[118.626069,38.138421],[118.607591,38.129006],[118.597736,38.079088],[118.552156,38.05553],[118.534294,38.063541],[118.517048,38.088509],[118.504729,38.11394],[118.44991,38.124299],[118.431432,38.106406],[118.404331,38.121003],[118.331034,38.12524],[118.217085,38.146893],[118.177665,38.186417],[118.112376,38.210403],[118.045238,38.214165],[118.018753,38.202409],[117.896797,38.279495],[117.895565,38.301572],[117.848754,38.255062],[117.808718,38.22827],[117.789007,38.180772],[117.766834,38.158658],[117.771145,38.134655],[117.746508,38.12524],[117.704624,38.076262],[117.586979,38.071551],[117.557414,38.046105],[117.557414,38.046105],[117.524154,37.989527],[117.513067,37.94329],[117.481038,37.914967],[117.438538,37.854035],[117.400966,37.844584],[117.320278,37.861596],[117.271618,37.839858],[117.185387,37.849783],[117.150278,37.839385],[117.074518,37.848837],[117.027091,37.832296],[116.919301,37.846002],[116.837997,37.835132],[116.804736,37.848837],[116.753613,37.793054],[116.753613,37.77035],[116.724664,37.744327],[116.679085,37.728708],[116.66307,37.686096],[116.604556,37.624975],[116.575607,37.610754],[116.4826,37.521573],[116.448108,37.503059],[116.433941,37.473142],[116.38097,37.522522],[116.379738,37.522047],[116.38097,37.522522],[116.379738,37.522047],[116.36742,37.566177],[116.336007,37.581355],[116.295355,37.554316],[116.278724,37.524895],[116.290427,37.484065],[116.27626,37.466967],[116.240536,37.489764],[116.240536,37.489764],[116.224522,37.479791],[116.243,37.447965],[116.226369,37.428007],[116.2855,37.404241],[116.236224,37.361442],[116.193109,37.365723],[116.169087,37.384271],[116.106261,37.368577],[116.085935,37.373809],[116.024341,37.360015],[115.975682,37.337179],[115.969523,37.239572],[115.909777,37.20669],[115.91224,37.177132],[115.879596,37.150901],[115.888219,37.112254],[115.85619,37.060694],[115.776734,36.992848],[115.79706,36.968945],[115.75764,36.902453],[115.71206,36.883308],[115.683727,36.808117],[115.524815,36.763543],[115.479851,36.760187],[115.451518,36.702151],[115.420105,36.686795],[115.365902,36.621979],[115.355431,36.627262],[115.33141,36.550378],[115.272895,36.497476],[115.291374,36.460423],[115.317243,36.454166],[115.297533,36.413239],[115.340033,36.398307],[115.368982,36.342409],[115.366518,36.30914],[115.423185,36.32216],[115.417025,36.292742],[115.462605,36.276339],[115.466916,36.258969],[115.466916,36.258969],[115.474923,36.248352],[115.483547,36.148865],[115.484163,36.125666],[115.449054,36.047317],[115.447822,36.01247],[115.362822,35.971796],[115.353583,35.938854],[115.364054,35.894264],[115.335105,35.796756],[115.363438,35.779765],[115.407786,35.80889],[115.460141,35.867594],[115.487858,35.880688],[115.495249,35.896203],[115.505104,35.899112],[115.513112,35.890385],[115.583945,35.921893],[115.648618,35.922863],[115.699125,35.966468],[115.774886,35.974702],[115.779813,35.993588],[115.817386,36.012954],[115.859886,36.003756],[115.89869,36.026507],[115.989849,36.045381],[116.057602,36.104877],[116.099486,36.112129],[116.063145,36.028927],[116.048979,35.970343],[115.984921,35.974218],[115.911624,35.960171],[115.907929,35.92674],[115.873436,35.918985],[115.882675,35.879718],[115.859886,35.857894],[115.81677,35.844312],[115.773654,35.854014],[115.73485,35.833154],[115.696046,35.788989],[115.693582,35.754028],[115.622749,35.739457],[115.52851,35.733628],[115.48601,35.710306],[115.383148,35.568772],[115.34496,35.55368],[115.356047,35.490359],[115.307388,35.480126],[115.237171,35.423087],[115.172497,35.426501],[115.126302,35.41821],[115.117679,35.400163],[115.091809,35.416259],[115.073947,35.374304],[115.04315,35.376744],[114.957534,35.261014],[114.929201,35.244886],[114.932281,35.198441],[114.861448,35.182301],[114.841738,35.15099],[114.883006,35.098615],[114.835578,35.076578],[114.818948,35.051596],[114.852209,35.041797],[114.824492,35.012393],[114.880542,35.00357],[114.923658,34.968757],[114.950759,34.989843],[115.008041,34.988372],[115.028983,34.9717],[115.075179,35.000628],[115.12815,35.00455],[115.157099,34.957968],[115.219309,34.96042],[115.205142,34.914303],[115.251953,34.906451],[115.239019,34.87798],[115.256265,34.845079],[115.317243,34.859321],[115.42688,34.805285],[115.449054,34.74433],[115.433655,34.725149],[115.461373,34.637057],[115.515575,34.582383],[115.553148,34.568586],[115.622749,34.574499],[115.685575,34.556265],[115.697278,34.594207],[115.787821,34.580905],[115.827241,34.558236],[115.838328,34.5676],[115.984305,34.589281],[115.991081,34.615389],[116.037276,34.593222],[116.101334,34.60603],[116.134594,34.559715],[116.156768,34.5538],[116.196804,34.575977],[116.247927,34.551829],[116.286116,34.608986],[116.32492,34.601104],[116.334159,34.620806],[116.374195,34.640011]]],[[[120.729502,37.947065],[120.721495,37.917328],[120.76461,37.895134],[120.76461,37.923937],[120.729502,37.947065]]],[[[120.692545,37.983867],[120.732581,37.961694],[120.724574,37.987641],[120.692545,37.983867]]],[[[120.990044,36.413239],[120.978341,36.428649],[120.950624,36.414684],[120.990044,36.413239]]],[[[120.750444,38.150188],[120.7874,38.158658],[120.742436,38.199116],[120.750444,38.150188]]],[[[120.918595,38.345236],[120.914899,38.373393],[120.895189,38.36307],[120.918595,38.345236]]],[[[120.159142,35.765198],[120.169613,35.740428],[120.193019,35.756942],[120.172077,35.785591],[120.159142,35.765198]]],[[[120.62664,37.94565],[120.631567,37.981037],[120.602002,37.978678],[120.62664,37.94565]]],[[[120.802183,38.284193],[120.848378,38.305799],[120.816349,38.318008],[120.802183,38.284193]]],[[[121.489571,37.577086],[121.489571,37.577561],[121.489571,37.578509],[121.488955,37.578035],[121.489571,37.577086]]],[[[121.485875,37.578509],[121.487723,37.578035],[121.487723,37.578509],[121.485875,37.578509]]],[[[121.487723,37.578509],[121.487723,37.577561],[121.488955,37.578035],[121.488955,37.578509],[121.488339,37.578509],[121.487723,37.578509]]],[[[115.495249,35.896203],[115.487858,35.880688],[115.513112,35.890385],[115.505104,35.899112],[115.495249,35.896203]]]]}},{"type":"Feature","properties":{"adcode":410000,"name":"河南省","center":[113.665412,34.757975],"centroid":[113.619717,33.902648],"childrenNum":18,"level":"province","parent":{"adcode":100000},"subFeatureIndex":15,"acroutes":[100000]},"geometry":{"type":"MultiPolygon","coordinates":[[[[113.754,32.328],[113.768,32.37],[113.736,32.411],[113.651,32.413],[113.625,32.361],[113.429,32.271],[113.354,32.295],[113.318,32.327],[113.334,32.336],[113.212,32.432],[113.159,32.411],[113.156,32.381],[113.119,32.376],[113.026,32.425],[113.001,32.417],[112.992,32.378],[112.889,32.377],[112.861,32.396],[112.717,32.358],[112.546,32.404],[112.531,32.377],[112.477,32.381],[112.449,32.343],[112.36,32.366],[112.328,32.322],[112.15,32.412],[112.156,32.377],[112.081,32.426],[112.064,32.474],[112.015,32.45],[111.949,32.517],[111.89,32.503],[111.713,32.606],[111.646,32.606],[111.641,32.635],[111.578,32.593],[111.458,32.726],[111.476,32.76],[111.413,32.757],[111.38,32.829],[111.293,32.859],[111.276,32.903],[111.255,32.884],[111.243,32.931],[111.274,32.972],[111.259,33.006],[111.222,33.043],[111.153,33.04],[111.193,33.072],[111.179,33.115],[111.089,33.182],[111.046,33.17],[111.047,33.203],[110.985,33.255],[111.026,33.331],[110.996,33.436],[111.027,33.468],[111.004,33.579],[110.879,33.634],[110.824,33.686],[110.832,33.714],[110.782,33.796],[110.741,33.799],[110.663,33.853],[110.612,33.852],[110.587,33.888],[110.666,33.938],[110.671,33.966],[110.621,34.036],[110.587,34.023],[110.592,34.102],[110.642,34.161],[110.44,34.243],[110.429,34.288],[110.504,34.337],[110.473,34.393],[110.403,34.433],[110.361,34.517],[110.405,34.558],[110.367,34.567],[110.379,34.601],[110.425,34.588],[110.488,34.611],[110.533,34.583],[110.71,34.605],[110.749,34.652],[110.792,34.65],[110.825,34.616],[110.884,34.644],[110.92,34.73],[110.976,34.706],[111.118,34.757],[111.149,34.808],[111.233,34.79],[111.255,34.82],[111.292,34.807],[111.346,34.832],[111.389,34.815],[111.439,34.838],[111.57,34.843],[111.647,34.939],[111.682,34.951],[111.664,34.984],[111.807,35.033],[111.81,35.062],[111.933,35.083],[112.062,35.056],[112.066,35.153],[112.04,35.194],[112.079,35.219],[112.059,35.28],[112.242,35.235],[112.305,35.252],[112.288,35.22],[112.391,35.239],[112.637,35.226],[112.628,35.263],[112.72,35.206],[112.773,35.208],[112.822,35.258],[112.884,35.244],[112.992,35.296],[112.996,35.362],[113.126,35.332],[113.165,35.413],[113.185,35.409],[113.19,35.449],[113.304,35.427],[113.312,35.481],[113.348,35.468],[113.392,35.507],[113.499,35.532],[113.558,35.622],[113.548,35.657],[113.625,35.633],[113.623,35.675],[113.593,35.692],[113.605,35.798],[113.583,35.818],[113.661,35.837],[113.638,35.87],[113.649,35.994],[113.679,35.986],[113.695,36.027],[113.66,36.035],[113.686,36.056],[113.655,36.125],[113.713,36.13],[113.651,36.174],[113.698,36.182],[113.682,36.216],[113.716,36.262],[113.731,36.363],[113.857,36.329],[113.849,36.348],[113.882,36.354],[113.911,36.315],[113.963,36.354],[113.982,36.318],[114.056,36.329],[114.043,36.303],[114.08,36.27],[114.129,36.28],[114.176,36.265],[114.17,36.246],[114.203,36.245],[114.21,36.273],[114.241,36.251],[114.345,36.256],[114.356,36.23],[114.533,36.172],[114.587,36.141],[114.589,36.118],[114.735,36.156],[114.772,36.125],[114.913,36.141],[114.914,36.052],[114.998,36.07],[115.046,36.113],[115.063,36.178],[115.105,36.172],[115.125,36.21],[115.242,36.191],[115.313,36.088],[115.366,36.099],[115.377,36.128],[115.465,36.17],[115.484,36.126],[115.448,36.012],[115.363,35.972],[115.354,35.939],[115.364,35.894],[115.335,35.797],[115.363,35.78],[115.488,35.881],[115.584,35.922],[115.649,35.923],[115.817,36.013],[115.86,36.004],[115.99,36.045],[116.058,36.105],[116.099,36.112],[116.049,35.97],[115.912,35.96],[115.908,35.927],[115.873,35.919],[115.883,35.88],[115.86,35.858],[115.735,35.833],[115.694,35.754],[115.486,35.71],[115.383,35.569],[115.345,35.554],[115.356,35.49],[115.307,35.48],[115.237,35.423],[115.126,35.418],[115.118,35.4],[115.092,35.416],[115.074,35.374],[115.043,35.377],[114.929,35.245],[114.932,35.198],[114.861,35.182],[114.842,35.151],[114.883,35.099],[114.819,35.052],[114.852,35.042],[114.824,35.012],[114.924,34.969],[114.951,34.99],[115.029,34.972],[115.128,35.005],[115.157,34.958],[115.219,34.96],[115.205,34.914],[115.252,34.906],[115.256,34.845],[115.317,34.859],[115.427,34.805],[115.461,34.637],[115.516,34.582],[115.686,34.556],[115.697,34.594],[115.827,34.558],[115.984,34.589],[115.991,34.615],[116.037,34.593],[116.101,34.606],[116.135,34.56],[116.197,34.576],[116.204,34.508],[116.162,34.46],[116.213,34.382],[116.358,34.32],[116.372,34.266],[116.516,34.296],[116.582,34.266],[116.545,34.242],[116.566,34.169],[116.528,34.123],[116.642,33.978],[116.643,33.897],[116.567,33.908],[116.558,33.881],[116.438,33.846],[116.437,33.801],[116.317,33.771],[116.263,33.73],[116.156,33.71],[116.1,33.783],[116.074,33.781],[116.059,33.861],[115.982,33.917],[116.0,33.965],[115.958,34.008],[115.877,34.029],[115.877,34.003],[115.85,34.005],[115.809,34.062],[115.736,34.077],[115.607,34.03],[115.548,33.875],[115.632,33.87],[115.614,33.776],[115.563,33.773],[115.602,33.719],[115.601,33.659],[115.64,33.585],[115.511,33.553],[115.423,33.557],[115.395,33.506],[115.367,33.523],[115.346,33.503],[115.314,33.377],[115.365,33.336],[115.362,33.298],[115.335,33.298],[115.304,33.15],[115.195,33.121],[115.168,33.089],[115.041,33.087],[114.933,33.154],[114.903,33.13],[114.926,33.017],[114.892,33.02],[114.883,32.99],[114.943,32.935],[115.035,32.933],[115.03,32.907],[115.139,32.898],[115.156,32.865],[115.197,32.856],[115.19,32.812],[115.211,32.786],[115.179,32.726],[115.201,32.592],[115.306,32.583],[115.305,32.553],[115.411,32.575],[115.409,32.549],[115.498,32.492],[115.523,32.442],[115.626,32.405],[115.658,32.429],[115.668,32.41],[115.705,32.495],[115.742,32.476],[115.772,32.505],[115.789,32.469],[115.891,32.576],[115.91,32.567],[115.846,32.502],[115.883,32.488],[115.865,32.459],[115.899,32.391],[115.913,32.228],[115.942,32.166],[115.92,31.92],[115.895,31.865],[115.915,31.815],[115.886,31.776],[115.676,31.778],[115.495,31.673],[115.485,31.609],[115.44,31.588],[115.416,31.526],[115.371,31.496],[115.39,31.45],[115.374,31.406],[115.301,31.384],[115.251,31.392],[115.253,31.422],[115.211,31.442],[115.236,31.555],[115.164,31.605],[115.125,31.599],[115.096,31.508],[115.023,31.528],[114.995,31.471],[114.962,31.495],[114.83,31.459],[114.789,31.48],[114.779,31.521],[114.696,31.526],[114.642,31.582],[114.561,31.561],[114.548,31.624],[114.586,31.762],[114.444,31.728],[114.293,31.753],[114.236,31.833],[114.192,31.852],[114.134,31.843],[114.087,31.782],[113.989,31.75],[113.952,31.794],[113.958,31.853],[113.915,31.877],[113.894,31.847],[113.854,31.843],[113.832,31.919],[113.806,31.929],[113.817,31.964],[113.758,31.99],[113.792,32.036],[113.729,32.083],[113.723,32.124],[113.75,32.116],[113.782,32.185],[113.739,32.256],[113.768,32.284],[113.769,32.301],[113.754,32.328]]],[[[113.758,32.277],[113.749,32.273],[113.769,32.301],[113.758,32.277]]]]}},{"type":"Feature","properties":{"adcode":420000,"name":"湖北省","center":[114.298572,30.584355],"centroid":[112.271301,30.987527],"childrenNum":17,"level":"province","parent":{"adcode":100000},"subFeatureIndex":16,"acroutes":[100000]},"geometry":{"type":"MultiPolygon","coordinates":[[[[111.045704,33.169849],[111.034001,33.177864],[111.035849,33.187881],[111.046936,33.202905],[110.984726,33.255469],[110.960704,33.253967],[110.9219,33.203907],[110.865234,33.213921],[110.828893,33.201403],[110.824582,33.158327],[110.753133,33.15031],[110.702626,33.097182],[110.650887,33.157324],[110.623785,33.143796],[110.59422,33.168346],[110.57759,33.250464],[110.54125,33.255469],[110.471032,33.171352],[110.398352,33.176862],[110.398352,33.176862],[110.372482,33.186379],[110.33799,33.160331],[110.285635,33.171352],[110.218497,33.163336],[110.164911,33.209415],[110.031252,33.191888],[109.999223,33.212419],[109.973353,33.203907],[109.916687,33.229942],[109.852013,33.247961],[109.813209,33.236449],[109.732521,33.231443],[109.693101,33.254468],[109.649985,33.251465],[109.619804,33.275484],[109.60687,33.235949],[109.514479,33.237951],[109.498464,33.207412],[109.438718,33.152314],[109.468283,33.140288],[109.522486,33.138785],[109.576073,33.110216],[109.688174,33.116733],[109.704188,33.101694],[109.794731,33.067095],[109.785492,32.987316],[109.76455,32.909474],[109.789804,32.882339],[109.847702,32.893395],[109.856941,32.910479],[109.907448,32.903947],[109.927158,32.887364],[109.988752,32.886359],[110.051578,32.851676],[110.105164,32.832569],[110.142121,32.802895],[110.127338,32.77774],[110.159367,32.767173],[110.156903,32.683093],[110.206179,32.633212],[110.153824,32.593388],[110.124259,32.616579],[110.090382,32.617083],[110.084223,32.580782],[110.017701,32.546989],[109.97089,32.577756],[109.910528,32.592884],[109.816905,32.577252],[109.746072,32.594901],[109.726978,32.608513],[109.631507,32.599943],[109.619804,32.56767],[109.637051,32.540935],[109.575457,32.506622],[109.526797,32.43341],[109.529877,32.405625],[109.502776,32.38895],[109.513247,32.342444],[109.495385,32.300468],[109.528645,32.270112],[109.550203,32.225065],[109.592703,32.219495],[109.604406,32.199241],[109.58716,32.161251],[109.621652,32.106519],[109.590855,32.047696],[109.590855,32.012688],[109.631507,31.962436],[109.62042,31.928412],[109.584696,31.900472],[109.60379,31.885737],[109.633971,31.824738],[109.633971,31.804396],[109.592087,31.789136],[109.585928,31.726546],[109.622268,31.711783],[109.683246,31.719929],[109.731289,31.700582],[109.737449,31.628761],[109.76455,31.602769],[109.745456,31.598182],[109.727594,31.548214],[109.837847,31.555354],[109.894513,31.519139],[109.969658,31.508935],[109.94502,31.47066],[109.98752,31.474744],[110.036795,31.436966],[110.054042,31.410921],[110.118715,31.409899],[110.161831,31.314338],[110.155671,31.279564],[110.180309,31.179774],[110.200019,31.158779],[110.180309,31.121899],[110.147048,31.116776],[110.119947,31.088592],[110.120563,31.0322],[110.140273,31.030661],[110.140889,30.987062],[110.172918,30.978853],[110.153824,30.953708],[110.151976,30.911613],[110.082375,30.799614],[110.048498,30.800642],[110.019549,30.829425],[110.008462,30.883369],[109.943788,30.878746],[109.894513,30.899803],[109.828608,30.864364],[109.780564,30.848437],[109.701724,30.783677],[109.656761,30.760538],[109.661072,30.738936],[109.625348,30.702923],[109.590855,30.69366],[109.574225,30.646818],[109.543428,30.63961],[109.535421,30.664837],[109.435638,30.595832],[109.418392,30.559766],[109.35495,30.487076],[109.337088,30.521623],[109.36111,30.551004],[109.314298,30.599953],[109.299516,30.630341],[109.245313,30.580892],[109.191726,30.545851],[109.191726,30.545851],[109.143683,30.521108],[109.103647,30.565949],[109.09256,30.578831],[109.106111,30.61077],[109.111654,30.646303],[109.071002,30.640125],[109.042669,30.655571],[109.006329,30.626736],[108.971836,30.627766],[108.893612,30.565434],[108.838793,30.503062],[108.808612,30.491202],[108.789518,30.513374],[108.743939,30.494812],[108.698975,30.54482],[108.688504,30.58759],[108.642925,30.578831],[108.6497,30.53915],[108.56778,30.468508],[108.556077,30.487592],[108.512961,30.501515],[108.472925,30.487076],[108.42673,30.492233],[108.411331,30.438586],[108.430425,30.416397],[108.402092,30.376649],[108.431041,30.354446],[108.460606,30.35961],[108.501258,30.314673],[108.524048,30.309506],[108.54499,30.269716],[108.581947,30.255759],[108.551766,30.1637],[108.56778,30.157491],[108.546222,30.104178],[108.513577,30.057571],[108.532055,30.051873],[108.536367,29.983472],[108.517889,29.9394],[108.516041,29.885451],[108.467998,29.864175],[108.433505,29.880262],[108.371295,29.841337],[108.424266,29.815897],[108.422418,29.772791],[108.442744,29.778505],[108.437201,29.741098],[108.460606,29.741098],[108.504338,29.707836],[108.504954,29.728626],[108.548686,29.749412],[108.52528,29.770713],[108.556077,29.818493],[108.601041,29.863656],[108.658939,29.854833],[108.680497,29.800319],[108.676801,29.749412],[108.690968,29.689642],[108.752562,29.649082],[108.786438,29.691721],[108.797525,29.660003],[108.781511,29.635558],[108.844337,29.658443],[108.888068,29.628795],[108.870206,29.596537],[108.901003,29.604863],[108.913322,29.574679],[108.878213,29.539279],[108.888684,29.502305],[108.866511,29.470527],[108.884373,29.440824],[108.927488,29.435612],[108.934264,29.399643],[108.919481,29.3261],[108.983539,29.332883],[108.999553,29.36366],[109.034662,29.360531],[109.060531,29.403292],[109.11227,29.361053],[109.106727,29.288526],[109.141835,29.270256],[109.110422,29.21647],[109.139372,29.168927],[109.162777,29.180946],[109.215748,29.145409],[109.232378,29.119271],[109.274262,29.121885],[109.261328,29.161089],[109.275494,29.202366],[109.257632,29.222738],[109.312451,29.25146],[109.352487,29.284872],[109.343863,29.369398],[109.391291,29.372005],[109.368501,29.413719],[109.418392,29.453332],[109.415928,29.497617],[109.436254,29.488761],[109.433791,29.530948],[109.458428,29.513242],[109.467051,29.560104],[109.488609,29.553336],[109.516326,29.626194],[109.558826,29.606944],[109.578536,29.629836],[109.651833,29.625674],[109.664768,29.599659],[109.717739,29.615269],[109.701108,29.636078],[109.714659,29.673524],[109.760238,29.689122],[109.755311,29.733304],[109.779333,29.757725],[109.869876,29.774869],[109.908064,29.763959],[109.941325,29.774349],[110.02386,29.769674],[110.113788,29.789932],[110.160599,29.753569],[110.219729,29.746814],[110.289946,29.6964],[110.302265,29.661563],[110.339221,29.668324],[110.372482,29.633477],[110.447011,29.664684],[110.467337,29.713034],[110.507373,29.692241],[110.562807,29.712515],[110.642879,29.775907],[110.60038,29.839779],[110.549873,29.848085],[110.538786,29.895828],[110.49875,29.91243],[110.517228,29.961179],[110.557264,29.988137],[110.491358,30.019751],[110.497518,30.055499],[110.531394,30.061197],[110.600996,30.054463],[110.650887,30.07777],[110.712481,30.033223],[110.756212,30.054463],[110.746973,30.112979],[110.851067,30.126439],[110.924364,30.111426],[110.929907,30.063268],[111.031537,30.048765],[111.242188,30.040476],[111.266826,30.01146],[111.3315,29.970512],[111.342587,29.944586],[111.382623,29.95029],[111.394325,29.912948],[111.436825,29.930065],[111.475629,29.918654],[111.527368,29.925916],[111.553854,29.894272],[111.669034,29.888565],[111.669034,29.888565],[111.705375,29.890121],[111.723853,29.909317],[111.723853,29.909317],[111.75773,29.92021],[111.8107,29.901017],[111.861207,29.856909],[111.899396,29.855871],[111.899396,29.855871],[111.925881,29.836665],[111.965917,29.832512],[111.95483,29.796683],[112.008417,29.778505],[112.07617,29.743696],[112.065699,29.681323],[112.089721,29.685482],[112.111279,29.659483],[112.178416,29.656883],[112.202438,29.633997],[112.244322,29.659483],[112.233851,29.61631],[112.303452,29.585609],[112.281278,29.536676],[112.291133,29.517409],[112.333017,29.545007],[112.368741,29.541362],[112.424792,29.598619],[112.439574,29.633997],[112.499321,29.629316],[112.54182,29.60122],[112.572001,29.624113],[112.640371,29.607985],[112.650842,29.592374],[112.693957,29.601741],[112.714283,29.648561],[112.733378,29.645441],[112.788812,29.681323],[112.79374,29.735902],[112.861493,29.78318],[112.894138,29.783699],[112.902145,29.79149],[112.929246,29.77383],[112.923703,29.766557],[112.926782,29.692241],[112.944645,29.682883],[112.974826,29.732784],[113.025949,29.772791],[113.005007,29.693801],[112.915696,29.620992],[112.912,29.606944],[112.950188,29.473132],[113.034572,29.523658],[113.057362,29.522616],[113.078304,29.438218],[113.099861,29.459585],[113.145441,29.449163],[113.181781,29.485636],[113.222433,29.543965],[113.277252,29.594976],[113.37765,29.703158],[113.571671,29.849123],[113.575367,29.809147],[113.550729,29.768115],[113.558736,29.727067],[113.540258,29.699519],[113.547033,29.675603],[113.606164,29.666764],[113.663446,29.684443],[113.680692,29.64336],[113.704098,29.634518],[113.73859,29.579363],[113.710257,29.555419],[113.630801,29.523137],[113.677613,29.513763],[113.755221,29.446557],[113.731199,29.393907],[113.674533,29.388172],[113.660982,29.333405],[113.632033,29.316186],[113.609859,29.25146],[113.651743,29.225872],[113.693011,29.226394],[113.691779,29.19662],[113.66283,29.16945],[113.690547,29.114566],[113.696091,29.077437],[113.722576,29.104631],[113.749677,29.060699],[113.775547,29.095219],[113.816199,29.105154],[113.852539,29.058606],[113.882104,29.065407],[113.876561,29.038202],[113.898119,29.029307],[113.94185,29.047097],[113.952321,29.092604],[113.98743,29.126068],[114.034857,29.152204],[114.063191,29.204978],[114.169748,29.216993],[114.252284,29.23475],[114.259059,29.343839],[114.307102,29.365225],[114.341595,29.327665],[114.376088,29.322969],[114.440145,29.341752],[114.466015,29.324013],[114.519602,29.325578],[114.589819,29.352707],[114.621847,29.379828],[114.67297,29.395993],[114.740724,29.386607],[114.759818,29.363139],[114.784455,29.386086],[114.812173,29.383478],[114.866375,29.404335],[114.895325,29.397557],[114.931049,29.422581],[114.947063,29.465317],[114.935977,29.486678],[114.90518,29.473132],[114.918114,29.454374],[114.888549,29.436134],[114.860216,29.476258],[114.900868,29.505951],[114.940288,29.493971],[114.966773,29.522096],[114.947679,29.542924],[115.00065,29.572076],[115.033295,29.546568],[115.087498,29.560104],[115.086266,29.525741],[115.154019,29.510117],[115.157099,29.584568],[115.120142,29.597578],[115.143548,29.645961],[115.117679,29.655843],[115.113367,29.684963],[115.176809,29.654803],[115.250722,29.660003],[115.28583,29.618391],[115.304924,29.637118],[115.355431,29.649602],[115.412714,29.688602],[115.470612,29.739539],[115.479235,29.811224],[115.51188,29.840299],[115.611662,29.841337],[115.667712,29.850161],[115.706517,29.837703],[115.762567,29.793048],[115.837096,29.748373],[115.909777,29.723949],[115.965827,29.724469],[116.049595,29.761881],[116.087167,29.795125],[116.13521,29.819532],[116.128435,29.897904],[116.073616,29.969993],[116.091479,30.036331],[116.078544,30.062233],[116.088399,30.110391],[116.055754,30.180774],[116.065609,30.204569],[115.997856,30.252657],[115.985537,30.290905],[115.903001,30.31364],[115.91532,30.337919],[115.885139,30.379747],[115.921479,30.416397],[115.894994,30.452517],[115.910393,30.519046],[115.887603,30.542758],[115.876516,30.582438],[115.848799,30.602014],[115.819234,30.597893],[115.81369,30.637035],[115.762567,30.685426],[115.782893,30.751795],[115.851262,30.756938],[115.863581,30.815549],[115.848799,30.828397],[115.865429,30.864364],[115.932566,30.889532],[115.976298,30.931636],[116.03974,30.957813],[116.071769,30.956787],[116.058834,31.012711],[116.015102,31.011685],[116.006479,31.034764],[115.938726,31.04707],[115.939958,31.071678],[115.887603,31.10909],[115.867277,31.147512],[115.837712,31.127022],[115.797676,31.128047],[115.778582,31.112164],[115.700973,31.201276],[115.655394,31.211002],[115.603655,31.17363],[115.585793,31.143926],[115.540213,31.194621],[115.539597,31.231985],[115.507568,31.267799],[115.473076,31.265242],[115.443511,31.344498],[115.40717,31.337854],[115.372062,31.349098],[115.393004,31.389977],[115.373909,31.405813],[115.338801,31.40428],[115.301229,31.383846],[115.250722,31.392021],[115.252569,31.421646],[115.211301,31.442072],[115.218077,31.515057],[115.235939,31.555354],[115.212533,31.555354],[115.16449,31.604808],[115.12507,31.599201],[115.106592,31.567592],[115.114599,31.530362],[115.096121,31.508425],[115.022824,31.527811],[114.995107,31.471171],[114.962462,31.494648],[114.884238,31.469129],[114.870071,31.479337],[114.830035,31.45892],[114.789383,31.480358],[114.778912,31.520669],[114.696376,31.525771],[114.641558,31.582378],[114.61692,31.585437],[114.572572,31.553824],[114.560869,31.560963],[114.547935,31.623665],[114.57134,31.660858],[114.586123,31.762172],[114.549783,31.766751],[114.530688,31.742834],[114.443841,31.728074],[114.403189,31.746906],[114.350218,31.755557],[114.292936,31.752503],[114.235654,31.833382],[114.191922,31.852192],[114.134024,31.843042],[114.121705,31.809482],[114.086596,31.782014],[114.017611,31.770822],[113.988662,31.749959],[113.952321,31.793714],[113.957865,31.852701],[113.914749,31.877098],[113.893807,31.847109],[113.854387,31.843042],[113.830981,31.87913],[113.832213,31.918761],[113.805728,31.929428],[113.817431,31.964467],[113.757685,31.98985],[113.791561,32.036028],[113.728735,32.083197],[113.722576,32.12426],[113.750293,32.11615],[113.782322,32.184553],[113.752757,32.215951],[113.73859,32.255942],[113.749061,32.272642],[113.768772,32.30148],[113.753989,32.328286],[113.76754,32.370249],[113.735511,32.410677],[113.700402,32.420782],[113.650511,32.412698],[113.624642,32.36115],[113.511925,32.316654],[113.428773,32.270618],[113.376418,32.298445],[113.353628,32.294904],[113.317904,32.327275],[113.333918,32.336377],[113.2366,32.407141],[113.211962,32.431895],[113.158992,32.410677],[113.155912,32.380863],[113.118956,32.375809],[113.107869,32.398551],[113.078919,32.394508],[113.025949,32.425328],[113.000695,32.41674],[112.992072,32.378336],[112.912,32.390971],[112.888594,32.37682],[112.860877,32.396024],[112.776493,32.358623],[112.735841,32.356095],[112.733993,32.356601],[112.724138,32.358623],[112.716747,32.357612],[112.645298,32.368227],[112.612037,32.386928],[112.589248,32.381369],[112.545516,32.404109],[112.530733,32.37682],[112.477147,32.380863],[112.448814,32.34295],[112.390915,32.37126],[112.360118,32.3657],[112.328089,32.321712],[112.206133,32.392992],[112.172873,32.385412],[112.150083,32.411688],[112.155626,32.377326],[112.081098,32.425833],[112.063851,32.474315],[112.014576,32.450077],[111.975772,32.471791],[111.948671,32.51722],[111.890157,32.503089],[111.858128,32.528826],[111.808853,32.536899],[111.713382,32.606497],[111.646245,32.605993],[111.640701,32.634724],[111.577875,32.593388],[111.530448,32.628172],[111.513202,32.674026],[111.458383,32.726402],[111.475629,32.760127],[111.41342,32.757108],[111.380159,32.829049],[111.293311,32.859217],[111.276065,32.903445],[111.255123,32.883846],[111.242804,32.930573],[111.273601,32.971753],[111.258819,33.006389],[111.221862,33.042517],[111.152877,33.039507],[111.192913,33.071609],[111.179363,33.115229],[111.146102,33.12375],[111.12824,33.15532],[111.08882,33.181871],[111.045704,33.169849]]],[[[109.106111,30.570587],[109.101183,30.579346],[109.09872,30.579346],[109.106111,30.570587]]],[[[111.046936,33.202905],[111.035849,33.187881],[111.034001,33.177864],[111.045704,33.169849],[111.046936,33.202905]]],[[[112.716747,32.357612],[112.735841,32.356095],[112.733993,32.356601],[112.724138,32.358623],[112.716747,32.357612]]],[[[112.902145,29.79149],[112.894138,29.783699],[112.923703,29.766557],[112.929246,29.77383],[112.902145,29.79149]]]]}},{"type":"Feature","properties":{"adcode":430000,"name":"湖南省","center":[112.982279,28.19409],"centroid":[111.711649,27.629216],"childrenNum":14,"level":"province","parent":{"adcode":100000},"subFeatureIndex":17,"acroutes":[100000]},"geometry":{"type":"MultiPolygon","coordinates":[[[[109.497,26.815],[109.51,26.878],[109.487,26.896],[109.453,26.862],[109.436,26.892],[109.555,26.947],[109.52,27.059],[109.498,27.08],[109.487,27.054],[109.455,27.069],[109.473,27.135],[109.441,27.118],[109.415,27.154],[109.264,27.132],[109.239,27.149],[109.166,27.067],[109.101,27.069],[109.129,27.123],[109.033,27.104],[108.94,27.045],[108.943,27.017],[108.878,27.016],[108.791,27.084],[108.879,27.106],[108.927,27.161],[108.908,27.205],[109.054,27.294],[109.045,27.331],[109.104,27.337],[109.142,27.448],[109.167,27.418],[109.202,27.45],[109.245,27.418],[109.3,27.424],[109.303,27.476],[109.462,27.568],[109.471,27.68],[109.414,27.725],[109.367,27.722],[109.378,27.737],[109.333,27.783],[109.347,27.838],[109.302,27.956],[109.379,28.035],[109.336,28.063],[109.298,28.036],[109.34,28.19],[109.388,28.268],[109.335,28.294],[109.318,28.278],[109.269,28.338],[109.289,28.374],[109.264,28.393],[109.274,28.538],[109.32,28.58],[109.307,28.621],[109.202,28.598],[109.193,28.636],[109.271,28.672],[109.253,28.692],[109.299,28.747],[109.241,28.777],[109.235,28.882],[109.32,29.042],[109.312,29.066],[109.24,29.086],[109.232,29.119],[109.274,29.122],[109.258,29.223],[109.352,29.285],[109.344,29.369],[109.391,29.372],[109.369,29.414],[109.418,29.453],[109.434,29.531],[109.458,29.513],[109.516,29.626],[109.559,29.607],[109.579,29.63],[109.652,29.626],[109.665,29.6],[109.718,29.615],[109.701,29.636],[109.715,29.674],[109.76,29.689],[109.755,29.733],[109.87,29.775],[110.114,29.79],[110.161,29.754],[110.22,29.747],[110.29,29.696],[110.302,29.662],[110.339,29.668],[110.372,29.633],[110.447,29.665],[110.467,29.713],[110.507,29.692],[110.563,29.713],[110.643,29.776],[110.6,29.84],[110.55,29.848],[110.539,29.896],[110.499,29.912],[110.517,29.961],[110.557,29.988],[110.491,30.02],[110.498,30.055],[110.601,30.054],[110.651,30.078],[110.712,30.033],[110.756,30.054],[110.747,30.113],[110.851,30.126],[110.924,30.111],[110.93,30.063],[111.242,30.04],[111.343,29.945],[111.383,29.95],[111.394,29.913],[111.527,29.926],[111.554,29.894],[111.669,29.889],[111.758,29.92],[111.861,29.857],[111.966,29.833],[111.955,29.797],[112.076,29.744],[112.066,29.681],[112.202,29.634],[112.244,29.659],[112.234,29.616],[112.303,29.586],[112.291,29.517],[112.369,29.541],[112.44,29.634],[112.542,29.601],[112.572,29.624],[112.651,29.592],[112.694,29.602],[112.714,29.649],[112.789,29.681],[112.794,29.736],[112.861,29.783],[112.924,29.767],[112.927,29.692],[112.945,29.683],[113.026,29.773],[113.005,29.694],[112.912,29.607],[112.95,29.473],[113.057,29.523],[113.078,29.438],[113.1,29.46],[113.145,29.449],[113.378,29.703],[113.572,29.849],[113.547,29.676],[113.663,29.684],[113.739,29.579],[113.631,29.523],[113.678,29.514],[113.755,29.447],[113.731,29.394],[113.675,29.388],[113.61,29.251],[113.693,29.226],[113.663,29.169],[113.696,29.077],[113.723,29.105],[113.75,29.061],[113.816,29.105],[113.853,29.059],[113.882,29.065],[113.877,29.038],[113.942,29.047],[113.974,28.938],[114.009,28.955],[114.005,28.918],[114.028,28.891],[114.06,28.903],[114.077,28.834],[114.154,28.829],[114.132,28.607],[114.086,28.558],[114.218,28.485],[114.172,28.433],[114.252,28.396],[114.253,28.319],[114.198,28.291],[114.182,28.25],[114.144,28.247],[114.108,28.183],[113.992,28.161],[114.047,28.057],[114.026,28.031],[113.97,28.041],[113.966,28.018],[113.914,27.991],[113.864,28.005],[113.845,27.972],[113.823,27.982],[113.752,27.934],[113.728,27.875],[113.756,27.86],[113.763,27.799],[113.607,27.625],[113.579,27.545],[113.627,27.5],[113.591,27.468],[113.598,27.429],[113.632,27.405],[113.606,27.389],[113.617,27.346],[113.7,27.332],[113.873,27.385],[113.854,27.305],[113.873,27.29],[113.772,27.097],[113.803,27.099],[113.824,27.036],[113.927,26.949],[113.836,26.806],[113.861,26.664],[113.913,26.614],[113.997,26.616],[114.019,26.587],[114.109,26.57],[114.072,26.48],[114.11,26.483],[114.085,26.406],[114.031,26.377],[114.048,26.338],[114.029,26.266],[113.949,26.193],[113.963,26.151],[114.013,26.184],[114.088,26.168],[114.181,26.215],[114.217,26.203],[114.238,26.152],[114.106,26.098],[114.121,26.086],[114.088,26.066],[114.044,26.077],[114.008,26.016],[114.028,25.893],[113.971,25.836],[113.914,25.701],[113.983,25.599],[113.986,25.529],[113.963,25.528],[113.945,25.442],[113.887,25.437],[113.877,25.381],[113.815,25.329],[113.764,25.334],[113.753,25.363],[113.585,25.306],[113.579,25.344],[113.536,25.369],[113.45,25.359],[113.407,25.402],[113.373,25.403],[113.342,25.449],[113.314,25.443],[113.311,25.49],[113.249,25.514],[113.118,25.445],[113.131,25.415],[113.097,25.412],[113.078,25.382],[112.97,25.35],[112.924,25.297],[112.891,25.34],[112.855,25.338],[112.867,25.25],[112.993,25.247],[113.035,25.198],[112.974,25.168],[112.968,25.142],[113.004,25.089],[112.979,25.034],[113.01,24.978],[112.995,24.927],[112.905,24.922],[112.874,24.897],[112.781,24.897],[112.778,24.948],[112.743,24.96],[112.715,25.026],[112.712,25.083],[112.66,25.133],[112.563,25.125],[112.458,25.152],[112.443,25.186],[112.415,25.142],[112.365,25.192],[112.303,25.157],[112.256,25.159],[112.247,25.185],[112.187,25.182],[112.156,25.026],[112.12,24.963],[112.175,24.928],[112.167,24.86],[112.034,24.771],[112.024,24.74],[111.951,24.77],[111.875,24.757],[111.708,24.789],[111.667,24.761],[111.642,24.685],[111.589,24.691],[111.57,24.645],[111.452,24.666],[111.431,24.688],[111.479,24.797],[111.449,24.857],[111.47,24.929],[111.435,24.952],[111.433,24.98],[111.468,25.022],[111.416,25.048],[111.436,25.094],[111.375,25.128],[111.322,25.105],[111.275,25.151],[111.201,25.075],[111.102,25.035],[111.101,24.946],[111.009,24.921],[110.969,24.975],[110.951,25.044],[110.999,25.161],[111.113,25.217],[111.104,25.285],[111.279,25.423],[111.328,25.522],[111.343,25.603],[111.31,25.645],[111.309,25.72],[111.442,25.772],[111.433,25.846],[111.486,25.859],[111.46,25.885],[111.383,25.882],[111.376,25.906],[111.346,25.907],[111.292,25.854],[111.251,25.865],[111.19,25.953],[111.235,26.048],[111.267,26.059],[111.245,26.078],[111.266,26.096],[111.272,26.217],[111.293,26.222],[111.278,26.272],[111.228,26.261],[111.205,26.276],[111.209,26.304],[111.091,26.308],[111.008,26.337],[110.974,26.386],[110.945,26.373],[110.926,26.32],[110.94,26.287],[110.836,26.256],[110.759,26.248],[110.735,26.271],[110.742,26.314],[110.721,26.294],[110.612,26.334],[110.553,26.283],[110.547,26.233],[110.495,26.166],[110.478,26.18],[110.373,26.089],[110.326,25.975],[110.257,25.961],[110.25,26.011],[110.182,26.06],[110.169,26.029],[110.101,26.02],[110.065,26.05],[110.099,26.169],[110.03,26.166],[109.97,26.195],[109.904,26.136],[109.864,26.028],[109.814,26.041],[109.782,25.997],[109.826,25.911],[109.811,25.878],[109.685,25.88],[109.694,25.959],[109.73,25.99],[109.649,26.017],[109.635,26.048],[109.513,25.998],[109.453,26.056],[109.45,26.102],[109.503,26.096],[109.514,26.128],[109.476,26.148],[109.439,26.239],[109.467,26.314],[109.351,26.264],[109.286,26.296],[109.271,26.328],[109.32,26.418],[109.381,26.454],[109.362,26.472],[109.407,26.533],[109.355,26.659],[109.306,26.661],[109.284,26.698],[109.355,26.693],[109.448,26.76],[109.568,26.726],[109.597,26.756],[109.529,26.744],[109.522,26.749],[109.497,26.815]]]]}},{"type":"Feature","properties":{"adcode":440000,"name":"广东省","center":[113.280637,23.125178],"centroid":[113.429919,23.334643],"childrenNum":21,"level":"province","parent":{"adcode":100000},"subFeatureIndex":18,"acroutes":[100000]},"geometry":{"type":"MultiPolygon","coordinates":[[[[113.535,22.174],[113.567,22.075],[113.46,22.044],[113.442,22.009],[113.33,21.962],[113.32,21.909],[113.267,21.872],[113.152,21.98],[113.092,22.065],[113.087,22.126],[113.032,22.046],[113.054,22.012],[113.048,21.957],[112.99,21.869],[112.93,21.839],[112.894,21.844],[112.841,21.921],[112.793,21.921],[112.647,21.758],[112.536,21.754],[112.446,21.803],[112.416,21.735],[112.353,21.707],[112.239,21.702],[112.236,21.727],[112.197,21.737],[112.193,21.789],[112.137,21.794],[111.956,21.71],[111.954,21.668],[112.027,21.634],[111.973,21.603],[111.81,21.555],[111.832,21.579],[111.795,21.611],[111.737,21.61],[111.694,21.59],[111.678,21.53],[111.651,21.512],[111.61,21.53],[111.561,21.505],[111.444,21.514],[111.383,21.496],[111.286,21.419],[111.258,21.415],[111.25,21.451],[111.276,21.443],[111.283,21.486],[111.035,21.439],[110.929,21.376],[110.769,21.365],[110.626,21.216],[110.501,21.218],[110.422,21.191],[110.391,21.125],[110.297,21.094],[110.242,21.016],[110.209,21.051],[110.181,20.982],[110.184,20.892],[110.21,20.86],[110.328,20.848],[110.393,20.816],[110.392,20.683],[110.411,20.671],[110.466,20.68],[110.55,20.473],[110.541,20.42],[110.453,20.311],[110.349,20.259],[110.22,20.252],[110.169,20.22],[110.118,20.22],[110.082,20.259],[109.994,20.254],[109.929,20.212],[109.909,20.237],[109.916,20.317],[109.861,20.377],[109.896,20.428],[109.888,20.475],[109.84,20.489],[109.793,20.616],[109.745,20.621],[109.656,20.929],[109.675,21.137],[109.764,21.227],[109.758,21.347],[109.869,21.366],[109.904,21.43],[109.785,21.457],[109.743,21.616],[109.778,21.67],[109.786,21.638],[109.84,21.637],[109.916,21.669],[109.945,21.844],[110.0,21.882],[110.051,21.857],[110.129,21.903],[110.224,21.882],[110.284,21.892],[110.291,21.918],[110.337,21.888],[110.392,21.894],[110.375,21.968],[110.353,21.976],[110.364,22.126],[110.326,22.152],[110.348,22.196],[110.378,22.165],[110.414,22.208],[110.506,22.143],[110.558,22.196],[110.629,22.149],[110.679,22.173],[110.647,22.221],[110.725,22.296],[110.787,22.283],[110.741,22.362],[110.711,22.37],[110.712,22.441],[110.688,22.478],[110.741,22.464],[110.763,22.518],[110.749,22.557],[110.778,22.585],[110.898,22.592],[110.896,22.613],[110.95,22.611],[110.959,22.637],[111.056,22.649],[111.089,22.696],[111.058,22.73],[111.218,22.748],[111.359,22.889],[111.363,22.968],[111.434,23.036],[111.433,23.073],[111.378,23.082],[111.366,23.145],[111.389,23.21],[111.353,23.285],[111.376,23.304],[111.364,23.341],[111.389,23.376],[111.4,23.469],[111.429,23.466],[111.48,23.533],[111.487,23.627],[111.615,23.639],[111.667,23.719],[111.622,23.726],[111.655,23.833],[111.811,23.807],[111.813,23.887],[111.846,23.904],[111.854,23.948],[111.912,23.944],[111.941,23.988],[111.878,24.11],[111.877,24.227],[111.986,24.257],[112.06,24.34],[112.058,24.387],[111.985,24.468],[112.007,24.535],[111.937,24.596],[111.928,24.629],[111.954,24.647],[111.939,24.686],[112.167,24.86],[112.175,24.928],[112.12,24.963],[112.156,25.026],[112.187,25.182],[112.247,25.185],[112.256,25.159],[112.303,25.157],[112.365,25.192],[112.415,25.142],[112.443,25.186],[112.458,25.152],[112.563,25.125],[112.66,25.133],[112.712,25.083],[112.715,25.026],[112.743,24.96],[112.778,24.948],[112.781,24.897],[112.874,24.897],[112.905,24.922],[112.995,24.927],[113.01,24.978],[112.979,25.034],[113.004,25.089],[112.968,25.142],[112.974,25.168],[113.035,25.198],[112.993,25.247],[112.867,25.25],[112.855,25.338],[112.891,25.34],[112.924,25.297],[112.97,25.35],[113.131,25.415],[113.118,25.445],[113.226,25.51],[113.311,25.49],[113.314,25.443],[113.342,25.449],[113.373,25.403],[113.407,25.402],[113.45,25.359],[113.536,25.369],[113.579,25.344],[113.585,25.306],[113.753,25.363],[113.764,25.334],[113.815,25.329],[113.877,25.381],[113.887,25.437],[114.003,25.443],[113.983,25.415],[114.05,25.364],[114.018,25.274],[114.04,25.251],[114.056,25.278],[114.19,25.317],[114.26,25.292],[114.295,25.3],[114.315,25.338],[114.383,25.317],[114.43,25.344],[114.439,25.376],[114.478,25.371],[114.541,25.417],[114.6,25.386],[114.637,25.324],[114.714,25.316],[114.743,25.275],[114.735,25.226],[114.694,25.214],[114.686,25.173],[114.735,25.156],[114.736,25.122],[114.64,25.074],[114.561,25.077],[114.506,25.0],[114.456,24.997],[114.396,24.951],[114.403,24.878],[114.342,24.807],[114.336,24.749],[114.273,24.701],[114.169,24.69],[114.191,24.657],[114.29,24.619],[114.301,24.579],[114.391,24.564],[114.403,24.498],[114.429,24.486],[114.534,24.559],[114.59,24.537],[114.665,24.584],[114.705,24.526],[114.738,24.565],[114.73,24.609],[114.828,24.588],[114.847,24.603],[114.869,24.562],[114.893,24.583],[114.909,24.661],[115.025,24.669],[115.057,24.703],[115.105,24.668],[115.27,24.75],[115.359,24.735],[115.373,24.775],[115.413,24.793],[115.556,24.684],[115.57,24.622],[115.671,24.605],[115.689,24.545],[115.844,24.562],[115.78,24.663],[115.801,24.706],[115.769,24.708],[115.756,24.749],[115.824,24.909],[115.864,24.891],[115.862,24.864],[115.907,24.88],[115.885,24.899],[115.893,24.937],[116.015,24.906],[116.068,24.85],[116.153,24.847],[116.192,24.877],[116.221,24.83],[116.251,24.825],[116.244,24.794],[116.297,24.802],[116.395,24.878],[116.418,24.841],[116.375,24.804],[116.446,24.714],[116.485,24.72],[116.518,24.652],[116.507,24.621],[116.53,24.605],[116.601,24.654],[116.623,24.642],[116.778,24.679],[116.815,24.655],[116.761,24.583],[116.759,24.546],[116.861,24.46],[116.839,24.442],[116.904,24.37],[116.914,24.288],[116.938,24.281],[116.933,24.22],[116.999,24.179],[116.935,24.127],[116.93,24.065],[116.953,24.008],[116.982,23.999],[116.977,23.932],[116.956,23.922],[116.982,23.856],[117.012,23.855],[117.055,23.694],[117.193,23.629],[117.193,23.562],[117.045,23.54],[117.01,23.503],[116.929,23.53],[116.889,23.502],[116.872,23.416],[116.783,23.314],[116.799,23.245],[116.821,23.241],[116.807,23.201],[116.745,23.215],[116.666,23.158],[116.566,23.134],[116.551,23.11],[116.577,23.014],[116.505,22.931],[116.383,22.919],[116.303,22.952],[116.104,22.817],[116.056,22.845],[115.883,22.786],[115.829,22.735],[115.796,22.739],[115.788,22.81],[115.76,22.835],[115.654,22.866],[115.584,22.829],[115.541,22.755],[115.609,22.753],[115.565,22.684],[115.575,22.651],[115.472,22.698],[115.381,22.684],[115.349,22.712],[115.338,22.777],[115.23,22.777],[115.237,22.825],[115.19,22.819],[115.191,22.773],[115.155,22.802],[115.076,22.788],[115.023,22.726],[115.039,22.714],[114.928,22.622],[114.922,22.549],[114.885,22.539],[114.866,22.592],[114.746,22.582],[114.728,22.651],[114.75,22.764],[114.71,22.788],[114.515,22.655],[114.58,22.661],[114.603,22.639],[114.559,22.584],[114.629,22.514],[114.611,22.482],[114.507,22.439],[114.476,22.459],[114.472,22.522],[114.427,22.589],[114.382,22.602],[114.233,22.54],[114.166,22.559],[114.082,22.512],[113.976,22.511],[113.894,22.443],[113.734,22.736],[113.678,22.726],[113.74,22.534],[113.631,22.476],[113.574,22.412],[113.609,22.409],[113.625,22.443],[113.666,22.439],[113.605,22.34],[113.618,22.315],[113.596,22.304],[113.594,22.229],[113.538,22.209],[113.535,22.174]]],[[[117.059,23.474],[117.094,23.459],[117.129,23.483],[117.143,23.401],[116.952,23.42],[116.945,23.44],[116.983,23.461],[117.025,23.438],[117.059,23.474]]],[[[112.821,21.656],[112.799,21.611],[112.817,21.59],[112.775,21.564],[112.731,21.614],[112.78,21.672],[112.706,21.679],[112.724,21.72],[112.841,21.777],[112.876,21.773],[112.805,21.687],[112.821,21.656]]],[[[112.535,21.629],[112.571,21.646],[112.56,21.667],[112.664,21.714],[112.666,21.684],[112.639,21.673],[112.666,21.643],[112.621,21.606],[112.571,21.62],[112.563,21.591],[112.531,21.584],[112.535,21.629]]],[[[114.24,22.035],[114.311,22.041],[114.231,22.017],[114.24,22.035]]],[[[110.499,21.213],[110.525,21.19],[110.632,21.211],[110.583,21.095],[110.545,21.084],[110.509,21.141],[110.433,21.171],[110.499,21.213]]],[[[112.459,21.69],[112.456,21.649],[112.435,21.664],[112.459,21.69]]],[[[110.56,21.061],[110.536,20.923],[110.512,20.917],[110.473,20.983],[110.408,20.99],[110.201,20.938],[110.211,20.987],[110.276,21.033],[110.306,21.088],[110.398,21.096],[110.46,21.063],[110.518,21.079],[110.56,21.061]]],[[[113.742,21.992],[113.774,21.998],[113.765,21.962],[113.742,21.992]]],[[[113.719,21.952],[113.743,21.95],[113.723,21.922],[113.719,21.952]]],[[[113.137,21.869],[113.204,21.861],[113.162,21.854],[113.143,21.832],[113.137,21.869]]],[[[113.787,22.414],[113.814,22.42],[113.82,22.396],[113.787,22.414]]],[[[114.181,22.01],[114.229,21.995],[114.19,21.987],[114.181,22.01]]],[[[114.124,21.985],[114.172,22.0],[114.154,21.975],[114.124,21.985]]],[[[116.886,20.776],[116.925,20.727],[116.934,20.677],[116.863,20.589],[116.749,20.601],[116.849,20.628],[116.89,20.683],[116.872,20.738],[116.761,20.75],[116.77,20.772],[116.886,20.776]]],[[[113.007,21.869],[113.046,21.883],[113.025,21.848],[113.007,21.869]]],[[[110.414,20.71],[110.438,20.678],[110.405,20.678],[110.414,20.71]]],[[[110.611,20.86],[110.563,20.861],[110.549,20.909],[110.584,20.949],[110.645,20.936],[110.611,20.86]]],[[[110.586,20.381],[110.594,20.36],[110.557,20.327],[110.586,20.381]]],[[[115.965,21.124],[116.024,21.124],[116.067,21.041],[116.04,21.021],[115.989,21.036],[115.943,21.098],[115.965,21.124]]],[[[115.954,21.0],[115.999,20.923],[115.97,20.919],[115.926,20.981],[115.954,21.0]]]]}},{"type":"Feature","properties":{"adcode":450000,"name":"广西壮族自治区","center":[108.320004,22.82402],"centroid":[108.7944,23.833381],"childrenNum":14,"level":"province","parent":{"adcode":100000},"subFeatureIndex":19,"acroutes":[100000]},"geometry":{"type":"MultiPolygon","coordinates":[[[[109.48245,26.029788],[109.473211,26.006663],[109.408537,25.967392],[109.435022,25.93349],[109.396834,25.900117],[109.359262,25.836036],[109.339552,25.83442],[109.327849,25.76168],[109.340168,25.731493],[109.296436,25.71424],[109.207125,25.740119],[109.206509,25.788087],[109.147995,25.741736],[109.13198,25.762758],[109.143683,25.795092],[109.095024,25.80533],[109.077778,25.776771],[109.048213,25.790781],[108.989698,25.778926],[108.999553,25.765453],[108.963829,25.732572],[108.940423,25.740119],[108.896076,25.71424],[108.900387,25.682423],[108.953974,25.686738],[108.953974,25.686738],[109.007561,25.734728],[109.043285,25.738502],[109.07901,25.72071],[109.075314,25.693749],[109.030966,25.629556],[109.051908,25.566949],[109.088249,25.550752],[109.024807,25.51241],[108.949046,25.557231],[108.8893,25.543193],[108.890532,25.556151],[108.826474,25.550212],[108.814772,25.526992],[108.781511,25.554531],[108.799989,25.576666],[108.783975,25.628477],[108.724844,25.634952],[108.68912,25.623081],[108.68604,25.587462],[108.660787,25.584763],[108.658323,25.550212],[108.68912,25.533473],[108.634917,25.520512],[108.6072,25.491885],[108.600425,25.432448],[108.62999,25.335666],[108.625062,25.308076],[108.589338,25.335125],[108.585642,25.365952],[108.471693,25.458928],[108.418723,25.443257],[108.400244,25.491344],[108.359592,25.513491],[108.348506,25.536173],[108.308469,25.525912],[108.280752,25.48],[108.241332,25.46217],[108.251803,25.430286],[108.192673,25.458928],[108.162492,25.444878],[108.193289,25.405421],[108.142782,25.390825],[108.152021,25.324306],[108.143398,25.269658],[108.115065,25.210112],[108.080572,25.193867],[108.001732,25.196574],[107.928435,25.155954],[107.872384,25.141327],[107.839124,25.115861],[107.762747,25.125073],[107.789233,25.15487],[107.760283,25.188451],[107.762131,25.229061],[107.741805,25.24043],[107.700537,25.194408],[107.696226,25.219858],[107.661733,25.258833],[107.659885,25.316192],[107.632168,25.310241],[107.599523,25.250714],[107.576734,25.256668],[107.512676,25.209029],[107.472024,25.213902],[107.489886,25.276693],[107.481263,25.299961],[107.432604,25.289139],[107.409198,25.347024],[107.420901,25.392987],[107.375937,25.411908],[107.358691,25.393528],[107.318039,25.401637],[107.308184,25.432988],[107.336517,25.461089],[107.263836,25.543193],[107.232423,25.556691],[107.228728,25.604733],[107.205322,25.607971],[107.185612,25.578825],[107.064272,25.559391],[107.066736,25.50917],[107.015613,25.495666],[106.996519,25.442716],[106.963874,25.437852],[106.987896,25.358922],[107.012533,25.352973],[107.013765,25.275611],[106.975577,25.232851],[106.933077,25.250714],[106.904128,25.231768],[106.888113,25.181953],[106.853005,25.186827],[106.787715,25.17112],[106.764926,25.183036],[106.732281,25.162454],[106.691013,25.179245],[106.644817,25.164621],[106.63989,25.132658],[106.590615,25.08768],[106.551195,25.082802],[106.519782,25.054072],[106.450181,25.033468],[106.442173,25.019369],[106.332536,24.988454],[106.304819,24.973807],[106.253696,24.971094],[106.215508,24.981944],[106.191486,24.95319],[106.145291,24.954275],[106.197645,24.885889],[106.206269,24.851139],[106.173008,24.760417],[106.150218,24.762591],[106.113878,24.714216],[106.047356,24.684312],[106.024566,24.633186],[105.961741,24.677786],[105.942031,24.725088],[105.863806,24.729437],[105.827466,24.702799],[105.767104,24.719109],[105.70551,24.768569],[105.617431,24.78161],[105.607576,24.803885],[105.573083,24.797366],[105.497322,24.809318],[105.493011,24.833217],[105.457286,24.87123],[105.428337,24.930941],[105.365511,24.943423],[105.334099,24.9266],[105.267577,24.929313],[105.251563,24.967296],[105.212758,24.995505],[105.178266,24.985199],[105.157324,24.958616],[105.131454,24.959701],[105.09573,24.92877],[105.096346,24.928228],[105.082179,24.915745],[105.077868,24.918459],[105.039064,24.872859],[105.026745,24.815836],[105.03352,24.787586],[104.899245,24.752809],[104.865985,24.730524],[104.841963,24.676155],[104.771746,24.659839],[104.729246,24.617953],[104.703377,24.645698],[104.628848,24.660927],[104.595587,24.709323],[104.529682,24.731611],[104.489646,24.653313],[104.520443,24.535228],[104.550008,24.518894],[104.575877,24.424661],[104.616529,24.421937],[104.63008,24.397958],[104.610986,24.377246],[104.641783,24.367979],[104.70892,24.321087],[104.721239,24.340173],[104.703377,24.419757],[104.715695,24.441552],[104.74834,24.435559],[104.765587,24.45953],[104.784681,24.443732],[104.83642,24.446456],[104.914028,24.426296],[104.930042,24.411038],[104.979933,24.412673],[105.042759,24.442097],[105.106817,24.414853],[105.111744,24.37234],[105.138846,24.376701],[105.188121,24.347261],[105.196744,24.326541],[105.164715,24.288362],[105.215222,24.214699],[105.24294,24.208695],[105.229389,24.165567],[105.182577,24.167205],[105.20044,24.105491],[105.260186,24.061236],[105.292831,24.074896],[105.273121,24.092927],[105.320548,24.116416],[105.334099,24.094566],[105.395692,24.065607],[105.406163,24.043748],[105.493011,24.016965],[105.533663,24.130071],[105.594641,24.137718],[105.628518,24.126794],[105.649459,24.032816],[105.704278,24.0667],[105.739387,24.059596],[105.765256,24.073804],[105.802212,24.051945],[105.796669,24.023524],[105.841633,24.03063],[105.859495,24.056864],[105.89214,24.040468],[105.908154,24.069432],[105.901995,24.099482],[105.919241,24.122425],[105.963589,24.110954],[105.998081,24.120786],[106.011632,24.099482],[106.04982,24.089649],[106.053516,24.051399],[106.096631,24.018058],[106.091088,23.998924],[106.128044,23.956819],[106.157609,23.891174],[106.192718,23.879135],[106.173008,23.861622],[106.192102,23.824947],[106.136667,23.795381],[106.157609,23.724175],[106.149602,23.665538],[106.120653,23.605229],[106.141595,23.569579],[106.08616,23.524043],[106.071994,23.495506],[106.039965,23.484529],[105.999929,23.447748],[105.986378,23.489469],[105.935871,23.508678],[105.913081,23.499348],[105.89214,23.52514],[105.852103,23.526786],[105.815763,23.507031],[105.805908,23.467512],[105.758481,23.459826],[105.699966,23.40162],[105.637757,23.404366],[105.694423,23.363168],[105.699966,23.327453],[105.649459,23.346136],[105.593409,23.312614],[105.560148,23.257093],[105.526272,23.234548],[105.542902,23.184495],[105.558916,23.177893],[105.574931,23.066165],[105.625438,23.064513],[105.648844,23.078828],[105.724604,23.06231],[105.74185,23.030921],[105.780039,23.022659],[105.805908,22.994565],[105.839169,22.987403],[105.879205,22.916865],[105.893987,22.936707],[105.959277,22.948832],[105.994385,22.93781],[106.019639,22.990709],[106.08616,22.996218],[106.106486,22.980792],[106.153914,22.988505],[106.206885,22.978588],[106.270326,22.907494],[106.258007,22.889852],[106.286957,22.867245],[106.366413,22.857871],[106.37134,22.878273],[106.41384,22.877171],[106.504383,22.91025],[106.525941,22.946628],[106.562282,22.923479],[106.606013,22.925684],[106.631267,22.88103],[106.657136,22.863385],[106.674998,22.891506],[106.716882,22.881582],[106.709491,22.866142],[106.774781,22.812643],[106.776012,22.813746],[106.778476,22.814298],[106.779092,22.813746],[106.779708,22.813195],[106.78094,22.813195],[106.784636,22.812643],[106.796338,22.812091],[106.801882,22.815401],[106.804346,22.816505],[106.808657,22.817608],[106.813585,22.817608],[106.838838,22.803265],[106.820976,22.768504],[106.768621,22.739254],[106.780324,22.708894],[106.756302,22.68957],[106.711955,22.575228],[106.650361,22.575228],[106.61402,22.602303],[106.585071,22.517192],[106.588151,22.472958],[106.560434,22.455813],[106.588767,22.374486],[106.562897,22.345706],[106.663296,22.33076],[106.670071,22.283144],[106.688549,22.260438],[106.7021,22.207257],[106.673151,22.182322],[106.706411,22.160707],[106.691629,22.13521],[106.71565,22.089745],[106.706411,22.021521],[106.683006,21.999882],[106.698404,21.959925],[106.73844,22.008205],[106.790179,22.004876],[106.802498,21.98157],[106.859164,21.986009],[106.926302,21.967695],[106.935541,21.933836],[106.974345,21.923288],[106.999598,21.947714],[107.05996,21.914959],[107.058729,21.887196],[107.018693,21.859427],[107.018077,21.81943],[107.093837,21.803317],[107.148656,21.758858],[107.194851,21.736624],[107.199163,21.718833],[107.242279,21.703265],[107.271844,21.727173],[107.310648,21.733844],[107.356843,21.667674],[107.363619,21.602031],[107.388256,21.594241],[107.431372,21.642088],[107.477567,21.659888],[107.500973,21.613715],[107.486806,21.59591],[107.547168,21.58645],[107.584741,21.614828],[107.603219,21.597579],[107.712856,21.616497],[107.807711,21.655438],[107.837892,21.640419],[107.863761,21.650988],[107.892095,21.622617],[107.893942,21.596466],[107.929051,21.585893],[107.958,21.534131],[108.034376,21.545821],[108.108289,21.508521],[108.193905,21.519656],[108.156332,21.55083],[108.205608,21.597579],[108.241332,21.599805],[108.249955,21.561406],[108.210535,21.505737],[108.230245,21.491259],[108.330027,21.540254],[108.397781,21.533017],[108.492635,21.554727],[108.591802,21.677129],[108.626294,21.67991],[108.658939,21.643757],[108.678033,21.659331],[108.735931,21.628181],[108.734084,21.626512],[108.745786,21.602587],[108.801837,21.626512],[108.83325,21.610933],[108.881293,21.627068],[108.937959,21.589789],[109.093792,21.579215],[109.09872,21.571424],[109.110422,21.568085],[109.138756,21.567528],[109.142451,21.511861],[109.074698,21.489589],[109.039589,21.457844],[109.046365,21.424421],[109.095024,21.419407],[109.138756,21.388762],[109.186183,21.390991],[109.245929,21.425536],[109.41716,21.438906],[109.484914,21.453388],[109.529877,21.437234],[109.540964,21.466199],[109.576689,21.493487],[109.604406,21.523553],[109.612413,21.556953],[109.654913,21.493487],[109.704188,21.462857],[109.785492,21.45673],[109.788572,21.490702],[109.754695,21.556396],[109.742992,21.616497],[109.778101,21.670455],[109.786108,21.637638],[109.839695,21.636525],[109.888354,21.652101],[109.888354,21.652101],[109.916071,21.668787],[109.940093,21.769419],[109.94502,21.84443],[109.999839,21.881643],[110.050962,21.857205],[110.101469,21.86998],[110.12857,21.902744],[110.196323,21.899968],[110.212338,21.886085],[110.212338,21.886085],[110.224041,21.882198],[110.224041,21.882198],[110.283787,21.892194],[110.290562,21.917736],[110.337374,21.887751],[110.391576,21.89386],[110.378642,21.939942],[110.378642,21.939942],[110.374946,21.967695],[110.374946,21.967695],[110.352772,21.97602],[110.359547,22.015973],[110.35154,22.097508],[110.364475,22.125785],[110.326287,22.152393],[110.34846,22.195621],[110.378026,22.164587],[110.414366,22.208365],[110.456866,22.189526],[110.505525,22.14297],[110.55788,22.196175],[110.602843,22.18343],[110.598532,22.162924],[110.629329,22.149068],[110.678604,22.172901],[110.646575,22.220554],[110.687843,22.249914],[110.725415,22.29588],[110.759292,22.274837],[110.787009,22.28259],[110.749437,22.329653],[110.74143,22.361757],[110.711249,22.369506],[110.712481,22.440879],[110.688459,22.477935],[110.74143,22.464109],[110.740198,22.498947],[110.762988,22.518298],[110.749437,22.556991],[110.778386,22.585174],[110.812263,22.576333],[110.897878,22.591805],[110.896031,22.613352],[110.950233,22.61059],[110.958856,22.636553],[110.997045,22.631582],[111.055559,22.648705],[111.089435,22.695643],[111.058023,22.729871],[111.118385,22.744773],[111.185522,22.735942],[111.218167,22.748085],[111.358601,22.889301],[111.374615,22.938361],[111.362913,22.967568],[111.403565,22.99126],[111.389398,23.005583],[111.433746,23.036428],[111.43313,23.073322],[111.402333,23.066165],[111.377695,23.082132],[111.365992,23.14488],[111.38447,23.16744],[111.388782,23.210349],[111.36476,23.240047],[111.353058,23.284582],[111.376463,23.30437],[111.363528,23.340641],[111.389398,23.375804],[111.383239,23.399423],[111.399869,23.469159],[111.428818,23.466414],[111.479941,23.532822],[111.487332,23.626615],[111.555702,23.64087],[111.615448,23.639225],[111.614832,23.65896],[111.666571,23.718696],[111.621607,23.725819],[111.627766,23.78881],[111.654868,23.833159],[111.683201,23.822758],[111.683201,23.822758],[111.722621,23.823305],[111.8107,23.80688],[111.824867,23.832612],[111.812548,23.887343],[111.845809,23.904305],[111.854432,23.947521],[111.911714,23.943693],[111.940664,23.987989],[111.92157,24.012045],[111.878454,24.109862],[111.886461,24.163929],[111.871062,24.176487],[111.877222,24.227252],[111.912946,24.221795],[111.958526,24.263813],[111.986243,24.25672],[111.990555,24.279634],[112.026279,24.294908],[112.05954,24.339628],[112.057692,24.387057],[112.025047,24.438828],[111.985011,24.467701],[112.009649,24.503103],[112.007185,24.534684],[111.972077,24.578775],[111.936968,24.595645],[111.927729,24.629378],[111.953598,24.64733],[111.939432,24.686487],[111.961606,24.721283],[112.024431,24.740308],[111.951135,24.769655],[111.929577,24.75607],[111.875374,24.756613],[111.868599,24.771829],[111.814396,24.770199],[111.783599,24.785957],[111.708455,24.788673],[111.666571,24.760961],[111.637621,24.715303],[111.641933,24.684856],[111.588962,24.690837],[111.570484,24.64461],[111.526752,24.637538],[111.499035,24.667997],[111.451608,24.665822],[111.431282,24.687574],[111.461463,24.728894],[111.479325,24.797366],[111.449144,24.857113],[111.447296,24.892947],[111.470086,24.92877],[111.434977,24.951562],[111.43313,24.979774],[111.460231,24.992793],[111.467622,25.02208],[111.416499,25.047566],[111.435593,25.093642],[111.375231,25.128324],[111.36784,25.108817],[111.321645,25.105023],[111.274833,25.151078],[111.221862,25.106649],[111.200921,25.074672],[111.139943,25.042144],[111.101754,25.035095],[111.100522,24.945593],[111.009363,24.921172],[110.968711,24.975434],[110.951465,25.04377],[110.98411,25.101772],[110.998892,25.161371],[111.112841,25.21715],[111.103602,25.285351],[111.138711,25.303748],[111.184906,25.367034],[111.210776,25.363248],[111.279145,25.42326],[111.32842,25.521592],[111.324724,25.564249],[111.343202,25.602574],[111.309942,25.645203],[111.30871,25.720171],[111.399869,25.744431],[111.442369,25.77192],[111.43313,25.84627],[111.4861,25.859196],[111.460231,25.885042],[111.383239,25.881812],[111.376463,25.906039],[111.346282,25.906577],[111.297007,25.874274],[111.29208,25.854349],[111.251428,25.864581],[111.230486,25.916267],[111.189834,25.953402],[111.235413,26.048071],[111.267442,26.058824],[111.244652,26.078177],[111.26621,26.095914],[111.258203,26.151796],[111.274833,26.183486],[111.271754,26.217316],[111.293311,26.222148],[111.277913,26.272066],[111.228022,26.261333],[111.204616,26.276359],[111.208928,26.30426],[111.090667,26.308016],[111.008132,26.336982],[111.008747,26.35897],[110.974255,26.385778],[110.94469,26.373447],[110.944074,26.326791],[110.926212,26.320354],[110.939762,26.286554],[110.836284,26.255966],[110.759292,26.248451],[110.73527,26.270993],[110.742046,26.313917],[110.721104,26.294066],[110.673676,26.317135],[110.643495,26.308552],[110.612083,26.333764],[110.584365,26.296749],[110.552952,26.283335],[110.546793,26.233421],[110.495054,26.166299],[110.477808,26.179727],[110.437772,26.153945],[110.373098,26.088927],[110.325671,25.975462],[110.257301,25.961473],[110.24991,26.010965],[110.181541,26.060437],[110.168606,26.028713],[110.100853,26.020108],[110.065128,26.050221],[110.100853,26.132455],[110.099005,26.168985],[110.03002,26.166299],[109.970274,26.195301],[109.904368,26.135679],[109.898825,26.095377],[109.864332,26.027637],[109.814441,26.041081],[109.782412,25.996981],[109.806434,25.973848],[109.826144,25.911422],[109.811361,25.877504],[109.779333,25.866196],[109.768246,25.890427],[109.685094,25.880197],[109.67955,25.921649],[109.693717,25.959321],[109.710963,25.954478],[109.730057,25.989988],[109.649369,26.016882],[109.635203,26.047533],[109.588391,26.019571],[109.560058,26.021184],[109.513247,25.998056],[109.48245,26.029788]]],[[[105.096346,24.928228],[105.09573,24.92877],[105.077868,24.918459],[105.082179,24.915745],[105.096346,24.928228]]],[[[109.088249,21.014934],[109.11227,21.02499],[109.117814,21.017727],[109.144299,21.041189],[109.138756,21.067439],[109.09256,21.057386],[109.088865,21.031134],[109.088249,21.014934]]]]}},{"type":"Feature","properties":{"adcode":460000,"name":"海南省","center":[110.33119,20.031971],"centroid":[109.754859,19.189767],"childrenNum":19,"level":"province","parent":{"adcode":100000},"subFeatureIndex":20,"acroutes":[100000]},"geometry":{"type":"MultiPolygon","coordinates":[[[[110.145,20.075],[110.243,20.077],[110.289,20.056],[110.318,20.109],[110.387,20.113],[110.526,20.075],[110.688,20.164],[110.717,20.149],[110.745,20.074],[110.809,20.036],[110.871,20.012],[110.966,20.018],[111.044,19.763],[111.062,19.612],[110.921,19.553],[110.844,19.45],[110.73,19.379],[110.677,19.286],[110.619,19.152],[110.578,18.784],[110.499,18.752],[110.499,18.652],[110.329,18.642],[110.246,18.61],[110.117,18.507],[110.071,18.376],[110.023,18.36],[109.92,18.375],[109.785,18.34],[109.75,18.194],[109.585,18.144],[109.356,18.215],[109.288,18.265],[109.139,18.268],[109.109,18.324],[108.945,18.314],[108.881,18.416],[108.689,18.448],[108.645,18.487],[108.664,18.673],[108.653,18.74],[108.593,18.809],[108.595,18.872],[108.638,18.924],[108.591,19.142],[108.609,19.277],[108.645,19.35],[108.694,19.387],[108.765,19.401],[109.049,19.62],[109.094,19.69],[109.147,19.705],[109.17,19.736],[109.159,19.79],[109.301,19.918],[109.498,19.873],[109.527,19.944],[109.658,20.012],[109.712,20.017],[109.761,19.981],[109.997,19.98],[110.106,20.027],[110.145,20.075]]],[[[112.219,3.909],[112.26,3.918],[112.28,3.868],[112.242,3.846],[112.209,3.876],[112.219,3.909]]],[[[113.354,8.238],[113.354,8.304],[113.386,8.289],[113.386,8.238],[113.35,8.172],[113.289,8.119],[113.343,8.193],[113.311,8.177],[113.266,8.126],[113.354,8.238]]],[[[112.034,3.892],[112.074,3.866],[112.064,3.83],[112.015,3.824],[111.997,3.848],[112.034,3.892]]],[[[111.452,17.093],[111.542,17.12],[111.559,17.088],[111.486,17.058],[111.537,17.105],[111.463,17.077],[111.452,17.093]]],[[[117.748,15.23],[117.839,15.159],[117.785,15.169],[117.745,15.218],[117.721,15.195],[117.725,15.131],[117.828,15.112],[117.727,15.105],[117.715,15.223],[117.748,15.23]]],[[[112.254,3.979],[112.288,3.973],[112.292,3.947],[112.242,3.942],[112.254,3.979]]],[[[111.79,16.22],[111.79,16.25],[111.716,16.249],[111.782,16.274],[111.813,16.262],[111.817,16.224],[111.734,16.197],[111.79,16.22]]],[[[111.599,16.198],[111.607,16.178],[111.691,16.211],[111.611,16.157],[111.568,16.163],[111.578,16.208],[111.681,16.262],[111.599,16.198]]],[[[113.922,7.639],[114.029,7.67],[114.212,7.787],[114.268,7.871],[114.415,7.953],[114.473,7.969],[114.541,7.946],[114.541,7.862],[114.42,7.766],[114.408,7.683],[114.369,7.639],[114.059,7.538],[113.987,7.536],[113.92,7.567],[113.897,7.607],[113.922,7.639]]],[[[114.06,8.816],[114.035,8.784],[114.013,8.837],[113.977,8.873],[114.06,8.816]]],[[[113.978,8.842],[114.012,8.798],[113.975,8.793],[113.956,8.84],[113.978,8.842]]],[[[112.003,16.351],[112.075,16.35],[112.076,16.324],[112.002,16.306],[111.975,16.324],[112.003,16.351]]],[[[111.766,16.495],[111.76,16.546],[111.787,16.52],[111.739,16.453],[111.766,16.495]]],[[[112.18,8.862],[112.206,8.888],[112.217,8.866],[112.18,8.862]]],[[[113.829,7.384],[113.829,7.362],[113.792,7.373],[113.829,7.384]]],[[[114.222,8.785],[114.249,8.724],[114.201,8.728],[114.194,8.765],[114.222,8.785]]],[[[112.223,16.961],[112.208,16.987],[112.293,16.968],[112.223,16.961]]],[[[114.717,10.38],[114.747,10.372],[114.726,10.319],[114.703,10.313],[114.69,10.346],[114.717,10.38]]],[[[115.871,9.779],[115.901,9.796],[115.926,9.782],[115.901,9.671],[115.867,9.65],[115.838,9.71],[115.871,9.779]]],[[[114.686,9.979],[114.672,9.928],[114.642,9.917],[114.618,9.966],[114.686,9.979]]],[[[113.832,7.645],[113.815,7.603],[113.774,7.602],[113.769,7.637],[113.832,7.645]]],[[[109.653,7.56],[109.816,7.573],[109.949,7.523],[109.939,7.505],[109.792,7.525],[109.709,7.511],[109.654,7.48],[109.513,7.32],[109.464,7.315],[109.464,7.344],[109.653,7.56]]],[[[116.306,8.917],[116.332,8.901],[116.294,8.858],[116.273,8.879],[116.306,8.917]]],[[[112.462,16.044],[112.588,16.071],[112.612,16.039],[112.57,16.011],[112.449,16.005],[112.462,16.044]]],[[[112.598,8.859],[112.64,8.818],[112.571,8.816],[112.538,8.846],[112.598,8.859]]],[[[114.587,10.909],[114.594,10.856],[114.565,10.836],[114.513,10.849],[114.475,10.815],[114.469,10.836],[114.587,10.909]]],[[[112.537,16.312],[112.531,16.286],[112.384,16.266],[112.409,16.295],[112.537,16.312]]],[[[116.542,10.42],[116.515,10.349],[116.638,10.365],[116.645,10.335],[116.566,10.304],[116.467,10.309],[116.462,10.349],[116.526,10.427],[116.542,10.42]]],[[[112.302,16.963],[112.334,16.962],[112.349,16.912],[112.302,16.963]]],[[[111.546,16.435],[111.495,16.437],[111.538,16.462],[111.546,16.435]]],[[[115.518,9.934],[115.581,9.917],[115.585,9.896],[115.548,9.869],[115.5,9.898],[115.518,9.934]]],[[[114.727,8.211],[114.741,8.189],[114.691,8.185],[114.67,8.21],[114.727,8.211]]],[[[114.596,8.158],[114.624,8.15],[114.53,8.103],[114.508,8.12],[114.596,8.158]]],[[[115.203,8.395],[115.315,8.356],[115.285,8.315],[115.236,8.322],[115.181,8.346],[115.168,8.387],[115.203,8.395]]],[[[113.94,8.018],[113.971,7.945],[113.905,7.964],[113.895,8.005],[113.94,8.018]]],[[[115.456,9.417],[115.47,9.359],[115.45,9.345],[115.436,9.393],[115.456,9.417]]],[[[116.5,9.164],[116.477,9.137],[116.457,9.174],[116.5,9.164]]],[[[113.719,9.02],[113.731,9.004],[113.655,8.962],[113.638,8.977],[113.719,9.02]]],[[[114.767,11.11],[114.8,11.105],[114.793,11.077],[114.697,11.004],[114.767,11.11]]],[[[114.621,11.518],[114.662,11.523],[114.653,11.437],[114.62,11.432],[114.621,11.518]]],[[[114.934,10.903],[114.96,10.902],[114.931,10.842],[114.911,10.863],[114.934,10.903]]],[[[111.614,16.44],[111.578,16.447],[111.593,16.491],[111.614,16.44]]],[[[113.917,8.838],[113.894,8.863],[113.912,8.889],[113.939,8.875],[113.917,8.838]]],[[[110.033,7.945],[110.078,7.949],[110.083,7.897],[110.05,7.846],[109.988,7.812],[109.936,7.824],[109.953,7.889],[110.033,7.945]]],[[[116.738,11.515],[116.765,11.431],[116.727,11.501],[116.738,11.515]]],[[[111.717,16.594],[111.724,16.56],[111.691,16.588],[111.717,16.594]]],[[[112.499,16.494],[112.587,16.526],[112.507,16.466],[112.499,16.494]]],[[[111.83,16.071],[111.792,16.029],[111.761,16.062],[111.83,16.071]]],[[[113.857,10.122],[113.872,10.123],[113.865,10.003],[113.846,10.019],[113.857,10.122]]],[[[114.818,8.141],[114.812,8.111],[114.777,8.114],[114.792,8.161],[114.818,8.141]]],[[[116.593,9.724],[116.566,9.719],[116.557,9.745],[116.593,9.724]]],[[[115.333,10.2],[115.288,10.173],[115.289,10.211],[115.333,10.2]]],[[[116.869,10.496],[116.855,10.469],[116.832,10.477],[116.869,10.496]]],[[[114.704,16.199],[114.803,16.215],[114.816,16.198],[114.703,16.17],[114.704,16.199]]],[[[115.999,9.294],[115.943,9.269],[115.926,9.311],[115.978,9.322],[115.999,9.294]]],[[[113.697,9.226],[113.677,9.203],[113.66,9.231],[113.697,9.226]]],[[[114.704,7.615],[114.722,7.592],[114.672,7.564],[114.666,7.59],[114.704,7.615]]],[[[114.539,10.793],[114.563,10.778],[114.513,10.722],[114.493,10.718],[114.539,10.793]]],[[[117.802,10.84],[117.832,10.839],[117.836,10.804],[117.799,10.753],[117.771,10.773],[117.802,10.84]]],[[[114.313,10.301],[114.326,10.284],[114.263,10.24],[114.242,10.242],[114.313,10.301]]],[[[114.72,11.492],[114.738,11.464],[114.722,11.429],[114.689,11.469],[114.72,11.492]]],[[[116.699,10.518],[116.709,10.493],[116.653,10.491],[116.638,10.504],[116.699,10.518]]],[[[110.568,8.173],[110.6,8.157],[110.554,8.094],[110.471,8.072],[110.46,8.116],[110.568,8.173]]],[[[111.51,8.55],[111.497,8.524],[111.463,8.525],[111.51,8.55]]],[[[115.296,8.511],[115.271,8.477],[115.258,8.51],[115.296,8.511]]],[[[113.27,8.12],[113.283,8.111],[113.236,8.068],[113.222,8.074],[113.27,8.12]]],[[[114.11,10.919],[114.064,10.904],[114.096,10.948],[114.11,10.919]]],[[[117.275,10.358],[117.3,10.343],[117.299,10.314],[117.258,10.32],[117.275,10.358]]],[[[114.306,16.058],[114.312,16.035],[114.213,16.041],[114.306,16.058]]],[[[110.623,8.041],[110.642,8.031],[110.643,7.989],[110.609,8.011],[110.623,8.041]]],[[[115.559,8.523],[115.569,8.49],[115.554,8.461],[115.522,8.461],[115.514,8.519],[115.559,8.523]]],[[[111.612,7.592],[111.583,7.543],[111.543,7.525],[111.567,7.606],[111.612,7.592]]],[[[111.697,8.679],[111.718,8.65],[111.666,8.623],[111.658,8.673],[111.697,8.679]]],[[[110.485,7.828],[110.512,7.806],[110.488,7.783],[110.461,7.8],[110.485,7.828]]],[[[112.385,8.947],[112.393,8.92],[112.346,8.926],[112.385,8.947]]],[[[116.491,9.821],[116.508,9.791],[116.48,9.785],[116.47,9.81],[116.491,9.821]]],[[[111.955,8.106],[112.013,8.093],[112.019,8.065],[111.995,8.047],[111.925,8.071],[111.955,8.106]]],[[[114.492,15.594],[114.467,15.577],[114.457,15.599],[114.492,15.594]]],[[[115.022,11.086],[115.014,11.063],[114.985,11.078],[115.022,11.086]]],[[[114.132,16.008],[114.111,15.978],[114.106,16.004],[114.132,16.008]]],[[[116.071,10.129],[116.096,10.094],[116.067,10.066],[116.045,10.095],[116.071,10.129]]],[[[117.293,10.735],[117.37,10.742],[117.418,10.703],[117.405,10.671],[117.267,10.692],[117.293,10.735]]],[[[114.869,7.199],[114.82,7.193],[114.854,7.245],[114.869,7.199]]],[[[112.873,8.908],[112.86,8.889],[112.823,8.911],[112.873,8.908]]],[[[111.691,7.712],[111.726,7.73],[111.75,7.704],[111.707,7.649],[111.67,7.651],[111.691,7.712]]],[[[112.241,8.853],[112.236,8.827],[112.208,8.836],[112.241,8.853]]],[[[112.562,5.821],[112.563,5.759],[112.532,5.766],[112.528,5.794],[112.562,5.821]]],[[[114.617,8.881],[114.666,8.9],[114.682,8.881],[114.646,8.845],[114.599,8.846],[114.617,8.881]]],[[[114.883,8.012],[114.914,8.007],[114.908,7.951],[114.868,7.984],[114.883,8.012]]],[[[112.95,8.433],[112.985,8.429],[112.945,8.41],[112.95,8.433]]],[[[113.623,6.942],[113.58,6.92],[113.6,6.962],[113.623,6.942]]],[[[116.718,16.374],[116.747,16.36],[116.739,16.304],[116.708,16.3],[116.695,16.346],[116.718,16.374]]],[[[117.374,10.107],[117.386,10.064],[117.354,10.063],[117.348,10.091],[117.374,10.107]]],[[[112.993,19.526],[113.029,19.529],[113.039,19.48],[112.993,19.472],[112.993,19.526]]],[[[114.465,16.067],[114.521,16.056],[114.485,16.035],[114.448,16.034],[114.465,16.067]]],[[[113.8,19.199],[113.807,19.223],[113.92,19.224],[113.915,19.172],[113.832,19.159],[113.8,19.199]]],[[[112.679,5.121],[112.719,5.076],[112.683,5.049],[112.656,5.056],[112.651,5.107],[112.679,5.121]]],[[[111.652,7.933],[111.713,7.927],[111.713,7.887],[111.639,7.907],[111.652,7.933]]],[[[112.289,8.886],[112.281,8.855],[112.244,8.875],[112.289,8.886]]],[[[112.932,7.868],[112.93,7.828],[112.892,7.844],[112.932,7.868]]],[[[112.616,5.569],[112.643,5.49],[112.615,5.466],[112.606,5.518],[112.583,5.562],[112.616,5.569]]],[[[112.562,5.677],[112.566,5.631],[112.545,5.616],[112.529,5.687],[112.562,5.677]]],[[[115.423,13.977],[115.439,13.944],[115.397,13.925],[115.362,13.949],[115.423,13.977]]],[[[113.638,10.243],[113.618,10.222],[113.597,10.241],[113.638,10.243]]],[[[113.89,15.491],[113.894,15.464],[113.861,15.477],[113.89,15.491]]],[[[112.911,5.038],[112.953,5.048],[112.943,4.992],[112.907,4.993],[112.911,5.038]]],[[[112.602,5.12],[112.611,5.091],[112.569,5.072],[112.557,5.109],[112.602,5.12]]],[[[112.385,5.643],[112.386,5.616],[112.35,5.622],[112.385,5.643]]],[[[112.262,16.778],[112.254,16.752],[112.211,16.796],[112.262,16.778]]],[[[112.204,15.714],[112.26,15.735],[112.234,15.696],[112.204,15.714]]],[[[112.624,5.402],[112.691,5.407],[112.685,5.372],[112.64,5.348],[112.612,5.368],[112.624,5.402]]],[[[112.498,5.775],[112.497,5.737],[112.472,5.74],[112.498,5.775]]],[[[113.244,6.326],[113.23,6.285],[113.218,6.306],[113.244,6.326]]],[[[116.188,9.595],[116.189,9.565],[116.152,9.579],[116.188,9.595]]],[[[115.014,7.526],[115.012,7.485],[114.961,7.485],[114.949,7.509],[115.014,7.526]]],[[[111.604,7.862],[111.62,7.84],[111.585,7.771],[111.554,7.808],[111.604,7.862]]],[[[113.971,15.84],[113.973,15.806],[113.939,15.836],[113.971,15.84]]],[[[114.911,16.002],[114.895,16.036],[114.926,16.037],[114.911,16.002]]],[[[116.741,9.028],[116.709,9.024],[116.699,9.049],[116.749,9.057],[116.741,9.028]]],[[[112.66,16.426],[112.682,16.401],[112.647,16.386],[112.66,16.426]]],[[[111.204,19.926],[111.203,19.925],[111.203,19.926],[111.204,19.926]]],[[[115.802,10.463],[115.776,10.435],[115.758,10.461],[115.802,10.463]]],[[[117.207,10.708],[117.187,10.742],[117.214,10.735],[117.207,10.708]]],[[[112.678,16.359],[112.701,16.332],[112.672,16.332],[112.678,16.359]]],[[[115.805,10.525],[115.795,10.5],[115.782,10.541],[115.805,10.525]]],[[[112.567,9.554],[112.569,9.517],[112.509,9.526],[112.512,9.545],[112.567,9.554]]],[[[114.611,15.615],[114.581,15.625],[114.61,15.649],[114.611,15.615]]],[[[117.304,11.027],[117.285,11.025],[117.264,11.063],[117.299,11.078],[117.304,11.027]]],[[[117.69,11.017],[117.656,11.025],[117.654,11.046],[117.691,11.049],[117.69,11.017]]],[[[114.194,9.392],[114.196,9.351],[114.175,9.342],[114.167,9.385],[114.194,9.392]]],[[[114.705,9.7],[114.681,9.707],[114.693,9.741],[114.715,9.737],[114.705,9.7]]],[[[112.576,5.971],[112.554,5.943],[112.554,5.978],[112.576,5.971]]]]}},{"type":"Feature","properties":{"adcode":500000,"name":"重庆市","center":[106.504962,29.533155],"centroid":[107.8839,30.067297],"childrenNum":38,"level":"province","parent":{"adcode":100000},"subFeatureIndex":21,"acroutes":[100000]},"geometry":{"type":"MultiPolygon","coordinates":[[[[106.37442,28.525742],[106.403369,28.569901],[106.477282,28.530474],[106.504999,28.544669],[106.466811,28.586193],[106.49268,28.591448],[106.502535,28.661313],[106.528405,28.677591],[106.492064,28.742153],[106.461883,28.761041],[106.45326,28.817162],[106.474202,28.832891],[106.561666,28.756319],[106.56105,28.719062],[106.587535,28.691767],[106.6171,28.691242],[106.617716,28.66709],[106.651593,28.649235],[106.618332,28.645033],[106.63681,28.622972],[106.606629,28.593024],[106.615252,28.549401],[106.567825,28.523638],[106.564745,28.485247],[106.632499,28.503655],[106.697788,28.47683],[106.708259,28.450524],[106.747063,28.467361],[106.726121,28.51838],[106.73844,28.554657],[106.77786,28.563068],[106.756918,28.607211],[106.784636,28.626649],[106.807425,28.589346],[106.830831,28.623497],[106.866556,28.624548],[106.889345,28.695966],[106.86594,28.690192],[106.824056,28.756319],[106.845614,28.780975],[106.872099,28.777304],[106.923222,28.809821],[106.951555,28.766812],[106.988512,28.776254],[106.983584,28.851239],[107.019308,28.861722],[107.016229,28.882685],[107.14188,28.887925],[107.206554,28.868535],[107.194851,28.838134],[107.227496,28.836037],[107.210866,28.817686],[107.219489,28.772582],[107.24659,28.76209],[107.261373,28.792514],[107.327894,28.810869],[107.339597,28.845997],[107.383945,28.848618],[107.41351,28.911502],[107.441227,28.943977],[107.412894,28.960211],[107.396879,28.993718],[107.364235,29.00942],[107.395647,29.041341],[107.369778,29.091558],[107.412278,29.094696],[107.427676,29.128682],[107.408582,29.138091],[107.401807,29.184603],[107.441227,29.203934],[107.486806,29.174153],[107.570574,29.218037],[107.589052,29.150113],[107.605683,29.164747],[107.659885,29.162656],[107.700537,29.141228],[107.749197,29.199754],[107.810791,29.139137],[107.784921,29.048143],[107.823725,29.034016],[107.810175,28.984295],[107.867457,28.960211],[107.882855,29.00628],[107.908725,29.007327],[107.925971,29.032446],[108.026369,29.039772],[108.070717,29.086328],[108.150173,29.053375],[108.193289,29.072207],[108.256115,29.040295],[108.277673,29.091558],[108.306622,29.079006],[108.297999,29.045527],[108.319556,28.961258],[108.345426,28.943453],[108.357745,28.893165],[108.346658,28.859625],[108.352817,28.815589],[108.386078,28.803003],[108.385462,28.772058],[108.347274,28.736381],[108.332491,28.679166],[108.439049,28.634003],[108.501258,28.626649],[108.50249,28.63768],[108.575787,28.659738],[108.636149,28.621396],[108.604736,28.590922],[108.610896,28.539412],[108.573939,28.531],[108.586874,28.463678],[108.609664,28.43579],[108.609048,28.407368],[108.576403,28.38631],[108.580099,28.343128],[108.611512,28.324691],[108.667562,28.334173],[108.656475,28.359981],[108.697127,28.401051],[108.688504,28.422106],[108.640461,28.456838],[108.657091,28.47683],[108.700207,28.48209],[108.709446,28.501026],[108.746402,28.45105],[108.780279,28.42579],[108.759953,28.389995],[108.783359,28.380518],[108.761801,28.304143],[108.726692,28.282011],[108.738395,28.228241],[108.772888,28.212949],[108.821547,28.245113],[108.855424,28.199764],[108.89546,28.219804],[108.923793,28.217167],[108.929952,28.19027],[109.005713,28.162837],[109.026655,28.220331],[109.086401,28.184467],[109.101799,28.202401],[109.081473,28.247749],[109.117198,28.277795],[109.152306,28.349975],[109.153538,28.417369],[109.191726,28.471043],[109.23361,28.474726],[109.274262,28.494714],[109.273646,28.53836],[109.319842,28.579886],[109.306907,28.62087],[109.252089,28.606685],[109.235458,28.61982],[109.201581,28.597753],[109.192958,28.636104],[109.271183,28.671816],[109.252704,28.691767],[109.294588,28.722211],[109.2989,28.7474],[109.241002,28.776779],[109.246545,28.80143],[109.235458,28.882161],[109.261328,28.952356],[109.292741,28.987436],[109.294588,29.015177],[109.319842,29.042388],[109.312451,29.066453],[109.240386,29.086328],[109.232378,29.119271],[109.215748,29.145409],[109.162777,29.180946],[109.139372,29.168927],[109.110422,29.21647],[109.141835,29.270256],[109.106727,29.288526],[109.11227,29.361053],[109.060531,29.403292],[109.034662,29.360531],[108.999553,29.36366],[108.983539,29.332883],[108.919481,29.3261],[108.934264,29.399643],[108.927488,29.435612],[108.884373,29.440824],[108.866511,29.470527],[108.888684,29.502305],[108.878213,29.539279],[108.913322,29.574679],[108.901003,29.604863],[108.870206,29.596537],[108.888068,29.628795],[108.844337,29.658443],[108.781511,29.635558],[108.797525,29.660003],[108.786438,29.691721],[108.752562,29.649082],[108.690968,29.689642],[108.676801,29.749412],[108.680497,29.800319],[108.658939,29.854833],[108.601041,29.863656],[108.556077,29.818493],[108.52528,29.770713],[108.548686,29.749412],[108.504954,29.728626],[108.504338,29.707836],[108.460606,29.741098],[108.437201,29.741098],[108.442744,29.778505],[108.422418,29.772791],[108.424266,29.815897],[108.371295,29.841337],[108.433505,29.880262],[108.467998,29.864175],[108.516041,29.885451],[108.517889,29.9394],[108.536367,29.983472],[108.532055,30.051873],[108.513577,30.057571],[108.546222,30.104178],[108.56778,30.157491],[108.551766,30.1637],[108.581947,30.255759],[108.54499,30.269716],[108.524048,30.309506],[108.501258,30.314673],[108.460606,30.35961],[108.431041,30.354446],[108.402092,30.376649],[108.430425,30.416397],[108.411331,30.438586],[108.42673,30.492233],[108.472925,30.487076],[108.512961,30.501515],[108.556077,30.487592],[108.56778,30.468508],[108.6497,30.53915],[108.642925,30.578831],[108.688504,30.58759],[108.698975,30.54482],[108.743939,30.494812],[108.789518,30.513374],[108.808612,30.491202],[108.838793,30.503062],[108.893612,30.565434],[108.971836,30.627766],[109.006329,30.626736],[109.042669,30.655571],[109.071002,30.640125],[109.111654,30.646303],[109.106111,30.61077],[109.105495,30.585529],[109.102415,30.580377],[109.101183,30.579346],[109.106111,30.570587],[109.103647,30.565949],[109.143683,30.521108],[109.191726,30.545851],[109.191726,30.545851],[109.245313,30.580892],[109.299516,30.630341],[109.314298,30.599953],[109.36111,30.551004],[109.337088,30.521623],[109.35495,30.487076],[109.418392,30.559766],[109.435638,30.595832],[109.535421,30.664837],[109.543428,30.63961],[109.574225,30.646818],[109.590855,30.69366],[109.625348,30.702923],[109.661072,30.738936],[109.656761,30.760538],[109.701724,30.783677],[109.780564,30.848437],[109.828608,30.864364],[109.894513,30.899803],[109.943788,30.878746],[110.008462,30.883369],[110.019549,30.829425],[110.048498,30.800642],[110.082375,30.799614],[110.151976,30.911613],[110.153824,30.953708],[110.172918,30.978853],[110.140889,30.987062],[110.140273,31.030661],[110.120563,31.0322],[110.119947,31.088592],[110.147048,31.116776],[110.180309,31.121899],[110.200019,31.158779],[110.180309,31.179774],[110.155671,31.279564],[110.161831,31.314338],[110.118715,31.409899],[110.054042,31.410921],[110.036795,31.436966],[109.98752,31.474744],[109.94502,31.47066],[109.969658,31.508935],[109.894513,31.519139],[109.837847,31.555354],[109.727594,31.548214],[109.745456,31.598182],[109.76455,31.602769],[109.737449,31.628761],[109.731289,31.700582],[109.683246,31.719929],[109.622268,31.711783],[109.585928,31.726546],[109.549587,31.73011],[109.502776,31.716365],[109.446109,31.722983],[109.381436,31.705165],[109.281654,31.716874],[109.282885,31.743343],[109.253936,31.759628],[109.279806,31.776418],[109.27611,31.79931],[109.195422,31.817618],[109.191111,31.85575],[109.123357,31.892851],[109.085785,31.929428],[108.986619,31.980205],[108.902235,31.984774],[108.837561,32.039072],[108.78767,32.04871],[108.75133,32.076098],[108.734084,32.106519],[108.676801,32.10297],[108.585026,32.17189],[108.543758,32.177969],[108.509882,32.201266],[108.480317,32.182527],[108.399013,32.194176],[108.370063,32.172397],[108.379918,32.154158],[108.379918,32.154158],[108.379303,32.153652],[108.379303,32.153652],[108.399628,32.147065],[108.452599,32.090296],[108.42981,32.061391],[108.372527,32.077112],[108.344194,32.067477],[108.362056,32.035521],[108.329411,32.020299],[108.370063,31.988835],[108.351585,31.971575],[108.307238,31.997463],[108.259194,31.967006],[108.343578,31.860834],[108.386078,31.854226],[108.391005,31.829822],[108.429194,31.809482],[108.455063,31.814059],[108.462454,31.780488],[108.535135,31.757592],[108.50557,31.734182],[108.514809,31.693963],[108.546838,31.665442],[108.519121,31.665952],[108.468614,31.636404],[108.442744,31.633856],[108.390389,31.591555],[108.386078,31.544134],[108.339266,31.539033],[108.344194,31.512506],[108.254883,31.49873],[108.233941,31.506894],[108.191441,31.492096],[108.193289,31.467598],[108.224086,31.464024],[108.216079,31.41041],[108.153869,31.371073],[108.185898,31.336831],[108.095354,31.268311],[108.038688,31.252964],[108.031297,31.217144],[108.07626,31.231985],[108.089811,31.204859],[108.025753,31.116263],[108.009123,31.109602],[108.026985,31.061938],[108.060246,31.052197],[108.00358,31.025533],[107.983254,30.983983],[107.942602,30.989114],[107.948145,30.918802],[107.994956,30.908533],[107.956152,30.882855],[107.851443,30.792931],[107.788001,30.81966],[107.763979,30.817091],[107.760899,30.862823],[107.739957,30.884396],[107.693146,30.875665],[107.645103,30.821202],[107.57735,30.847924],[107.515756,30.854603],[107.483111,30.838675],[107.498509,30.809381],[107.454162,30.771851],[107.454162,30.771851],[107.424597,30.74048],[107.458473,30.704981],[107.477567,30.664837],[107.516987,30.644759],[107.485575,30.598408],[107.427676,30.547397],[107.443075,30.53348],[107.408582,30.521623],[107.368546,30.468508],[107.338981,30.386459],[107.288474,30.337402],[107.257677,30.267131],[107.221337,30.213878],[107.103076,30.090198],[107.080286,30.094341],[107.084598,30.063786],[107.058113,30.043066],[107.055649,30.040476],[107.054417,30.040994],[107.053801,30.043584],[107.02054,30.036849],[106.981736,30.08502],[106.976193,30.083467],[106.94478,30.037367],[106.913367,30.025451],[106.862244,30.033223],[106.83699,30.049801],[106.825904,30.03115],[106.825904,30.03115],[106.785252,30.01716],[106.732281,30.027005],[106.724274,30.058607],[106.699636,30.074145],[106.700252,30.111944],[106.672535,30.122297],[106.677462,30.156974],[106.631883,30.186464],[106.611557,30.235596],[106.612173,30.235596],[106.611557,30.235596],[106.612173,30.235596],[106.612173,30.235596],[106.612789,30.235596],[106.612789,30.235596],[106.642354,30.246454],[106.611557,30.292455],[106.560434,30.31519],[106.545035,30.296589],[106.49884,30.295556],[106.43971,30.308473],[106.428623,30.254725],[106.401521,30.242318],[106.349167,30.24542],[106.334384,30.225772],[106.306667,30.238182],[106.296196,30.205603],[106.264167,30.20974],[106.260471,30.19681],[106.232754,30.185947],[106.180399,30.233011],[106.168696,30.303823],[106.132356,30.323972],[106.132972,30.30279],[106.07261,30.333786],[106.031958,30.373551],[105.943263,30.372002],[105.900763,30.405042],[105.84656,30.410203],[105.825618,30.436006],[105.792357,30.427234],[105.760329,30.384393],[105.754785,30.342567],[105.714749,30.322939],[105.720292,30.252657],[105.720292,30.252657],[105.670401,30.254208],[105.624822,30.275918],[105.619894,30.234045],[105.662394,30.210258],[105.642684,30.186464],[105.56138,30.183878],[105.550909,30.179222],[105.536127,30.152834],[105.596489,30.159043],[105.574315,30.130579],[105.580474,30.129544],[105.582938,30.127474],[105.582938,30.12385],[105.642068,30.101072],[105.638988,30.076216],[105.676561,30.06793],[105.687032,30.038922],[105.719677,30.042548],[105.753553,30.018196],[105.723372,29.975177],[105.730763,29.95755],[105.70243,29.924879],[105.717213,29.893753],[105.738771,29.891159],[105.707974,29.840818],[105.610655,29.837184],[105.582938,29.819013],[105.574931,29.744216],[105.529351,29.707836],[105.481924,29.718232],[105.476996,29.674564],[105.419714,29.688082],[105.38091,29.628275],[105.347649,29.621512],[105.332867,29.592374],[105.296526,29.571035],[105.305149,29.53199],[105.337794,29.459064],[105.334099,29.441345],[105.387069,29.455416],[105.387069,29.455416],[105.399388,29.43874],[105.372903,29.421018],[105.426489,29.419454],[105.441888,29.400686],[105.418482,29.352185],[105.42033,29.31149],[105.465294,29.322969],[105.459134,29.288526],[105.513337,29.283306],[105.521344,29.264513],[105.557684,29.278608],[105.631597,29.280174],[105.647612,29.253027],[105.695039,29.287482],[105.712285,29.219082],[105.703662,29.176766],[105.728916,29.134432],[105.752321,29.129727],[105.728916,29.1062],[105.757865,29.069068],[105.74185,29.039249],[105.766488,29.013607],[105.762176,28.9911],[105.801596,28.958116],[105.797285,28.936121],[105.830546,28.944501],[105.852719,28.927217],[105.910002,28.920407],[105.969132,28.965971],[106.001161,28.973824],[106.040581,28.955498],[106.049204,28.906263],[106.070762,28.919884],[106.101559,28.898928],[106.14837,28.901548],[106.173008,28.920407],[106.206885,28.904691],[106.264783,28.845997],[106.245689,28.817686],[106.267863,28.779402],[106.274022,28.739004],[106.305435,28.704365],[106.304203,28.64976],[106.346703,28.583565],[106.33192,28.55308],[106.37442,28.525742]]],[[[109.105495,30.585529],[109.106111,30.61077],[109.09256,30.578831],[109.09872,30.579346],[109.101183,30.579346],[109.102415,30.580377],[109.105495,30.585529]]],[[[105.582938,30.12385],[105.582938,30.127474],[105.580474,30.129544],[105.574315,30.130579],[105.582938,30.12385]]],[[[109.09872,30.579346],[109.09256,30.578831],[109.103647,30.565949],[109.106111,30.570587],[109.09872,30.579346]]],[[[107.058113,30.043066],[107.053801,30.043584],[107.054417,30.040994],[107.055649,30.040476],[107.058113,30.043066]]]]}},{"type":"Feature","properties":{"adcode":510000,"name":"四川省","center":[104.065735,30.659462],"centroid":[102.693453,30.674545],"childrenNum":21,"level":"province","parent":{"adcode":100000},"subFeatureIndex":22,"acroutes":[100000]},"geometry":{"type":"MultiPolygon","coordinates":[[[[105.536,30.153],[105.596,30.159],[105.574,30.131],[105.642,30.101],[105.639,30.076],[105.677,30.068],[105.687,30.039],[105.754,30.018],[105.702,29.925],[105.739,29.891],[105.708,29.841],[105.583,29.819],[105.575,29.744],[105.529,29.708],[105.482,29.718],[105.477,29.675],[105.42,29.688],[105.381,29.628],[105.297,29.571],[105.334,29.441],[105.387,29.455],[105.399,29.439],[105.373,29.421],[105.442,29.401],[105.42,29.311],[105.465,29.323],[105.459,29.289],[105.521,29.265],[105.632,29.28],[105.648,29.253],[105.695,29.287],[105.704,29.177],[105.752,29.13],[105.729,29.106],[105.758,29.069],[105.742,29.039],[105.797,28.936],[105.91,28.92],[106.001,28.974],[106.041,28.955],[106.049,28.906],[106.148,28.902],[106.173,28.92],[106.207,28.905],[106.265,28.846],[106.246,28.818],[106.347,28.584],[106.332,28.553],[106.374,28.526],[106.379,28.48],[106.349,28.474],[106.293,28.537],[106.185,28.589],[106.148,28.643],[106.103,28.636],[106.086,28.682],[106.031,28.695],[105.967,28.761],[105.938,28.687],[105.89,28.671],[105.885,28.595],[105.784,28.611],[105.757,28.59],[105.745,28.617],[105.693,28.589],[105.683,28.534],[105.624,28.518],[105.613,28.439],[105.644,28.431],[105.655,28.363],[105.64,28.324],[105.73,28.272],[105.738,28.303],[105.787,28.336],[105.824,28.306],[105.848,28.256],[105.89,28.238],[105.861,28.16],[105.895,28.12],[105.944,28.143],[105.976,28.108],[106.094,28.163],[106.207,28.134],[106.267,28.067],[106.246,28.012],[106.286,28.007],[106.328,27.953],[106.305,27.899],[106.325,27.899],[106.337,27.859],[106.307,27.809],[106.193,27.754],[106.064,27.777],[106.023,27.747],[105.928,27.73],[105.923,27.747],[105.848,27.707],[105.768,27.718],[105.723,27.706],[105.72,27.684],[105.624,27.666],[105.605,27.716],[105.56,27.72],[105.508,27.769],[105.44,27.775],[105.354,27.749],[105.308,27.705],[105.274,27.795],[105.313,27.811],[105.26,27.828],[105.233,27.896],[105.285,27.936],[105.271,27.997],[105.186,27.995],[105.168,28.072],[105.062,28.097],[104.981,28.063],[104.975,28.021],[104.904,27.962],[104.918,27.939],[104.888,27.915],[104.762,27.884],[104.743,27.902],[104.573,27.841],[104.401,27.952],[104.363,28.013],[104.304,28.051],[104.373,28.051],[104.449,28.114],[104.445,28.162],[104.406,28.173],[104.402,28.203],[104.463,28.241],[104.45,28.27],[104.393,28.291],[104.385,28.33],[104.343,28.334],[104.314,28.307],[104.282,28.343],[104.254,28.404],[104.261,28.536],[104.356,28.555],[104.426,28.627],[104.373,28.649],[104.315,28.616],[104.253,28.661],[104.231,28.636],[104.118,28.634],[104.096,28.604],[104.06,28.628],[103.954,28.601],[103.91,28.631],[103.888,28.62],[103.851,28.667],[103.839,28.587],[103.782,28.525],[103.83,28.46],[103.877,28.316],[103.702,28.199],[103.692,28.232],[103.644,28.26],[103.573,28.231],[103.47,28.122],[103.431,28.045],[103.459,28.021],[103.486,28.033],[103.516,27.965],[103.555,27.979],[103.502,27.91],[103.51,27.844],[103.488,27.795],[103.292,27.633],[103.286,27.562],[103.233,27.57],[103.141,27.421],[103.081,27.397],[103.056,27.409],[102.99,27.368],[102.941,27.406],[102.884,27.299],[102.913,27.134],[102.871,27.027],[102.895,27.002],[102.896,26.913],[102.966,26.838],[103.026,26.664],[103.035,26.557],[103.053,26.556],[103.03,26.486],[102.99,26.483],[102.998,26.372],[102.976,26.341],[102.893,26.339],[102.879,26.364],[102.833,26.306],[102.74,26.269],[102.71,26.21],[102.601,26.251],[102.639,26.307],[102.63,26.337],[102.571,26.363],[102.245,26.212],[102.108,26.069],[102.021,26.096],[101.954,26.085],[101.929,26.106],[101.836,26.046],[101.84,26.082],[101.797,26.115],[101.808,26.156],[101.737,26.219],[101.69,26.241],[101.63,26.225],[101.586,26.28],[101.661,26.347],[101.635,26.357],[101.638,26.389],[101.507,26.5],[101.459,26.496],[101.396,26.592],[101.462,26.606],[101.481,26.673],[101.453,26.693],[101.513,26.768],[101.466,26.787],[101.446,26.774],[101.459,26.731],[101.39,26.723],[101.359,26.772],[101.399,26.842],[101.366,26.884],[101.268,26.903],[101.265,26.955],[101.136,27.024],[101.168,27.198],[101.072,27.195],[101.042,27.222],[101.022,27.333],[100.937,27.469],[100.901,27.454],[100.912,27.521],[100.855,27.624],[100.828,27.616],[100.848,27.672],[100.782,27.692],[100.757,27.77],[100.707,27.801],[100.719,27.859],[100.681,27.923],[100.634,27.916],[100.609,27.859],[100.545,27.809],[100.505,27.852],[100.443,27.866],[100.312,27.724],[100.286,27.806],[100.309,27.861],[100.211,27.877],[100.17,27.908],[100.197,27.936],[100.089,28.029],[100.021,28.147],[100.033,28.184],[100.153,28.208],[100.189,28.252],[100.147,28.289],[100.176,28.325],[100.057,28.369],[100.074,28.426],[99.99,28.477],[99.985,28.529],[99.873,28.632],[99.834,28.628],[99.835,28.661],[99.794,28.699],[99.756,28.701],[99.722,28.757],[99.718,28.847],[99.677,28.81],[99.626,28.815],[99.614,28.74],[99.532,28.678],[99.541,28.623],[99.504,28.619],[99.464,28.549],[99.403,28.546],[99.396,28.491],[99.427,28.454],[99.404,28.444],[99.437,28.398],[99.393,28.318],[99.412,28.295],[99.375,28.182],[99.307,28.228],[99.289,28.286],[99.238,28.318],[99.165,28.425],[99.187,28.44],[99.184,28.589],[99.127,28.698],[99.104,28.842],[99.132,28.949],[99.114,29.244],[99.076,29.316],[99.052,29.564],[98.992,29.677],[99.024,29.846],[99.068,29.932],[99.045,30.08],[98.981,30.183],[98.965,30.45],[98.932,30.522],[98.939,30.599],[98.907,30.698],[98.963,30.728],[98.958,30.765],[98.905,30.783],[98.797,30.879],[98.774,30.908],[98.806,30.996],[98.737,31.049],[98.675,31.154],[98.602,31.192],[98.623,31.221],[98.604,31.258],[98.616,31.304],[98.644,31.339],[98.692,31.333],[98.773,31.249],[98.887,31.375],[98.845,31.43],[98.619,31.592],[98.554,31.66],[98.546,31.717],[98.517,31.717],[98.509,31.752],[98.415,31.832],[98.426,31.857],[98.399,31.896],[98.432,31.923],[98.435,32.008],[98.303,32.122],[98.26,32.209],[98.219,32.235],[98.219,32.342],[97.94,32.482],[97.701,32.535],[97.617,32.586],[97.608,32.614],[97.483,32.654],[97.424,32.705],[97.386,32.779],[97.376,32.886],[97.348,32.896],[97.376,32.957],[97.524,32.989],[97.5,33.011],[97.542,33.036],[97.517,33.098],[97.487,33.107],[97.488,33.168],[97.608,33.264],[97.623,33.337],[97.676,33.341],[97.754,33.41],[97.626,33.461],[97.552,33.466],[97.512,33.521],[97.523,33.577],[97.416,33.606],[97.435,33.682],[97.423,33.755],[97.373,33.818],[97.372,33.842],[97.398,33.848],[97.395,33.889],[97.629,33.92],[97.66,33.956],[97.653,33.998],[97.703,34.037],[97.666,34.127],[97.767,34.159],[97.81,34.208],[97.898,34.21],[97.955,34.191],[98.028,34.123],[98.206,34.084],[98.4,34.085],[98.441,33.982],[98.415,33.957],[98.407,33.867],[98.463,33.848],[98.494,33.769],[98.583,33.732],[98.657,33.647],[98.617,33.637],[98.652,33.595],[98.648,33.549],[98.726,33.503],[98.736,33.407],[98.78,33.37],[98.76,33.277],[98.802,33.27],[98.805,33.219],[98.859,33.151],[99.015,33.081],[99.09,33.079],[99.125,33.046],[99.196,33.035],[99.269,32.878],[99.376,32.9],[99.558,32.839],[99.589,32.789],[99.701,32.767],[99.718,32.732],[99.76,32.77],[99.792,32.883],[99.764,32.925],[99.788,32.957],[99.851,32.942],[99.877,33.046],[99.948,32.987],[99.956,32.948],[100.038,32.929],[100.03,32.896],[100.065,32.896],[100.123,32.837],[100.139,32.724],[100.088,32.669],[100.11,32.64],[100.19,32.631],[100.208,32.606],[100.259,32.743],[100.339,32.719],[100.399,32.756],[100.378,32.699],[100.42,32.732],[100.47,32.695],[100.545,32.57],[100.646,32.526],[100.662,32.616],[100.71,32.61],[100.691,32.678],[100.771,32.644],[100.888,32.633],[100.932,32.6],[101.077,32.683],[101.157,32.661],[101.223,32.726],[101.237,32.825],[101.178,32.893],[101.124,32.91],[101.129,32.989],[101.184,32.984],[101.185,33.042],[101.146,33.057],[101.144,33.086],[101.17,33.1],[101.116,33.195],[101.125,33.221],[101.183,33.269],[101.297,33.262],[101.382,33.153],[101.403,33.225],[101.488,33.227],[101.634,33.101],[101.736,33.28],[101.65,33.323],[101.664,33.384],[101.696,33.434],[101.769,33.456],[101.769,33.539],[101.831,33.555],[101.844,33.603],[101.884,33.578],[101.906,33.482],[101.946,33.443],[101.887,33.384],[101.877,33.315],[101.77,33.269],[101.842,33.185],[101.826,33.119],[101.866,33.103],[101.935,33.187],[102.089,33.205],[102.117,33.288],[102.201,33.223],[102.217,33.248],[102.192,33.337],[102.258,33.409],[102.393,33.404],[102.463,33.449],[102.447,33.532],[102.478,33.543],[102.347,33.606],[102.315,33.665],[102.342,33.726],[102.285,33.719],[102.325,33.754],[102.296,33.784],[102.243,33.787],[102.253,33.861],[102.136,33.965],[102.168,33.983],[102.226,33.963],[102.316,33.994],[102.346,33.97],[102.392,33.972],[102.437,34.087],[102.471,34.073],[102.616,34.1],[102.649,34.08],[102.656,34.113],[102.599,34.148],[102.729,34.236],[102.78,34.237],[102.798,34.273],[102.857,34.271],[102.86,34.301],[102.912,34.313],[102.978,34.253],[102.973,34.206],[103.1,34.182],[103.124,34.162],[103.122,34.112],[103.179,34.08],[103.13,34.066],[103.12,34.035],[103.148,34.037],[103.157,33.999],[103.12,33.953],[103.181,33.901],[103.165,33.806],[103.228,33.795],[103.25,33.814],[103.285,33.802],[103.279,33.774],[103.354,33.744],[103.435,33.753],[103.465,33.802],[103.518,33.807],[103.545,33.72],[103.52,33.678],[103.552,33.671],[103.593,33.716],[103.778,33.659],[104.046,33.686],[104.177,33.6],[104.155,33.543],[104.22,33.404],[104.272,33.391],[104.293,33.337],[104.42,33.327],[104.386,33.298],[104.304,33.304],[104.378,33.109],[104.338,33.038],[104.426,33.011],[104.384,32.994],[104.378,32.953],[104.288,32.943],[104.294,32.836],[104.364,32.823],[104.459,32.749],[104.512,32.754],[104.527,32.728],[104.583,32.722],[104.643,32.662],[104.697,32.674],[104.74,32.635],[104.82,32.663],[104.882,32.601],[105.027,32.65],[105.079,32.637],[105.111,32.594],[105.185,32.618],[105.22,32.666],[105.298,32.657],[105.369,32.713],[105.449,32.733],[105.454,32.767],[105.381,32.876],[105.408,32.886],[105.414,32.922],[105.468,32.93],[105.499,32.912],[105.495,32.873],[105.524,32.848],[105.534,32.791],[105.555,32.794],[105.564,32.725],[105.585,32.729],[105.596,32.699],[105.719,32.76],[105.769,32.768],[105.779,32.75],[105.823,32.77],[105.825,32.825],[105.932,32.826],[105.969,32.849],[106.012,32.83],[106.044,32.865],[106.094,32.824],[106.071,32.758],[106.12,32.72],[106.348,32.671],[106.421,32.617],[106.451,32.66],[106.498,32.649],[106.586,32.688],[106.627,32.682],[106.734,32.739],[106.823,32.705],[106.855,32.724],[106.913,32.704],[107.067,32.709],[107.108,32.601],[107.08,32.542],[107.127,32.482],[107.19,32.468],[107.212,32.429],[107.264,32.403],[107.314,32.49],[107.382,32.54],[107.436,32.53],[107.457,32.418],[107.49,32.425],[107.527,32.382],[107.598,32.412],[107.681,32.397],[107.708,32.332],[107.754,32.338],[107.864,32.201],[107.89,32.214],[107.98,32.146],[108.025,32.177],[108.018,32.212],[108.087,32.233],[108.143,32.219],[108.157,32.239],[108.18,32.222],[108.241,32.275],[108.311,32.232],[108.47,32.271],[108.507,32.246],[108.51,32.201],[108.48,32.183],[108.399,32.194],[108.37,32.172],[108.453,32.09],[108.43,32.061],[108.344,32.067],[108.362,32.036],[108.329,32.02],[108.37,31.989],[108.352,31.972],[108.307,31.997],[108.259,31.967],[108.344,31.861],[108.535,31.758],[108.506,31.734],[108.547,31.665],[108.443,31.634],[108.39,31.592],[108.386,31.544],[108.339,31.539],[108.344,31.513],[108.191,31.492],[108.193,31.468],[108.224,31.464],[108.216,31.41],[108.154,31.371],[108.186,31.337],[108.039,31.253],[108.031,31.217],[108.076,31.232],[108.09,31.205],[108.009,31.11],[108.027,31.062],[108.06,31.052],[108.004,31.026],[107.983,30.984],[107.943,30.989],[107.948,30.919],[107.995,30.909],[107.851,30.793],[107.764,30.817],[107.74,30.884],[107.693,30.876],[107.645,30.821],[107.516,30.855],[107.483,30.839],[107.499,30.809],[107.425,30.74],[107.517,30.645],[107.428,30.547],[107.443,30.533],[107.369,30.469],[107.339,30.386],[107.221,30.214],[107.103,30.09],[107.08,30.094],[107.085,30.064],[107.058,30.043],[107.021,30.037],[106.982,30.085],[106.976,30.083],[106.976,30.088],[106.913,30.025],[106.837,30.05],[106.785,30.017],[106.732,30.027],[106.7,30.112],[106.673,30.122],[106.677,30.157],[106.632,30.186],[106.612,30.236],[106.642,30.246],[106.612,30.292],[106.56,30.315],[106.545,30.297],[106.44,30.308],[106.429,30.255],[106.334,30.226],[106.307,30.238],[106.296,30.206],[106.264,30.21],[106.26,30.197],[106.233,30.186],[106.18,30.233],[106.169,30.304],[106.132,30.324],[106.133,30.303],[106.032,30.374],[105.943,30.372],[105.826,30.436],[105.792,30.427],[105.755,30.343],[105.715,30.323],[105.72,30.253],[105.625,30.276],[105.62,30.234],[105.662,30.21],[105.643,30.186],[105.556,30.187],[105.561,30.184],[105.551,30.179],[105.536,30.153]],[[106.981,30.088],[106.98,30.088],[106.982,30.085],[106.981,30.088]]]]}},{"type":"Feature","properties":{"adcode":520000,"name":"贵州省","center":[106.713478,26.578343],"centroid":[106.880455,26.826368],"childrenNum":9,"level":"province","parent":{"adcode":100000},"subFeatureIndex":23,"acroutes":[100000]},"geometry":{"type":"MultiPolygon","coordinates":[[[[109.448,26.76],[109.355,26.693],[109.284,26.698],[109.306,26.661],[109.355,26.659],[109.407,26.533],[109.362,26.472],[109.381,26.454],[109.32,26.418],[109.271,26.328],[109.286,26.296],[109.351,26.264],[109.467,26.314],[109.439,26.239],[109.476,26.148],[109.514,26.128],[109.503,26.096],[109.45,26.102],[109.453,26.056],[109.482,26.03],[109.409,25.967],[109.435,25.933],[109.34,25.834],[109.34,25.731],[109.296,25.714],[109.207,25.74],[109.207,25.788],[109.148,25.742],[109.144,25.795],[109.095,25.805],[109.078,25.777],[108.99,25.779],[109.0,25.765],[108.964,25.733],[108.896,25.714],[108.9,25.682],[108.954,25.687],[109.008,25.735],[109.079,25.721],[109.031,25.63],[109.052,25.567],[109.088,25.551],[109.025,25.512],[108.949,25.557],[108.826,25.55],[108.815,25.527],[108.782,25.555],[108.8,25.577],[108.784,25.628],[108.689,25.623],[108.658,25.55],[108.689,25.533],[108.607,25.492],[108.625,25.308],[108.472,25.459],[108.419,25.443],[108.349,25.536],[108.308,25.526],[108.241,25.462],[108.252,25.43],[108.193,25.459],[108.162,25.445],[108.193,25.405],[108.143,25.391],[108.152,25.324],[108.115,25.21],[108.002,25.197],[107.839,25.116],[107.763,25.125],[107.789,25.155],[107.76,25.188],[107.762,25.229],[107.742,25.24],[107.701,25.194],[107.662,25.259],[107.66,25.316],[107.632,25.31],[107.6,25.251],[107.577,25.257],[107.513,25.209],[107.472,25.214],[107.49,25.277],[107.481,25.3],[107.433,25.289],[107.409,25.347],[107.421,25.393],[107.376,25.412],[107.359,25.394],[107.318,25.402],[107.308,25.433],[107.337,25.461],[107.232,25.557],[107.229,25.605],[107.205,25.608],[107.186,25.579],[107.064,25.559],[107.067,25.509],[107.016,25.496],[106.997,25.443],[106.964,25.438],[106.988,25.359],[107.013,25.353],[107.014,25.276],[106.976,25.233],[106.933,25.251],[106.888,25.182],[106.645,25.165],[106.591,25.088],[106.442,25.019],[106.305,24.974],[106.216,24.982],[106.191,24.953],[106.145,24.954],[106.206,24.851],[106.173,24.76],[106.047,24.684],[106.025,24.633],[105.962,24.678],[105.942,24.725],[105.864,24.729],[105.827,24.703],[105.706,24.769],[105.617,24.782],[105.608,24.804],[105.497,24.809],[105.428,24.931],[105.268,24.929],[105.213,24.996],[105.078,24.918],[105.039,24.873],[105.034,24.788],[104.899,24.753],[104.842,24.676],[104.772,24.66],[104.729,24.618],[104.53,24.732],[104.54,24.814],[104.713,24.996],[104.685,25.054],[104.62,25.061],[104.686,25.078],[104.732,25.168],[104.724,25.195],[104.754,25.214],[104.802,25.164],[104.823,25.17],[104.807,25.224],[104.827,25.236],[104.816,25.263],[104.64,25.296],[104.646,25.357],[104.543,25.401],[104.557,25.525],[104.45,25.495],[104.435,25.472],[104.429,25.576],[104.333,25.599],[104.31,25.648],[104.329,25.761],[104.371,25.73],[104.442,25.869],[104.415,25.91],[104.471,26.009],[104.46,26.086],[104.5,26.071],[104.528,26.114],[104.519,26.166],[104.543,26.253],[104.593,26.318],[104.66,26.335],[104.684,26.377],[104.666,26.434],[104.632,26.452],[104.639,26.478],[104.571,26.525],[104.58,26.568],[104.459,26.603],[104.468,26.644],[104.424,26.709],[104.354,26.621],[104.121,26.638],[104.068,26.573],[104.068,26.515],[103.866,26.512],[103.763,26.585],[103.749,26.624],[103.773,26.717],[103.725,26.743],[103.706,26.795],[103.722,26.851],[103.779,26.874],[103.775,26.951],[103.705,27.049],[103.675,27.052],[103.623,27.007],[103.601,27.062],[103.614,27.08],[103.66,27.066],[103.653,27.093],[103.621,27.097],[103.633,27.121],[103.696,27.126],[103.8,27.265],[103.866,27.282],[103.932,27.444],[104.015,27.429],[104.017,27.384],[104.084,27.331],[104.114,27.338],[104.173,27.263],[104.211,27.297],[104.249,27.292],[104.248,27.337],[104.363,27.468],[104.497,27.415],[104.54,27.328],[104.612,27.307],[104.755,27.346],[104.771,27.317],[104.825,27.353],[104.872,27.291],[105.068,27.418],[105.184,27.393],[105.183,27.367],[105.26,27.515],[105.232,27.547],[105.305,27.612],[105.308,27.705],[105.354,27.749],[105.44,27.775],[105.508,27.769],[105.56,27.72],[105.605,27.716],[105.624,27.666],[105.72,27.684],[105.723,27.706],[105.768,27.718],[105.848,27.707],[105.923,27.747],[105.928,27.73],[106.023,27.747],[106.064,27.777],[106.193,27.754],[106.243,27.767],[106.337,27.859],[106.325,27.899],[106.305,27.899],[106.328,27.953],[106.286,28.007],[106.246,28.012],[106.267,28.067],[106.207,28.134],[106.145,28.163],[106.094,28.163],[105.976,28.108],[105.944,28.143],[105.895,28.12],[105.861,28.16],[105.89,28.238],[105.848,28.256],[105.824,28.306],[105.787,28.336],[105.738,28.303],[105.73,28.272],[105.64,28.324],[105.655,28.363],[105.644,28.431],[105.613,28.439],[105.624,28.518],[105.683,28.534],[105.693,28.589],[105.745,28.617],[105.757,28.59],[105.784,28.611],[105.885,28.595],[105.89,28.671],[105.938,28.687],[105.967,28.761],[106.031,28.695],[106.086,28.682],[106.103,28.636],[106.148,28.643],[106.185,28.589],[106.293,28.537],[106.349,28.474],[106.379,28.48],[106.374,28.526],[106.403,28.57],[106.477,28.53],[106.505,28.545],[106.467,28.586],[106.493,28.591],[106.503,28.661],[106.528,28.678],[106.462,28.761],[106.453,28.817],[106.474,28.833],[106.562,28.756],[106.561,28.719],[106.652,28.649],[106.618,28.645],[106.637,28.623],[106.607,28.593],[106.615,28.549],[106.568,28.524],[106.565,28.485],[106.632,28.504],[106.698,28.477],[106.708,28.451],[106.747,28.467],[106.726,28.518],[106.738,28.555],[106.778,28.563],[106.757,28.607],[106.785,28.627],[106.807,28.589],[106.831,28.623],[106.867,28.625],[106.889,28.696],[106.866,28.69],[106.824,28.756],[106.923,28.81],[106.952,28.767],[106.989,28.776],[106.984,28.851],[107.019,28.862],[107.016,28.883],[107.207,28.869],[107.195,28.838],[107.227,28.836],[107.219,28.773],[107.247,28.762],[107.261,28.793],[107.328,28.811],[107.34,28.846],[107.384,28.849],[107.441,28.944],[107.364,29.009],[107.396,29.041],[107.37,29.092],[107.412,29.095],[107.428,29.129],[107.402,29.185],[107.441,29.204],[107.487,29.174],[107.571,29.218],[107.589,29.15],[107.66,29.163],[107.701,29.141],[107.749,29.2],[107.811,29.139],[107.785,29.048],[107.824,29.034],[107.81,28.984],[107.867,28.96],[107.883,29.006],[107.926,29.032],[108.026,29.04],[108.071,29.086],[108.15,29.053],[108.193,29.072],[108.256,29.04],[108.278,29.092],[108.307,29.079],[108.32,28.961],[108.358,28.893],[108.353,28.816],[108.386,28.803],[108.332,28.679],[108.501,28.627],[108.576,28.66],[108.636,28.621],[108.605,28.591],[108.611,28.539],[108.574,28.531],[108.61,28.436],[108.609,28.407],[108.576,28.386],[108.58,28.343],[108.612,28.325],[108.668,28.334],[108.656,28.36],[108.697,28.401],[108.64,28.457],[108.709,28.501],[108.78,28.426],[108.762,28.304],[108.727,28.282],[108.738,28.228],[108.773,28.213],[108.822,28.245],[108.855,28.2],[108.924,28.217],[108.93,28.19],[109.006,28.163],[109.027,28.22],[109.086,28.184],[109.102,28.202],[109.081,28.248],[109.152,28.35],[109.154,28.417],[109.192,28.471],[109.274,28.495],[109.275,28.313],[109.318,28.278],[109.335,28.294],[109.388,28.268],[109.34,28.19],[109.298,28.036],[109.336,28.063],[109.379,28.035],[109.302,27.956],[109.347,27.838],[109.333,27.783],[109.378,27.737],[109.367,27.722],[109.414,27.725],[109.471,27.68],[109.462,27.568],[109.303,27.476],[109.3,27.424],[109.245,27.418],[109.202,27.45],[109.167,27.418],[109.142,27.448],[109.104,27.337],[109.045,27.331],[109.054,27.294],[108.908,27.205],[108.927,27.161],[108.879,27.106],[108.791,27.084],[108.878,27.016],[108.943,27.017],[108.94,27.045],[109.033,27.104],[109.129,27.123],[109.101,27.069],[109.166,27.067],[109.239,27.149],[109.264,27.132],[109.415,27.154],[109.441,27.118],[109.473,27.135],[109.455,27.069],[109.487,27.054],[109.498,27.08],[109.52,27.059],[109.555,26.947],[109.436,26.892],[109.467,26.832],[109.476,26.83],[109.453,26.862],[109.487,26.896],[109.51,26.878],[109.497,26.815],[109.522,26.749],[109.487,26.76],[109.448,26.76]]],[[[109.555,26.735],[109.597,26.756],[109.568,26.726],[109.529,26.744],[109.555,26.735]]]]}},{"type":"Feature","properties":{"adcode":530000,"name":"云南省","center":[102.712251,25.040609],"centroid":[101.485106,25.008643],"childrenNum":16,"level":"province","parent":{"adcode":100000},"subFeatureIndex":24,"acroutes":[100000]},"geometry":{"type":"Polygon","coordinates":[[[105.305,27.612],[105.232,27.547],[105.26,27.515],[105.183,27.367],[105.184,27.393],[105.068,27.418],[104.872,27.291],[104.825,27.353],[104.771,27.317],[104.755,27.346],[104.612,27.307],[104.54,27.328],[104.497,27.415],[104.363,27.468],[104.248,27.337],[104.249,27.292],[104.211,27.297],[104.173,27.263],[104.114,27.338],[104.084,27.331],[104.017,27.384],[104.015,27.429],[103.932,27.444],[103.866,27.282],[103.8,27.265],[103.696,27.126],[103.633,27.121],[103.621,27.097],[103.653,27.093],[103.66,27.066],[103.614,27.08],[103.601,27.062],[103.623,27.007],[103.675,27.052],[103.705,27.049],[103.775,26.951],[103.779,26.874],[103.722,26.851],[103.706,26.795],[103.725,26.743],[103.773,26.717],[103.749,26.624],[103.82,26.53],[104.068,26.515],[104.068,26.573],[104.121,26.638],[104.354,26.621],[104.424,26.709],[104.468,26.644],[104.459,26.603],[104.488,26.58],[104.557,26.59],[104.58,26.568],[104.571,26.525],[104.599,26.521],[104.639,26.478],[104.632,26.452],[104.666,26.434],[104.684,26.377],[104.66,26.335],[104.593,26.318],[104.543,26.253],[104.519,26.166],[104.528,26.114],[104.5,26.071],[104.46,26.086],[104.471,26.009],[104.415,25.91],[104.442,25.869],[104.371,25.73],[104.329,25.761],[104.31,25.648],[104.333,25.599],[104.429,25.576],[104.435,25.472],[104.45,25.495],[104.557,25.525],[104.543,25.401],[104.646,25.357],[104.64,25.296],[104.816,25.263],[104.827,25.236],[104.807,25.224],[104.823,25.17],[104.802,25.164],[104.754,25.214],[104.724,25.195],[104.732,25.168],[104.686,25.078],[104.62,25.061],[104.685,25.054],[104.713,24.996],[104.54,24.814],[104.543,24.756],[104.49,24.653],[104.576,24.425],[104.617,24.422],[104.63,24.398],[104.611,24.377],[104.709,24.321],[104.703,24.42],[104.766,24.46],[104.93,24.411],[105.043,24.442],[105.107,24.415],[105.112,24.372],[105.188,24.347],[105.197,24.327],[105.165,24.288],[105.215,24.215],[105.243,24.209],[105.229,24.166],[105.183,24.167],[105.2,24.105],[105.26,24.061],[105.321,24.116],[105.406,24.044],[105.493,24.017],[105.534,24.13],[105.595,24.138],[105.629,24.127],[105.649,24.033],[105.765,24.074],[105.802,24.052],[105.797,24.024],[105.859,24.057],[105.892,24.04],[105.919,24.122],[105.998,24.121],[106.05,24.09],[106.054,24.051],[106.097,24.018],[106.158,23.891],[106.193,23.879],[106.173,23.862],[106.192,23.825],[106.137,23.795],[106.158,23.724],[106.121,23.605],[106.142,23.57],[106.0,23.448],[105.986,23.489],[105.852,23.527],[105.816,23.507],[105.806,23.468],[105.758,23.46],[105.7,23.402],[105.638,23.404],[105.694,23.363],[105.7,23.327],[105.649,23.346],[105.593,23.313],[105.526,23.235],[105.543,23.184],[105.502,23.203],[105.446,23.293],[105.416,23.283],[105.373,23.318],[105.325,23.39],[105.238,23.264],[105.182,23.279],[105.122,23.248],[105.093,23.261],[104.959,23.189],[104.949,23.152],[104.913,23.176],[104.883,23.164],[104.875,23.123],[104.804,23.11],[104.86,22.971],[104.846,22.926],[104.772,22.894],[104.733,22.852],[104.738,22.826],[104.674,22.817],[104.596,22.846],[104.376,22.69],[104.273,22.738],[104.262,22.842],[104.118,22.809],[104.046,22.728],[104.009,22.518],[103.965,22.502],[103.642,22.795],[103.568,22.701],[103.581,22.667],[103.529,22.593],[103.436,22.697],[103.441,22.753],[103.323,22.808],[103.283,22.679],[103.196,22.648],[103.161,22.59],[103.183,22.559],[103.072,22.488],[103.082,22.454],[103.03,22.441],[102.987,22.478],[102.931,22.482],[102.88,22.587],[102.824,22.623],[102.689,22.7],[102.657,22.688],[102.607,22.731],[102.57,22.701],[102.511,22.775],[102.46,22.763],[102.437,22.7],[102.384,22.68],[102.405,22.63],[102.256,22.457],[102.27,22.42],[102.179,22.43],[102.145,22.398],[102.131,22.431],[102.046,22.458],[101.978,22.428],[101.908,22.437],[101.901,22.384],[101.823,22.427],[101.824,22.457],[101.775,22.506],[101.672,22.475],[101.648,22.4],[101.672,22.373],[101.626,22.283],[101.565,22.269],[101.547,22.238],[101.597,22.161],[101.603,22.132],[101.574,22.115],[101.626,22.006],[101.606,21.968],[101.701,21.939],[101.7,21.897],[101.772,21.833],[101.747,21.73],[101.78,21.641],[101.808,21.644],[101.829,21.617],[101.805,21.578],[101.755,21.585],[101.773,21.513],[101.741,21.483],[101.73,21.337],[101.746,21.297],[101.834,21.253],[101.834,21.205],[101.795,21.208],[101.765,21.148],[101.703,21.146],[101.672,21.195],[101.606,21.172],[101.589,21.191],[101.602,21.233],[101.533,21.252],[101.388,21.226],[101.29,21.179],[101.222,21.234],[101.245,21.302],[101.184,21.335],[101.143,21.409],[101.195,21.425],[101.193,21.474],[101.225,21.499],[101.209,21.558],[101.147,21.56],[101.169,21.59],[101.153,21.669],[101.117,21.691],[101.124,21.772],[101.09,21.774],[101.015,21.707],[100.87,21.673],[100.731,21.519],[100.579,21.452],[100.527,21.471],[100.483,21.459],[100.437,21.533],[100.349,21.529],[100.299,21.478],[100.235,21.467],[100.206,21.51],[100.185,21.516],[100.169,21.483],[100.131,21.504],[100.108,21.585],[100.169,21.663],[100.132,21.7],[100.094,21.703],[100.049,21.67],[99.991,21.704],[99.944,21.821],[100.0,21.973],[99.966,22.014],[99.972,22.053],[99.871,22.067],[99.87,22.029],[99.696,22.068],[99.649,22.101],[99.517,22.1],[99.487,22.129],[99.355,22.096],[99.22,22.111],[99.156,22.16],[99.188,22.163],[99.175,22.186],[99.236,22.25],[99.234,22.296],[99.278,22.346],[99.252,22.393],[99.382,22.493],[99.359,22.535],[99.386,22.571],[99.315,22.738],[99.385,22.762],[99.401,22.826],[99.463,22.845],[99.447,22.935],[99.531,22.897],[99.563,22.926],[99.517,23.007],[99.528,23.066],[99.38,23.1],[99.348,23.129],[99.255,23.078],[99.187,23.1],[99.106,23.087],[99.048,23.115],[99.058,23.165],[99.002,23.16],[98.89,23.209],[98.937,23.31],[98.873,23.33],[98.921,23.361],[98.912,23.426],[98.875,23.483],[98.826,23.47],[98.804,23.541],[98.882,23.595],[98.882,23.62],[98.847,23.632],[98.812,23.703],[98.824,23.727],[98.785,23.782],[98.669,23.801],[98.702,23.834],[98.686,23.902],[98.701,23.946],[98.673,23.961],[98.701,23.981],[98.728,23.97],[98.895,24.099],[98.877,24.151],[98.841,24.127],[98.719,24.128],[98.594,24.08],[98.547,24.128],[98.343,24.099],[98.22,24.114],[98.091,24.086],[97.902,24.014],[97.896,23.974],[97.796,23.952],[97.718,23.868],[97.684,23.877],[97.647,23.841],[97.618,23.888],[97.528,23.927],[97.573,23.983],[97.629,24.005],[97.637,24.048],[97.731,24.114],[97.754,24.164],[97.728,24.184],[97.73,24.227],[97.767,24.258],[97.721,24.296],[97.665,24.297],[97.663,24.339],[97.716,24.359],[97.67,24.453],[97.53,24.443],[97.571,24.603],[97.57,24.708],[97.547,24.739],[97.68,24.827],[97.765,24.824],[97.797,24.846],[97.73,24.909],[97.72,25.081],[97.743,25.078],[97.796,25.156],[97.839,25.271],[97.904,25.217],[97.94,25.215],[98.007,25.298],[98.07,25.312],[98.101,25.389],[98.137,25.382],[98.158,25.457],[98.131,25.51],[98.19,25.569],[98.171,25.62],[98.248,25.608],[98.315,25.543],[98.402,25.594],[98.41,25.664],[98.458,25.683],[98.477,25.777],[98.529,25.841],[98.641,25.799],[98.706,25.855],[98.687,25.926],[98.614,25.968],[98.575,26.118],[98.656,26.14],[98.661,26.088],[98.72,26.127],[98.736,26.185],[98.713,26.231],[98.673,26.24],[98.681,26.308],[98.734,26.351],[98.753,26.559],[98.782,26.621],[98.77,26.69],[98.746,26.697],[98.762,26.799],[98.731,26.851],[98.757,26.878],[98.732,27.002],[98.763,27.018],[98.766,27.051],[98.713,27.076],[98.696,27.211],[98.723,27.221],[98.741,27.33],[98.687,27.425],[98.707,27.553],[98.662,27.587],[98.651,27.568],[98.583,27.571],[98.554,27.646],[98.535,27.621],[98.444,27.665],[98.429,27.549],[98.389,27.515],[98.317,27.519],[98.283,27.655],[98.234,27.691],[98.216,27.811],[98.169,27.851],[98.205,27.89],[98.187,27.939],[98.143,27.949],[98.16,28.101],[98.139,28.142],[98.174,28.163],[98.169,28.206],[98.267,28.242],[98.209,28.358],[98.301,28.384],[98.378,28.246],[98.389,28.115],[98.429,28.105],[98.465,28.151],[98.494,28.141],[98.559,28.183],[98.626,28.165],[98.712,28.229],[98.71,28.289],[98.747,28.321],[98.74,28.348],[98.674,28.479],[98.626,28.489],[98.638,28.552],[98.594,28.668],[98.684,28.74],[98.652,28.817],[98.657,28.91],[98.624,28.959],[98.786,28.999],[98.822,28.921],[98.828,28.821],[98.853,28.798],[98.973,28.832],[98.974,28.865],[98.918,28.887],[98.926,28.979],[99.013,29.037],[98.967,29.128],[98.981,29.205],[99.024,29.189],[99.114,29.221],[99.132,28.949],[99.104,28.842],[99.127,28.698],[99.184,28.589],[99.187,28.44],[99.165,28.425],[99.238,28.318],[99.289,28.286],[99.307,28.228],[99.375,28.182],[99.412,28.295],[99.393,28.318],[99.437,28.398],[99.404,28.444],[99.427,28.454],[99.396,28.491],[99.403,28.546],[99.464,28.549],[99.504,28.619],[99.541,28.623],[99.532,28.678],[99.614,28.74],[99.626,28.815],[99.677,28.81],[99.718,28.847],[99.722,28.757],[99.756,28.701],[99.794,28.699],[99.835,28.661],[99.834,28.628],[99.873,28.632],[99.985,28.529],[99.99,28.477],[100.074,28.426],[100.057,28.369],[100.176,28.325],[100.147,28.289],[100.189,28.252],[100.153,28.208],[100.033,28.184],[100.021,28.147],[100.089,28.029],[100.197,27.936],[100.17,27.908],[100.211,27.877],[100.309,27.861],[100.286,27.806],[100.312,27.724],[100.443,27.866],[100.505,27.852],[100.545,27.809],[100.609,27.859],[100.634,27.916],[100.681,27.923],[100.719,27.859],[100.707,27.801],[100.757,27.77],[100.782,27.692],[100.848,27.672],[100.828,27.616],[100.855,27.624],[100.912,27.521],[100.901,27.454],[100.937,27.469],[101.022,27.333],[101.042,27.222],[101.072,27.195],[101.168,27.198],[101.136,27.024],[101.265,26.955],[101.268,26.903],[101.366,26.884],[101.399,26.842],[101.359,26.772],[101.39,26.723],[101.459,26.731],[101.446,26.774],[101.466,26.787],[101.513,26.768],[101.453,26.693],[101.481,26.673],[101.462,26.606],[101.396,26.592],[101.459,26.496],[101.507,26.5],[101.638,26.389],[101.635,26.357],[101.661,26.347],[101.586,26.28],[101.63,26.225],[101.69,26.241],[101.808,26.156],[101.797,26.115],[101.84,26.082],[101.836,26.046],[101.929,26.106],[101.954,26.085],[102.021,26.096],[102.108,26.069],[102.245,26.212],[102.571,26.363],[102.63,26.337],[102.639,26.307],[102.601,26.251],[102.71,26.21],[102.74,26.269],[102.833,26.306],[102.879,26.364],[102.893,26.339],[102.976,26.341],[102.998,26.372],[102.99,26.483],[103.03,26.486],[103.053,26.556],[103.035,26.557],[103.026,26.664],[102.966,26.838],[102.896,26.913],[102.895,27.002],[102.871,27.027],[102.913,27.134],[102.884,27.299],[102.941,27.406],[102.99,27.368],[103.056,27.409],[103.081,27.397],[103.141,27.421],[103.233,27.57],[103.286,27.562],[103.292,27.633],[103.488,27.795],[103.51,27.844],[103.502,27.91],[103.555,27.979],[103.516,27.965],[103.486,28.033],[103.459,28.021],[103.431,28.045],[103.47,28.122],[103.573,28.231],[103.644,28.26],[103.692,28.232],[103.702,28.199],[103.877,28.316],[103.83,28.46],[103.782,28.525],[103.839,28.587],[103.851,28.667],[103.888,28.62],[103.91,28.631],[103.954,28.601],[104.06,28.628],[104.096,28.604],[104.118,28.634],[104.231,28.636],[104.253,28.661],[104.315,28.616],[104.373,28.649],[104.426,28.627],[104.356,28.555],[104.261,28.536],[104.254,28.404],[104.314,28.307],[104.343,28.334],[104.385,28.33],[104.393,28.291],[104.45,28.27],[104.463,28.241],[104.443,28.211],[104.402,28.203],[104.406,28.173],[104.445,28.162],[104.449,28.114],[104.373,28.051],[104.304,28.051],[104.508,27.878],[104.525,27.889],[104.573,27.841],[104.743,27.902],[104.762,27.884],[104.888,27.915],[104.918,27.939],[104.904,27.962],[104.975,28.021],[104.981,28.063],[105.062,28.097],[105.168,28.072],[105.186,27.995],[105.271,27.997],[105.285,27.936],[105.233,27.896],[105.26,27.828],[105.313,27.811],[105.274,27.795],[105.308,27.705],[105.305,27.612]]]}},{"type":"Feature","properties":{"adcode":540000,"name":"西藏自治区","center":[91.132212,29.660361],"centroid":[88.388277,31.56375],"childrenNum":7,"level":"province","parent":{"adcode":100000},"subFeatureIndex":25,"acroutes":[100000]},"geometry":{"type":"Polygon","coordinates":[[[89.605,36.038],[89.475,36.022],[89.418,36.045],[89.405,36.017],[89.435,35.992],[89.428,35.918],[89.555,35.873],[89.551,35.857],[89.802,35.848],[89.767,35.799],[89.783,35.773],[89.747,35.752],[89.749,35.663],[89.726,35.648],[89.766,35.6],[89.712,35.582],[89.7,35.545],[89.72,35.502],[89.765,35.483],[89.686,35.416],[89.658,35.426],[89.497,35.361],[89.516,35.331],[89.495,35.299],[89.532,35.276],[89.45,35.224],[89.519,35.134],[89.593,35.104],[89.561,34.939],[89.579,34.895],[89.67,34.888],[89.707,34.92],[89.747,34.904],[89.788,34.922],[89.821,34.902],[89.815,34.868],[89.839,34.866],[89.868,34.811],[89.826,34.797],[89.799,34.744],[89.732,34.732],[89.726,34.661],[89.799,34.629],[89.778,34.574],[89.815,34.549],[89.824,34.456],[89.799,34.396],[89.859,34.359],[89.867,34.325],[89.825,34.294],[89.817,34.169],[89.76,34.153],[89.757,34.125],[89.712,34.132],[89.656,34.097],[89.657,34.058],[89.635,34.05],[89.688,33.96],[89.795,33.865],[89.837,33.869],[89.9,33.808],[89.942,33.801],[89.902,33.758],[89.984,33.726],[90.008,33.688],[89.984,33.612],[90.011,33.554],[90.083,33.525],[90.107,33.461],[90.247,33.424],[90.333,33.311],[90.406,33.26],[90.491,33.265],[90.704,33.136],[90.883,33.12],[90.902,33.083],[90.928,33.12],[91.038,33.099],[91.072,33.113],[91.148,33.072],[91.161,33.109],[91.227,33.142],[91.436,33.066],[91.496,33.109],[91.536,33.1],[91.583,33.038],[91.799,32.942],[91.839,32.948],[91.858,32.902],[91.897,32.908],[91.956,32.821],[92.146,32.886],[92.205,32.866],[92.228,32.821],[92.194,32.802],[92.212,32.788],[92.199,32.755],[92.255,32.721],[92.31,32.752],[92.344,32.738],[92.356,32.765],[92.411,32.748],[92.459,32.764],[92.635,32.721],[92.686,32.765],[92.867,32.698],[93.02,32.737],[93.07,32.626],[93.159,32.645],[93.177,32.67],[93.24,32.662],[93.385,32.525],[93.412,32.558],[93.463,32.556],[93.477,32.505],[93.517,32.476],[93.619,32.523],[93.652,32.572],[93.722,32.578],[93.82,32.55],[93.862,32.466],[93.96,32.485],[93.979,32.46],[94.092,32.463],[94.138,32.434],[94.177,32.454],[94.197,32.516],[94.292,32.503],[94.294,32.52],[94.372,32.525],[94.395,32.594],[94.435,32.563],[94.463,32.572],[94.459,32.599],[94.523,32.596],[94.614,32.674],[94.737,32.587],[94.807,32.486],[94.89,32.472],[94.912,32.416],[94.988,32.423],[95.075,32.376],[95.219,32.397],[95.262,32.348],[95.097,32.322],[95.079,32.28],[95.106,32.259],[95.241,32.321],[95.27,32.195],[95.315,32.149],[95.367,32.151],[95.368,32.179],[95.406,32.182],[95.44,32.158],[95.454,32.062],[95.421,32.034],[95.454,32.008],[95.396,32.002],[95.361,31.959],[95.368,31.929],[95.409,31.919],[95.457,31.802],[95.512,31.75],[95.547,31.74],[95.634,31.783],[95.78,31.749],[95.824,31.682],[95.899,31.817],[95.984,31.817],[96.065,31.72],[96.149,31.686],[96.157,31.603],[96.208,31.599],[96.252,31.698],[96.231,31.75],[96.178,31.775],[96.183,31.836],[96.215,31.877],[96.189,31.904],[96.253,31.93],[96.389,31.92],[96.408,31.846],[96.469,31.77],[96.568,31.712],[96.615,31.737],[96.779,31.676],[96.84,31.72],[96.766,31.819],[96.76,31.86],[96.811,31.894],[96.753,31.944],[96.723,32.013],[96.824,32.008],[96.869,31.965],[96.863,31.996],[96.894,32.014],[96.942,31.986],[96.966,32.009],[96.936,32.048],[97.007,32.068],[97.17,32.033],[97.234,32.064],[97.202,32.09],[97.22,32.109],[97.259,32.072],[97.308,32.077],[97.293,32.097],[97.314,32.13],[97.271,32.14],[97.264,32.183],[97.3,32.295],[97.371,32.273],[97.425,32.323],[97.388,32.427],[97.341,32.441],[97.388,32.502],[97.335,32.514],[97.358,32.564],[97.374,32.546],[97.449,32.587],[97.502,32.531],[97.796,32.521],[97.807,32.5],[97.94,32.482],[98.219,32.342],[98.219,32.235],[98.26,32.209],[98.303,32.122],[98.435,32.008],[98.432,31.923],[98.399,31.896],[98.426,31.857],[98.415,31.832],[98.509,31.752],[98.517,31.717],[98.546,31.717],[98.554,31.66],[98.619,31.592],[98.845,31.43],[98.887,31.375],[98.773,31.249],[98.692,31.333],[98.644,31.339],[98.616,31.304],[98.604,31.258],[98.623,31.221],[98.602,31.192],[98.675,31.154],[98.737,31.049],[98.806,30.996],[98.774,30.908],[98.797,30.879],[98.905,30.783],[98.958,30.765],[98.963,30.728],[98.907,30.698],[98.939,30.599],[98.932,30.522],[98.965,30.45],[98.981,30.183],[99.045,30.08],[99.068,29.932],[99.024,29.846],[98.992,29.677],[99.052,29.564],[99.076,29.316],[99.114,29.221],[99.024,29.189],[98.981,29.205],[98.961,29.166],[99.013,29.037],[98.926,28.979],[98.918,28.887],[98.974,28.865],[98.973,28.832],[98.853,28.798],[98.828,28.821],[98.822,28.921],[98.786,28.999],[98.624,28.959],[98.657,28.91],[98.652,28.817],[98.684,28.74],[98.594,28.668],[98.638,28.552],[98.626,28.489],[98.674,28.479],[98.74,28.348],[98.747,28.321],[98.71,28.289],[98.712,28.229],[98.626,28.165],[98.559,28.183],[98.494,28.141],[98.465,28.151],[98.429,28.105],[98.389,28.115],[98.378,28.246],[98.301,28.384],[98.209,28.358],[98.267,28.242],[98.169,28.206],[98.174,28.163],[98.139,28.142],[98.09,28.196],[98.033,28.187],[98.008,28.214],[98.02,28.254],[97.908,28.363],[97.801,28.327],[97.738,28.396],[97.737,28.466],[97.686,28.52],[97.635,28.532],[97.604,28.515],[97.57,28.542],[97.522,28.496],[97.522,28.445],[97.485,28.386],[97.489,28.347],[97.518,28.328],[97.469,28.303],[97.461,28.268],[97.422,28.297],[97.398,28.239],[97.35,28.236],[97.353,28.15],[97.306,28.072],[97.321,28.054],[97.376,28.063],[97.379,28.031],[97.413,28.013],[97.379,27.97],[97.387,27.883],[97.324,27.881],[97.303,27.914],[97.254,27.892],[97.103,27.781],[97.098,27.741],[97.063,27.743],[97.049,27.814],[97.008,27.808],[96.973,27.861],[96.81,27.89],[96.784,27.931],[96.691,27.949],[96.623,28.025],[96.538,28.075],[96.5,28.067],[96.463,28.143],[96.426,28.162],[96.396,28.144],[96.399,28.119],[96.298,28.14],[96.275,28.228],[95.989,28.198],[95.908,28.241],[95.875,28.298],[95.832,28.295],[95.397,28.142],[95.286,27.94],[95.015,27.829],[94.886,27.743],[94.525,27.596],[94.277,27.581],[93.849,27.168],[93.842,27.046],[93.817,27.025],[93.568,26.938],[93.111,26.88],[92.909,26.914],[92.803,26.895],[92.647,26.953],[92.109,26.855],[92.125,26.96],[92.076,27.041],[92.044,27.053],[92.027,27.108],[92.071,27.238],[92.126,27.273],[92.065,27.391],[92.011,27.475],[91.947,27.464],[91.839,27.49],[91.719,27.467],[91.585,27.541],[91.562,27.628],[91.623,27.692],[91.642,27.766],[91.61,27.819],[91.544,27.82],[91.561,27.855],[91.619,27.857],[91.612,27.891],[91.487,27.937],[91.465,28.003],[91.31,28.058],[91.252,27.971],[91.216,27.989],[91.163,27.969],[91.155,27.894],[91.113,27.846],[91.026,27.857],[90.965,27.9],[90.962,27.954],[90.896,27.946],[90.802,28.04],[90.702,28.076],[90.592,28.021],[90.514,28.062],[90.479,28.045],[90.384,28.061],[90.297,28.154],[90.232,28.145],[90.125,28.191],[90.103,28.142],[90.073,28.155],[90.034,28.137],[89.976,28.189],[89.902,28.182],[89.869,28.221],[89.79,28.241],[89.779,28.197],[89.605,28.162],[89.541,28.088],[89.511,28.086],[89.376,27.876],[89.296,27.848],[89.239,27.797],[89.185,27.674],[89.132,27.633],[89.163,27.575],[89.109,27.538],[89.095,27.472],[89.183,27.374],[89.153,27.319],[89.078,27.287],[89.068,27.24],[88.985,27.209],[88.912,27.273],[88.921,27.325],[88.809,27.406],[88.783,27.467],[88.798,27.521],[88.771,27.564],[88.852,27.671],[88.863,27.812],[88.889,27.847],[88.864,27.921],[88.847,27.921],[88.843,28.006],[88.764,28.068],[88.676,28.068],[88.645,28.111],[88.565,28.083],[88.554,28.028],[88.498,28.041],[88.401,27.977],[88.358,27.986],[88.254,27.939],[88.242,27.967],[88.204,27.943],[88.157,27.958],[88.12,27.915],[88.138,27.879],[88.112,27.865],[88.037,27.902],[87.982,27.884],[87.827,27.928],[87.727,27.803],[87.668,27.81],[87.67,27.832],[87.598,27.815],[87.581,27.86],[87.46,27.821],[87.418,27.826],[87.422,27.857],[87.364,27.824],[87.281,27.845],[87.228,27.813],[87.118,27.841],[87.035,27.946],[86.935,27.955],[86.927,27.986],[86.865,28.022],[86.757,28.033],[86.768,28.069],[86.7,28.102],[86.648,28.069],[86.569,28.103],[86.558,28.048],[86.513,27.997],[86.515,27.955],[86.415,27.905],[86.273,27.977],[86.232,27.974],[86.206,28.084],[86.224,28.093],[86.191,28.167],[86.128,28.087],[86.087,28.09],[86.083,28.018],[86.125,27.923],[86.002,27.907],[85.949,27.937],[85.98,27.984],[85.901,28.054],[85.899,28.102],[85.854,28.172],[85.753,28.228],[85.721,28.372],[85.683,28.376],[85.651,28.284],[85.601,28.254],[85.602,28.296],[85.521,28.327],[85.416,28.321],[85.38,28.274],[85.35,28.298],[85.272,28.283],[85.21,28.339],[85.18,28.324],[85.113,28.345],[85.129,28.378],[85.108,28.461],[85.16,28.493],[85.19,28.545],[85.196,28.624],[85.126,28.676],[85.057,28.674],[84.982,28.586],[84.857,28.568],[84.698,28.633],[84.7,28.672],[84.62,28.732],[84.483,28.735],[84.445,28.764],[84.434,28.824],[84.404,28.828],[84.408,28.854],[84.234,28.889],[84.249,29.03],[84.194,29.045],[84.207,29.119],[84.177,29.134],[84.171,29.195],[84.203,29.24],[84.13,29.24],[84.117,29.286],[84.002,29.292],[83.987,29.325],[83.912,29.323],[83.821,29.294],[83.8,29.249],[83.728,29.245],[83.656,29.167],[83.596,29.174],[83.464,29.286],[83.416,29.42],[83.383,29.422],[83.325,29.503],[83.276,29.506],[83.267,29.571],[83.129,29.624],[83.089,29.605],[83.011,29.668],[82.967,29.659],[82.948,29.705],[82.831,29.688],[82.757,29.762],[82.692,29.766],[82.738,29.807],[82.704,29.848],[82.624,29.835],[82.644,29.869],[82.561,29.955],[82.498,29.948],[82.334,30.045],[82.178,30.068],[82.207,30.144],[82.189,30.185],[82.114,30.227],[82.133,30.304],[82.105,30.346],[81.991,30.323],[81.954,30.356],[81.759,30.385],[81.63,30.447],[81.613,30.413],[81.566,30.429],[81.556,30.369],[81.418,30.421],[81.407,30.404],[81.433,30.379],[81.406,30.369],[81.4,30.319],[81.428,30.305],[81.406,30.292],[81.419,30.27],[81.394,30.199],[81.336,30.15],[81.269,30.153],[81.293,30.095],[81.248,30.033],[81.256,30.012],[81.132,30.016],[81.096,30.053],[81.11,30.086],[81.086,30.101],[81.035,30.247],[80.817,30.321],[80.719,30.415],[80.633,30.459],[80.549,30.449],[80.43,30.516],[80.358,30.521],[80.322,30.564],[80.214,30.586],[80.143,30.558],[80.044,30.604],[80.014,30.662],[79.97,30.686],[79.961,30.771],[79.901,30.799],[79.913,30.833],[79.891,30.855],[79.835,30.851],[79.758,30.937],[79.669,30.98],[79.598,30.926],[79.506,31.028],[79.427,31.018],[79.405,31.072],[79.316,31.018],[79.332,30.969],[79.228,30.949],[79.182,31.016],[79.097,30.992],[79.01,31.044],[78.974,31.116],[78.998,31.159],[78.865,31.313],[78.859,31.289],[78.795,31.301],[78.755,31.356],[78.792,31.436],[78.73,31.478],[78.74,31.533],[78.846,31.61],[78.799,31.676],[78.763,31.668],[78.706,31.778],[78.655,31.819],[78.665,31.852],[78.74,31.885],[78.762,31.947],[78.607,32.024],[78.609,32.053],[78.51,32.147],[78.47,32.128],[78.43,32.212],[78.475,32.237],[78.509,32.298],[78.459,32.38],[78.473,32.435],[78.395,32.53],[78.425,32.566],[78.5,32.581],[78.589,32.638],[78.628,32.63],[78.742,32.704],[78.742,32.655],[78.782,32.608],[78.761,32.564],[78.782,32.48],[78.811,32.436],[78.971,32.332],[79.006,32.375],[79.103,32.37],[79.136,32.472],[79.191,32.512],[79.252,32.517],[79.308,32.597],[79.273,32.678],[79.301,32.729],[79.276,32.779],[79.225,32.784],[79.228,32.89],[79.256,32.943],[79.163,33.012],[79.139,33.118],[79.152,33.184],[79.072,33.228],[79.084,33.245],[79.041,33.268],[79.022,33.324],[78.968,33.335],[78.95,33.376],[78.85,33.42],[78.742,33.553],[78.755,33.623],[78.713,33.623],[78.685,33.654],[78.78,33.733],[78.758,33.791],[78.762,33.91],[78.734,33.919],[78.745,33.981],[78.657,34.03],[78.661,34.087],[78.737,34.09],[78.878,34.163],[78.926,34.156],[78.982,34.318],[79.02,34.313],[79.049,34.349],[79.011,34.4],[79.039,34.422],[79.162,34.441],[79.242,34.415],[79.545,34.476],[79.676,34.451],[79.7,34.478],[79.802,34.479],[79.861,34.528],[79.843,34.557],[79.886,34.643],[79.867,34.672],[79.907,34.684],[79.898,34.732],[79.948,34.821],[79.927,34.849],[79.997,34.856],[80.004,34.895],[80.034,34.902],[80.031,35.034],[80.078,35.077],[80.118,35.066],[80.23,35.148],[80.223,35.177],[80.258,35.203],[80.363,35.209],[80.268,35.296],[80.321,35.387],[80.375,35.388],[80.433,35.449],[80.445,35.417],[80.515,35.392],[80.6,35.409],[80.656,35.394],[80.689,35.339],[80.844,35.346],[80.964,35.311],[81.026,35.311],[81.003,35.335],[81.031,35.337],[81.032,35.381],[81.099,35.407],[81.142,35.365],[81.192,35.366],[81.219,35.319],[81.364,35.355],[81.441,35.333],[81.505,35.279],[81.513,35.235],[81.686,35.236],[81.737,35.262],[81.928,35.271],[81.956,35.307],[82.03,35.322],[82.053,35.35],[82.034,35.452],[82.328,35.56],[82.35,35.611],[82.336,35.651],[82.393,35.656],[82.425,35.713],[82.469,35.718],[82.629,35.692],[82.732,35.638],[82.795,35.688],[82.967,35.668],[82.956,35.636],[82.999,35.485],[83.068,35.463],[83.127,35.399],[83.178,35.389],[83.251,35.418],[83.622,35.335],[83.678,35.361],[83.885,35.367],[83.906,35.403],[84.006,35.423],[84.077,35.4],[84.096,35.363],[84.141,35.379],[84.161,35.36],[84.453,35.473],[84.476,35.516],[84.449,35.55],[84.729,35.614],[85.053,35.752],[85.146,35.742],[85.271,35.789],[85.341,35.754],[85.374,35.7],[85.519,35.681],[85.566,35.64],[85.613,35.651],[85.653,35.731],[85.691,35.751],[85.949,35.779],[86.053,35.843],[86.2,36.048],[86.182,36.065],[86.188,36.131],[86.279,36.171],[86.358,36.169],[86.393,36.207],[86.455,36.221],[86.515,36.205],[86.532,36.227],[86.699,36.244],[86.746,36.292],[86.863,36.3],[86.887,36.263],[86.996,36.309],[87.149,36.298],[87.193,36.349],[87.292,36.359],[87.363,36.42],[87.427,36.426],[87.46,36.41],[87.471,36.354],[87.57,36.342],[87.732,36.385],[87.92,36.393],[87.983,36.438],[88.135,36.427],[88.242,36.469],[88.366,36.458],[88.357,36.477],[88.471,36.482],[88.499,36.446],[88.573,36.461],[88.618,36.428],[88.624,36.39],[88.69,36.368],[88.767,36.292],[88.803,36.338],[88.926,36.365],[88.964,36.319],[89.102,36.281],[89.127,36.255],[89.199,36.26],[89.232,36.296],[89.293,36.231],[89.376,36.228],[89.49,36.151],[89.711,36.093],[89.605,36.038]]]}},{"type":"Feature","properties":{"adcode":610000,"name":"陕西省","center":[108.948024,34.263161],"centroid":[108.887114,35.263661],"childrenNum":10,"level":"province","parent":{"adcode":100000},"subFeatureIndex":26,"acroutes":[100000]},"geometry":{"type":"MultiPolygon","coordinates":[[[[110.379257,34.600612],[110.29549,34.610956],[110.269004,34.629671],[110.229584,34.692679],[110.243135,34.725641],[110.246831,34.789068],[110.230816,34.880925],[110.262229,34.944233],[110.320743,35.00504],[110.373714,35.134351],[110.364475,35.197952],[110.378642,35.210666],[110.374946,35.251728],[110.45009,35.327933],[110.477808,35.413821],[110.531394,35.511309],[110.567735,35.539559],[110.589293,35.602355],[110.609619,35.632031],[110.57759,35.701559],[110.571431,35.800639],[110.550489,35.838005],[110.549257,35.877778],[110.511684,35.879718],[110.516612,35.918501],[110.502445,35.947575],[110.516612,35.971796],[110.49259,35.994073],[110.491974,36.034735],[110.467953,36.074893],[110.447011,36.164328],[110.45625,36.22663],[110.474112,36.248352],[110.474112,36.306729],[110.459946,36.327946],[110.487047,36.393972],[110.489511,36.430094],[110.47288,36.453203],[110.503677,36.488335],[110.488895,36.556628],[110.496902,36.582102],[110.447627,36.621018],[110.426685,36.657514],[110.394656,36.676716],[110.402663,36.697352],[110.438388,36.685835],[110.447011,36.737649],[110.407591,36.776007],[110.423605,36.818179],[110.406975,36.824886],[110.424221,36.855539],[110.376178,36.882351],[110.408823,36.892403],[110.424221,36.963685],[110.381721,37.002408],[110.382953,37.022001],[110.426685,37.008621],[110.417446,37.027257],[110.460561,37.044932],[110.49567,37.086956],[110.535706,37.115118],[110.53509,37.138021],[110.590525,37.187145],[110.651503,37.256722],[110.661974,37.281963],[110.690307,37.287201],[110.678604,37.317668],[110.695234,37.34955],[110.641648,37.360015],[110.630561,37.372858],[110.644111,37.435135],[110.740198,37.44939],[110.759292,37.474567],[110.770995,37.538184],[110.795017,37.558586],[110.771611,37.594634],[110.763604,37.639668],[110.793169,37.650567],[110.775306,37.680886],[110.706321,37.705511],[110.716792,37.728708],[110.750669,37.736281],[110.735886,37.77035],[110.680452,37.790216],[110.59422,37.922049],[110.522771,37.955088],[110.528315,37.990471],[110.507989,38.013107],[110.501829,38.097929],[110.519692,38.130889],[110.509221,38.192061],[110.528315,38.211814],[110.565887,38.215105],[110.57759,38.297345],[110.601612,38.308147],[110.661358,38.308617],[110.701394,38.353215],[110.746973,38.366355],[110.77777,38.440924],[110.796864,38.453579],[110.840596,38.439986],[110.874473,38.453579],[110.870777,38.510265],[110.907733,38.521035],[110.920052,38.581878],[110.898494,38.587024],[110.880632,38.626776],[110.916357,38.673981],[110.915125,38.704345],[110.965016,38.755699],[111.009363,38.847579],[110.995813,38.868084],[111.016755,38.889981],[111.009979,38.932823],[110.980414,38.970056],[110.998276,38.998433],[111.038313,39.020289],[111.094363,39.030053],[111.138095,39.064447],[111.147334,39.100681],[111.173819,39.135041],[111.163348,39.152678],[111.219399,39.244044],[111.213239,39.257021],[111.247732,39.302419],[111.202152,39.305197],[111.179363,39.326959],[111.186138,39.35149],[111.155341,39.338531],[111.159037,39.362596],[111.125776,39.366297],[111.087588,39.376013],[111.098059,39.401914],[111.064182,39.400989],[111.058639,39.447681],[111.10545,39.472631],[111.10545,39.497573],[111.148566,39.531277],[111.154725,39.569116],[111.136863,39.587106],[111.101138,39.559428],[111.017371,39.552045],[110.958856,39.519275],[110.891103,39.509118],[110.869545,39.494341],[110.782698,39.38804],[110.73835,39.348713],[110.731575,39.30705],[110.702626,39.273701],[110.626249,39.266751],[110.596684,39.282966],[110.566503,39.320014],[110.559728,39.351027],[110.524003,39.382952],[110.482735,39.360745],[110.434692,39.381101],[110.429764,39.341308],[110.385417,39.310291],[110.257917,39.407001],[110.243751,39.423645],[110.152592,39.45415],[110.12549,39.432891],[110.136577,39.39174],[110.161831,39.387115],[110.184005,39.355192],[110.217881,39.281113],[110.109476,39.249606],[110.041107,39.21623],[109.962267,39.212056],[109.90252,39.271848],[109.871723,39.243581],[109.961035,39.191651],[109.893897,39.141075],[109.92223,39.107183],[109.890818,39.103932],[109.851397,39.122971],[109.793499,39.074204],[109.762086,39.057476],[109.72513,39.018429],[109.665384,38.981687],[109.685094,38.968195],[109.672159,38.928167],[109.624116,38.85457],[109.549587,38.805618],[109.511399,38.833595],[109.444262,38.782763],[109.404226,38.720689],[109.338936,38.701542],[109.329081,38.66043],[109.367269,38.627711],[109.331545,38.597783],[109.276726,38.623035],[109.196654,38.552867],[109.175712,38.518694],[109.128901,38.480288],[109.054372,38.433892],[109.051292,38.385122],[109.007561,38.359316],[108.961981,38.26493],[108.976148,38.245192],[108.938575,38.207582],[108.964445,38.154894],[109.069155,38.091336],[109.050676,38.055059],[109.06977,38.023008],[109.037742,38.021593],[109.018648,37.971602],[108.982923,37.964053],[108.9743,37.931962],[108.93488,37.922521],[108.893612,37.978207],[108.883141,38.01405],[108.830786,38.049875],[108.797525,38.04799],[108.82709,37.989056],[108.798141,37.93385],[108.791982,37.872934],[108.799989,37.784068],[108.784591,37.764673],[108.791982,37.700303],[108.777815,37.683728],[108.720533,37.683728],[108.699591,37.669518],[108.628142,37.651988],[108.532671,37.690832],[108.485244,37.678044],[108.422418,37.648672],[108.301078,37.640616],[108.293071,37.656726],[108.24626,37.665728],[108.205608,37.655779],[108.193905,37.638246],[108.134159,37.622131],[108.055318,37.652462],[108.025137,37.649619],[108.012819,37.66857],[108.025753,37.696041],[107.993109,37.735335],[107.982022,37.787378],[107.884703,37.808186],[107.842819,37.828987],[107.732566,37.84931],[107.684523,37.888522],[107.65003,37.86443],[107.659269,37.844112],[107.646335,37.805349],[107.620465,37.776026],[107.599523,37.791162],[107.57119,37.776499],[107.499125,37.765619],[107.484959,37.706458],[107.425828,37.684201],[107.387024,37.691305],[107.389488,37.671413],[107.422133,37.665254],[107.361155,37.613125],[107.311264,37.609806],[107.330358,37.584201],[107.369162,37.58752],[107.345756,37.518725],[107.284162,37.481691],[107.282931,37.437036],[107.257677,37.337179],[107.273075,37.29101],[107.309416,37.239095],[107.270612,37.229089],[107.317423,37.200017],[107.336517,37.165687],[107.334669,37.138975],[107.306952,37.100799],[107.281083,37.127047],[107.268764,37.099367],[107.28601,37.054963],[107.288474,37.008143],[107.288474,37.008143],[107.291554,36.979463],[107.291554,36.979463],[107.310032,36.912502],[107.336517,36.925899],[107.365466,36.905324],[107.478183,36.908196],[107.533618,36.867031],[107.540393,36.828718],[107.5909,36.836382],[107.642023,36.819137],[107.670356,36.83303],[107.722095,36.802367],[107.742421,36.811951],[107.768291,36.792783],[107.866841,36.766899],[107.907493,36.750118],[107.914268,36.720861],[107.940754,36.694953],[107.938906,36.655594],[108.006659,36.683435],[108.02329,36.647912],[108.001732,36.639269],[108.060862,36.592194],[108.079956,36.614294],[108.092891,36.587388],[108.163724,36.563839],[108.1976,36.630144],[108.222854,36.631105],[108.204992,36.606607],[108.204992,36.606607],[108.210535,36.577296],[108.245644,36.571048],[108.262274,36.549417],[108.340498,36.559032],[108.365136,36.519603],[108.391621,36.505654],[108.408252,36.45946],[108.460606,36.422871],[108.495099,36.422389],[108.514809,36.445501],[108.510498,36.47438],[108.562852,36.43876],[108.618903,36.433946],[108.651548,36.384818],[108.641693,36.359279],[108.646004,36.254143],[108.712526,36.138716],[108.682345,36.062316],[108.688504,36.021183],[108.659555,35.990683],[108.652164,35.94806],[108.593649,35.950967],[108.562852,35.921409],[108.518505,35.905414],[108.499411,35.872444],[108.527744,35.82442],[108.533903,35.746257],[108.517889,35.699615],[108.539447,35.605761],[108.618287,35.557088],[108.625678,35.537124],[108.605968,35.503028],[108.631222,35.418698],[108.61028,35.355271],[108.614591,35.328909],[108.583178,35.294724],[108.547454,35.304981],[108.48894,35.275184],[108.36144,35.279581],[108.345426,35.300586],[108.296767,35.267855],[108.239484,35.256127],[108.221622,35.296678],[108.174811,35.304981],[108.094739,35.280069],[108.049159,35.253683],[107.949993,35.245375],[107.960464,35.263457],[107.867457,35.256127],[107.841587,35.276649],[107.745501,35.311819],[107.737494,35.267366],[107.667277,35.257104],[107.652494,35.244886],[107.686371,35.218],[107.715936,35.168114],[107.727639,35.120157],[107.769523,35.064333],[107.769523,35.064333],[107.773218,35.060904],[107.773218,35.060904],[107.814486,35.024646],[107.846515,35.024646],[107.863145,34.999158],[107.842203,34.979056],[107.741805,34.953553],[107.675284,34.9511],[107.638943,34.935402],[107.619849,34.964834],[107.564415,34.968757],[107.523763,34.909886],[107.455394,34.916757],[107.400575,34.932949],[107.369162,34.917738],[107.350068,34.93393],[107.286626,34.931968],[107.252749,34.880925],[107.189308,34.893198],[107.162206,34.944233],[107.119707,34.950119],[107.089526,34.976604],[107.08275,35.024156],[107.012533,35.029547],[106.990975,35.068252],[106.950323,35.066782],[106.901664,35.094698],[106.838222,35.080007],[106.710723,35.100574],[106.706411,35.081966],[106.615252,35.071191],[106.577064,35.089312],[106.541956,35.083925],[106.52163,35.027587],[106.494528,35.006021],[106.494528,35.006021],[106.484673,34.983959],[106.493296,34.941289],[106.527789,34.876507],[106.556122,34.861285],[106.550579,34.82936],[106.575216,34.769897],[106.539492,34.745805],[106.505615,34.746789],[106.487137,34.715311],[106.456956,34.703996],[106.442173,34.675455],[106.471122,34.634102],[106.419384,34.643458],[106.314058,34.578934],[106.341159,34.568093],[106.334384,34.517811],[106.455108,34.531617],[106.514238,34.511894],[106.513622,34.498085],[106.558586,34.48822],[106.610941,34.454177],[106.638042,34.391481],[106.717498,34.369255],[106.691013,34.337635],[106.705179,34.299575],[106.68239,34.256057],[106.652825,34.24369],[106.63373,34.260014],[106.589383,34.253584],[106.577064,34.280786],[106.526557,34.292159],[106.496376,34.238248],[106.5321,34.254079],[106.55797,34.229837],[106.585071,34.149641],[106.560434,34.109514],[106.501919,34.105055],[106.505615,34.056479],[106.471738,34.024244],[106.474202,33.970659],[106.41076,33.909093],[106.428007,33.866368],[106.475434,33.875809],[106.491448,33.834559],[106.461883,33.789807],[106.488369,33.757969],[106.482825,33.707203],[106.534564,33.695254],[106.575832,33.631497],[106.58076,33.576169],[106.540108,33.512822],[106.456956,33.532779],[106.447101,33.613058],[106.384891,33.612061],[106.35163,33.587137],[106.303587,33.604585],[106.237681,33.564201],[106.187174,33.546746],[106.108334,33.569686],[106.117573,33.602591],[106.086776,33.617045],[106.047356,33.610067],[105.971596,33.613058],[105.940183,33.570684],[105.902611,33.556222],[105.871198,33.511325],[105.842248,33.489866],[105.831162,33.451926],[105.837937,33.410971],[105.827466,33.379993],[105.709822,33.382991],[105.755401,33.329004],[105.752937,33.291994],[105.791741,33.278486],[105.799133,33.258471],[105.862574,33.234447],[105.917393,33.237951],[105.965436,33.204407],[105.968516,33.154318],[105.93156,33.178365],[105.897067,33.146803],[105.923552,33.147805],[105.934639,33.112221],[105.914929,33.066092],[105.926632,33.042517],[105.917393,32.993841],[105.861959,32.939112],[105.82685,32.950663],[105.735691,32.905454],[105.656851,32.895405],[105.638373,32.879323],[105.590329,32.87681],[105.565692,32.906962],[105.528119,32.919019],[105.49917,32.911986],[105.495475,32.873292],[105.524424,32.847654],[105.534279,32.790822],[105.555221,32.794343],[105.563844,32.724891],[105.585402,32.728919],[105.596489,32.69921],[105.677793,32.726402],[105.719061,32.759624],[105.768952,32.767676],[105.779423,32.750061],[105.822538,32.770192],[105.825002,32.824523],[105.849024,32.817985],[105.893371,32.838603],[105.93156,32.826032],[105.969132,32.849162],[106.011632,32.829552],[106.044277,32.864747],[106.071378,32.828546],[106.093552,32.82402],[106.07261,32.76365],[106.076921,32.76365],[106.076305,32.759121],[106.071378,32.758114],[106.120037,32.719856],[106.17424,32.6977],[106.254928,32.693671],[106.267863,32.673522],[106.301123,32.680071],[106.347935,32.671003],[106.389203,32.62666],[106.421231,32.616579],[106.451412,32.65992],[106.498224,32.649338],[106.517934,32.668485],[106.585687,32.68813],[106.626955,32.682086],[106.670071,32.694678],[106.733513,32.739491],[106.783404,32.735967],[106.793259,32.712807],[106.82344,32.705254],[106.854853,32.724388],[106.903512,32.721367],[106.912751,32.704247],[107.012533,32.721367],[107.066736,32.708779],[107.05996,32.686115],[107.098765,32.649338],[107.108004,32.600951],[107.080286,32.542448],[107.127098,32.482393],[107.189924,32.468256],[107.212097,32.428864],[107.263836,32.403099],[107.287858,32.457147],[107.313727,32.489965],[107.356843,32.506622],[107.382097,32.54043],[107.436299,32.529835],[107.438763,32.465732],[107.460937,32.453612],[107.456625,32.41775],[107.489886,32.425328],[107.527458,32.38238],[107.598291,32.411688],[107.648183,32.413709],[107.680827,32.397035],[107.707929,32.331826],[107.753508,32.338399],[107.812022,32.247844],[107.864377,32.201266],[107.890247,32.214432],[107.924739,32.197215],[107.979558,32.146051],[108.024521,32.177462],[108.018362,32.2119],[108.086731,32.233165],[108.143398,32.219495],[108.156948,32.239239],[108.179738,32.221521],[108.240716,32.274666],[108.310933,32.232152],[108.389773,32.263533],[108.414411,32.252399],[108.469846,32.270618],[108.507418,32.245819],[108.509882,32.201266],[108.543758,32.177969],[108.585026,32.17189],[108.676801,32.10297],[108.734084,32.106519],[108.75133,32.076098],[108.78767,32.04871],[108.837561,32.039072],[108.902235,31.984774],[108.986619,31.980205],[109.085785,31.929428],[109.123357,31.892851],[109.191111,31.85575],[109.195422,31.817618],[109.27611,31.79931],[109.279806,31.776418],[109.253936,31.759628],[109.282885,31.743343],[109.281654,31.716874],[109.381436,31.705165],[109.446109,31.722983],[109.502776,31.716365],[109.549587,31.73011],[109.585928,31.726546],[109.592087,31.789136],[109.633971,31.804396],[109.633971,31.824738],[109.60379,31.885737],[109.584696,31.900472],[109.62042,31.928412],[109.631507,31.962436],[109.590855,32.012688],[109.590855,32.047696],[109.621652,32.106519],[109.58716,32.161251],[109.604406,32.199241],[109.592703,32.219495],[109.550203,32.225065],[109.528645,32.270112],[109.495385,32.300468],[109.513247,32.342444],[109.502776,32.38895],[109.529877,32.405625],[109.526797,32.43341],[109.575457,32.506622],[109.637051,32.540935],[109.619804,32.56767],[109.631507,32.599943],[109.726978,32.608513],[109.746072,32.594901],[109.816905,32.577252],[109.910528,32.592884],[109.97089,32.577756],[110.017701,32.546989],[110.084223,32.580782],[110.090382,32.617083],[110.124259,32.616579],[110.153824,32.593388],[110.206179,32.633212],[110.156903,32.683093],[110.159367,32.767173],[110.127338,32.77774],[110.142121,32.802895],[110.105164,32.832569],[110.051578,32.851676],[109.988752,32.886359],[109.927158,32.887364],[109.907448,32.903947],[109.856941,32.910479],[109.847702,32.893395],[109.789804,32.882339],[109.76455,32.909474],[109.785492,32.987316],[109.794731,33.067095],[109.704188,33.101694],[109.688174,33.116733],[109.576073,33.110216],[109.522486,33.138785],[109.468283,33.140288],[109.438718,33.152314],[109.498464,33.207412],[109.514479,33.237951],[109.60687,33.235949],[109.619804,33.275484],[109.649985,33.251465],[109.693101,33.254468],[109.732521,33.231443],[109.813209,33.236449],[109.852013,33.247961],[109.916687,33.229942],[109.973353,33.203907],[109.999223,33.212419],[110.031252,33.191888],[110.164911,33.209415],[110.218497,33.163336],[110.285635,33.171352],[110.33799,33.160331],[110.372482,33.186379],[110.398352,33.176862],[110.398352,33.176862],[110.471032,33.171352],[110.54125,33.255469],[110.57759,33.250464],[110.59422,33.168346],[110.623785,33.143796],[110.650887,33.157324],[110.702626,33.097182],[110.753133,33.15031],[110.824582,33.158327],[110.828893,33.201403],[110.865234,33.213921],[110.9219,33.203907],[110.960704,33.253967],[110.984726,33.255469],[111.025994,33.330504],[111.025994,33.375495],[110.996429,33.435946],[111.02661,33.467903],[111.021066,33.471397],[111.021682,33.476389],[111.02661,33.478386],[111.002588,33.535772],[111.00382,33.578662],[110.966864,33.609071],[110.878784,33.634486],[110.823966,33.685793],[110.831973,33.713675],[110.81719,33.751003],[110.782082,33.796272],[110.74143,33.798759],[110.712481,33.833564],[110.66259,33.85295],[110.612083,33.852453],[110.587445,33.887733],[110.628713,33.910086],[110.627481,33.925482],[110.665669,33.937895],[110.671213,33.966192],[110.620706,34.035652],[110.587445,34.023252],[110.591757,34.101586],[110.61393,34.113478],[110.642264,34.161032],[110.621938,34.177372],[110.55788,34.193214],[110.55172,34.213012],[110.507989,34.217466],[110.43962,34.243196],[110.428533,34.288203],[110.451938,34.292653],[110.503677,34.33714],[110.473496,34.393457],[110.403279,34.433448],[110.403279,34.433448],[110.360779,34.516825],[110.372482,34.544435],[110.404511,34.557743],[110.366939,34.566614],[110.379257,34.600612]]],[[[111.02661,33.478386],[111.021682,33.476389],[111.021066,33.471397],[111.02661,33.467903],[111.02661,33.478386]]],[[[106.076921,32.76365],[106.07261,32.76365],[106.071378,32.758114],[106.076305,32.759121],[106.076921,32.76365]]]]}},{"type":"Feature","properties":{"adcode":620000,"name":"甘肃省","center":[103.823557,36.058039],"childrenNum":14,"level":"province","parent":{"adcode":100000},"subFeatureIndex":27,"acroutes":[100000]},"geometry":{"type":"MultiPolygon","coordinates":[[[[106.113,35.362],[106.173,35.438],[106.196,35.41],[106.238,35.409],[106.241,35.359],[106.363,35.239],[106.368,35.274],[106.472,35.311],[106.501,35.364],[106.49,35.481],[106.466,35.481],[106.441,35.526],[106.46,35.579],[106.479,35.575],[106.435,35.688],[106.493,35.733],[106.506,35.738],[106.567,35.739],[106.596,35.727],[106.621,35.744],[106.633,35.715],[106.663,35.707],[106.675,35.728],[106.751,35.689],[106.751,35.725],[106.806,35.71],[106.819,35.745],[106.867,35.738],[106.868,35.772],[106.897,35.76],[106.928,35.81],[106.85,35.887],[106.94,35.931],[106.939,35.953],[106.902,35.944],[106.948,35.988],[106.928,36.012],[106.958,36.091],[106.833,36.229],[106.773,36.213],[106.698,36.244],[106.685,36.273],[106.648,36.259],[106.559,36.292],[106.541,36.254],[106.504,36.266],[106.471,36.306],[106.498,36.313],[106.511,36.379],[106.492,36.422],[106.523,36.469],[106.371,36.549],[106.364,36.577],[106.445,36.557],[106.466,36.583],[106.445,36.625],[106.491,36.629],[106.491,36.686],[106.531,36.69],[106.514,36.716],[106.594,36.75],[106.645,36.723],[106.628,36.753],[106.658,36.821],[106.627,36.892],[106.61,36.879],[106.602,36.918],[106.549,36.942],[106.54,36.984],[106.596,36.94],[106.595,36.968],[106.643,36.963],[106.667,37.017],[106.617,37.135],[106.673,37.111],[106.688,37.13],[106.729,37.121],[106.75,37.099],[106.776,37.158],[106.891,37.098],[106.912,37.11],[106.906,37.151],[106.998,37.107],[107.031,37.108],[107.03,37.141],[107.096,37.116],[107.182,37.143],[107.235,37.097],[107.269,37.099],[107.31,36.913],[107.478,36.908],[107.534,36.867],[107.54,36.829],[107.67,36.833],[107.907,36.75],[107.939,36.656],[108.007,36.683],[108.023,36.648],[108.002,36.639],[108.061,36.592],[108.08,36.614],[108.093,36.587],[108.164,36.564],[108.198,36.63],[108.223,36.631],[108.211,36.577],[108.262,36.549],[108.34,36.559],[108.408,36.459],[108.461,36.423],[108.495,36.422],[108.51,36.474],[108.563,36.439],[108.619,36.434],[108.652,36.385],[108.646,36.254],[108.713,36.139],[108.652,35.948],[108.594,35.951],[108.499,35.872],[108.528,35.824],[108.518,35.7],[108.539,35.606],[108.626,35.537],[108.606,35.503],[108.631,35.419],[108.615,35.329],[108.583,35.295],[108.547,35.305],[108.489,35.275],[108.361,35.28],[108.345,35.301],[108.239,35.256],[108.222,35.297],[108.175,35.305],[108.049,35.254],[107.95,35.245],[107.96,35.263],[107.867,35.256],[107.746,35.312],[107.737,35.267],[107.652,35.245],[107.77,35.064],[107.847,35.025],[107.863,34.999],[107.842,34.979],[107.639,34.935],[107.62,34.965],[107.564,34.969],[107.524,34.91],[107.287,34.932],[107.253,34.881],[107.189,34.893],[107.162,34.944],[107.12,34.95],[107.09,34.977],[107.083,35.024],[107.013,35.03],[106.991,35.068],[106.902,35.095],[106.542,35.084],[106.485,34.984],[106.528,34.877],[106.556,34.861],[106.575,34.77],[106.457,34.704],[106.442,34.675],[106.471,34.634],[106.419,34.643],[106.314,34.579],[106.341,34.568],[106.334,34.518],[106.455,34.532],[106.514,34.512],[106.611,34.454],[106.638,34.391],[106.717,34.369],[106.691,34.338],[106.705,34.3],[106.653,34.244],[106.527,34.292],[106.496,34.238],[106.532,34.254],[106.558,34.23],[106.585,34.15],[106.56,34.11],[106.502,34.105],[106.474,33.971],[106.411,33.909],[106.428,33.866],[106.475,33.876],[106.491,33.835],[106.462,33.79],[106.488,33.758],[106.483,33.707],[106.535,33.695],[106.576,33.631],[106.581,33.576],[106.54,33.513],[106.457,33.533],[106.447,33.613],[106.385,33.612],[106.352,33.587],[106.304,33.605],[106.187,33.547],[106.108,33.57],[106.118,33.603],[106.087,33.617],[105.972,33.613],[105.842,33.49],[105.827,33.38],[105.71,33.383],[105.755,33.329],[105.753,33.292],[105.799,33.258],[105.917,33.238],[105.965,33.204],[105.969,33.154],[105.932,33.178],[105.897,33.147],[105.924,33.148],[105.935,33.112],[105.917,32.994],[105.862,32.939],[105.827,32.951],[105.638,32.879],[105.59,32.877],[105.528,32.919],[105.414,32.922],[105.408,32.886],[105.381,32.876],[105.454,32.767],[105.449,32.733],[105.369,32.713],[105.298,32.657],[105.22,32.666],[105.215,32.637],[105.111,32.594],[105.079,32.637],[105.027,32.65],[104.882,32.601],[104.846,32.654],[104.74,32.635],[104.697,32.674],[104.643,32.662],[104.583,32.722],[104.527,32.728],[104.512,32.754],[104.459,32.749],[104.364,32.823],[104.294,32.836],[104.288,32.943],[104.378,32.953],[104.384,32.994],[104.426,33.011],[104.338,33.038],[104.378,33.109],[104.304,33.304],[104.386,33.298],[104.42,33.327],[104.293,33.337],[104.272,33.391],[104.22,33.404],[104.155,33.543],[104.177,33.6],[104.046,33.686],[103.778,33.659],[103.593,33.716],[103.552,33.671],[103.52,33.678],[103.545,33.72],[103.518,33.807],[103.465,33.802],[103.435,33.753],[103.354,33.744],[103.279,33.774],[103.285,33.802],[103.25,33.814],[103.228,33.795],[103.165,33.806],[103.181,33.901],[103.12,33.953],[103.157,33.999],[103.148,34.037],[103.12,34.035],[103.13,34.066],[103.179,34.08],[103.122,34.112],[103.124,34.162],[103.1,34.182],[102.973,34.206],[102.978,34.253],[102.912,34.313],[102.86,34.301],[102.857,34.271],[102.798,34.273],[102.78,34.237],[102.729,34.236],[102.599,34.148],[102.656,34.113],[102.649,34.08],[102.616,34.1],[102.471,34.073],[102.437,34.087],[102.392,33.972],[102.346,33.97],[102.316,33.994],[102.226,33.963],[102.168,33.983],[102.136,33.965],[102.253,33.861],[102.243,33.787],[102.296,33.784],[102.325,33.754],[102.285,33.719],[102.342,33.726],[102.315,33.665],[102.347,33.606],[102.478,33.543],[102.447,33.532],[102.463,33.449],[102.393,33.404],[102.258,33.409],[102.192,33.337],[102.217,33.248],[102.201,33.223],[102.117,33.288],[102.089,33.205],[101.935,33.187],[101.866,33.103],[101.826,33.119],[101.842,33.185],[101.77,33.269],[101.877,33.315],[101.887,33.384],[101.946,33.443],[101.906,33.482],[101.884,33.578],[101.844,33.603],[101.831,33.555],[101.783,33.557],[101.749,33.505],[101.622,33.502],[101.617,33.599],[101.584,33.674],[101.502,33.703],[101.385,33.645],[101.237,33.686],[101.167,33.66],[101.191,33.792],[101.154,33.845],[100.995,33.892],[100.881,34.037],[100.87,34.084],[100.764,34.179],[100.809,34.247],[100.822,34.317],[100.869,34.333],[100.895,34.375],[100.951,34.384],[101.055,34.323],[101.194,34.337],[101.235,34.325],[101.229,34.299],[101.326,34.268],[101.327,34.245],[101.482,34.219],[101.492,34.196],[101.539,34.212],[101.621,34.179],[101.674,34.111],[101.703,34.119],[101.719,34.083],[101.788,34.132],[101.837,34.124],[101.852,34.153],[101.955,34.11],[101.966,34.167],[102.003,34.162],[102.031,34.191],[102.014,34.218],[102.062,34.228],[102.068,34.294],[102.15,34.272],[102.187,34.353],[102.259,34.356],[102.169,34.458],[102.156,34.507],[102.093,34.537],[102.002,34.539],[101.935,34.587],[101.917,34.874],[101.986,34.9],[102.068,34.888],[102.048,34.911],[102.095,34.987],[102.211,35.035],[102.218,35.057],[102.296,35.072],[102.31,35.129],[102.404,35.179],[102.37,35.264],[102.281,35.303],[102.312,35.314],[102.318,35.343],[102.288,35.366],[102.294,35.424],[102.408,35.409],[102.448,35.437],[102.438,35.455],[102.503,35.585],[102.743,35.495],[102.783,35.528],[102.729,35.523],[102.747,35.545],[102.809,35.56],[102.686,35.772],[102.787,35.863],[102.945,35.83],[102.968,36.044],[102.882,36.083],[102.941,36.105],[102.987,36.193],[103.067,36.217],[102.897,36.332],[102.846,36.332],[102.832,36.366],[102.83,36.366],[102.772,36.474],[102.793,36.498],[102.734,36.562],[102.762,36.569],[102.715,36.599],[102.724,36.614],[102.631,36.651],[102.601,36.71],[102.613,36.738],[102.72,36.768],[102.639,36.853],[102.587,36.87],[102.561,36.92],[102.45,36.968],[102.506,37.019],[102.488,37.078],[102.642,37.1],[102.6,37.175],[102.458,37.248],[102.428,37.309],[102.103,37.483],[102.131,37.546],[102.035,37.628],[102.036,37.685],[101.999,37.725],[101.946,37.728],[101.816,37.654],[101.792,37.696],[101.659,37.733],[101.67,37.754],[101.598,37.828],[101.459,37.866],[101.363,37.791],[101.203,37.847],[101.159,37.868],[101.103,37.947],[101.077,37.942],[100.964,38.011],[100.895,38.013],[100.889,38.056],[100.922,38.085],[100.938,38.16],[100.914,38.179],[100.861,38.148],[100.715,38.254],[100.619,38.266],[100.595,38.242],[100.475,38.289],[100.46,38.265],[100.432,38.275],[100.424,38.307],[100.397,38.293],[100.319,38.329],[100.302,38.388],[100.259,38.366],[100.24,38.442],[100.064,38.519],[100.026,38.508],[100.001,38.467],[100.022,38.432],[100.093,38.407],[100.137,38.334],[100.164,38.328],[100.183,38.222],[100.126,38.232],[100.072,38.285],[99.659,38.449],[99.529,38.546],[99.502,38.612],[99.451,38.604],[99.362,38.718],[99.069,38.897],[99.108,38.952],[98.952,38.988],[98.818,39.065],[98.817,39.086],[98.744,39.087],[98.585,38.93],[98.458,38.953],[98.384,39.03],[98.281,39.027],[98.277,38.964],[98.235,38.919],[98.242,38.881],[98.092,38.786],[98.009,38.859],[97.701,38.963],[97.679,39.011],[97.347,39.168],[97.141,39.2],[96.962,39.198],[97.012,39.142],[96.97,39.098],[96.941,38.908],[96.984,38.869],[96.988,38.793],[97.023,38.756],[97.009,38.702],[97.058,38.673],[97.056,38.595],[96.961,38.558],[96.794,38.608],[96.809,38.582],[96.768,38.552],[96.8,38.528],[96.781,38.504],[96.667,38.484],[96.708,38.459],[96.698,38.422],[96.627,38.356],[96.665,38.23],[96.378,38.277],[96.336,38.246],[96.302,38.183],[96.313,38.162],[96.264,38.146],[96.253,38.168],[96.222,38.149],[96.109,38.187],[96.066,38.173],[95.939,38.237],[95.896,38.29],[95.853,38.287],[95.837,38.344],[95.704,38.4],[95.518,38.295],[95.488,38.315],[95.456,38.292],[95.441,38.311],[95.316,38.319],[95.259,38.303],[95.122,38.417],[95.073,38.402],[94.974,38.43],[94.561,38.352],[94.527,38.365],[94.527,38.426],[94.37,38.763],[93.885,38.721],[93.8,38.751],[93.756,38.807],[93.884,38.826],[93.884,38.868],[93.835,38.868],[93.729,38.924],[93.274,38.896],[93.179,38.924],[93.198,39.046],[93.132,39.108],[93.142,39.161],[93.115,39.18],[93.043,39.147],[92.978,39.143],[92.939,39.17],[92.867,39.139],[92.546,39.111],[92.49,39.1],[92.459,39.043],[92.41,39.038],[92.367,39.059],[92.339,39.237],[92.526,39.369],[92.64,39.514],[92.746,39.868],[92.797,40.154],[92.907,40.311],[92.928,40.573],[93.761,40.665],[93.821,40.794],[93.81,40.88],[94.011,41.115],[94.184,41.268],[94.534,41.506],[94.75,41.538],[94.862,41.668],[95.136,41.773],[95.199,41.719],[95.247,41.613],[95.3,41.566],[95.336,41.644],[95.571,41.796],[95.855,41.85],[96.055,41.936],[96.138,42.02],[96.139,42.054],[96.077,42.149],[96.178,42.218],[96.041,42.327],[96.066,42.415],[95.979,42.437],[96.017,42.482],[96.024,42.543],[96.104,42.604],[96.386,42.728],[96.968,42.756],[97.173,42.795],[97.847,41.656],[97.614,41.477],[97.629,41.44],[97.972,41.098],[98.25,40.939],[98.333,40.919],[98.344,40.568],[98.628,40.678],[98.57,40.747],[98.668,40.773],[98.689,40.692],[98.803,40.607],[98.791,40.706],[98.985,40.783],[99.042,40.694],[99.102,40.677],[99.173,40.747],[99.175,40.858],[99.566,40.847],[99.673,40.933],[100.057,40.908],[100.108,40.875],[100.237,40.717],[100.243,40.619],[100.169,40.541],[100.169,40.278],[100.007,40.2],[99.956,40.151],[99.927,40.064],[99.841,40.013],[99.751,40.007],[99.533,39.892],[99.441,39.886],[99.469,39.875],[99.672,39.888],[99.822,39.86],[99.905,39.786],[100.041,39.757],[100.128,39.702],[100.25,39.685],[100.314,39.607],[100.301,39.572],[100.327,39.509],[100.501,39.481],[100.499,39.401],[100.842,39.406],[100.864,39.107],[100.829,39.075],[100.835,39.026],[100.875,39.003],[100.902,39.03],[100.962,39.006],[100.97,38.947],[101.229,39.021],[101.199,38.943],[101.237,38.907],[101.243,38.861],[101.335,38.847],[101.342,38.822],[101.307,38.803],[101.331,38.777],[101.563,38.713],[101.602,38.655],[101.673,38.691],[101.777,38.66],[101.942,38.809],[102.075,38.891],[101.834,39.089],[101.903,39.112],[102.277,39.189],[102.453,39.255],[102.617,39.172],[103.008,39.1],[103.345,39.332],[103.853,39.462],[104.09,39.42],[104.047,39.298],[104.171,39.161],[104.208,39.083],[104.196,38.988],[104.173,38.944],[104.044,38.895],[103.86,38.645],[103.416,38.405],[103.508,38.281],[103.535,38.157],[103.369,38.089],[103.407,37.861],[103.683,37.778],[103.875,37.604],[104.184,37.407],[104.365,37.418],[104.438,37.446],[104.449,37.425],[104.521,37.435],[104.68,37.408],[104.662,37.368],[104.714,37.33],[104.651,37.291],[104.625,37.299],[104.601,37.243],[104.638,37.202],[104.718,37.209],[104.777,37.247],[104.856,37.212],[104.915,37.098],[104.954,37.077],[104.955,37.04],[105.165,36.995],[105.179,36.892],[105.245,36.895],[105.335,36.801],[105.32,36.743],[105.276,36.753],[105.201,36.701],[105.22,36.631],[105.276,36.563],[105.252,36.553],[105.282,36.522],[105.322,36.536],[105.362,36.497],[105.363,36.443],[105.398,36.431],[105.401,36.37],[105.476,36.293],[105.46,36.224],[105.515,36.147],[105.491,36.101],[105.431,36.104],[105.344,36.034],[105.325,35.942],[105.35,35.876],[105.398,35.857],[105.371,35.844],[105.381,35.793],[105.429,35.819],[105.482,35.727],[105.596,35.716],[105.667,35.75],[105.759,35.725],[105.741,35.699],[105.724,35.726],[105.691,35.699],[105.8,35.565],[105.816,35.575],[105.847,35.49],[105.869,35.54],[105.9,35.547],[106.047,35.498],[105.898,35.451],[105.895,35.414],[106.002,35.439],[106.034,35.469],[106.054,35.455],[106.072,35.464],[106.068,35.436],[106.073,35.421],[106.113,35.362]]],[[[106.049,35.489],[106.079,35.51],[106.054,35.455],[106.049,35.489]]],[[[102.839,36.346],[102.836,36.345],[102.83,36.366],[102.839,36.346]]],[[[106.073,35.447],[106.083,35.422],[106.073,35.421],[106.073,35.447]]]]}},{"type":"Feature","properties":{"adcode":630000,"name":"青海省","center":[101.778916,36.623178],"centroid":[96.043533,35.726403],"childrenNum":8,"level":"province","parent":{"adcode":100000},"subFeatureIndex":28,"acroutes":[100000]},"geometry":{"type":"Polygon","coordinates":[[[102.897,36.332],[103.067,36.217],[102.987,36.193],[102.941,36.105],[102.882,36.083],[102.968,36.044],[102.945,35.83],[102.787,35.863],[102.686,35.772],[102.809,35.56],[102.747,35.545],[102.729,35.523],[102.783,35.528],[102.743,35.495],[102.503,35.585],[102.438,35.455],[102.448,35.437],[102.408,35.409],[102.294,35.424],[102.288,35.366],[102.318,35.343],[102.312,35.314],[102.281,35.303],[102.37,35.264],[102.404,35.179],[102.31,35.129],[102.296,35.072],[102.218,35.057],[102.211,35.035],[102.095,34.987],[102.048,34.911],[102.068,34.888],[101.986,34.9],[101.917,34.874],[101.935,34.587],[102.002,34.539],[102.093,34.537],[102.156,34.507],[102.169,34.458],[102.259,34.356],[102.187,34.353],[102.15,34.272],[102.068,34.294],[102.062,34.228],[102.014,34.218],[102.031,34.191],[102.003,34.162],[101.966,34.167],[101.955,34.11],[101.852,34.153],[101.837,34.124],[101.764,34.123],[101.736,34.08],[101.703,34.119],[101.674,34.111],[101.621,34.179],[101.327,34.245],[101.326,34.268],[101.229,34.299],[101.235,34.325],[101.194,34.337],[101.055,34.323],[100.951,34.384],[100.895,34.375],[100.869,34.333],[100.822,34.317],[100.809,34.247],[100.764,34.179],[100.87,34.084],[100.881,34.037],[100.995,33.892],[101.154,33.845],[101.191,33.792],[101.167,33.66],[101.237,33.686],[101.385,33.645],[101.502,33.703],[101.584,33.674],[101.617,33.599],[101.622,33.502],[101.719,33.495],[101.778,33.534],[101.769,33.456],[101.696,33.434],[101.664,33.384],[101.65,33.323],[101.736,33.28],[101.634,33.101],[101.488,33.227],[101.403,33.225],[101.382,33.153],[101.297,33.262],[101.183,33.269],[101.125,33.221],[101.116,33.195],[101.17,33.1],[101.144,33.086],[101.146,33.057],[101.185,33.042],[101.184,32.984],[101.129,32.989],[101.124,32.91],[101.178,32.893],[101.237,32.825],[101.223,32.726],[101.157,32.661],[101.077,32.683],[100.932,32.6],[100.888,32.633],[100.771,32.644],[100.691,32.678],[100.71,32.61],[100.662,32.616],[100.646,32.526],[100.545,32.57],[100.47,32.695],[100.42,32.732],[100.378,32.699],[100.399,32.756],[100.339,32.719],[100.259,32.743],[100.208,32.606],[100.19,32.631],[100.11,32.64],[100.088,32.669],[100.139,32.724],[100.123,32.837],[100.065,32.896],[100.03,32.896],[100.038,32.929],[99.956,32.948],[99.948,32.987],[99.877,33.046],[99.851,32.942],[99.788,32.957],[99.764,32.925],[99.792,32.883],[99.76,32.77],[99.718,32.732],[99.701,32.767],[99.589,32.789],[99.558,32.839],[99.376,32.9],[99.269,32.878],[99.196,33.035],[99.125,33.046],[99.09,33.079],[99.015,33.081],[98.859,33.151],[98.805,33.219],[98.802,33.27],[98.76,33.277],[98.78,33.37],[98.736,33.407],[98.726,33.503],[98.648,33.549],[98.652,33.595],[98.617,33.637],[98.657,33.647],[98.583,33.732],[98.494,33.769],[98.463,33.848],[98.407,33.867],[98.415,33.957],[98.441,33.982],[98.4,34.085],[98.206,34.084],[98.028,34.123],[97.955,34.191],[97.898,34.21],[97.81,34.208],[97.767,34.159],[97.666,34.127],[97.703,34.037],[97.653,33.998],[97.66,33.956],[97.629,33.92],[97.395,33.889],[97.398,33.848],[97.372,33.842],[97.423,33.755],[97.435,33.682],[97.416,33.606],[97.523,33.577],[97.512,33.521],[97.552,33.466],[97.626,33.461],[97.754,33.41],[97.676,33.341],[97.623,33.337],[97.608,33.264],[97.488,33.168],[97.487,33.107],[97.517,33.098],[97.542,33.036],[97.5,33.011],[97.524,32.989],[97.376,32.957],[97.348,32.896],[97.376,32.886],[97.386,32.779],[97.424,32.705],[97.731,32.527],[97.502,32.531],[97.449,32.587],[97.332,32.542],[97.335,32.514],[97.388,32.502],[97.341,32.441],[97.388,32.427],[97.425,32.323],[97.371,32.273],[97.3,32.295],[97.264,32.183],[97.271,32.14],[97.314,32.13],[97.293,32.097],[97.308,32.077],[97.259,32.072],[97.22,32.109],[97.202,32.09],[97.234,32.064],[97.17,32.033],[97.007,32.068],[96.936,32.048],[96.966,32.009],[96.942,31.986],[96.894,32.014],[96.863,31.996],[96.869,31.965],[96.824,32.008],[96.723,32.013],[96.753,31.944],[96.811,31.894],[96.76,31.86],[96.766,31.819],[96.84,31.72],[96.779,31.676],[96.615,31.737],[96.568,31.712],[96.469,31.77],[96.408,31.846],[96.389,31.92],[96.253,31.93],[96.189,31.904],[96.215,31.877],[96.183,31.836],[96.178,31.775],[96.231,31.75],[96.252,31.698],[96.208,31.599],[96.157,31.603],[96.149,31.686],[96.065,31.72],[95.984,31.817],[95.899,31.817],[95.824,31.682],[95.78,31.749],[95.634,31.783],[95.547,31.74],[95.512,31.75],[95.457,31.802],[95.409,31.919],[95.368,31.929],[95.361,31.959],[95.396,32.002],[95.454,32.008],[95.421,32.034],[95.454,32.062],[95.44,32.158],[95.406,32.182],[95.368,32.179],[95.367,32.151],[95.315,32.149],[95.27,32.195],[95.241,32.321],[95.106,32.259],[95.079,32.28],[95.097,32.322],[95.262,32.348],[95.219,32.397],[95.075,32.376],[94.988,32.423],[94.912,32.416],[94.89,32.472],[94.807,32.486],[94.737,32.587],[94.614,32.674],[94.523,32.596],[94.459,32.599],[94.463,32.572],[94.435,32.563],[94.395,32.594],[94.372,32.525],[94.294,32.52],[94.292,32.503],[94.197,32.516],[94.177,32.454],[94.138,32.434],[94.092,32.463],[93.979,32.46],[93.96,32.485],[93.862,32.466],[93.82,32.55],[93.722,32.578],[93.652,32.572],[93.619,32.523],[93.517,32.476],[93.477,32.505],[93.463,32.556],[93.412,32.558],[93.385,32.525],[93.24,32.662],[93.177,32.67],[93.159,32.645],[93.07,32.626],[93.02,32.737],[92.867,32.698],[92.686,32.765],[92.635,32.721],[92.459,32.764],[92.411,32.748],[92.356,32.765],[92.344,32.738],[92.31,32.752],[92.255,32.721],[92.199,32.755],[92.212,32.788],[92.194,32.802],[92.228,32.821],[92.205,32.866],[92.146,32.886],[91.956,32.821],[91.897,32.908],[91.858,32.902],[91.839,32.948],[91.799,32.942],[91.583,33.038],[91.536,33.1],[91.496,33.109],[91.436,33.066],[91.227,33.142],[91.161,33.109],[91.148,33.072],[91.072,33.113],[91.038,33.099],[90.928,33.12],[90.902,33.083],[90.883,33.12],[90.704,33.136],[90.491,33.265],[90.363,33.279],[90.247,33.424],[90.107,33.461],[90.083,33.525],[90.011,33.554],[89.984,33.612],[90.008,33.688],[89.984,33.726],[89.902,33.758],[89.942,33.801],[89.9,33.808],[89.837,33.869],[89.795,33.865],[89.688,33.96],[89.635,34.05],[89.657,34.058],[89.656,34.097],[89.712,34.132],[89.757,34.125],[89.76,34.153],[89.817,34.169],[89.825,34.294],[89.867,34.325],[89.859,34.359],[89.799,34.396],[89.824,34.456],[89.815,34.549],[89.778,34.574],[89.799,34.629],[89.726,34.661],[89.732,34.732],[89.799,34.744],[89.826,34.797],[89.868,34.811],[89.839,34.866],[89.815,34.868],[89.821,34.902],[89.788,34.922],[89.747,34.904],[89.707,34.92],[89.67,34.888],[89.579,34.895],[89.561,34.939],[89.593,35.104],[89.519,35.134],[89.45,35.224],[89.532,35.276],[89.495,35.299],[89.516,35.331],[89.497,35.361],[89.658,35.426],[89.686,35.416],[89.765,35.483],[89.72,35.502],[89.7,35.545],[89.712,35.582],[89.766,35.6],[89.726,35.648],[89.749,35.663],[89.747,35.752],[89.783,35.773],[89.767,35.799],[89.802,35.848],[89.551,35.857],[89.555,35.873],[89.428,35.918],[89.435,35.992],[89.405,36.017],[89.418,36.045],[89.475,36.022],[89.605,36.038],[89.689,36.091],[89.941,36.068],[89.945,36.141],[89.998,36.168],[90.02,36.214],[90.028,36.258],[90.003,36.279],[90.146,36.239],[90.13,36.208],[90.237,36.16],[90.424,36.134],[90.659,36.135],[90.776,36.087],[90.85,36.017],[90.923,36.029],[90.979,36.107],[91.081,36.088],[91.125,36.116],[91.092,36.164],[91.096,36.22],[91.052,36.238],[91.073,36.299],[91.026,36.324],[91.052,36.434],[91.028,36.443],[91.036,36.53],[90.741,36.586],[90.731,36.656],[90.706,36.659],[90.721,36.709],[90.755,36.721],[90.727,36.756],[90.732,36.826],[90.759,36.826],[90.854,36.915],[91.037,36.93],[91.052,36.968],[91.127,36.979],[91.134,37.008],[91.181,37.025],[91.304,37.012],[91.28,37.164],[91.191,37.206],[91.195,37.274],[91.135,37.324],[91.073,37.476],[91.02,37.493],[90.958,37.478],[90.866,37.531],[90.882,37.576],[90.778,37.649],[90.52,37.731],[90.531,38.32],[90.362,38.3],[90.353,38.233],[90.281,38.238],[90.138,38.341],[90.18,38.397],[90.112,38.419],[90.131,38.494],[90.427,38.494],[90.465,38.522],[90.463,38.557],[90.609,38.595],[90.646,38.635],[90.619,38.665],[90.725,38.658],[91.299,38.746],[91.447,38.814],[91.88,38.884],[91.966,38.931],[92.173,38.961],[92.264,39.002],[92.38,39.0],[92.416,39.011],[92.41,39.038],[92.459,39.043],[92.49,39.1],[92.867,39.139],[92.939,39.17],[92.978,39.143],[93.043,39.147],[93.115,39.18],[93.142,39.161],[93.132,39.108],[93.198,39.046],[93.179,38.924],[93.274,38.896],[93.729,38.924],[93.835,38.868],[93.884,38.868],[93.884,38.826],[93.756,38.807],[93.8,38.751],[93.885,38.721],[94.37,38.763],[94.527,38.426],[94.527,38.365],[94.561,38.352],[94.974,38.43],[95.073,38.402],[95.122,38.417],[95.259,38.303],[95.316,38.319],[95.441,38.311],[95.456,38.292],[95.488,38.315],[95.518,38.295],[95.704,38.4],[95.837,38.344],[95.853,38.287],[95.896,38.29],[95.939,38.237],[96.066,38.173],[96.109,38.187],[96.222,38.149],[96.253,38.168],[96.264,38.146],[96.313,38.162],[96.302,38.183],[96.336,38.246],[96.378,38.277],[96.665,38.23],[96.627,38.356],[96.698,38.422],[96.708,38.459],[96.667,38.484],[96.781,38.504],[96.8,38.528],[96.768,38.552],[96.809,38.582],[96.794,38.608],[96.961,38.558],[97.056,38.595],[97.058,38.673],[97.009,38.702],[97.023,38.756],[96.988,38.793],[96.984,38.869],[96.941,38.908],[96.97,39.098],[97.012,39.142],[96.962,39.198],[97.141,39.2],[97.347,39.168],[97.679,39.011],[97.701,38.963],[98.009,38.859],[98.092,38.786],[98.242,38.881],[98.235,38.919],[98.277,38.964],[98.281,39.027],[98.384,39.03],[98.458,38.953],[98.585,38.93],[98.744,39.087],[98.817,39.086],[98.818,39.065],[98.952,38.988],[99.108,38.952],[99.069,38.897],[99.362,38.718],[99.451,38.604],[99.502,38.612],[99.529,38.546],[99.659,38.449],[100.072,38.285],[100.126,38.232],[100.183,38.222],[100.164,38.328],[100.137,38.334],[100.093,38.407],[100.022,38.432],[100.001,38.467],[100.026,38.508],[100.064,38.519],[100.24,38.442],[100.259,38.366],[100.302,38.388],[100.319,38.329],[100.397,38.293],[100.424,38.307],[100.432,38.275],[100.46,38.265],[100.475,38.289],[100.595,38.242],[100.619,38.266],[100.715,38.254],[100.861,38.148],[100.914,38.179],[100.938,38.16],[100.922,38.085],[100.889,38.056],[100.895,38.013],[100.964,38.011],[101.077,37.942],[101.103,37.947],[101.159,37.868],[101.203,37.847],[101.363,37.791],[101.459,37.866],[101.598,37.828],[101.67,37.754],[101.659,37.733],[101.792,37.696],[101.816,37.654],[101.946,37.728],[101.999,37.725],[102.036,37.685],[102.035,37.628],[102.131,37.546],[102.103,37.483],[102.177,37.459],[102.197,37.42],[102.3,37.391],[102.299,37.37],[102.428,37.309],[102.419,37.294],[102.49,37.223],[102.6,37.175],[102.642,37.1],[102.488,37.078],[102.506,37.019],[102.45,36.968],[102.561,36.92],[102.587,36.87],[102.639,36.853],[102.72,36.768],[102.613,36.738],[102.601,36.71],[102.631,36.651],[102.724,36.614],[102.715,36.599],[102.762,36.569],[102.734,36.562],[102.793,36.498],[102.772,36.474],[102.846,36.332],[102.897,36.332]]]}},{"type":"Feature","properties":{"adcode":640000,"name":"宁夏回族自治区","center":[106.278179,38.46637],"centroid":[106.169866,37.291332],"childrenNum":5,"level":"province","parent":{"adcode":100000},"subFeatureIndex":29,"acroutes":[100000]},"geometry":{"type":"MultiPolygon","coordinates":[[[[107.268764,37.099367],[107.281083,37.127047],[107.306952,37.100799],[107.334669,37.138975],[107.336517,37.165687],[107.317423,37.200017],[107.270612,37.229089],[107.309416,37.239095],[107.273075,37.29101],[107.257677,37.337179],[107.282931,37.437036],[107.284162,37.481691],[107.345756,37.518725],[107.369162,37.58752],[107.330358,37.584201],[107.311264,37.609806],[107.361155,37.613125],[107.422133,37.665254],[107.389488,37.671413],[107.387024,37.691305],[107.425828,37.684201],[107.484959,37.706458],[107.499125,37.765619],[107.57119,37.776499],[107.599523,37.791162],[107.620465,37.776026],[107.646335,37.805349],[107.659269,37.844112],[107.65003,37.86443],[107.560719,37.893717],[107.49235,37.944706],[107.448618,37.933378],[107.411662,37.948009],[107.440611,37.995659],[107.3938,38.014993],[107.33159,38.086625],[107.240431,38.111586],[107.19054,38.153953],[107.138801,38.161011],[107.119091,38.134185],[107.071047,38.138892],[107.051337,38.122886],[107.010069,38.120532],[106.942316,38.132302],[106.858548,38.156306],[106.779092,38.171833],[106.737824,38.197706],[106.654672,38.22921],[106.627571,38.232501],[106.555506,38.263521],[106.482209,38.319417],[106.599854,38.389812],[106.647897,38.470917],[106.66268,38.601524],[106.709491,38.718821],[106.756302,38.748699],[106.837606,38.847579],[106.954019,38.941202],[106.971881,39.026333],[106.96757,39.054688],[106.933693,39.076527],[106.878874,39.091392],[106.859164,39.107648],[106.825288,39.19397],[106.795723,39.214375],[106.790795,39.241263],[106.806193,39.277407],[106.806809,39.318625],[106.781556,39.371849],[106.751375,39.381564],[106.683622,39.357506],[106.643586,39.357969],[106.602318,39.37555],[106.556122,39.322329],[106.525325,39.308439],[106.511774,39.272311],[106.402753,39.291767],[106.280181,39.262118],[106.29558,39.167992],[106.285109,39.146181],[106.251232,39.131327],[106.192718,39.142932],[106.170544,39.163352],[106.145907,39.153142],[106.096631,39.084889],[106.078153,39.026333],[106.087392,39.006339],[106.060907,38.96866],[106.021487,38.953769],[105.97098,38.909077],[105.992538,38.857366],[105.909386,38.791159],[105.908154,38.737496],[105.88598,38.716953],[105.894603,38.696405],[105.852719,38.641735],[105.874277,38.593105],[105.856415,38.569714],[105.863806,38.53508],[105.836705,38.476071],[105.850872,38.443736],[105.827466,38.432486],[105.835473,38.387467],[105.821307,38.366824],[105.86627,38.296406],[105.842248,38.240962],[105.802828,38.220277],[105.775111,38.186887],[105.76772,38.121474],[105.780655,38.084741],[105.840401,38.004147],[105.799749,37.939986],[105.80406,37.862068],[105.760944,37.799674],[105.677177,37.771769],[105.622358,37.777919],[105.616199,37.722555],[105.598952,37.699356],[105.467141,37.695094],[105.4037,37.710246],[105.315004,37.702197],[105.221998,37.677097],[105.187505,37.657674],[105.111128,37.633981],[105.027977,37.580881],[104.866601,37.566651],[104.805007,37.539133],[104.623305,37.522522],[104.433595,37.515402],[104.419429,37.511604],[104.407726,37.464592],[104.322726,37.44844],[104.287002,37.428007],[104.298705,37.414223],[104.365226,37.418026],[104.437907,37.445589],[104.448994,37.42468],[104.499501,37.421353],[104.521059,37.43466],[104.679971,37.408044],[104.662109,37.367626],[104.713848,37.329566],[104.673812,37.317668],[104.651022,37.290534],[104.624536,37.298627],[104.600515,37.242907],[104.638087,37.201923],[104.717543,37.208597],[104.776673,37.246718],[104.85613,37.211933],[104.864753,37.17284],[104.888158,37.15901],[104.914644,37.097935],[104.954064,37.077407],[104.95468,37.040156],[105.004571,37.035378],[105.03968,37.007187],[105.05939,37.022956],[105.128991,36.996194],[105.165331,36.99476],[105.185657,36.942164],[105.178882,36.892403],[105.244787,36.894796],[105.279896,36.86751],[105.303302,36.820575],[105.334714,36.80093],[105.340874,36.764502],[105.319932,36.742924],[105.275584,36.752515],[105.272505,36.739567],[105.218302,36.730455],[105.201056,36.700711],[105.225693,36.664716],[105.22015,36.631105],[105.261418,36.602764],[105.2762,36.563358],[105.252179,36.553263],[105.281744,36.522489],[105.322396,36.535954],[105.362432,36.496514],[105.363048,36.443093],[105.398156,36.430575],[105.401236,36.369881],[105.425873,36.330357],[105.455439,36.321678],[105.476381,36.293224],[105.45975,36.268137],[105.460366,36.223733],[105.478844,36.213111],[105.515185,36.147415],[105.491163,36.101009],[105.430801,36.10391],[105.406163,36.074409],[105.343954,36.033767],[105.324859,35.941761],[105.350113,35.875839],[105.39754,35.857409],[105.371055,35.844312],[105.38091,35.792873],[105.408627,35.822479],[105.428953,35.819082],[105.432033,35.787533],[105.457286,35.771511],[105.481924,35.727312],[105.595873,35.715651],[105.667322,35.749657],[105.70243,35.733142],[105.759097,35.724883],[105.740618,35.698643],[105.723988,35.725854],[105.690727,35.698643],[105.722756,35.673366],[105.713517,35.650513],[105.759097,35.634464],[105.762176,35.602841],[105.800365,35.564878],[105.816379,35.575101],[105.847176,35.490359],[105.868734,35.540046],[105.900147,35.54735],[106.017175,35.519103],[106.023335,35.49377],[106.047356,35.498155],[106.078769,35.509848],[106.071994,35.463555],[106.06953,35.458193],[106.073842,35.45478],[106.073226,35.450393],[106.071378,35.449418],[106.073226,35.447468],[106.083081,35.421624],[106.113262,35.361616],[106.129892,35.393333],[106.173008,35.437716],[106.196414,35.409919],[106.237681,35.409431],[106.241377,35.358687],[106.319601,35.265411],[106.363333,35.238532],[106.368261,35.273718],[106.415688,35.276161],[106.472354,35.310842],[106.501304,35.364056],[106.503767,35.415284],[106.483441,35.450393],[106.490217,35.480613],[106.465579,35.481101],[106.440941,35.52641],[106.460036,35.578995],[106.47913,35.575101],[106.460036,35.643705],[106.434782,35.688436],[106.49268,35.732656],[106.506231,35.737514],[106.566593,35.738971],[106.595542,35.727312],[106.620796,35.743829],[106.633115,35.714679],[106.66268,35.70739],[106.674998,35.728284],[106.750759,35.689408],[106.750759,35.725369],[106.806193,35.70982],[106.819128,35.7448],[106.867171,35.738485],[106.868403,35.771996],[106.897353,35.759856],[106.927534,35.810346],[106.849925,35.887476],[106.912751,35.93207],[106.940468,35.931101],[106.93862,35.952905],[106.90228,35.943699],[106.94786,35.988262],[106.928149,36.011502],[106.940468,36.064734],[106.957715,36.091337],[106.925686,36.115997],[106.930613,36.138716],[106.873947,36.178338],[106.873947,36.178338],[106.858548,36.206834],[106.858548,36.206834],[106.833295,36.229044],[106.808657,36.21118],[106.772933,36.212628],[106.735976,36.23725],[106.698404,36.244008],[106.685469,36.273445],[106.647897,36.259451],[106.559202,36.292259],[106.54134,36.25366],[106.504383,36.266207],[106.470507,36.306246],[106.497608,36.31348],[106.510543,36.379037],[106.492064,36.422389],[106.523477,36.468605],[106.494528,36.494589],[106.455724,36.496995],[106.39721,36.548455],[106.37134,36.549417],[106.363949,36.577296],[106.392282,36.556628],[106.397826,36.576816],[106.444637,36.557109],[106.465579,36.583063],[106.444637,36.624861],[106.491448,36.628703],[106.490833,36.685835],[106.530869,36.690154],[106.519782,36.708868],[106.519782,36.708868],[106.514238,36.715584],[106.59431,36.750118],[106.644817,36.72278],[106.627571,36.752995],[106.657752,36.820575],[106.637426,36.867031],[106.637426,36.867031],[106.626955,36.892403],[106.609709,36.878521],[106.609709,36.878521],[106.601702,36.918244],[106.549347,36.941685],[106.540108,36.984244],[106.595542,36.94025],[106.594926,36.967988],[106.64297,36.962729],[106.646665,37.000496],[106.666991,37.016745],[106.645433,37.064992],[106.605397,37.127524],[106.6171,37.135158],[106.673151,37.1113],[106.687933,37.12991],[106.728585,37.121321],[106.750143,37.09889],[106.772933,37.120367],[106.776012,37.158056],[106.818512,37.141838],[106.891193,37.098413],[106.912135,37.110345],[106.905976,37.151378],[106.998367,37.106527],[107.031011,37.108436],[107.030395,37.140883],[107.095685,37.115595],[107.133873,37.134681],[107.181916,37.143269],[107.234887,37.096503],[107.268764,37.099367]]],[[[106.048588,35.488898],[105.897683,35.451368],[105.894603,35.413821],[106.002393,35.438692],[106.034422,35.469404],[106.054132,35.45478],[106.048588,35.488898]]],[[[106.073842,35.45478],[106.06953,35.458193],[106.071378,35.449418],[106.073226,35.450393],[106.073842,35.45478]]]]}},{"type":"Feature","properties":{"adcode":650000,"name":"新疆维吾尔自治区","center":[87.617733,43.792818],"centroid":[85.294711,41.371801],"childrenNum":24,"level":"province","parent":{"adcode":100000},"subFeatureIndex":30,"acroutes":[100000]},"geometry":{"type":"Polygon","coordinates":[[[96.104,42.604],[96.024,42.543],[96.017,42.482],[95.979,42.437],[96.066,42.415],[96.041,42.327],[96.178,42.218],[96.077,42.149],[96.139,42.054],[96.138,42.02],[96.055,41.936],[95.855,41.85],[95.571,41.796],[95.336,41.644],[95.3,41.566],[95.247,41.613],[95.199,41.719],[95.136,41.773],[94.862,41.668],[94.75,41.538],[94.534,41.506],[94.184,41.268],[94.011,41.115],[93.81,40.88],[93.821,40.794],[93.761,40.665],[92.928,40.573],[92.907,40.311],[92.797,40.154],[92.746,39.868],[92.64,39.514],[92.526,39.369],[92.339,39.237],[92.367,39.059],[92.41,39.038],[92.416,39.011],[92.264,39.002],[92.173,38.961],[91.966,38.931],[91.88,38.884],[91.447,38.814],[91.299,38.746],[90.725,38.658],[90.66,38.674],[90.619,38.665],[90.646,38.635],[90.609,38.595],[90.463,38.557],[90.465,38.522],[90.427,38.494],[90.131,38.494],[90.112,38.478],[90.112,38.419],[90.18,38.397],[90.138,38.341],[90.281,38.238],[90.353,38.233],[90.362,38.3],[90.531,38.32],[90.52,37.731],[90.778,37.649],[90.882,37.576],[90.866,37.531],[90.958,37.478],[91.02,37.493],[91.073,37.476],[91.135,37.324],[91.195,37.274],[91.191,37.206],[91.28,37.164],[91.304,37.012],[91.181,37.025],[91.134,37.008],[91.127,36.979],[91.052,36.968],[91.037,36.93],[90.854,36.915],[90.759,36.826],[90.732,36.826],[90.727,36.756],[90.755,36.721],[90.721,36.709],[90.706,36.659],[90.731,36.656],[90.741,36.586],[91.036,36.53],[91.028,36.443],[91.052,36.434],[91.026,36.324],[91.073,36.299],[91.052,36.238],[91.096,36.22],[91.092,36.164],[91.125,36.116],[91.081,36.088],[90.979,36.107],[90.923,36.029],[90.85,36.017],[90.776,36.087],[90.659,36.135],[90.424,36.134],[90.237,36.16],[90.13,36.208],[90.146,36.239],[90.043,36.277],[90.003,36.279],[90.028,36.258],[90.02,36.214],[89.998,36.168],[89.945,36.141],[89.941,36.068],[89.767,36.074],[89.49,36.151],[89.376,36.228],[89.293,36.231],[89.232,36.296],[89.199,36.26],[89.127,36.255],[89.102,36.281],[88.964,36.319],[88.926,36.365],[88.803,36.338],[88.767,36.292],[88.69,36.368],[88.624,36.39],[88.618,36.428],[88.573,36.461],[88.499,36.446],[88.471,36.482],[88.357,36.477],[88.366,36.458],[88.242,36.469],[88.135,36.427],[87.983,36.438],[87.92,36.393],[87.732,36.385],[87.57,36.342],[87.471,36.354],[87.46,36.41],[87.427,36.426],[87.363,36.42],[87.292,36.359],[87.193,36.349],[87.149,36.298],[86.996,36.309],[86.887,36.263],[86.863,36.3],[86.746,36.292],[86.699,36.244],[86.532,36.227],[86.515,36.205],[86.455,36.221],[86.393,36.207],[86.358,36.169],[86.279,36.171],[86.188,36.131],[86.182,36.065],[86.2,36.048],[86.053,35.843],[85.949,35.779],[85.691,35.751],[85.653,35.731],[85.613,35.651],[85.566,35.64],[85.519,35.681],[85.374,35.7],[85.341,35.754],[85.271,35.789],[85.146,35.742],[85.053,35.752],[84.729,35.614],[84.449,35.55],[84.476,35.516],[84.453,35.473],[84.161,35.36],[84.141,35.379],[84.096,35.363],[84.077,35.4],[84.006,35.423],[83.906,35.403],[83.885,35.367],[83.678,35.361],[83.622,35.335],[83.251,35.418],[83.178,35.389],[83.127,35.399],[83.068,35.463],[82.999,35.485],[82.956,35.636],[82.967,35.668],[82.795,35.688],[82.732,35.638],[82.629,35.692],[82.469,35.718],[82.425,35.713],[82.393,35.656],[82.336,35.651],[82.35,35.611],[82.328,35.56],[82.034,35.452],[82.053,35.35],[82.03,35.322],[81.956,35.307],[81.928,35.271],[81.737,35.262],[81.686,35.236],[81.513,35.235],[81.505,35.279],[81.441,35.333],[81.364,35.355],[81.219,35.319],[81.192,35.366],[81.142,35.365],[81.099,35.407],[81.032,35.381],[81.031,35.337],[81.003,35.335],[81.026,35.311],[80.964,35.311],[80.844,35.346],[80.689,35.339],[80.656,35.394],[80.6,35.409],[80.515,35.392],[80.445,35.417],[80.433,35.449],[80.375,35.388],[80.321,35.387],[80.268,35.296],[80.363,35.209],[80.258,35.203],[80.223,35.177],[80.23,35.148],[80.118,35.066],[80.078,35.077],[80.031,35.034],[80.034,34.902],[80.004,34.895],[79.997,34.856],[79.927,34.849],[79.948,34.821],[79.898,34.732],[79.907,34.684],[79.867,34.672],[79.886,34.643],[79.843,34.557],[79.861,34.528],[79.802,34.479],[79.7,34.478],[79.676,34.451],[79.545,34.476],[79.242,34.415],[79.162,34.441],[79.011,34.4],[79.04,34.335],[78.959,34.386],[78.9,34.355],[78.878,34.391],[78.743,34.455],[78.759,34.482],[78.708,34.522],[78.635,34.538],[78.581,34.505],[78.543,34.574],[78.493,34.578],[78.436,34.544],[78.427,34.594],[78.281,34.623],[78.267,34.705],[78.213,34.718],[78.238,34.882],[78.206,34.892],[78.182,34.937],[78.202,34.975],[78.123,35.037],[78.151,35.07],[78.125,35.108],[78.063,35.115],[78.06,35.18],[78.017,35.228],[78.013,35.366],[78.107,35.437],[78.14,35.495],[78.049,35.491],[78.03,35.469],[78.01,35.492],[77.917,35.491],[77.915,35.465],[77.816,35.519],[77.691,35.448],[77.657,35.478],[77.64,35.455],[77.519,35.482],[77.397,35.468],[77.308,35.541],[77.196,35.519],[77.072,35.591],[76.907,35.615],[76.849,35.668],[76.769,35.654],[76.693,35.748],[76.594,35.772],[76.566,35.819],[76.597,35.896],[76.558,35.923],[76.516,35.881],[76.472,35.886],[76.432,35.852],[76.37,35.863],[76.366,35.824],[76.299,35.841],[76.16,35.824],[76.165,35.909],[76.097,36.023],[75.983,36.031],[75.949,36.07],[75.937,36.135],[76.017,36.165],[76.012,36.229],[76.061,36.225],[75.991,36.352],[76.035,36.409],[75.992,36.506],[75.924,36.566],[75.947,36.591],[75.871,36.667],[75.724,36.751],[75.634,36.772],[75.537,36.773],[75.537,36.73],[75.505,36.743],[75.459,36.721],[75.426,36.779],[75.43,36.873],[75.396,36.904],[75.414,36.955],[75.245,36.963],[75.168,36.992],[75.172,37.014],[75.032,37.017],[74.928,36.978],[74.939,36.943],[74.894,36.94],[74.844,37.013],[74.847,37.057],[74.739,37.028],[74.709,37.085],[74.568,37.033],[74.53,37.082],[74.499,37.072],[74.496,37.116],[74.465,37.147],[74.511,37.24],[74.578,37.231],[74.599,37.258],[74.642,37.261],[74.666,37.236],[74.727,37.283],[74.8,37.248],[74.816,37.217],[74.911,37.233],[74.927,37.278],[75.126,37.322],[75.14,37.355],[75.126,37.388],[75.153,37.414],[75.13,37.459],[75.079,37.511],[75.002,37.512],[74.941,37.559],[74.892,37.668],[74.921,37.685],[74.923,37.717],[75.006,37.771],[74.917,37.845],[74.937,37.876],[74.911,37.967],[74.926,38.017],[74.88,38.021],[74.804,38.167],[74.817,38.216],[74.79,38.325],[74.869,38.404],[74.863,38.484],[74.822,38.491],[74.785,38.538],[74.718,38.542],[74.64,38.6],[74.422,38.648],[74.148,38.677],[74.113,38.611],[74.068,38.586],[74.091,38.542],[74.012,38.525],[73.926,38.536],[73.899,38.579],[73.799,38.611],[73.809,38.634],[73.757,38.72],[73.769,38.776],[73.699,38.858],[73.743,38.934],[73.826,38.917],[73.84,39.008],[73.82,39.042],[73.743,39.03],[73.72,39.108],[73.658,39.166],[73.64,39.22],[73.542,39.27],[73.554,39.35],[73.502,39.384],[73.593,39.412],[73.611,39.466],[73.868,39.483],[73.916,39.587],[73.954,39.6],[73.924,39.722],[73.842,39.756],[73.845,39.831],[73.907,39.874],[73.911,39.934],[73.98,40.005],[73.943,40.016],[74.008,40.051],[74.023,40.085],[74.263,40.125],[74.281,40.098],[74.357,40.089],[74.535,40.208],[74.577,40.26],[74.673,40.279],[74.7,40.346],[74.909,40.339],[74.795,40.443],[74.844,40.521],[74.995,40.455],[75.242,40.449],[75.356,40.538],[75.6,40.66],[75.637,40.624],[75.646,40.517],[75.733,40.474],[75.67,40.364],[75.709,40.281],[75.831,40.327],[75.922,40.291],[75.932,40.339],[75.986,40.382],[76.026,40.355],[76.081,40.396],[76.176,40.381],[76.28,40.439],[76.328,40.391],[76.333,40.343],[76.382,40.391],[76.442,40.391],[76.54,40.464],[76.557,40.542],[76.657,40.62],[76.677,40.696],[76.647,40.76],[76.732,40.819],[76.762,40.954],[76.854,40.976],[76.886,41.027],[76.941,41.029],[77.002,41.073],[77.091,41.063],[77.169,41.009],[77.237,41.028],[77.297,41.005],[77.363,41.041],[77.474,41.023],[77.476,40.999],[77.592,40.992],[77.738,41.032],[77.781,41.023],[77.829,41.059],[77.807,41.092],[77.836,41.153],[78.129,41.228],[78.164,41.383],[78.386,41.395],[78.527,41.441],[78.581,41.482],[78.65,41.467],[78.707,41.522],[78.697,41.542],[78.825,41.56],[78.958,41.651],[79.022,41.657],[79.138,41.723],[79.217,41.726],[79.326,41.81],[79.356,41.796],[79.457,41.848],[79.551,41.834],[79.641,41.885],[79.776,41.892],[79.855,41.984],[79.853,42.015],[79.924,42.042],[80.142,42.035],[80.193,42.082],[80.14,42.151],[80.164,42.153],[80.169,42.2],[80.286,42.233],[80.292,42.26],[80.272,42.282],[80.284,42.32],[80.229,42.359],[80.239,42.39],[80.206,42.431],[80.226,42.486],[80.265,42.502],[80.164,42.63],[80.18,42.67],[80.228,42.693],[80.262,42.829],[80.407,42.835],[80.504,42.882],[80.603,42.894],[80.591,42.923],[80.398,42.997],[80.379,43.032],[80.593,43.133],[80.794,43.137],[80.804,43.178],[80.769,43.266],[80.777,43.308],[80.686,43.334],[80.761,43.447],[80.755,43.494],[80.522,43.816],[80.511,43.907],[80.458,43.981],[80.45,44.078],[80.394,44.127],[80.413,44.265],[80.35,44.485],[80.412,44.605],[80.4,44.629],[80.313,44.705],[80.201,44.757],[80.17,44.845],[79.999,44.794],[79.992,44.83],[79.954,44.849],[79.969,44.878],[79.888,44.909],[80.112,45.053],[80.244,45.032],[80.328,45.07],[80.358,45.041],[80.405,45.049],[80.494,45.127],[80.599,45.106],[80.732,45.156],[80.898,45.127],[80.936,45.16],[81.081,45.183],[81.112,45.218],[81.17,45.211],[81.237,45.247],[81.285,45.239],[81.438,45.283],[81.463,45.264],[81.575,45.308],[81.583,45.337],[81.788,45.384],[81.921,45.233],[82.053,45.256],[82.096,45.25],[82.109,45.211],[82.294,45.248],[82.487,45.181],[82.563,45.205],[82.587,45.224],[82.601,45.346],[82.547,45.426],[82.282,45.539],[82.267,45.62],[82.29,45.716],[82.34,45.773],[82.343,45.935],[82.462,45.98],[82.518,46.154],[82.727,46.495],[82.83,46.773],[82.878,46.797],[82.938,47.014],[82.993,47.065],[83.032,47.168],[83.027,47.215],[83.155,47.236],[83.258,47.173],[83.37,47.178],[83.419,47.119],[83.463,47.132],[83.576,47.059],[83.933,46.97],[84.003,46.991],[84.087,46.965],[84.195,47.004],[84.425,47.009],[84.507,46.973],[84.748,47.01],[84.849,46.957],[84.955,46.861],[84.987,46.918],[85.082,46.94],[85.277,47.069],[85.326,47.045],[85.546,47.058],[85.583,47.143],[85.683,47.223],[85.701,47.289],[85.676,47.322],[85.702,47.384],[85.685,47.429],[85.615,47.498],[85.532,48.046],[85.587,48.192],[85.622,48.203],[85.678,48.266],[85.695,48.335],[85.792,48.419],[85.917,48.438],[86.226,48.432],[86.305,48.492],[86.416,48.482],[86.58,48.539],[86.641,48.629],[86.693,48.644],[86.781,48.731],[86.754,48.785],[86.821,48.85],[86.758,48.895],[86.732,48.995],[86.836,49.051],[86.854,49.109],[86.888,49.132],[87.088,49.134],[87.113,49.155],[87.437,49.075],[87.512,49.102],[87.496,49.132],[87.517,49.146],[87.821,49.174],[87.82,49.148],[87.867,49.109],[87.835,49.054],[87.912,48.98],[87.877,48.949],[87.76,48.926],[87.742,48.881],[87.781,48.872],[87.829,48.826],[87.803,48.825],[87.827,48.801],[88.091,48.72],[88.011,48.619],[87.962,48.599],[87.973,48.576],[88.109,48.546],[88.197,48.494],[88.318,48.478],[88.438,48.394],[88.523,48.403],[88.536,48.369],[88.573,48.37],[88.606,48.338],[88.575,48.278],[88.638,48.184],[88.701,48.181],[88.824,48.107],[88.939,48.115],[89.078,47.987],[89.232,47.98],[89.381,48.046],[89.569,48.038],[89.651,47.914],[89.735,47.898],[89.762,47.836],[89.958,47.843],[89.96,47.886],[90.066,47.884],[90.087,47.865],[90.076,47.777],[90.135,47.723],[90.332,47.682],[90.385,47.644],[90.346,47.637],[90.398,47.548],[90.468,47.498],[90.468,47.405],[90.526,47.379],[90.488,47.317],[90.561,47.207],[90.767,46.993],[90.831,46.996],[90.901,46.961],[90.93,46.893],[90.958,46.879],[90.943,46.826],[91.054,46.718],[91.018,46.582],[91.079,46.559],[90.983,46.375],[90.9,46.312],[91.022,46.121],[91.028,46.023],[90.891,45.922],[90.715,45.729],[90.677,45.582],[90.671,45.488],[90.773,45.432],[90.813,45.329],[90.805,45.295],[90.877,45.281],[90.898,45.25],[90.867,45.209],[90.882,45.192],[91.13,45.216],[91.242,45.137],[91.378,45.111],[91.449,45.157],[91.562,45.076],[92.057,45.087],[92.24,45.016],[92.316,45.029],[92.501,45.001],[92.779,45.051],[92.884,45.047],[92.933,45.018],[93.174,45.015],[93.377,44.985],[93.435,44.955],[93.509,44.968],[94.215,44.668],[94.33,44.583],[94.359,44.516],[94.471,44.509],[94.606,44.448],[94.723,44.341],[94.946,44.293],[94.999,44.253],[95.414,44.299],[95.43,44.282],[95.376,44.227],[95.327,44.029],[95.527,44.007],[95.623,43.856],[95.736,43.598],[95.858,43.417],[95.88,43.28],[96.364,42.901],[96.386,42.728],[96.104,42.604]]]}},{"type":"Feature","properties":{"adcode":710000,"name":"台湾省","center":[121.509062,25.044332],"centroid":[120.971485,23.749452],"childrenNum":0,"level":"province","parent":{"adcode":100000},"subFeatureIndex":31,"acroutes":[100000]},"geometry":{"type":"MultiPolygon","coordinates":[[[[120.2,22.721],[120.133,23.001],[120.019,23.073],[120.108,23.341],[120.122,23.505],[120.095,23.588],[120.102,23.701],[120.175,23.807],[120.246,23.84],[120.278,23.928],[120.452,24.182],[120.547,24.37],[120.643,24.49],[120.689,24.601],[120.824,24.688],[120.892,24.767],[120.915,24.865],[121.025,25.041],[121.209,25.127],[121.372,25.16],[121.445,25.271],[121.535,25.308],[121.623,25.295],[121.745,25.162],[121.917,25.138],[121.947,25.032],[122.013,25.001],[121.845,24.836],[121.841,24.734],[121.892,24.618],[121.886,24.53],[121.826,24.424],[121.809,24.339],[121.644,24.098],[121.66,24.007],[121.48,23.323],[121.415,23.196],[121.43,23.137],[121.371,23.084],[121.324,22.946],[121.211,22.771],[121.171,22.723],[121.033,22.651],[120.981,22.528],[120.915,22.303],[120.908,22.033],[120.866,21.984],[120.873,21.897],[120.855,21.883],[120.782,21.924],[120.702,21.927],[120.651,22.033],[120.641,22.242],[120.57,22.362],[120.274,22.56],[120.2,22.721]]],[[[124.567,25.942],[124.585,25.909],[124.543,25.904],[124.567,25.942]]],[[[123.479,25.769],[123.512,25.755],[123.509,25.723],[123.445,25.726],[123.479,25.769]]],[[[119.609,23.504],[119.579,23.503],[119.567,23.585],[119.678,23.6],[119.691,23.547],[119.646,23.551],[119.609,23.504]]],[[[123.69,25.94],[123.707,25.915],[123.667,25.914],[123.69,25.94]]],[[[119.525,23.625],[119.519,23.56],[119.472,23.557],[119.506,23.577],[119.506,23.626],[119.525,23.625]]],[[[119.517,23.35],[119.495,23.35],[119.498,23.387],[119.517,23.35]]],[[[119.615,23.661],[119.608,23.62],[119.557,23.667],[119.615,23.661]]],[[[122.093,25.639],[122.087,25.611],[122.067,25.625],[122.093,25.639]]],[[[121.515,22.676],[121.514,22.632],[121.475,22.644],[121.468,22.677],[121.515,22.676]]],[[[121.576,22.084],[121.575,22.037],[121.605,22.023],[121.594,21.995],[121.507,22.049],[121.511,22.087],[121.576,22.084]]],[[[122.122,25.496],[122.11,25.466],[122.098,25.5],[122.122,25.496]]],[[[119.453,23.216],[119.436,23.186],[119.421,23.217],[119.453,23.216]]],[[[120.383,22.356],[120.396,22.342],[120.355,22.327],[120.383,22.356]]]]}},{"type":"Feature","properties":{"adcode":810000,"name":"香港特别行政区","center":[114.173355,22.320048],"centroid":[114.134357,22.377366],"childrenNum":18,"level":"province","parent":{"adcode":100000},"subFeatureIndex":32,"acroutes":[100000]},"geometry":{"type":"MultiPolygon","coordinates":[[[[114.313,22.264],[114.262,22.295],[114.266,22.201],[114.165,22.227],[114.12,22.272],[114.146,22.301],[114.07,22.327],[114.035,22.301],[114.005,22.239],[114.026,22.229],[113.997,22.206],[113.981,22.23],[113.849,22.191],[113.843,22.229],[113.898,22.309],[113.97,22.321],[113.955,22.299],[114.026,22.348],[113.92,22.368],[113.918,22.418],[114.032,22.504],[114.166,22.559],[114.223,22.553],[114.233,22.529],[114.26,22.548],[114.31,22.497],[114.341,22.503],[114.253,22.445],[114.233,22.467],[114.205,22.45],[114.22,22.428],[114.279,22.436],[114.326,22.479],[114.406,22.434],[114.385,22.412],[114.395,22.362],[114.357,22.34],[114.324,22.384],[114.32,22.382],[114.323,22.386],[114.283,22.387],[114.278,22.329],[114.316,22.3],[114.317,22.299],[114.316,22.299],[114.313,22.264]]],[[[114.155,22.178],[114.12,22.178],[114.124,22.239],[114.167,22.205],[114.155,22.178]]],[[[114.306,22.372],[114.333,22.353],[114.314,22.341],[114.306,22.37],[114.306,22.372]]],[[[114.372,22.324],[114.373,22.324],[114.372,22.323],[114.372,22.324]]]]}},{"type":"Feature","properties":{"adcode":820000,"name":"澳门特别行政区","center":[113.54909,22.198951],"centroid":[113.566988,22.159307],"childrenNum":8,"level":"province","parent":{"adcode":100000},"subFeatureIndex":33,"acroutes":[100000]},"geometry":{"type":"MultiPolygon","coordinates":[[[[113.535,22.174],[113.538,22.209],[113.559,22.212],[113.604,22.132],[113.554,22.107],[113.535,22.174]]],[[[113.576,22.195],[113.576,22.201],[113.586,22.201],[113.576,22.195]]]]}},{"type":"Feature","properties":{"name":"","adchar":"JD","adcode":"100000_JD"},"geometry":{"type":"MultiPolygon","coordinates":[[[[122.499,23.466],[122.791,24.586],[122.799,24.574],[122.519,23.461],[122.499,23.466]]],[[[121.157,20.818],[121.908,21.702],[121.909,21.687],[121.172,20.805],[121.157,20.818]]],[[[119.456,18.017],[120.022,19.038],[120.026,19.024],[119.474,18.007],[119.456,18.017]]],[[[119.063,16.054],[119.073,16.044],[119.059,14.998],[119.063,16.054]]],[[[118.982,11.998],[118.875,11.607],[118.705,11.181],[118.529,10.902],[118.686,11.19],[118.982,11.998]]],[[[115.529,7.16],[116.249,7.993],[116.25,7.979],[115.545,7.147],[115.529,7.16]]],[[[112.857,3.746],[112.521,3.579],[111.779,3.405],[112.515,3.598],[112.857,3.746]]],[[[108.197,6.538],[108.199,6.951],[108.233,7.086],[108.217,6.538],[108.303,6.007],[108.261,6.089],[108.197,6.538]]],[[[110.285,11.787],[110.325,12.25],[110.328,11.946],[110.259,11.605],[110.146,11.36],[110.059,11.24],[110.24,11.611],[110.285,11.787]]],[[[109.673,15.666],[109.298,16.21],[109.532,15.923],[109.69,15.675],[109.79,15.451],[109.857,15.145],[109.771,15.445],[109.673,15.666]]]]}}]}