{"type":"FeatureCollection","features":[{"type":"Feature","properties":{"name":"Western Australia","admin":"Australia","iso_a2":"AU","postal":"WA"},"geometry":{"type":"MultiPolygon","coordinates":[[[[113.183,-26.053],[113.156,-26.094],[112.964,-25.783],[112.908,-25.57],[112.947,-25.531],[112.982,-25.52],[113.132,-25.883],[113.132,-25.952],[113.183,-26.053]]],[[[115.434,-20.668],[115.458,-20.716],[115.446,-20.788],[115.388,-20.866],[115.318,-20.851],[115.309,-20.811],[115.434,-20.668]]],[[[124.605,-15.357],[124.597,-15.402],[124.56,-15.43],[124.524,-15.422],[124.524,-15.382],[124.483,-15.34],[124.519,-15.267],[124.551,-15.27],[124.605,-15.357]]],[[[125.199,-14.58],[125.135,-14.642],[125.091,-14.592],[125.117,-14.492],[125.16,-14.456],[125.198,-14.475],[125.199,-14.58]]],[[[129.002,-31.693],[128.068,-32.067],[127.678,-32.151],[127.32,-32.264],[126.779,-32.311],[126.137,-32.257],[125.917,-32.297],[125.568,-32.506],[125.267,-32.614],[124.759,-32.883],[124.373,-32.959],[124.244,-33.015],[124.126,-33.129],[123.868,-33.596],[123.65,-33.836],[123.507,-33.916],[123.365,-33.905],[123.208,-33.988],[123.068,-33.901],[122.778,-33.891],[122.151,-33.992],[122.061,-33.874],[121.405,-33.827],[120.815,-33.871],[120.53,-33.92],[120.418,-33.963],[120.209,-33.935],[119.854,-33.975],[119.635,-34.101],[119.45,-34.368],[119.248,-34.457],[118.895,-34.48],[118.136,-34.987],[117.863,-35.055],[117.582,-35.098],[117.144,-35.034],[116.517,-34.988],[115.987,-34.795],[115.726,-34.526],[115.565,-34.426],[115.278,-34.304],[115.195,-34.309],[115.128,-34.342],[115.009,-34.256],[115.006,-34.145],[114.973,-34.051],[114.994,-33.515],[115.182,-33.643],[115.359,-33.64],[115.515,-33.531],[115.683,-33.193],[115.619,-32.667],[115.654,-32.597],[115.708,-32.568],[115.725,-32.401],[115.738,-31.888],[115.698,-31.694],[115.454,-31.302],[115.294,-30.962],[115.177,-30.808],[115.078,-30.56],[114.969,-30.042],[114.942,-29.722],[114.971,-29.54],[114.959,-29.434],[114.857,-29.143],[114.629,-28.872],[114.591,-28.772],[114.592,-28.666],[114.537,-28.543],[114.165,-28.081],[114.134,-27.977],[114.098,-27.544],[114.028,-27.347],[113.709,-26.848],[113.333,-26.417],[113.185,-26.182],[113.211,-26.174],[113.323,-26.244],[113.356,-26.08],[113.389,-26.105],[113.546,-26.437],[113.582,-26.558],[113.734,-26.595],[113.837,-26.501],[113.853,-26.332],[113.776,-26.256],[113.706,-26.224],[113.589,-26.099],[113.513,-25.898],[113.395,-25.713],[113.397,-25.647],[113.451,-25.599],[113.54,-25.625],[113.713,-25.831],[113.684,-26.052],[113.724,-26.13],[113.766,-26.16],[113.812,-26.116],[113.854,-26.015],[113.88,-26.028],[113.942,-26.259],[113.992,-26.321],[114.09,-26.394],[114.216,-26.289],[114.214,-25.852],[113.993,-25.545],[113.671,-24.977],[113.569,-24.693],[113.418,-24.436],[113.421,-24.132],[113.49,-23.87],[113.553,-23.733],[113.757,-23.418],[113.795,-22.914],[113.683,-22.638],[113.958,-21.939],[114.124,-21.829],[114.143,-21.91],[114.093,-22.181],[114.164,-22.323],[114.142,-22.483],[114.304,-22.425],[114.378,-22.341],[114.603,-21.942],[114.709,-21.823],[114.859,-21.736],[115.162,-21.631],[115.456,-21.492],[116.011,-21.03],[116.707,-20.654],[117.139,-20.641],[117.293,-20.713],[117.406,-20.721],[117.684,-20.643],[118.199,-20.375],[118.751,-20.262],[119.104,-19.995],[119.586,-20.038],[119.768,-19.958],[120.196,-19.909],[120.434,-19.842],[120.998,-19.604],[121.18,-19.478],[121.338,-19.32],[121.493,-19.106],[121.631,-18.817],[121.834,-18.477],[122.006,-18.394],[122.262,-18.159],[122.345,-18.112],[122.361,-18.037],[122.237,-17.969],[122.148,-17.549],[122.16,-17.314],[122.261,-17.136],[122.333,-17.059],[122.432,-16.97],[122.523,-16.943],[122.72,-16.788],[122.917,-16.433],[122.971,-16.437],[123.142,-16.863],[123.266,-17.037],[123.383,-17.293],[123.563,-17.521],[123.562,-17.416],[123.608,-17.22],[123.594,-17.03],[123.618,-17.008],[123.664,-17.023],[123.799,-17.127],[123.831,-17.121],[123.829,-16.997],[123.874,-16.919],[123.856,-16.865],[123.778,-16.868],[123.49,-16.491],[123.525,-16.468],[123.581,-16.471],[123.626,-16.416],[123.647,-16.343],[123.607,-16.224],[123.647,-16.18],[123.729,-16.192],[123.859,-16.382],[123.915,-16.364],[123.961,-16.287],[124.044,-16.265],[124.13,-16.279],[124.186,-16.334],[124.3,-16.388],[124.772,-16.403],[124.757,-16.373],[124.669,-16.339],[124.454,-16.335],[124.405,-16.299],[124.388,-16.203],[124.416,-16.133],[124.434,-16.104],[124.577,-16.114],[124.609,-15.937],[124.648,-15.87],[124.648,-15.805],[124.607,-15.823],[124.504,-15.973],[124.455,-15.851],[124.382,-15.758],[124.44,-15.494],[124.506,-15.475],[124.562,-15.496],[124.691,-15.36],[124.693,-15.274],[124.972,-15.404],[125.016,-15.467],[125.063,-15.442],[125.073,-15.307],[124.909,-15.31],[124.839,-15.161],[125.023,-15.072],[125.038,-15.004],[125.356,-15.12],[125.384,-15.016],[125.243,-14.945],[125.24,-14.875],[125.18,-14.794],[125.179,-14.715],[125.267,-14.648],[125.285,-14.584],[125.335,-14.558],[125.436,-14.557],[125.504,-14.502],[125.58,-14.483],[125.597,-14.278],[125.628,-14.257],[125.705,-14.291],[125.662,-14.529],[125.691,-14.525],[125.739,-14.444],[125.82,-14.469],[125.85,-14.597],[125.891,-14.618],[125.946,-14.52],[126.021,-14.495],[126.017,-14.371],[126.054,-14.217],[126.101,-14.184],[126.111,-14.114],[126.073,-14.065],[126.054,-13.977],[126.119,-13.958],[126.184,-14.002],[126.259,-14.164],[126.299,-14.136],[126.323,-14.062],[126.403,-14.019],[126.57,-14.161],[126.679,-14.089],[126.781,-13.955],[126.776,-13.789],[126.903,-13.744],[127.006,-13.777],[127.099,-13.867],[127.293,-13.935],[127.458,-14.031],[127.673,-14.195],[127.888,-14.485],[128.18,-14.712],[128.199,-14.752],[128.08,-15.088],[128.069,-15.329],[128.112,-15.312],[128.156,-15.226],[128.255,-15.298],[128.259,-15.246],[128.173,-15.102],[128.175,-15.043],[128.477,-14.788],[128.635,-14.781],[129.002,-14.871],[129.002,-31.693]]]]}},{"type":"Feature","properties":{"name":"Northern Territory","admin":"Australia","iso_a2":"AU","postal":"NT"},"geometry":{"type":"MultiPolygon","coordinates":[[[[129.002,-14.871],[129.058,-14.884],[129.165,-14.988],[129.175,-15.115],[129.216,-15.16],[129.238,-15.08],[129.233,-14.906],[129.268,-14.871],[129.459,-14.933],[129.635,-15.14],[129.65,-15.087],[129.613,-14.926],[129.637,-14.851],[129.849,-14.829],[129.753,-14.79],[129.605,-14.647],[129.698,-14.557],[129.608,-14.56],[129.484,-14.49],[129.379,-14.392],[129.459,-14.214],[129.62,-14.038],[129.71,-13.98],[129.797,-13.648],[129.839,-13.573],[129.938,-13.502],[130.136,-13.448],[130.26,-13.302],[130.135,-13.145],[130.168,-12.957],[130.318,-12.883],[130.4,-12.688],[130.454,-12.659],[130.617,-12.647],[130.623,-12.431],[130.672,-12.407],[130.736,-12.428],[130.777,-12.495],[130.867,-12.558],[130.898,-12.524],[130.874,-12.367],[131.023,-12.343],[131.02,-12.214],[131.046,-12.19],[131.22,-12.178],[131.292,-12.068],[131.342,-12.21],[131.438,-12.277],[131.726,-12.278],[131.888,-12.232],[132.064,-12.281],[132.253,-12.186],[132.372,-12.239],[132.411,-12.295],[132.442,-12.176],[132.511,-12.135],[132.584,-12.11],[132.713,-12.123],[132.631,-12.035],[132.63,-11.836],[132.674,-11.649],[132.475,-11.491],[132.278,-11.468],[132.134,-11.501],[132.073,-11.475],[131.945,-11.349],[131.823,-11.302],[131.812,-11.271],[131.962,-11.181],[132.019,-11.196],[132.156,-11.311],[132.198,-11.305],[132.263,-11.204],[132.334,-11.223],[132.557,-11.367],[132.683,-11.506],[132.857,-11.391],[132.961,-11.407],[133.025,-11.453],[133.185,-11.706],[133.356,-11.728],[133.533,-11.816],[133.904,-11.832],[134.237,-12.008],[134.417,-12.053],[134.538,-12.061],[134.73,-11.984],[134.855,-12.103],[135.03,-12.194],[135.218,-12.222],[135.352,-12.129],[135.549,-12.061],[135.885,-11.822],[135.923,-11.826],[135.844,-11.905],[135.834,-11.951],[135.896,-11.97],[135.889,-11.993],[135.702,-12.152],[135.704,-12.21],[135.744,-12.242],[135.938,-12.152],[136.008,-12.191],[136.031,-12.331],[136.082,-12.423],[136.261,-12.434],[136.328,-12.306],[136.292,-12.196],[136.25,-12.173],[136.27,-12.132],[136.443,-11.951],[136.54,-11.958],[136.61,-12.134],[136.719,-12.227],[136.836,-12.219],[136.897,-12.244],[136.947,-12.35],[136.537,-12.784],[136.518,-12.833],[136.573,-12.912],[136.594,-13.004],[136.461,-13.225],[136.412,-13.236],[136.365,-13.176],[136.294,-13.138],[135.927,-13.304],[135.929,-13.622],[135.99,-13.81],[135.883,-14.153],[135.745,-14.287],[135.405,-14.758],[135.453,-14.923],[135.531,-15.0],[135.833,-15.16],[135.97,-15.27],[136.205,-15.403],[136.292,-15.57],[136.584,-15.707],[136.644,-15.676],[136.705,-15.685],[136.698,-15.835],[136.785,-15.894],[137.002,-15.878],[137.299,-16.066],[137.704,-16.233],[138.002,-16.556],[138.002,-25.999],[129.002,-25.999],[129.002,-14.871]]],[[[137.094,-15.778],[137.051,-15.825],[136.996,-15.776],[136.985,-15.726],[136.943,-15.712],[137.009,-15.595],[137.065,-15.663],[137.094,-15.778]]],[[[136.612,-15.544],[136.591,-15.628],[136.514,-15.627],[136.503,-15.583],[136.523,-15.543],[136.612,-15.544]]],[[[136.877,-15.503],[136.89,-15.589],[136.847,-15.627],[136.846,-15.544],[136.877,-15.503]]],[[[136.951,-14.184],[136.931,-14.246],[136.894,-14.293],[136.65,-14.281],[136.335,-14.212],[136.428,-14.126],[136.411,-14.011],[136.425,-13.865],[136.656,-13.676],[136.702,-13.682],[136.715,-13.804],[136.758,-13.845],[136.805,-13.842],[136.845,-13.751],[136.891,-13.787],[136.906,-13.827],[136.788,-13.946],[136.75,-14.115],[136.787,-14.158],[136.886,-14.197],[136.951,-14.184]]],[[[136.257,-13.707],[136.275,-13.791],[136.214,-13.836],[136.123,-13.817],[136.134,-13.753],[136.215,-13.665],[136.257,-13.707]]],[[[136.479,-11.466],[136.471,-11.509],[136.379,-11.583],[136.18,-11.677],[136.267,-11.577],[136.479,-11.466]]],[[[130.606,-11.817],[130.502,-11.836],[130.318,-11.772],[130.131,-11.824],[130.077,-11.825],[130.043,-11.787],[130.072,-11.681],[130.139,-11.697],[130.198,-11.658],[130.187,-11.541],[130.153,-11.478],[130.295,-11.337],[130.339,-11.337],[130.459,-11.679],[130.58,-11.737],[130.606,-11.817]]],[[[131.539,-11.437],[131.468,-11.509],[131.459,-11.588],[131.383,-11.583],[131.292,-11.711],[130.951,-11.926],[130.645,-11.742],[130.512,-11.618],[130.423,-11.446],[130.369,-11.215],[130.427,-11.183],[130.619,-11.376],[130.752,-11.384],[130.913,-11.309],[131.023,-11.334],[131.217,-11.243],[131.268,-11.19],[131.321,-11.247],[131.437,-11.313],[131.473,-11.383],[131.539,-11.437]]],[[[136.78,-11.012],[136.742,-11.195],[136.527,-11.439],[136.522,-11.394],[136.71,-11.158],[136.732,-11.025],[136.78,-11.012]]],[[[132.597,-11.106],[132.629,-11.169],[132.574,-11.318],[132.494,-11.164],[132.516,-11.116],[132.484,-11.037],[132.538,-11.028],[132.579,-10.969],[132.597,-11.106]]]]}},{"type":"Feature","properties":{"name":"South Australia","admin":"Australia","iso_a2":"AU","postal":"SA"},"geometry":{"type":"MultiPolygon","coordinates":[[[[129.002,-25.999],[141.002,-25.999],[141.026,-34.043],[140.968,-34.005],[140.966,-38.071],[140.627,-38.028],[140.39,-37.897],[140.212,-37.642],[139.875,-37.352],[139.784,-37.246],[139.742,-37.142],[139.739,-37.06],[139.857,-36.662],[139.729,-36.371],[139.549,-36.097],[139.245,-35.827],[139.038,-35.689],[138.969,-35.581],[139.067,-35.598],[139.113,-35.542],[139.178,-35.523],[139.23,-35.598],[139.289,-35.611],[139.292,-35.486],[139.325,-35.427],[139.282,-35.375],[139.193,-35.347],[138.915,-35.489],[138.875,-35.537],[138.771,-35.538],[138.522,-35.642],[138.184,-35.613],[138.252,-35.487],[138.4,-35.326],[138.511,-35.024],[138.49,-34.764],[138.436,-34.656],[138.089,-34.17],[138.012,-34.334],[137.919,-34.456],[137.874,-34.727],[137.692,-35.143],[137.459,-35.131],[137.144,-35.236],[136.967,-35.255],[136.883,-35.24],[137.014,-34.916],[137.391,-34.913],[137.493,-34.598],[137.459,-34.379],[137.494,-34.161],[137.65,-33.859],[137.781,-33.703],[137.932,-33.579],[137.852,-33.201],[137.924,-33.165],[137.993,-33.094],[137.913,-32.771],[137.783,-32.578],[137.791,-32.823],[137.68,-32.978],[137.442,-33.194],[137.354,-33.43],[137.237,-33.629],[137.13,-33.703],[136.937,-33.75],[136.636,-33.897],[136.431,-34.03],[136.121,-34.429],[135.891,-34.661],[135.903,-34.724],[135.951,-34.767],[135.999,-34.944],[135.97,-34.982],[135.792,-34.863],[135.648,-34.94],[135.481,-34.758],[135.324,-34.643],[135.231,-34.58],[135.123,-34.586],[135.13,-34.536],[135.217,-34.487],[135.379,-34.598],[135.427,-34.602],[135.45,-34.581],[135.219,-33.96],[134.889,-33.626],[134.847,-33.445],[134.791,-33.328],[134.719,-33.255],[134.608,-33.19],[134.301,-33.165],[134.174,-32.979],[134.1,-32.749],[134.227,-32.731],[134.249,-32.659],[134.234,-32.549],[133.93,-32.412],[133.787,-32.269],[133.665,-32.207],[133.551,-32.183],[133.212,-32.184],[132.757,-31.956],[132.649,-31.949],[132.324,-32.02],[132.215,-32.007],[131.721,-31.696],[131.393,-31.549],[131.144,-31.496],[130.783,-31.604],[130.13,-31.579],[129.002,-31.693],[129.002,-25.999]]],[[[138.047,-35.755],[138.123,-35.852],[138.067,-35.901],[138.012,-35.908],[137.835,-35.868],[137.671,-35.898],[137.622,-35.938],[137.59,-36.027],[137.448,-36.075],[137.382,-36.021],[137.21,-35.982],[137.148,-36.039],[136.755,-36.033],[136.541,-35.89],[136.639,-35.749],[137.092,-35.664],[137.334,-35.593],[137.585,-35.62],[137.635,-35.656],[137.597,-35.739],[137.836,-35.762],[137.929,-35.726],[138.047,-35.755]]]]}},{"type":"Feature","properties":{"name":"Queensland","admin":"Australia","iso_a2":"AU","postal":"QL"},"geometry":{"type":"MultiPolygon","coordinates":[[[[138.002,-16.557],[138.245,-16.718],[138.506,-16.79],[138.626,-16.778],[138.82,-16.861],[139.01,-16.899],[139.11,-17.014],[139.154,-17.168],[139.248,-17.329],[139.441,-17.381],[139.69,-17.541],[139.894,-17.611],[140.036,-17.703],[140.21,-17.704],[140.511,-17.625],[140.83,-17.414],[140.966,-17.015],[141.219,-16.646],[141.291,-16.464],[141.412,-16.07],[141.393,-15.905],[141.452,-15.605],[141.626,-15.057],[141.523,-14.47],[141.594,-14.153],[141.481,-13.927],[141.473,-13.797],[141.534,-13.554],[141.645,-13.259],[141.614,-12.943],[141.782,-12.779],[141.876,-12.778],[141.92,-12.803],[141.93,-12.74],[141.852,-12.579],[141.678,-12.491],[141.689,-12.351],[141.871,-11.976],[141.961,-12.054],[141.952,-11.896],[142.139,-11.273],[142.168,-10.947],[142.326,-10.884],[142.407,-10.802],[142.457,-10.707],[142.545,-10.707],[142.605,-10.748],[142.553,-10.875],[142.723,-11.01],[142.78,-11.115],[142.837,-11.307],[142.873,-11.821],[142.988,-11.919],[143.179,-11.955],[143.105,-12.17],[143.11,-12.303],[143.254,-12.398],[143.29,-12.499],[143.402,-12.64],[143.397,-12.736],[143.458,-12.856],[143.512,-13.095],[143.53,-13.304],[143.587,-13.444],[143.548,-13.741],[143.643,-13.964],[143.756,-14.349],[143.962,-14.463],[144.106,-14.394],[144.21,-14.302],[144.473,-14.232],[144.586,-14.355],[144.648,-14.493],[145.288,-14.943],[145.252,-15.098],[145.293,-15.327],[145.271,-15.477],[145.35,-15.701],[145.375,-15.881],[145.458,-16.056],[145.426,-16.406],[145.55,-16.625],[145.755,-16.88],[145.912,-16.912],[145.902,-17.07],[146.05,-17.381],[146.126,-17.635],[146.023,-18.176],[146.032,-18.273],[146.223,-18.51],[146.333,-18.554],[146.297,-18.841],[146.481,-19.079],[146.829,-19.236],[147.003,-19.256],[147.139,-19.393],[147.278,-19.414],[147.419,-19.378],[147.51,-19.474],[147.586,-19.623],[147.742,-19.77],[147.853,-19.795],[147.916,-19.869],[148.081,-19.899],[148.367,-20.088],[148.527,-20.109],[148.601,-20.145],[148.759,-20.29],[148.885,-20.481],[148.805,-20.492],[148.73,-20.468],[148.684,-20.58],[148.789,-20.736],[149.06,-20.961],[149.205,-21.125],[149.329,-21.476],[149.454,-21.579],[149.46,-21.765],[149.524,-22.024],[149.596,-22.258],[149.704,-22.44],[149.823,-22.39],[149.974,-22.551],[150.005,-22.522],[149.942,-22.308],[149.981,-22.184],[150.076,-22.164],[150.235,-22.373],[150.541,-22.559],[150.58,-22.556],[150.569,-22.384],[150.623,-22.367],[150.672,-22.418],[150.764,-22.576],[150.783,-23.177],[150.843,-23.458],[151.154,-23.784],[151.501,-24.012],[151.691,-24.038],[151.832,-24.123],[151.903,-24.201],[152.13,-24.597],[152.456,-24.802],[152.502,-24.964],[152.654,-25.202],[152.789,-25.274],[152.913,-25.432],[152.921,-25.689],[153.028,-25.87],[153.165,-25.964],[153.084,-26.304],[153.162,-26.983],[153.117,-27.194],[153.198,-27.405],[153.386,-27.769],[153.455,-28.048],[153.515,-28.144],[153.382,-28.236],[153.194,-28.258],[153.118,-28.352],[152.846,-28.325],[152.752,-28.356],[152.609,-28.294],[152.57,-28.323],[152.493,-28.262],[152.413,-28.343],[151.966,-28.535],[152.007,-28.637],[152.069,-28.704],[152.024,-28.874],[151.935,-28.923],[151.855,-28.919],[151.823,-28.972],[151.761,-28.945],[151.73,-28.887],[151.554,-28.955],[151.529,-29.035],[151.393,-29.139],[151.335,-29.104],[151.303,-28.982],[151.231,-28.898],[151.118,-28.851],[151.058,-28.805],[151.05,-28.758],[150.982,-28.71],[150.856,-28.66],[150.712,-28.639],[150.47,-28.65],[150.341,-28.564],[150.149,-28.558],[149.677,-28.612],[149.596,-28.566],[149.512,-28.579],[149.433,-28.656],[149.081,-28.875],[149.058,-28.928],[148.974,-28.999],[141.002,-28.999],[141.002,-25.999],[138.002,-25.999],[138.002,-16.557]]],[[[153.453,-27.712],[153.427,-27.707],[153.396,-27.665],[153.401,-27.506],[153.435,-27.405],[153.539,-27.436],[153.453,-27.712]]],[[[153.467,-27.038],[153.426,-27.201],[153.443,-27.316],[153.421,-27.331],[153.377,-27.235],[153.365,-27.139],[153.38,-27.049],[153.467,-27.038]]],[[[153.298,-24.915],[153.359,-24.978],[153.35,-25.063],[153.141,-25.513],[153.077,-25.751],[153.052,-25.778],[153.007,-25.729],[152.977,-25.551],[153.061,-25.302],[153.038,-25.193],[153.189,-25.07],[153.227,-25.006],[153.242,-24.923],[153.186,-24.833],[153.144,-24.815],[153.223,-24.739],[153.282,-24.738],[153.298,-24.915]]],[[[151.296,-23.72],[151.238,-23.776],[151.184,-23.741],[151.033,-23.53],[151.06,-23.461],[151.24,-23.53],[151.229,-23.595],[151.296,-23.72]]],[[[150.521,-22.228],[150.549,-22.307],[150.517,-22.323],[150.462,-22.308],[150.489,-22.211],[150.521,-22.228]]],[[[149.928,-22.193],[149.894,-22.223],[149.87,-22.15],[149.875,-22.074],[149.912,-22.049],[149.928,-22.193]]],[[[149.045,-20.277],[149.02,-20.302],[148.939,-20.284],[148.981,-20.154],[149.045,-20.277]]],[[[148.968,-20.044],[148.956,-20.135],[148.914,-20.154],[148.887,-20.144],[148.968,-20.044]]],[[[146.342,-18.4],[146.299,-18.485],[146.236,-18.451],[146.099,-18.252],[146.278,-18.231],[146.342,-18.4]]],[[[139.56,-17.042],[139.571,-17.094],[139.422,-17.132],[139.408,-17.091],[139.493,-16.99],[139.56,-17.042]]],[[[139.698,-16.515],[139.56,-16.529],[139.43,-16.661],[139.392,-16.649],[139.354,-16.697],[139.16,-16.742],[139.163,-16.626],[139.293,-16.467],[139.588,-16.395],[139.698,-16.515]]],[[[142.198,-10.592],[142.275,-10.705],[142.191,-10.762],[142.137,-10.732],[142.131,-10.641],[142.198,-10.592]]],[[[142.299,-10.14],[142.339,-10.192],[142.279,-10.254],[142.216,-10.236],[142.195,-10.199],[142.219,-10.149],[142.299,-10.14]]],[[[142.192,-10.085],[142.142,-10.181],[142.098,-10.122],[142.149,-10.052],[142.192,-10.085]]]]}},{"type":"Feature","properties":{"name":"Tasmania","admin":"Australia","iso_a2":"AU","postal":"TS"},"geometry":{"type":"MultiPolygon","coordinates":[[[[147.356,-43.397],[147.309,-43.501],[147.231,-43.483],[147.154,-43.5],[147.105,-43.413],[147.163,-43.43],[147.284,-43.279],[147.312,-43.28],[147.356,-43.397]]],[[[147.397,-43.118],[147.435,-43.241],[147.349,-43.232],[147.338,-43.183],[147.296,-43.162],[147.353,-43.08],[147.397,-43.118]]],[[[148.143,-42.616],[148.169,-42.652],[148.101,-42.681],[148.104,-42.71],[148.03,-42.715],[148.023,-42.64],[148.073,-42.593],[148.143,-42.616]]],[[[148.331,-42.262],[148.29,-42.255],[148.277,-42.136],[148.183,-42.065],[148.241,-42.022],[148.214,-41.97],[148.167,-42.012],[148.141,-42.07],[148.156,-42.088],[148.067,-42.17],[148.023,-42.26],[148.009,-42.436],[147.924,-42.573],[147.912,-42.658],[147.915,-42.816],[147.981,-43.157],[147.945,-43.182],[147.786,-43.22],[147.699,-43.123],[147.648,-43.021],[147.687,-42.98],[147.774,-43.003],[147.8,-42.98],[147.8,-42.928],[147.693,-42.872],[147.574,-42.846],[147.536,-42.878],[147.537,-42.996],[147.452,-43.033],[147.408,-42.894],[147.298,-42.791],[147.348,-42.926],[147.325,-43.014],[147.281,-43.032],[147.26,-43.071],[147.245,-43.216],[147.173,-43.256],[146.997,-43.156],[146.988,-43.219],[147.077,-43.276],[146.874,-43.612],[146.699,-43.602],[146.549,-43.509],[146.187,-43.513],[146.043,-43.547],[145.982,-43.408],[145.994,-43.376],[146.226,-43.355],[146.208,-43.316],[145.975,-43.277],[145.873,-43.292],[145.803,-43.244],[145.61,-42.998],[145.488,-42.927],[145.268,-42.544],[145.199,-42.231],[145.373,-42.339],[145.435,-42.406],[145.468,-42.493],[145.527,-42.388],[145.517,-42.354],[145.36,-42.228],[145.331,-42.147],[145.294,-42.191],[145.235,-42.197],[145.259,-42.107],[145.238,-42.02],[145.055,-41.827],[144.778,-41.419],[144.646,-40.981],[144.71,-40.783],[144.719,-40.672],[145.043,-40.787],[145.283,-40.77],[145.349,-40.826],[145.429,-40.858],[145.534,-40.864],[145.821,-41.025],[146.318,-41.164],[146.574,-41.142],[146.723,-41.078],[146.848,-41.168],[146.836,-41.109],[146.857,-41.058],[146.99,-40.992],[147.219,-40.983],[147.321,-40.956],[147.455,-41.002],[147.622,-40.845],[147.873,-40.873],[147.969,-40.779],[148.033,-40.781],[148.215,-40.855],[148.293,-40.947],[148.285,-41.115],[148.312,-41.35],[148.29,-41.465],[148.288,-41.816],[148.316,-41.928],[148.302,-42.04],[148.341,-42.111],[148.331,-42.262]]],[[[148.237,-40.515],[148.188,-40.593],[148.117,-40.521],[148.237,-40.515]]],[[[144.784,-40.507],[144.748,-40.589],[144.71,-40.485],[144.783,-40.435],[144.784,-40.507]]],[[[148.474,-40.432],[148.353,-40.497],[148.319,-40.435],[148.102,-40.452],[148.01,-40.381],[148.059,-40.357],[148.198,-40.358],[148.326,-40.307],[148.421,-40.367],[148.474,-40.432]]],[[[148.323,-40.145],[148.313,-40.174],[148.106,-40.262],[147.89,-40.014],[147.906,-39.971],[147.876,-39.905],[147.812,-39.911],[147.767,-39.87],[147.839,-39.832],[147.933,-39.726],[148.0,-39.758],[148.178,-39.938],[148.297,-39.986],[148.29,-40.065],[148.251,-40.1],[148.323,-40.145]]],[[[144.106,-39.874],[144.141,-39.954],[144.112,-40.022],[144.035,-40.078],[143.899,-40.12],[143.876,-40.064],[143.888,-39.984],[143.839,-39.904],[143.865,-39.824],[143.862,-39.738],[143.939,-39.658],[143.949,-39.584],[144.001,-39.58],[144.091,-39.638],[144.121,-39.785],[144.106,-39.874]]]]}},{"type":"Feature","properties":{"name":"Victoria","admin":"Australia","iso_a2":"AU","postal":"VI"},"geometry":{"type":"MultiPolygon","coordinates":[[[[140.968,-34.005],[141.026,-34.043],[141.318,-34.112],[141.47,-34.183],[141.586,-34.191],[141.666,-34.137],[141.761,-34.112],[141.926,-34.117],[142.158,-34.173],[142.252,-34.223],[142.328,-34.322],[142.373,-34.333],[142.388,-34.485],[142.426,-34.593],[142.571,-34.775],[142.619,-34.783],[142.742,-34.598],[142.774,-34.587],[142.857,-34.655],[143.221,-34.733],[143.325,-34.788],[143.361,-34.882],[143.377,-35.127],[143.404,-35.168],[143.54,-35.234],[143.584,-35.279],[143.585,-35.327],[143.714,-35.411],[144.163,-35.634],[144.29,-35.73],[144.524,-35.994],[144.668,-36.088],[144.799,-36.126],[144.916,-36.107],[144.965,-36.075],[144.943,-35.978],[144.962,-35.922],[145.008,-35.884],[145.432,-35.835],[145.588,-35.863],[145.815,-35.977],[146.216,-36.057],[146.324,-36.054],[146.47,-35.994],[146.59,-36.005],[146.896,-36.1],[147.047,-36.106],[147.1,-36.05],[147.157,-36.036],[147.323,-36.069],[147.407,-35.971],[147.458,-35.954],[147.538,-35.984],[147.762,-35.956],[147.931,-36.019],[147.975,-36.046],[148.147,-36.546],[148.197,-36.625],[148.133,-36.777],[149.942,-37.501],[149.933,-37.528],[149.809,-37.548],[149.481,-37.771],[149.299,-37.802],[148.944,-37.789],[148.262,-37.831],[147.877,-37.934],[147.632,-38.056],[147.396,-38.219],[146.857,-38.663],[146.436,-38.712],[146.293,-38.7],[146.217,-38.727],[146.216,-38.783],[146.337,-38.894],[146.427,-38.82],[146.467,-38.84],[146.484,-39.065],[146.457,-39.112],[146.4,-39.146],[146.34,-39.124],[146.332,-39.077],[146.254,-38.964],[146.158,-38.866],[146.07,-38.834],[145.935,-38.902],[145.791,-38.667],[145.606,-38.657],[145.397,-38.535],[145.463,-38.416],[145.542,-38.394],[145.476,-38.244],[145.293,-38.238],[145.191,-38.384],[144.96,-38.501],[144.718,-38.34],[144.911,-38.344],[145.067,-38.205],[145.12,-38.091],[144.985,-37.952],[144.891,-37.9],[144.396,-38.137],[144.518,-38.166],[144.59,-38.158],[144.665,-38.21],[144.544,-38.284],[144.329,-38.348],[144.101,-38.462],[143.812,-38.699],[143.539,-38.821],[143.226,-38.743],[143.083,-38.646],[142.84,-38.581],[142.456,-38.386],[142.344,-38.372],[142.188,-38.399],[141.925,-38.284],[141.725,-38.271],[141.594,-38.388],[141.424,-38.363],[141.214,-38.172],[140.966,-38.071],[140.968,-34.005]]],[[[145.355,-38.557],[145.271,-38.52],[145.128,-38.528],[145.218,-38.459],[145.314,-38.491],[145.355,-38.557]]],[[[145.487,-38.355],[145.336,-38.421],[145.28,-38.391],[145.295,-38.319],[145.427,-38.314],[145.487,-38.355]]]]}},{"type":"Feature","properties":{"name":"Australian Capital Territory","admin":"Australia","iso_a2":"AU","postal":"CT"},"geometry":{"type":"Polygon","coordinates":[[[149.368,-35.356],[149.279,-35.347],[149.185,-35.383],[149.141,-35.441],[149.149,-35.508],[149.127,-35.584],[149.087,-35.611],[149.105,-35.829],[149.051,-35.914],[148.948,-35.887],[148.899,-35.821],[148.89,-35.744],[148.85,-35.749],[148.792,-35.709],[148.775,-35.637],[148.77,-35.494],[148.828,-35.312],[149.105,-35.146],[149.19,-35.177],[149.194,-35.218],[149.256,-35.271],[149.404,-35.329],[149.368,-35.356]]]}},{"type":"Feature","properties":{"name":"Jervis Bay Territory","admin":"Australia","iso_a2":"AU","postal":"JB"},"geometry":{"type":"Polygon","coordinates":[[[150.636,-35.146],[150.706,-35.12],[150.722,-35.134],[150.69,-35.178],[150.612,-35.19],[150.636,-35.146]]]}},{"type":"Feature","properties":{"name":"New South Wales","admin":"Australia","iso_a2":"AU","postal":"NS"},"geometry":{"type":"Polygon","coordinates":[[[141.002,-28.999],[148.974,-28.999],[149.058,-28.928],[149.081,-28.875],[149.433,-28.656],[149.512,-28.579],[149.596,-28.566],[149.677,-28.612],[150.149,-28.558],[150.341,-28.564],[150.47,-28.65],[150.712,-28.639],[150.856,-28.66],[150.982,-28.71],[151.05,-28.758],[151.058,-28.805],[151.118,-28.851],[151.231,-28.898],[151.303,-28.982],[151.335,-29.104],[151.393,-29.139],[151.529,-29.035],[151.554,-28.955],[151.73,-28.887],[151.761,-28.945],[151.823,-28.972],[151.855,-28.919],[151.935,-28.923],[152.024,-28.874],[152.069,-28.704],[152.007,-28.637],[151.966,-28.535],[152.413,-28.343],[152.493,-28.262],[152.57,-28.323],[152.609,-28.294],[152.752,-28.356],[152.846,-28.325],[153.118,-28.352],[153.194,-28.258],[153.382,-28.236],[153.515,-28.144],[153.576,-28.24],[153.569,-28.533],[153.617,-28.673],[153.605,-28.854],[153.462,-29.05],[153.348,-29.29],[153.347,-29.497],[153.272,-29.892],[153.031,-30.563],[153.048,-30.907],[152.944,-31.435],[152.786,-31.786],[152.559,-32.046],[152.545,-32.243],[152.47,-32.439],[152.247,-32.609],[152.216,-32.678],[152.136,-32.678],[152.135,-32.7],[152.188,-32.722],[152.164,-32.757],[151.954,-32.82],[151.813,-32.901],[151.484,-33.348],[151.432,-33.522],[151.292,-33.581],[151.323,-33.699],[151.28,-33.927],[151.245,-33.985],[151.202,-33.964],[151.125,-34.005],[151.232,-34.03],[150.96,-34.297],[150.871,-34.499],[150.781,-34.892],[150.805,-35.013],[150.756,-35.007],[150.697,-35.042],[150.681,-35.077],[150.705,-35.12],[150.636,-35.146],[150.568,-35.214],[150.374,-35.584],[150.195,-35.834],[150.063,-36.55],[149.96,-36.846],[149.951,-37.08],[149.986,-37.258],[149.942,-37.501],[148.133,-36.777],[148.197,-36.625],[148.147,-36.546],[147.975,-36.046],[147.931,-36.019],[147.762,-35.956],[147.538,-35.984],[147.458,-35.954],[147.407,-35.971],[147.323,-36.069],[147.157,-36.036],[147.1,-36.05],[147.047,-36.106],[146.896,-36.1],[146.59,-36.005],[146.47,-35.994],[146.324,-36.054],[146.216,-36.057],[145.815,-35.977],[145.588,-35.863],[145.432,-35.835],[145.008,-35.884],[144.962,-35.922],[144.943,-35.978],[144.965,-36.075],[144.916,-36.107],[144.799,-36.126],[144.668,-36.088],[144.524,-35.994],[144.29,-35.73],[144.163,-35.634],[143.714,-35.411],[143.585,-35.327],[143.584,-35.279],[143.54,-35.234],[143.404,-35.168],[143.377,-35.127],[143.361,-34.882],[143.325,-34.788],[143.221,-34.733],[142.857,-34.655],[142.774,-34.587],[142.742,-34.598],[142.619,-34.783],[142.571,-34.775],[142.426,-34.593],[142.388,-34.485],[142.373,-34.333],[142.328,-34.322],[142.252,-34.223],[142.158,-34.173],[141.926,-34.117],[141.761,-34.112],[141.666,-34.137],[141.586,-34.191],[141.47,-34.183],[141.318,-34.112],[141.026,-34.043],[141.002,-28.999]],[[149.256,-35.271],[149.194,-35.218],[149.19,-35.177],[149.105,-35.146],[148.828,-35.312],[148.77,-35.494],[148.775,-35.637],[148.792,-35.709],[148.85,-35.749],[148.89,-35.744],[148.899,-35.821],[148.948,-35.887],[149.051,-35.914],[149.105,-35.829],[149.087,-35.611],[149.127,-35.584],[149.149,-35.508],[149.141,-35.441],[149.185,-35.383],[149.279,-35.347],[149.368,-35.356],[149.404,-35.329],[149.256,-35.271]]]}},{"type":"Feature","properties":{"name":"Acre","admin":"Brazil","iso_a2":"BR","postal":"AC"},"geometry":{"type":"Polygon","coordinates":[[[-66.73,-9.975],[-67.111,-10.269],[-67.19,-10.311],[-67.28,-10.317],[-67.417,-10.39],[-67.582,-10.506],[-67.722,-10.683],[-67.835,-10.663],[-68.072,-10.703],[-68.311,-10.975],[-68.623,-11.109],[-68.728,-11.122],[-68.77,-11.098],[-68.784,-11.045],[-68.848,-11.011],[-69.228,-10.956],[-69.96,-10.93],[-70.22,-11.048],[-70.342,-11.067],[-70.451,-11.025],[-70.533,-10.947],[-70.642,-11.01],[-70.637,-9.824],[-70.567,-9.705],[-70.599,-9.621],[-70.592,-9.543],[-70.541,-9.437],[-70.637,-9.478],[-71.238,-9.966],[-71.608,-10.006],[-72.143,-10.005],[-72.182,-10.004],[-72.173,-9.844],[-72.26,-9.774],[-72.266,-9.689],[-72.318,-9.557],[-72.379,-9.51],[-72.814,-9.41],[-73.209,-9.411],[-72.97,-9.12],[-72.974,-8.993],[-73.203,-8.719],[-73.303,-8.654],[-73.357,-8.567],[-73.36,-8.479],[-73.549,-8.346],[-73.549,-8.299],[-73.645,-8.073],[-73.776,-7.936],[-73.773,-7.896],[-73.732,-7.876],[-73.714,-7.829],[-73.72,-7.783],[-73.822,-7.739],[-74.002,-7.556],[-73.958,-7.507],[-73.964,-7.379],[-73.749,-7.335],[-73.72,-7.309],[-73.758,-7.173],[-73.797,-7.117],[-72.664,-7.593],[-70.373,-8.155],[-69.806,-8.454],[-66.628,-9.925],[-66.73,-9.975]]]}},{"type":"Feature","properties":{"name":"Rondônia","admin":"Brazil","iso_a2":"BR","postal":"RO"},"geometry":{"type":"Polygon","coordinates":[[[-66.829,-9.838],[-66.744,-9.749],[-66.695,-9.749],[-66.597,-9.664],[-66.503,-9.633],[-66.405,-9.526],[-66.396,-9.405],[-65.931,-9.414],[-65.766,-9.566],[-65.677,-9.535],[-65.632,-9.45],[-65.525,-9.414],[-65.445,-9.445],[-65.418,-9.392],[-65.222,-9.258],[-65.199,-9.267],[-65.172,-9.374],[-65.092,-9.436],[-65.038,-9.401],[-64.905,-9.213],[-64.927,-9.12],[-64.887,-9.061],[-64.78,-8.985],[-64.69,-9.021],[-64.597,-9.026],[-64.476,-8.95],[-64.418,-8.972],[-64.382,-8.941],[-64.119,-8.936],[-64.128,-8.686],[-64.074,-8.713],[-63.998,-8.682],[-63.922,-8.535],[-63.994,-8.441],[-63.918,-8.334],[-63.753,-8.285],[-63.726,-8.191],[-63.592,-8.164],[-63.588,-8.079],[-63.538,-7.999],[-62.829,-8.017],[-62.721,-8.061],[-62.637,-8.222],[-62.556,-8.289],[-62.539,-8.361],[-62.454,-8.347],[-62.373,-8.383],[-62.306,-8.57],[-62.172,-8.611],[-62.132,-8.767],[-61.998,-8.811],[-61.918,-8.874],[-61.873,-8.856],[-61.838,-8.744],[-61.762,-8.727],[-61.717,-8.686],[-61.61,-8.722],[-61.61,-8.767],[-61.507,-8.847],[-61.485,-8.914],[-61.53,-8.999],[-61.556,-9.128],[-61.53,-9.227],[-61.592,-9.24],[-61.61,-9.32],[-61.547,-9.41],[-61.552,-9.463],[-61.481,-9.637],[-61.521,-9.704],[-61.565,-9.727],[-61.521,-9.86],[-61.534,-9.995],[-61.57,-10.061],[-61.565,-10.262],[-61.472,-10.436],[-61.503,-10.686],[-61.472,-10.758],[-61.521,-10.789],[-61.521,-10.954],[-61.472,-10.999],[-60.44,-11.003],[-60.44,-11.039],[-60.382,-11.102],[-60.28,-11.079],[-60.003,-11.146],[-59.909,-11.383],[-60.101,-11.601],[-60.101,-11.744],[-60.061,-11.905],[-59.985,-11.919],[-59.887,-12.128],[-59.891,-12.245],[-59.824,-12.387],[-59.909,-12.619],[-60.003,-12.731],[-60.043,-12.874],[-60.083,-12.927],[-60.195,-12.972],[-60.271,-13.07],[-60.275,-13.137],[-60.351,-13.271],[-60.382,-13.419],[-60.725,-13.663],[-61.077,-13.49],[-61.512,-13.541],[-61.79,-13.526],[-61.945,-13.406],[-62.095,-13.242],[-62.118,-13.16],[-62.176,-13.134],[-62.353,-13.132],[-62.687,-12.994],[-62.766,-12.997],[-63.015,-12.805],[-63.067,-12.669],[-63.117,-12.652],[-63.25,-12.708],[-63.347,-12.68],[-63.586,-12.519],[-63.688,-12.478],[-63.788,-12.47],[-63.938,-12.53],[-64.42,-12.44],[-64.513,-12.251],[-64.612,-12.204],[-64.83,-12.03],[-64.993,-11.975],[-65.037,-11.829],[-65.09,-11.741],[-65.163,-11.765],[-65.186,-11.75],[-65.175,-11.647],[-65.322,-11.439],[-65.342,-11.315],[-65.39,-11.246],[-65.371,-11.11],[-65.324,-11.025],[-65.334,-10.893],[-65.402,-10.715],[-65.447,-10.507],[-65.437,-10.449],[-65.313,-10.253],[-65.299,-10.147],[-65.328,-9.936],[-65.309,-9.873],[-65.396,-9.712],[-65.492,-9.732],[-65.559,-9.797],[-65.637,-9.809],[-65.707,-9.768],[-66.264,-9.826],[-66.628,-9.925],[-66.829,-9.838]]]}},{"type":"Feature","properties":{"name":"Roraima","admin":"Brazil","iso_a2":"BR","postal":"RR"},"geometry":{"type":"Polygon","coordinates":[[[-60.025,0.224],[-60.128,0.131],[-60.168,0.006],[-60.217,-0.043],[-60.311,-0.235],[-60.315,-0.307],[-60.387,-0.463],[-60.391,-0.521],[-60.315,-0.619],[-60.306,-0.673],[-60.338,-0.704],[-60.467,-0.74],[-60.516,-0.829],[-60.641,-0.86],[-60.735,-0.852],[-60.815,-0.686],[-60.905,-0.61],[-60.931,-0.557],[-61.061,-0.53],[-61.105,-0.494],[-61.222,-0.499],[-61.244,-0.548],[-61.458,-0.637],[-61.534,-0.727],[-61.579,-0.945],[-61.561,-1.021],[-61.574,-1.142],[-61.619,-1.276],[-61.62,-1.449],[-61.717,-1.401],[-61.881,-1.389],[-61.936,-1.245],[-62.03,-1.146],[-62.204,-1.044],[-62.244,-0.981],[-62.315,-0.945],[-62.418,-0.829],[-62.507,-0.771],[-62.476,-0.695],[-62.378,-0.718],[-62.311,-0.642],[-62.32,-0.521],[-62.369,-0.468],[-62.373,-0.343],[-62.405,-0.271],[-62.476,-0.222],[-62.512,-0.124],[-62.57,-0.048],[-62.579,0.019],[-62.525,0.095],[-62.565,0.175],[-62.57,0.247],[-62.534,0.314],[-62.53,0.43],[-62.489,0.488],[-62.485,0.541],[-62.539,0.675],[-62.534,0.733],[-62.445,0.805],[-62.512,0.961],[-62.516,1.059],[-62.623,1.416],[-62.721,1.497],[-62.788,1.604],[-62.713,1.738],[-62.73,1.831],[-62.69,1.912],[-62.708,1.948],[-62.847,2.019],[-63.003,2.019],[-63.123,2.113],[-63.15,2.18],[-63.306,2.166],[-63.394,2.224],[-63.375,2.34],[-63.389,2.412],[-63.924,2.452],[-64.047,2.502],[-64.009,2.672],[-64.038,2.801],[-64.219,3.205],[-64.221,3.587],[-64.275,3.663],[-64.568,3.9],[-64.669,4.012],[-64.703,4.089],[-64.818,4.232],[-64.789,4.276],[-64.722,4.275],[-64.576,4.14],[-64.192,4.127],[-64.021,3.929],[-63.653,3.941],[-63.527,3.894],[-63.339,3.944],[-62.969,3.594],[-62.857,3.593],[-62.765,3.673],[-62.74,3.94],[-62.712,4.018],[-62.61,4.042],[-62.473,4.139],[-62.411,4.157],[-62.153,4.098],[-61.821,4.197],[-61.554,4.288],[-61.479,4.402],[-61.368,4.433],[-61.28,4.517],[-61.036,4.519],[-60.966,4.575],[-60.906,4.687],[-60.742,4.774],[-60.628,4.893],[-60.604,4.995],[-60.635,5.082],[-60.672,5.164],[-60.742,5.202],[-60.651,5.221],[-60.577,5.193],[-60.46,5.188],[-60.409,5.21],[-60.335,5.199],[-60.242,5.258],[-60.142,5.239],[-60.078,5.144],[-59.991,5.083],[-60.032,4.74],[-60.149,4.533],[-60.111,4.511],[-59.833,4.476],[-59.703,4.381],[-59.739,4.227],[-59.551,3.934],[-59.605,3.82],[-59.67,3.753],[-59.679,3.7],[-59.854,3.588],[-59.831,3.349],[-59.972,2.99],[-59.994,2.69],[-59.89,2.363],[-59.755,2.274],[-59.756,1.901],[-59.668,1.842],[-59.667,1.746],[-59.536,1.7],[-59.231,1.376],[-58.966,1.302],[-58.869,0.224],[-60.025,0.224]]]}},{"type":"Feature","properties":{"name":"Amazonas","admin":"Brazil","iso_a2":"BR","postal":"AM"},"geometry":{"type":"Polygon","coordinates":[[[-69.806,-8.454],[-70.373,-8.155],[-72.664,-7.593],[-73.797,-7.117],[-73.758,-6.906],[-73.694,-6.834],[-73.325,-6.575],[-73.24,-6.564],[-73.177,-6.525],[-73.137,-6.466],[-73.135,-6.344],[-73.235,-6.098],[-73.163,-5.933],[-72.98,-5.635],[-72.887,-5.123],[-72.699,-5.067],[-72.469,-4.901],[-72.353,-4.786],[-71.845,-4.504],[-71.521,-4.47],[-71.235,-4.388],[-70.974,-4.35],[-70.8,-4.173],[-70.405,-4.15],[-70.239,-4.301],[-70.129,-4.287],[-70.053,-4.333],[-69.972,-4.301],[-69.4,-1.195],[-69.449,-1.092],[-69.449,-0.999],[-69.543,-0.917],[-69.612,-0.763],[-69.621,-0.721],[-69.592,-0.639],[-69.634,-0.509],[-69.748,-0.453],[-69.923,-0.318],[-70.044,-0.196],[-70.071,-0.139],[-70.054,0.579],[-69.807,0.607],[-69.472,0.73],[-69.392,0.667],[-69.306,0.652],[-69.283,0.627],[-69.174,0.635],[-69.153,0.659],[-69.177,0.713],[-69.163,0.864],[-69.259,1.015],[-69.312,1.05],[-69.361,1.064],[-69.442,1.039],[-69.47,1.059],[-69.798,1.078],[-69.852,1.059],[-69.849,1.709],[-69.543,1.773],[-69.32,1.721],[-68.177,1.72],[-68.256,1.845],[-68.194,1.987],[-68.13,1.956],[-68.033,1.788],[-67.99,1.752],[-67.936,1.748],[-67.815,1.79],[-67.556,2.073],[-67.458,2.121],[-67.401,2.117],[-67.352,2.086],[-67.119,1.704],[-67.09,1.616],[-67.082,1.185],[-66.876,1.223],[-66.429,0.822],[-66.302,0.752],[-66.06,0.785],[-65.811,0.937],[-65.682,0.983],[-65.566,0.926],[-65.523,0.843],[-65.563,0.747],[-65.556,0.688],[-65.473,0.691],[-65.361,0.869],[-65.264,0.932],[-65.104,1.108],[-64.818,1.257],[-64.732,1.253],[-64.486,1.453],[-64.304,1.455],[-64.205,1.53],[-64.115,1.619],[-64.035,1.904],[-63.976,1.953],[-63.844,1.977],[-63.57,2.121],[-63.464,2.136],[-63.394,2.224],[-63.306,2.166],[-63.15,2.18],[-63.123,2.113],[-63.003,2.019],[-62.847,2.019],[-62.708,1.948],[-62.69,1.912],[-62.73,1.831],[-62.713,1.738],[-62.788,1.604],[-62.721,1.497],[-62.623,1.416],[-62.516,1.059],[-62.512,0.961],[-62.445,0.805],[-62.534,0.733],[-62.539,0.675],[-62.485,0.541],[-62.489,0.488],[-62.53,0.43],[-62.534,0.314],[-62.57,0.247],[-62.565,0.175],[-62.525,0.095],[-62.579,0.019],[-62.57,-0.048],[-62.512,-0.124],[-62.476,-0.222],[-62.405,-0.271],[-62.373,-0.343],[-62.369,-0.468],[-62.32,-0.521],[-62.311,-0.642],[-62.378,-0.718],[-62.476,-0.695],[-62.507,-0.771],[-62.418,-0.829],[-62.315,-0.945],[-62.244,-0.981],[-62.204,-1.044],[-62.03,-1.146],[-61.936,-1.245],[-61.881,-1.389],[-61.717,-1.401],[-61.62,-1.449],[-61.619,-1.276],[-61.574,-1.142],[-61.561,-1.021],[-61.579,-0.945],[-61.534,-0.727],[-61.458,-0.637],[-61.244,-0.548],[-61.222,-0.499],[-61.105,-0.494],[-61.061,-0.53],[-60.931,-0.557],[-60.905,-0.61],[-60.815,-0.686],[-60.735,-0.852],[-60.641,-0.86],[-60.516,-0.829],[-60.467,-0.74],[-60.338,-0.704],[-60.306,-0.673],[-60.315,-0.619],[-60.391,-0.521],[-60.387,-0.463],[-60.315,-0.307],[-60.311,-0.235],[-60.217,-0.043],[-60.168,0.006],[-60.128,0.131],[-60.025,0.224],[-58.869,0.224],[-58.855,-0.351],[-58.739,-0.432],[-58.748,-0.624],[-58.704,-0.695],[-58.628,-0.767],[-58.57,-0.762],[-58.44,-0.86],[-58.391,-1.048],[-58.315,-1.119],[-58.253,-1.128],[-58.083,-1.298],[-57.98,-1.347],[-57.9,-1.423],[-57.829,-1.445],[-57.655,-1.588],[-57.338,-1.731],[-57.275,-1.713],[-57.248,-1.758],[-57.088,-1.811],[-57.007,-1.936],[-56.824,-2.034],[-56.744,-2.052],[-56.748,-2.177],[-56.637,-2.222],[-56.498,-2.16],[-56.485,-2.249],[-56.401,-2.336],[-56.391,-2.392],[-58.293,-6.499],[-58.374,-6.571],[-58.437,-6.676],[-58.455,-6.794],[-58.386,-6.949],[-58.146,-7.263],[-58.137,-7.338],[-58.202,-7.414],[-58.224,-7.575],[-58.33,-7.78],[-58.354,-7.906],[-58.329,-8.051],[-58.354,-8.276],[-58.472,-8.691],[-58.547,-8.749],[-61.61,-8.767],[-61.61,-8.722],[-61.717,-8.686],[-61.762,-8.727],[-61.838,-8.744],[-61.873,-8.856],[-61.918,-8.874],[-61.998,-8.811],[-62.132,-8.767],[-62.172,-8.611],[-62.306,-8.57],[-62.373,-8.383],[-62.454,-8.347],[-62.539,-8.361],[-62.556,-8.289],[-62.637,-8.222],[-62.721,-8.061],[-62.905,-8.008],[-63.538,-7.999],[-63.588,-8.079],[-63.592,-8.164],[-63.726,-8.191],[-63.753,-8.285],[-63.918,-8.334],[-63.994,-8.441],[-63.922,-8.535],[-63.998,-8.682],[-64.074,-8.713],[-64.128,-8.686],[-64.119,-8.936],[-64.382,-8.941],[-64.418,-8.972],[-64.476,-8.95],[-64.597,-9.026],[-64.69,-9.021],[-64.78,-8.985],[-64.887,-9.061],[-64.927,-9.12],[-64.905,-9.213],[-65.038,-9.401],[-65.092,-9.436],[-65.172,-9.374],[-65.199,-9.267],[-65.222,-9.258],[-65.418,-9.392],[-65.445,-9.445],[-65.525,-9.414],[-65.632,-9.45],[-65.677,-9.535],[-65.766,-9.566],[-65.931,-9.414],[-66.396,-9.405],[-66.405,-9.526],[-66.503,-9.633],[-66.597,-9.664],[-66.695,-9.749],[-66.744,-9.749],[-66.829,-9.838],[-69.806,-8.454]]]}},{"type":"Feature","properties":{"name":"Pará","admin":"Brazil","iso_a2":"BR","postal":"PA"},"geometry":{"type":"MultiPolygon","coordinates":[[[[-58.966,1.302],[-58.862,1.204],[-58.822,1.201],[-58.685,1.281],[-58.512,1.285],[-58.487,1.348],[-58.506,1.439],[-58.396,1.482],[-58.341,1.588],[-58.173,1.548],[-58.142,1.517],[-58.035,1.52],[-57.995,1.574],[-57.983,1.649],[-57.796,1.7],[-57.594,1.704],[-57.546,1.726],[-57.413,1.909],[-57.367,1.94],[-57.119,2.014],[-57.01,1.921],[-56.837,1.881],[-56.617,1.923],[-56.564,1.907],[-56.483,1.942],[-56.02,1.842],[-55.963,1.857],[-55.93,1.887],[-55.915,2.04],[-56.074,2.237],[-56.138,2.259],[-56.129,2.299],[-56.02,2.393],[-55.975,2.516],[-55.936,2.517],[-55.73,2.406],[-55.385,2.441],[-55.344,2.489],[-55.188,2.547],[-55.07,2.548],[-54.979,2.598],[-54.968,2.548],[-54.876,2.45],[-54.767,2.455],[-54.715,2.425],[-54.735,2.416],[-54.717,2.265],[-54.788,2.13],[-54.753,2.081],[-54.793,2.01],[-54.762,1.97],[-54.735,1.773],[-54.579,1.782],[-54.498,1.747],[-54.364,1.76],[-54.172,1.657],[-54.079,1.506],[-54.007,1.523],[-53.922,1.461],[-53.891,1.407],[-53.757,1.394],[-53.739,1.434],[-53.659,1.421],[-53.65,1.363],[-53.556,1.367],[-53.539,1.242],[-53.44,1.26],[-53.409,1.184],[-53.467,1.153],[-53.418,0.943],[-53.266,0.782],[-53.132,0.751],[-53.114,0.72],[-53.141,0.537],[-53.128,0.385],[-53.043,0.247],[-53.007,0.135],[-53.016,0.055],[-52.913,-0.191],[-52.829,-0.182],[-52.628,-0.396],[-52.632,-0.557],[-52.605,-0.61],[-52.525,-0.646],[-52.516,-0.874],[-52.4,-0.869],[-52.369,-0.923],[-52.391,-0.954],[-52.36,-1.07],[-52.239,-1.146],[-52.052,-1.177],[-51.985,-1.142],[-51.888,-1.16],[-51.922,-1.181],[-51.934,-1.32],[-52.02,-1.399],[-52.229,-1.362],[-52.664,-1.552],[-52.31,-1.56],[-52.197,-1.64],[-51.948,-1.587],[-51.646,-1.394],[-51.297,-1.224],[-50.992,-0.986],[-50.895,-0.938],[-50.842,-0.999],[-50.838,-1.039],[-50.918,-1.115],[-50.845,-1.226],[-50.786,-1.49],[-50.679,-1.644],[-50.69,-1.762],[-50.403,-2.016],[-50.26,-1.923],[-49.999,-1.832],[-49.72,-1.926],[-49.314,-1.732],[-49.507,-2.28],[-49.553,-2.52],[-49.637,-2.657],[-49.524,-2.597],[-49.457,-2.505],[-49.408,-2.344],[-49.211,-1.917],[-48.991,-1.83],[-48.71,-1.488],[-48.6,-1.489],[-48.463,-1.614],[-48.446,-1.52],[-48.35,-1.482],[-48.451,-1.436],[-48.468,-1.394],[-48.478,-1.324],[-48.409,-1.229],[-48.45,-1.146],[-48.307,-1.04],[-48.318,-0.961],[-48.202,-0.828],[-48.128,-0.795],[-48.115,-0.738],[-48.069,-0.714],[-48.033,-0.705],[-47.961,-0.77],[-47.883,-0.693],[-47.808,-0.664],[-47.687,-0.725],[-47.557,-0.67],[-47.471,-0.749],[-47.419,-0.766],[-47.46,-0.681],[-47.439,-0.648],[-47.398,-0.627],[-47.269,-0.645],[-47.127,-0.745],[-46.944,-0.743],[-46.894,-0.78],[-46.811,-0.78],[-46.77,-0.837],[-46.645,-0.916],[-46.617,-0.971],[-46.422,-1.03],[-46.219,-1.031],[-46.215,-1.1],[-46.14,-1.118],[-46.045,-1.103],[-46.007,-1.147],[-46.141,-1.24],[-46.159,-1.316],[-46.123,-1.347],[-46.199,-1.486],[-46.181,-1.575],[-46.199,-1.677],[-46.244,-1.722],[-46.315,-1.731],[-46.302,-1.803],[-46.217,-1.807],[-46.213,-1.927],[-46.28,-2.142],[-46.378,-2.253],[-46.413,-2.24],[-46.427,-2.512],[-46.485,-2.548],[-46.507,-2.615],[-46.601,-2.664],[-46.668,-2.74],[-46.574,-2.847],[-46.65,-2.914],[-46.637,-2.986],[-46.668,-3.093],[-46.824,-3.329],[-46.86,-3.329],[-46.945,-3.396],[-46.967,-3.526],[-47.029,-3.57],[-47.065,-3.843],[-47.288,-4.079],[-47.311,-4.066],[-47.382,-4.276],[-47.458,-4.338],[-47.489,-4.423],[-47.583,-4.548],[-47.655,-4.606],[-47.802,-4.597],[-48.73,-5.338],[-48.598,-5.399],[-48.422,-5.398],[-48.357,-5.424],[-48.275,-5.522],[-48.193,-5.565],[-48.159,-5.619],[-48.181,-5.672],[-48.259,-5.724],[-48.28,-5.796],[-48.245,-5.889],[-48.254,-5.945],[-48.307,-5.966],[-48.321,-6.007],[-48.297,-6.067],[-48.319,-6.112],[-48.39,-6.142],[-48.414,-6.207],[-48.391,-6.309],[-48.41,-6.358],[-48.471,-6.353],[-48.58,-6.414],[-48.653,-6.596],[-48.805,-6.718],[-49.079,-6.856],[-49.21,-7.006],[-49.195,-7.169],[-49.24,-7.335],[-49.34,-7.51],[-49.334,-7.649],[-49.22,-7.752],[-49.172,-7.867],[-49.283,-8.301],[-49.503,-8.709],[-49.613,-8.839],[-49.708,-8.895],[-49.83,-9.022],[-49.979,-9.22],[-50.084,-9.422],[-50.175,-9.73],[-50.235,-9.843],[-56.489,-9.468],[-56.677,-9.378],[-56.771,-9.396],[-56.838,-9.271],[-57.047,-9.231],[-57.101,-9.052],[-57.297,-8.959],[-57.481,-8.793],[-57.579,-8.758],[-57.641,-8.615],[-57.65,-8.499],[-57.681,-8.436],[-57.641,-8.231],[-57.78,-8.048],[-57.896,-7.691],[-57.98,-7.53],[-58.137,-7.338],[-58.146,-7.263],[-58.228,-7.142],[-58.386,-6.949],[-58.455,-6.794],[-58.437,-6.676],[-58.374,-6.571],[-58.293,-6.499],[-56.391,-2.392],[-56.401,-2.336],[-56.485,-2.249],[-56.498,-2.16],[-56.637,-2.222],[-56.748,-2.177],[-56.744,-2.052],[-56.824,-2.034],[-57.007,-1.936],[-57.088,-1.811],[-57.248,-1.758],[-57.275,-1.713],[-57.338,-1.731],[-57.655,-1.588],[-57.829,-1.445],[-57.9,-1.423],[-57.98,-1.347],[-58.083,-1.298],[-58.253,-1.128],[-58.315,-1.119],[-58.391,-1.048],[-58.44,-0.86],[-58.57,-0.762],[-58.628,-0.767],[-58.704,-0.695],[-58.748,-0.624],[-58.739,-0.432],[-58.855,-0.351],[-58.869,0.224],[-58.966,1.302]]],[[[-51.254,-0.541],[-51.161,-0.667],[-51.276,-1.022],[-51.31,-1.024],[-51.465,-1.211],[-51.638,-1.342],[-51.833,-1.434],[-51.938,-1.453],[-51.802,-1.202],[-51.68,-1.086],[-51.678,-0.855],[-51.546,-0.65],[-51.424,-0.566],[-51.254,-0.541]]],[[[-48.393,-0.297],[-48.38,-0.353],[-48.497,-0.665],[-48.523,-0.691],[-48.567,-0.684],[-48.55,-0.848],[-48.705,-1.107],[-48.84,-1.227],[-48.804,-1.327],[-48.834,-1.39],[-48.929,-1.482],[-49.039,-1.514],[-49.087,-1.505],[-49.173,-1.413],[-49.205,-1.559],[-49.234,-1.6],[-49.345,-1.595],[-49.507,-1.512],[-49.526,-1.63],[-49.588,-1.712],[-49.805,-1.79],[-50.066,-1.704],[-50.109,-1.748],[-50.338,-1.756],[-50.443,-1.801],[-50.508,-1.788],[-50.602,-1.698],[-50.76,-1.24],[-50.729,-1.127],[-50.596,-1.148],[-50.577,-1.103],[-50.593,-1.073],[-50.71,-1.078],[-50.783,-1.01],[-50.796,-0.906],[-50.771,-0.645],[-50.72,-0.583],[-50.694,-0.365],[-50.645,-0.273],[-50.462,-0.157],[-50.248,-0.116],[-49.629,-0.229],[-49.403,-0.215],[-49.314,-0.168],[-49.215,-0.159],[-48.588,-0.232],[-48.393,-0.297]]],[[[-50.667,-0.058],[-50.653,-0.132],[-50.926,-0.327],[-51.019,-0.263],[-51.038,-0.226],[-50.995,-0.105],[-50.765,-0.041],[-50.667,-0.058]]],[[[-49.401,0.057],[-49.372,0.001],[-49.381,-0.055],[-49.444,-0.112],[-49.709,-0.144],[-49.83,-0.094],[-49.712,0.015],[-49.503,0.084],[-49.401,0.057]]],[[[-49.738,0.268],[-49.697,0.216],[-49.839,0.007],[-50.002,-0.029],[-50.113,0.033],[-50.339,0.043],[-50.345,0.135],[-50.273,0.232],[-50.128,0.227],[-49.879,0.305],[-49.738,0.268]]],[[[-50.332,0.259],[-50.426,0.139],[-50.444,-0.008],[-50.624,0.054],[-50.61,0.205],[-50.526,0.247],[-50.452,0.327],[-50.425,0.558],[-50.373,0.591],[-50.351,0.582],[-50.332,0.259]]],[[[-50.059,0.638],[-50.04,0.523],[-50.153,0.393],[-50.261,0.359],[-50.282,0.391],[-50.282,0.517],[-50.251,0.585],[-50.113,0.605],[-50.059,0.638]]]]}},{"type":"Feature","properties":{"name":"Mato Grosso do Sul","admin":"Brazil","iso_a2":"BR","postal":"MS"},"geometry":{"type":"Polygon","coordinates":[[[-50.998,-19.664],[-50.994,-20.102],[-51.064,-20.223],[-51.161,-20.307],[-51.397,-20.442],[-51.534,-20.558],[-51.593,-20.667],[-51.619,-20.807],[-51.866,-21.183],[-51.873,-21.33],[-51.955,-21.47],[-52.048,-21.511],[-52.073,-21.554],[-52.065,-21.623],[-52.123,-21.718],[-52.246,-21.84],[-52.402,-22.069],[-52.566,-22.207],[-52.961,-22.455],[-53.116,-22.64],[-53.272,-22.752],[-53.481,-22.852],[-53.62,-23.001],[-53.677,-23.173],[-53.771,-23.322],[-53.908,-23.407],[-53.995,-23.57],[-54.05,-23.823],[-54.125,-23.979],[-54.243,-24.047],[-54.44,-23.902],[-54.625,-23.812],[-54.983,-23.974],[-55.194,-24.017],[-55.366,-23.991],[-55.416,-23.951],[-55.459,-23.687],[-55.538,-23.581],[-55.519,-23.416],[-55.555,-23.32],[-55.561,-23.154],[-55.601,-23.095],[-55.651,-22.886],[-55.618,-22.671],[-55.647,-22.622],[-55.704,-22.592],[-55.747,-22.513],[-55.753,-22.41],[-55.849,-22.308],[-56.246,-22.265],[-56.352,-22.179],[-56.395,-22.093],[-56.448,-22.076],[-56.524,-22.102],[-56.633,-22.235],[-56.937,-22.271],[-57.238,-22.195],[-57.331,-22.215],[-57.569,-22.182],[-57.721,-22.099],[-57.82,-22.142],[-57.88,-22.136],[-57.956,-22.109],[-57.986,-22.046],[-57.933,-21.911],[-57.949,-21.851],[-57.916,-21.699],[-57.946,-21.494],[-57.873,-21.355],[-57.893,-21.302],[-57.827,-21.134],[-57.83,-20.998],[-57.901,-20.873],[-57.891,-20.748],[-57.915,-20.69],[-57.979,-20.657],[-58.002,-20.465],[-58.125,-20.293],[-58.16,-20.165],[-58.094,-20.151],[-58.021,-20.055],[-57.888,-20.02],[-57.861,-19.98],[-58.131,-19.744],[-57.8,-19.081],[-57.781,-19.054],[-57.717,-19.044],[-57.731,-18.917],[-57.783,-18.914],[-57.574,-18.279],[-57.496,-18.215],[-57.552,-18.183],[-57.586,-18.122],[-57.753,-17.735],[-57.632,-17.74],[-57.601,-17.816],[-57.472,-17.901],[-57.199,-17.812],[-57.08,-17.734],[-56.745,-17.317],[-56.489,-17.303],[-56.436,-17.32],[-56.329,-17.285],[-56.248,-17.218],[-56.101,-17.186],[-56.025,-17.213],[-55.985,-17.267],[-55.833,-17.311],[-55.789,-17.352],[-55.61,-17.392],[-55.534,-17.503],[-55.338,-17.584],[-55.181,-17.686],[-54.9,-17.651],[-54.699,-17.517],[-54.525,-17.512],[-54.422,-17.579],[-54.391,-17.673],[-54.32,-17.673],[-54.146,-17.628],[-54.083,-17.588],[-54.038,-17.512],[-53.949,-17.459],[-53.82,-17.307],[-53.744,-17.254],[-53.681,-17.258],[-53.753,-17.642],[-53.86,-17.691],[-53.989,-17.901],[-53.976,-17.932],[-53.869,-17.945],[-53.726,-18.008],[-53.605,-17.994],[-53.494,-18.012],[-53.306,-17.999],[-53.146,-18.03],[-53.052,-18.017],[-53.056,-18.294],[-53.034,-18.356],[-52.989,-18.387],[-52.909,-18.347],[-52.784,-18.392],[-52.789,-18.463],[-52.891,-18.637],[-52.869,-18.682],[-52.614,-18.722],[-52.498,-18.704],[-52.342,-18.816],[-52.271,-18.811],[-52.096,-18.896],[-52.061,-18.945],[-51.914,-18.99],[-51.842,-19.048],[-51.641,-19.128],[-51.405,-19.168],[-51.311,-19.253],[-51.137,-19.285],[-51.034,-19.369],[-50.964,-19.511],[-50.998,-19.664]]]}},{"type":"Feature","properties":{"name":"Amapá","admin":"Brazil","iso_a2":"BR","postal":"AP"},"geometry":{"type":"MultiPolygon","coordinates":[[[[-51.985,-1.142],[-52.052,-1.177],[-52.239,-1.146],[-52.36,-1.07],[-52.391,-0.954],[-52.369,-0.923],[-52.4,-0.869],[-52.516,-0.874],[-52.525,-0.646],[-52.605,-0.61],[-52.632,-0.557],[-52.628,-0.396],[-52.829,-0.182],[-52.913,-0.191],[-53.016,0.055],[-53.007,0.135],[-53.043,0.247],[-53.128,0.385],[-53.141,0.537],[-53.114,0.72],[-53.132,0.751],[-53.266,0.782],[-53.418,0.943],[-53.467,1.153],[-53.409,1.184],[-53.44,1.26],[-53.539,1.242],[-53.556,1.367],[-53.65,1.363],[-53.659,1.421],[-53.739,1.434],[-53.757,1.394],[-53.891,1.407],[-53.922,1.461],[-54.007,1.523],[-54.079,1.506],[-54.172,1.657],[-54.364,1.76],[-54.498,1.747],[-54.579,1.782],[-54.735,1.773],[-54.762,1.97],[-54.793,2.01],[-54.753,2.081],[-54.788,2.13],[-54.717,2.265],[-54.735,2.416],[-54.715,2.425],[-54.697,2.36],[-54.662,2.328],[-54.551,2.293],[-54.515,2.245],[-54.293,2.154],[-54.13,2.121],[-53.768,2.355],[-53.735,2.308],[-53.509,2.253],[-53.334,2.34],[-53.23,2.205],[-53.01,2.182],[-52.904,2.211],[-52.87,2.267],[-52.701,2.364],[-52.583,2.529],[-52.555,2.648],[-52.357,3.052],[-52.328,3.182],[-52.163,3.365],[-52.0,3.647],[-51.991,3.702],[-51.827,3.87],[-51.767,3.993],[-51.653,4.061],[-51.558,4.234],[-51.547,4.311],[-51.462,4.314],[-51.327,4.225],[-51.22,4.094],[-51.076,3.672],[-51.052,3.282],[-50.994,3.078],[-50.679,2.21],[-50.677,2.18],[-50.714,2.134],[-50.609,2.104],[-50.576,1.999],[-50.459,1.83],[-50.188,1.786],[-50.055,1.731],[-49.957,1.66],[-49.882,1.42],[-49.899,1.163],[-50.294,0.836],[-50.343,0.751],[-50.463,0.637],[-50.582,0.42],[-50.755,0.222],[-50.816,0.173],[-50.967,0.13],[-51.102,-0.031],[-51.283,-0.085],[-51.3,-0.179],[-51.404,-0.393],[-51.555,-0.549],[-51.703,-0.762],[-51.721,-1.018],[-51.888,-1.16],[-51.985,-1.142]]],[[[-50.292,1.98],[-50.299,1.939],[-50.399,1.893],[-50.456,1.91],[-50.509,2.029],[-50.491,2.129],[-50.419,2.162],[-50.363,2.155],[-50.292,1.98]]]]}},{"type":"Feature","properties":{"name":"Mato Grosso","admin":"Brazil","iso_a2":"BR","postal":"MT"},"geometry":{"type":"Polygon","coordinates":[[[-60.382,-13.419],[-60.351,-13.271],[-60.275,-13.137],[-60.271,-13.07],[-60.195,-12.972],[-60.083,-12.927],[-60.043,-12.874],[-60.003,-12.731],[-59.909,-12.619],[-59.824,-12.387],[-59.891,-12.245],[-59.887,-12.128],[-59.985,-11.919],[-60.061,-11.905],[-60.101,-11.744],[-60.101,-11.601],[-59.909,-11.383],[-60.003,-11.146],[-60.28,-11.079],[-60.382,-11.102],[-60.44,-11.039],[-60.44,-11.003],[-61.472,-10.999],[-61.521,-10.954],[-61.521,-10.789],[-61.472,-10.758],[-61.503,-10.686],[-61.472,-10.436],[-61.565,-10.262],[-61.57,-10.061],[-61.534,-9.995],[-61.521,-9.86],[-61.565,-9.727],[-61.521,-9.704],[-61.481,-9.637],[-61.552,-9.463],[-61.547,-9.41],[-61.61,-9.32],[-61.592,-9.24],[-61.53,-9.227],[-61.556,-9.128],[-61.53,-8.999],[-61.485,-8.914],[-61.507,-8.847],[-61.61,-8.767],[-58.547,-8.749],[-58.472,-8.691],[-58.354,-8.276],[-58.329,-8.051],[-58.354,-7.906],[-58.33,-7.78],[-58.224,-7.575],[-58.202,-7.414],[-58.137,-7.338],[-57.98,-7.53],[-57.896,-7.691],[-57.78,-8.048],[-57.641,-8.231],[-57.681,-8.436],[-57.65,-8.499],[-57.641,-8.615],[-57.579,-8.758],[-57.481,-8.793],[-57.297,-8.959],[-57.101,-9.052],[-57.047,-9.231],[-56.838,-9.271],[-56.771,-9.396],[-56.677,-9.378],[-56.489,-9.468],[-55.092,-9.566],[-50.235,-9.843],[-50.337,-10.034],[-50.455,-10.389],[-50.599,-10.69],[-50.61,-11.001],[-50.708,-11.346],[-50.717,-11.483],[-50.671,-11.574],[-50.666,-11.652],[-50.717,-11.749],[-50.661,-11.853],[-50.668,-12.112],[-50.632,-12.289],[-50.655,-12.667],[-50.566,-12.82],[-50.485,-12.843],[-50.566,-13.015],[-50.598,-13.249],[-50.667,-13.41],[-50.8,-13.612],[-50.861,-13.806],[-50.868,-14.095],[-50.908,-14.107],[-50.941,-14.201],[-50.978,-14.463],[-51.114,-14.838],[-51.189,-14.976],[-51.471,-15.044],[-51.59,-15.141],[-51.665,-15.261],[-51.696,-15.403],[-51.788,-15.557],[-51.779,-15.593],[-51.847,-15.747],[-51.961,-15.819],[-52.142,-15.873],[-52.257,-15.936],[-52.362,-16.058],[-52.538,-16.169],[-52.534,-16.227],[-52.668,-16.289],[-52.681,-16.36],[-52.614,-16.428],[-52.68,-16.576],[-52.789,-16.705],[-52.943,-16.814],[-53.024,-16.91],[-53.033,-16.995],[-53.078,-17.095],[-53.203,-17.304],[-53.211,-17.409],[-53.115,-17.855],[-53.052,-18.017],[-53.146,-18.03],[-53.306,-17.999],[-53.494,-18.012],[-53.605,-17.994],[-53.726,-18.008],[-53.869,-17.945],[-53.976,-17.932],[-53.989,-17.901],[-53.86,-17.691],[-53.753,-17.642],[-53.681,-17.258],[-53.744,-17.254],[-53.82,-17.307],[-53.949,-17.459],[-54.038,-17.512],[-54.083,-17.588],[-54.146,-17.628],[-54.391,-17.673],[-54.422,-17.579],[-54.525,-17.512],[-54.699,-17.517],[-54.9,-17.651],[-55.181,-17.686],[-55.338,-17.584],[-55.534,-17.503],[-55.61,-17.392],[-55.789,-17.352],[-55.833,-17.311],[-55.985,-17.267],[-56.025,-17.213],[-56.101,-17.186],[-56.248,-17.218],[-56.329,-17.285],[-56.436,-17.32],[-56.489,-17.303],[-56.745,-17.317],[-57.08,-17.734],[-57.199,-17.812],[-57.472,-17.901],[-57.601,-17.816],[-57.632,-17.74],[-57.753,-17.735],[-57.789,-17.573],[-57.832,-17.512],[-57.905,-17.532],[-57.991,-17.513],[-58.396,-17.234],[-58.478,-16.701],[-58.471,-16.65],[-58.35,-16.491],[-58.346,-16.284],[-58.538,-16.328],[-60.176,-16.269],[-60.242,-15.48],[-60.583,-15.098],[-60.273,-15.089],[-60.299,-14.619],[-60.338,-14.571],[-60.396,-14.333],[-60.46,-14.263],[-60.475,-14.185],[-60.405,-14.019],[-60.422,-13.938],[-60.507,-13.79],[-60.725,-13.663],[-60.382,-13.419]]]}},{"type":"Feature","properties":{"name":"Paraná","admin":"Brazil","iso_a2":"BR","postal":"PR"},"geometry":{"type":"Polygon","coordinates":[[[-54.125,-23.979],[-54.05,-23.823],[-53.995,-23.57],[-53.908,-23.407],[-53.771,-23.322],[-53.677,-23.173],[-53.62,-23.001],[-53.481,-22.852],[-53.272,-22.752],[-53.116,-22.64],[-53.044,-22.636],[-52.949,-22.57],[-52.695,-22.602],[-52.614,-22.57],[-52.521,-22.615],[-52.445,-22.602],[-52.315,-22.62],[-52.262,-22.602],[-52.217,-22.642],[-52.164,-22.602],[-52.141,-22.543],[-52.065,-22.521],[-51.873,-22.611],[-51.744,-22.62],[-51.695,-22.664],[-51.641,-22.651],[-51.547,-22.686],[-51.355,-22.651],[-51.181,-22.74],[-50.882,-22.82],[-50.784,-22.945],[-50.628,-22.923],[-50.431,-22.945],[-50.369,-22.914],[-50.293,-22.954],[-49.972,-22.914],[-49.958,-22.963],[-49.914,-22.986],[-49.909,-23.035],[-49.73,-23.106],[-49.637,-23.258],[-49.614,-23.41],[-49.655,-23.508],[-49.606,-23.642],[-49.552,-23.713],[-49.57,-23.834],[-49.601,-23.865],[-49.333,-24.142],[-49.338,-24.213],[-49.275,-24.316],[-49.226,-24.338],[-49.239,-24.419],[-49.311,-24.53],[-49.297,-24.664],[-49.217,-24.691],[-48.829,-24.664],[-48.78,-24.695],[-48.614,-24.682],[-48.489,-24.744],[-48.543,-24.811],[-48.565,-25.057],[-48.512,-25.084],[-48.413,-24.959],[-48.266,-25.035],[-48.231,-25.012],[-48.186,-25.191],[-48.092,-25.236],[-48.078,-25.29],[-48.203,-25.416],[-48.242,-25.403],[-48.186,-25.31],[-48.402,-25.272],[-48.458,-25.311],[-48.428,-25.403],[-48.476,-25.443],[-48.644,-25.437],[-48.732,-25.369],[-48.692,-25.491],[-48.507,-25.521],[-48.43,-25.55],[-48.401,-25.597],[-48.545,-25.816],[-48.666,-25.844],[-48.679,-25.875],[-48.613,-25.875],[-48.576,-25.935],[-48.585,-25.986],[-48.918,-25.977],[-48.945,-26.008],[-49.11,-25.995],[-49.454,-26.169],[-49.489,-26.222],[-49.597,-26.222],[-49.949,-26.012],[-50.315,-26.053],[-50.369,-26.086],[-50.458,-26.026],[-50.543,-26.026],[-50.646,-26.07],[-50.735,-26.231],[-50.771,-26.222],[-50.9,-26.28],[-50.945,-26.244],[-51.074,-26.236],[-51.248,-26.347],[-51.289,-26.423],[-51.239,-26.606],[-51.284,-26.651],[-51.422,-26.7],[-51.503,-26.602],[-52.007,-26.584],[-52.199,-26.45],[-52.641,-26.401],[-52.815,-26.338],[-52.913,-26.365],[-52.994,-26.352],[-53.123,-26.37],[-53.28,-26.262],[-53.355,-26.24],[-53.458,-26.289],[-53.67,-26.258],[-53.823,-25.96],[-53.891,-25.669],[-53.955,-25.648],[-54.012,-25.578],[-54.085,-25.572],[-54.155,-25.523],[-54.444,-25.625],[-54.538,-25.576],[-54.616,-25.576],[-54.611,-25.433],[-54.473,-25.22],[-54.436,-25.121],[-54.454,-25.065],[-54.313,-24.528],[-54.281,-24.306],[-54.318,-24.128],[-54.243,-24.047],[-54.125,-23.979]]]}},{"type":"Feature","properties":{"name":"Distrito Federal","admin":"Brazil","iso_a2":"BR","postal":"DF"},"geometry":{"type":"Polygon","coordinates":[[[-48.253,-16.03],[-48.235,-15.959],[-48.28,-15.838],[-48.204,-15.735],[-48.239,-15.691],[-48.181,-15.49],[-47.422,-15.499],[-47.414,-15.535],[-47.306,-15.588],[-47.306,-15.709],[-47.351,-15.834],[-47.36,-15.986],[-47.302,-16.039],[-48.253,-16.03]]]}},{"type":"Feature","properties":{"name":"Goiás","admin":"Brazil","iso_a2":"BR","postal":"GO"},"geometry":{"type":"Polygon","coordinates":[[[-51.034,-19.369],[-51.137,-19.285],[-51.311,-19.253],[-51.405,-19.168],[-51.641,-19.128],[-51.842,-19.048],[-51.914,-18.99],[-52.061,-18.945],[-52.096,-18.896],[-52.271,-18.811],[-52.342,-18.816],[-52.498,-18.704],[-52.614,-18.722],[-52.869,-18.682],[-52.891,-18.637],[-52.789,-18.463],[-52.784,-18.392],[-52.909,-18.347],[-52.989,-18.387],[-53.034,-18.356],[-53.056,-18.294],[-53.052,-18.017],[-53.115,-17.855],[-53.211,-17.409],[-53.203,-17.304],[-53.078,-17.095],[-53.033,-16.995],[-53.024,-16.91],[-52.943,-16.814],[-52.789,-16.705],[-52.68,-16.576],[-52.614,-16.428],[-52.681,-16.36],[-52.668,-16.289],[-52.534,-16.227],[-52.538,-16.169],[-52.362,-16.058],[-52.257,-15.936],[-52.142,-15.873],[-51.961,-15.819],[-51.847,-15.747],[-51.779,-15.593],[-51.788,-15.557],[-51.696,-15.403],[-51.665,-15.261],[-51.59,-15.141],[-51.471,-15.044],[-51.189,-14.976],[-51.114,-14.838],[-50.978,-14.463],[-50.908,-14.107],[-50.868,-14.095],[-50.861,-13.806],[-50.8,-13.612],[-50.667,-13.41],[-50.598,-13.249],[-50.566,-13.015],[-50.392,-12.617],[-50.296,-12.49],[-50.164,-12.388],[-50.137,-12.477],[-50.204,-12.57],[-50.199,-12.655],[-50.275,-12.789],[-50.271,-12.892],[-50.239,-12.932],[-50.052,-13.021],[-49.972,-13.026],[-49.686,-13.177],[-49.521,-13.2],[-49.382,-13.249],[-49.36,-13.133],[-49.137,-12.736],[-49.016,-12.655],[-48.998,-12.749],[-48.824,-12.874],[-48.797,-12.927],[-48.802,-12.999],[-48.766,-13.097],[-48.775,-13.352],[-48.739,-13.383],[-48.686,-13.338],[-48.654,-13.177],[-48.588,-13.155],[-48.481,-13.195],[-48.369,-13.186],[-48.226,-13.093],[-48.164,-13.102],[-48.175,-13.181],[-48.074,-13.195],[-48.003,-13.249],[-47.936,-13.244],[-47.681,-13.356],[-47.659,-13.32],[-47.722,-13.151],[-47.641,-13.115],[-47.556,-13.244],[-47.44,-13.249],[-47.092,-13.097],[-46.829,-13.07],[-46.753,-13.035],[-46.592,-12.892],[-46.302,-12.834],[-46.235,-12.798],[-46.088,-12.914],[-46.074,-12.977],[-46.15,-13.026],[-46.181,-13.16],[-46.177,-13.218],[-46.083,-13.253],[-46.096,-13.352],[-46.186,-13.405],[-46.271,-13.655],[-46.262,-13.869],[-46.128,-14.182],[-46.012,-14.298],[-45.922,-14.352],[-45.963,-14.468],[-45.913,-14.691],[-45.931,-14.749],[-46.079,-14.923],[-46.19,-14.936],[-46.297,-14.91],[-46.315,-14.847],[-46.387,-14.771],[-46.516,-14.713],[-46.583,-14.794],[-46.556,-14.869],[-46.579,-14.914],[-46.547,-15.039],[-46.637,-15.07],[-46.735,-15.017],[-46.833,-15.012],[-46.891,-15.048],[-46.931,-15.227],[-46.891,-15.24],[-46.855,-15.325],[-46.936,-15.432],[-46.931,-15.544],[-46.869,-15.593],[-46.833,-15.843],[-46.864,-15.883],[-47.079,-15.936],[-47.128,-15.923],[-47.23,-16.035],[-47.302,-16.039],[-47.338,-16.146],[-47.324,-16.227],[-47.351,-16.302],[-47.431,-16.41],[-47.454,-16.494],[-47.405,-16.57],[-47.266,-16.66],[-47.15,-16.977],[-47.23,-17.026],[-47.213,-17.075],[-47.311,-17.142],[-47.422,-17.271],[-47.454,-17.347],[-47.498,-17.329],[-47.529,-17.454],[-47.458,-17.526],[-47.409,-17.499],[-47.288,-17.548],[-47.271,-17.669],[-47.356,-17.825],[-47.279,-18.061],[-47.786,-18.379],[-47.929,-18.445],[-48.018,-18.435],[-48.227,-18.34],[-48.954,-18.326],[-49.179,-18.405],[-49.337,-18.585],[-49.417,-18.603],[-49.488,-18.522],[-49.553,-18.51],[-49.678,-18.6],[-49.96,-18.616],[-50.247,-18.69],[-50.368,-18.769],[-50.458,-18.877],[-50.499,-18.953],[-50.49,-19.02],[-50.532,-19.087],[-50.642,-19.119],[-50.792,-19.238],[-50.869,-19.377],[-50.864,-19.438],[-50.964,-19.511],[-51.034,-19.369]],[[-47.36,-15.986],[-47.351,-15.834],[-47.306,-15.709],[-47.306,-15.588],[-47.414,-15.535],[-47.422,-15.499],[-48.181,-15.49],[-48.239,-15.691],[-48.204,-15.735],[-48.28,-15.838],[-48.235,-15.959],[-48.253,-16.03],[-47.302,-16.039],[-47.36,-15.986]]]}},{"type":"Feature","properties":{"name":"Tocantins","admin":"Brazil","iso_a2":"BR","postal":"TO"},"geometry":{"type":"Polygon","coordinates":[[[-50.175,-9.73],[-50.084,-9.422],[-49.979,-9.22],[-49.83,-9.022],[-49.708,-8.895],[-49.613,-8.839],[-49.503,-8.709],[-49.283,-8.301],[-49.172,-7.867],[-49.22,-7.752],[-49.334,-7.649],[-49.34,-7.51],[-49.24,-7.335],[-49.195,-7.169],[-49.21,-7.006],[-49.079,-6.856],[-48.805,-6.718],[-48.653,-6.596],[-48.58,-6.414],[-48.471,-6.353],[-48.41,-6.358],[-48.391,-6.309],[-48.414,-6.207],[-48.39,-6.142],[-48.319,-6.112],[-48.297,-6.067],[-48.321,-6.007],[-48.307,-5.966],[-48.254,-5.945],[-48.245,-5.889],[-48.28,-5.796],[-48.259,-5.724],[-48.181,-5.672],[-48.159,-5.619],[-48.193,-5.565],[-48.275,-5.522],[-48.357,-5.424],[-48.422,-5.398],[-48.598,-5.399],[-48.722,-5.355],[-48.631,-5.33],[-48.458,-5.181],[-48.378,-5.169],[-48.169,-5.241],[-47.953,-5.256],[-47.884,-5.286],[-47.854,-5.351],[-47.52,-5.506],[-47.486,-5.561],[-47.397,-6.072],[-47.405,-6.421],[-47.47,-6.796],[-47.537,-7.027],[-47.606,-7.115],[-47.716,-7.185],[-47.717,-7.222],[-47.669,-7.28],[-47.507,-7.306],[-47.498,-7.45],[-47.458,-7.535],[-47.414,-7.53],[-47.347,-7.66],[-47.304,-7.663],[-47.279,-7.731],[-47.15,-7.856],[-47.016,-8.044],[-46.869,-7.959],[-46.744,-7.923],[-46.574,-7.905],[-46.489,-7.963],[-46.467,-8.07],[-46.503,-8.173],[-46.507,-8.276],[-46.543,-8.32],[-46.503,-8.396],[-46.659,-8.396],[-46.793,-8.436],[-46.882,-8.584],[-46.922,-8.744],[-46.905,-8.829],[-47.065,-8.977],[-47.083,-9.035],[-47.038,-9.066],[-46.94,-9.07],[-46.847,-9.169],[-46.829,-9.307],[-46.753,-9.41],[-46.561,-9.499],[-46.534,-9.557],[-46.601,-9.651],[-46.65,-9.664],[-46.668,-9.744],[-46.507,-9.856],[-46.462,-9.95],[-46.471,-10.003],[-46.347,-10.168],[-46.19,-10.177],[-46.088,-10.209],[-46.034,-10.271],[-45.945,-10.316],[-45.757,-10.329],[-45.86,-10.468],[-46.088,-10.584],[-46.302,-10.758],[-46.235,-10.883],[-46.248,-10.914],[-46.369,-10.968],[-46.462,-11.178],[-46.53,-11.235],[-46.57,-11.316],[-46.552,-11.378],[-46.489,-11.414],[-46.427,-11.499],[-46.19,-11.543],[-46.083,-11.601],[-46.105,-11.664],[-46.244,-11.727],[-46.275,-11.767],[-46.248,-11.843],[-46.159,-11.834],[-46.101,-11.865],[-46.079,-11.928],[-46.213,-11.999],[-46.324,-12.093],[-46.338,-12.128],[-46.347,-12.343],[-46.315,-12.423],[-46.159,-12.503],[-46.159,-12.602],[-46.235,-12.713],[-46.235,-12.798],[-46.302,-12.834],[-46.592,-12.892],[-46.753,-13.035],[-46.829,-13.07],[-47.092,-13.097],[-47.44,-13.249],[-47.556,-13.244],[-47.641,-13.115],[-47.722,-13.151],[-47.659,-13.32],[-47.681,-13.356],[-47.936,-13.244],[-48.003,-13.249],[-48.074,-13.195],[-48.175,-13.181],[-48.164,-13.102],[-48.226,-13.093],[-48.369,-13.186],[-48.481,-13.195],[-48.588,-13.155],[-48.654,-13.177],[-48.686,-13.338],[-48.739,-13.383],[-48.775,-13.352],[-48.766,-13.097],[-48.802,-12.999],[-48.797,-12.927],[-48.824,-12.874],[-48.998,-12.749],[-49.016,-12.655],[-49.137,-12.736],[-49.36,-13.133],[-49.382,-13.249],[-49.521,-13.2],[-49.686,-13.177],[-49.972,-13.026],[-50.052,-13.021],[-50.239,-12.932],[-50.271,-12.892],[-50.275,-12.789],[-50.199,-12.655],[-50.204,-12.57],[-50.137,-12.477],[-50.164,-12.388],[-50.296,-12.49],[-50.392,-12.617],[-50.485,-12.843],[-50.566,-12.82],[-50.655,-12.667],[-50.632,-12.289],[-50.668,-12.112],[-50.661,-11.853],[-50.717,-11.749],[-50.666,-11.652],[-50.671,-11.574],[-50.717,-11.483],[-50.708,-11.346],[-50.61,-11.001],[-50.599,-10.69],[-50.455,-10.389],[-50.337,-10.034],[-50.175,-9.73]]]}},{"type":"Feature","properties":{"name":"São Paulo","admin":"Brazil","iso_a2":"BR","postal":"SP"},"geometry":{"type":"MultiPolygon","coordinates":[[[[-52.961,-22.455],[-52.566,-22.207],[-52.402,-22.069],[-52.246,-21.84],[-52.123,-21.718],[-52.065,-21.623],[-52.073,-21.554],[-52.048,-21.511],[-51.955,-21.47],[-51.873,-21.33],[-51.866,-21.183],[-51.619,-20.807],[-51.593,-20.667],[-51.534,-20.558],[-51.397,-20.442],[-51.161,-20.307],[-51.064,-20.223],[-50.994,-20.102],[-50.584,-19.821],[-50.489,-19.791],[-50.434,-19.8],[-50.364,-19.859],[-49.278,-19.987],[-49.259,-20.017],[-49.288,-20.074],[-49.284,-20.149],[-49.2,-20.294],[-49.113,-20.259],[-49.04,-20.187],[-48.995,-20.214],[-48.978,-20.338],[-48.953,-20.41],[-48.918,-20.429],[-48.858,-20.233],[-48.812,-20.159],[-48.364,-20.138],[-48.178,-20.083],[-48.051,-20.12],[-47.991,-20.083],[-47.909,-20.082],[-47.862,-20.056],[-47.86,-20.012],[-47.819,-19.981],[-47.695,-19.991],[-47.656,-20.023],[-47.46,-20.001],[-47.244,-20.174],[-47.235,-20.204],[-47.293,-20.423],[-47.253,-20.477],[-47.155,-20.526],[-47.11,-20.633],[-47.213,-20.807],[-47.221,-20.914],[-47.146,-20.981],[-47.123,-21.133],[-47.056,-21.195],[-46.994,-21.343],[-47.003,-21.401],[-46.896,-21.405],[-46.815,-21.361],[-46.686,-21.396],[-46.655,-21.374],[-46.605,-21.427],[-46.507,-21.459],[-46.494,-21.526],[-46.561,-21.673],[-46.605,-21.682],[-46.628,-21.771],[-46.668,-21.812],[-46.659,-21.905],[-46.619,-21.985],[-46.659,-22.053],[-46.601,-22.133],[-46.663,-22.204],[-46.699,-22.32],[-46.641,-22.41],[-46.547,-22.441],[-46.543,-22.472],[-46.454,-22.517],[-46.396,-22.615],[-46.471,-22.682],[-46.369,-22.749],[-46.36,-22.843],[-46.289,-22.883],[-46.154,-22.847],[-46.146,-22.892],[-46.021,-22.874],[-45.909,-22.82],[-45.86,-22.861],[-45.793,-22.852],[-45.744,-22.798],[-45.744,-22.727],[-45.802,-22.7],[-45.672,-22.62],[-45.583,-22.615],[-45.53,-22.651],[-45.471,-22.612],[-45.409,-22.646],[-45.271,-22.606],[-45.244,-22.561],[-45.056,-22.468],[-44.922,-22.45],[-44.833,-22.405],[-44.771,-22.423],[-44.637,-22.602],[-44.539,-22.62],[-44.217,-22.593],[-44.168,-22.7],[-44.248,-22.749],[-44.275,-22.82],[-44.36,-22.856],[-44.471,-22.852],[-44.588,-22.879],[-44.797,-22.99],[-44.806,-23.137],[-44.864,-23.204],[-44.783,-23.354],[-44.952,-23.381],[-45.215,-23.576],[-45.325,-23.6],[-45.423,-23.685],[-45.464,-23.803],[-45.665,-23.765],[-45.843,-23.764],[-45.972,-23.796],[-46.867,-24.236],[-47.137,-24.493],[-47.592,-24.781],[-47.877,-24.998],[-47.989,-25.036],[-47.959,-25.066],[-47.908,-25.068],[-47.929,-25.168],[-48.078,-25.29],[-48.092,-25.236],[-48.186,-25.191],[-48.231,-25.012],[-48.266,-25.035],[-48.413,-24.959],[-48.512,-25.084],[-48.565,-25.057],[-48.543,-24.811],[-48.489,-24.744],[-48.614,-24.682],[-48.78,-24.695],[-48.829,-24.664],[-49.217,-24.691],[-49.297,-24.664],[-49.311,-24.53],[-49.239,-24.419],[-49.226,-24.338],[-49.275,-24.316],[-49.338,-24.213],[-49.333,-24.142],[-49.601,-23.865],[-49.57,-23.834],[-49.552,-23.713],[-49.606,-23.642],[-49.655,-23.508],[-49.614,-23.41],[-49.637,-23.258],[-49.73,-23.106],[-49.909,-23.035],[-49.914,-22.986],[-49.958,-22.963],[-49.972,-22.914],[-50.293,-22.954],[-50.369,-22.914],[-50.431,-22.945],[-50.628,-22.923],[-50.784,-22.945],[-50.882,-22.82],[-51.181,-22.74],[-51.355,-22.651],[-51.547,-22.686],[-51.641,-22.651],[-51.695,-22.664],[-51.744,-22.62],[-51.873,-22.611],[-52.065,-22.521],[-52.141,-22.543],[-52.164,-22.602],[-52.217,-22.642],[-52.262,-22.602],[-52.315,-22.62],[-52.445,-22.602],[-52.521,-22.615],[-52.614,-22.57],[-52.695,-22.602],[-52.949,-22.57],[-53.044,-22.636],[-53.116,-22.64],[-52.961,-22.455]]],[[[-45.233,-23.825],[-45.261,-23.941],[-45.303,-23.915],[-45.413,-23.935],[-45.451,-23.896],[-45.302,-23.728],[-45.233,-23.825]]]]}},{"type":"Feature","properties":{"name":"Maranhão","admin":"Brazil","iso_a2":"BR","postal":"MA"},"geometry":{"type":"MultiPolygon","coordinates":[[[[-48.73,-5.338],[-47.802,-4.597],[-47.655,-4.606],[-47.583,-4.548],[-47.489,-4.423],[-47.458,-4.338],[-47.382,-4.276],[-47.311,-4.066],[-47.288,-4.079],[-47.065,-3.843],[-47.029,-3.57],[-46.967,-3.526],[-46.945,-3.396],[-46.86,-3.329],[-46.824,-3.329],[-46.668,-3.093],[-46.637,-2.986],[-46.65,-2.914],[-46.574,-2.847],[-46.668,-2.74],[-46.601,-2.664],[-46.507,-2.615],[-46.485,-2.548],[-46.427,-2.512],[-46.413,-2.24],[-46.378,-2.253],[-46.28,-2.142],[-46.213,-1.927],[-46.217,-1.807],[-46.302,-1.803],[-46.315,-1.731],[-46.244,-1.722],[-46.199,-1.677],[-46.181,-1.575],[-46.199,-1.486],[-46.123,-1.347],[-46.159,-1.316],[-46.141,-1.24],[-46.007,-1.147],[-45.972,-1.187],[-45.779,-1.251],[-45.645,-1.348],[-45.557,-1.331],[-45.459,-1.356],[-45.353,-1.567],[-45.329,-1.717],[-45.282,-1.697],[-45.182,-1.507],[-45.076,-1.466],[-44.79,-1.725],[-44.721,-1.733],[-44.779,-1.799],[-44.721,-1.792],[-44.651,-1.746],[-44.547,-1.946],[-44.538,-2.053],[-44.659,-2.228],[-44.756,-2.266],[-44.662,-2.373],[-44.579,-2.23],[-44.435,-2.168],[-44.391,-2.27],[-44.382,-2.365],[-44.52,-2.406],[-44.521,-2.481],[-44.589,-2.573],[-44.723,-3.205],[-44.623,-3.138],[-44.437,-2.944],[-44.308,-2.535],[-44.229,-2.471],[-44.106,-2.493],[-44.113,-2.599],[-44.225,-2.755],[-44.193,-2.81],[-43.933,-2.583],[-43.864,-2.595],[-43.729,-2.518],[-43.455,-2.502],[-43.435,-2.414],[-43.38,-2.376],[-43.23,-2.386],[-42.937,-2.465],[-42.676,-2.59],[-42.594,-2.661],[-42.25,-2.792],[-42.0,-2.806],[-41.876,-2.747],[-41.846,-2.759],[-41.869,-2.852],[-41.815,-2.936],[-41.842,-3.035],[-42.003,-3.231],[-42.105,-3.262],[-42.101,-3.302],[-42.217,-3.432],[-42.454,-3.477],[-42.503,-3.45],[-42.677,-3.7],[-42.663,-3.789],[-42.735,-3.923],[-42.851,-4.039],[-42.891,-4.142],[-42.989,-4.24],[-42.954,-4.392],[-42.896,-4.405],[-42.864,-4.499],[-42.914,-4.637],[-42.949,-4.66],[-42.931,-4.731],[-42.954,-4.776],[-42.856,-4.936],[-42.806,-5.16],[-42.833,-5.311],[-42.914,-5.392],[-43.047,-5.597],[-43.101,-5.624],[-43.083,-5.713],[-43.11,-5.771],[-43.074,-6.057],[-42.963,-6.186],[-42.851,-6.253],[-42.856,-6.481],[-42.918,-6.669],[-42.98,-6.744],[-43.132,-6.78],[-43.199,-6.753],[-43.463,-6.843],[-43.561,-6.753],[-43.677,-6.7],[-43.815,-6.709],[-43.954,-6.762],[-44.039,-6.767],[-44.061,-6.829],[-44.092,-6.807],[-44.163,-6.887],[-44.168,-6.923],[-44.257,-7.008],[-44.306,-7.111],[-44.449,-7.146],[-44.713,-7.396],[-44.815,-7.365],[-44.909,-7.445],[-45.025,-7.494],[-45.297,-7.557],[-45.472,-7.673],[-45.543,-7.869],[-45.579,-8.151],[-45.655,-8.253],[-45.659,-8.311],[-45.735,-8.432],[-45.753,-8.561],[-45.82,-8.7],[-45.927,-8.789],[-45.981,-8.928],[-45.904,-9.178],[-45.896,-9.329],[-45.829,-9.374],[-45.797,-9.463],[-45.838,-9.535],[-45.86,-9.999],[-45.9,-10.026],[-45.9,-10.084],[-45.954,-10.182],[-45.936,-10.213],[-45.945,-10.316],[-46.034,-10.271],[-46.088,-10.209],[-46.19,-10.177],[-46.347,-10.168],[-46.471,-10.003],[-46.462,-9.95],[-46.507,-9.856],[-46.668,-9.744],[-46.65,-9.664],[-46.601,-9.651],[-46.534,-9.557],[-46.561,-9.499],[-46.753,-9.41],[-46.829,-9.307],[-46.847,-9.169],[-46.94,-9.07],[-47.038,-9.066],[-47.083,-9.035],[-47.065,-8.977],[-46.905,-8.829],[-46.922,-8.744],[-46.882,-8.584],[-46.793,-8.436],[-46.659,-8.396],[-46.503,-8.396],[-46.543,-8.32],[-46.507,-8.276],[-46.503,-8.173],[-46.467,-8.07],[-46.489,-7.963],[-46.574,-7.905],[-46.744,-7.923],[-46.869,-7.959],[-47.016,-8.044],[-47.15,-7.856],[-47.279,-7.731],[-47.304,-7.663],[-47.347,-7.66],[-47.414,-7.53],[-47.458,-7.535],[-47.498,-7.45],[-47.507,-7.306],[-47.669,-7.28],[-47.717,-7.222],[-47.716,-7.185],[-47.606,-7.115],[-47.537,-7.027],[-47.47,-6.796],[-47.405,-6.421],[-47.397,-6.072],[-47.486,-5.561],[-47.52,-5.506],[-47.854,-5.351],[-47.884,-5.286],[-47.953,-5.256],[-48.169,-5.241],[-48.378,-5.169],[-48.458,-5.181],[-48.631,-5.33],[-48.722,-5.355],[-48.73,-5.338]]],[[[-44.569,-2.785],[-44.481,-2.718],[-44.499,-2.94],[-44.598,-3.038],[-44.565,-2.924],[-44.569,-2.785]]],[[[-44.995,-1.348],[-44.979,-1.267],[-44.888,-1.277],[-44.883,-1.318],[-44.968,-1.391],[-45.021,-1.372],[-44.995,-1.348]]]]}},{"type":"Feature","properties":{"name":"Rio de Janeiro","admin":"Brazil","iso_a2":"BR","postal":"RJ"},"geometry":{"type":"MultiPolygon","coordinates":[[[[-44.864,-23.204],[-44.806,-23.137],[-44.797,-22.99],[-44.588,-22.879],[-44.471,-22.852],[-44.36,-22.856],[-44.275,-22.82],[-44.248,-22.749],[-44.168,-22.7],[-44.217,-22.593],[-44.539,-22.62],[-44.637,-22.602],[-44.771,-22.423],[-44.833,-22.405],[-44.73,-22.361],[-44.663,-22.37],[-44.601,-22.316],[-44.445,-22.253],[-44.217,-22.249],[-44.092,-22.173],[-43.815,-22.066],[-43.463,-22.057],[-43.342,-22.003],[-43.132,-22.026],[-43.063,-22.064],[-42.28,-21.713],[-42.284,-21.642],[-42.369,-21.633],[-42.364,-21.593],[-42.302,-21.486],[-42.297,-21.405],[-42.221,-21.338],[-42.181,-21.164],[-42.097,-21.003],[-42.141,-20.963],[-42.097,-20.923],[-41.998,-20.932],[-41.962,-20.91],[-41.927,-20.829],[-41.864,-20.776],[-41.744,-20.82],[-41.713,-21.11],[-41.44,-21.2],[-41.391,-21.186],[-41.266,-21.231],[-41.07,-21.213],[-40.968,-21.276],[-41.047,-21.506],[-40.988,-21.92],[-41.0,-21.999],[-41.123,-22.084],[-41.583,-22.244],[-41.706,-22.31],[-41.98,-22.581],[-41.986,-22.736],[-41.941,-22.788],[-42.042,-22.947],[-42.581,-22.941],[-42.958,-22.967],[-43.081,-22.903],[-43.101,-22.85],[-43.065,-22.771],[-43.086,-22.723],[-43.154,-22.725],[-43.229,-22.748],[-43.242,-22.795],[-43.194,-22.939],[-43.224,-22.991],[-43.369,-22.998],[-43.533,-23.046],[-43.899,-23.101],[-43.974,-23.057],[-43.899,-23.035],[-43.792,-23.046],[-43.676,-23.009],[-43.703,-22.966],[-43.866,-22.91],[-44.048,-22.945],[-44.148,-23.011],[-44.368,-23.005],[-44.637,-23.056],[-44.681,-23.107],[-44.674,-23.207],[-44.57,-23.274],[-44.667,-23.335],[-44.783,-23.354],[-44.864,-23.204]]],[[[-44.32,-23.212],[-44.36,-23.172],[-44.243,-23.074],[-44.098,-23.169],[-44.32,-23.212]]]]}},{"type":"Feature","properties":{"name":"Piauí","admin":"Brazil","iso_a2":"BR","postal":"PI"},"geometry":{"type":"Polygon","coordinates":[[[-45.945,-10.316],[-45.936,-10.213],[-45.954,-10.182],[-45.9,-10.084],[-45.9,-10.026],[-45.86,-9.999],[-45.838,-9.535],[-45.797,-9.463],[-45.829,-9.374],[-45.896,-9.329],[-45.904,-9.178],[-45.981,-8.928],[-45.927,-8.789],[-45.82,-8.7],[-45.753,-8.561],[-45.735,-8.432],[-45.659,-8.311],[-45.655,-8.253],[-45.579,-8.151],[-45.543,-7.869],[-45.472,-7.673],[-45.297,-7.557],[-45.025,-7.494],[-44.909,-7.445],[-44.815,-7.365],[-44.713,-7.396],[-44.449,-7.146],[-44.306,-7.111],[-44.257,-7.008],[-44.168,-6.923],[-44.163,-6.887],[-44.092,-6.807],[-44.061,-6.829],[-44.039,-6.767],[-43.954,-6.762],[-43.815,-6.709],[-43.677,-6.7],[-43.561,-6.753],[-43.463,-6.843],[-43.199,-6.753],[-43.132,-6.78],[-42.98,-6.744],[-42.918,-6.669],[-42.856,-6.481],[-42.851,-6.253],[-42.963,-6.186],[-43.074,-6.057],[-43.11,-5.771],[-43.083,-5.713],[-43.101,-5.624],[-43.047,-5.597],[-42.914,-5.392],[-42.833,-5.311],[-42.806,-5.16],[-42.856,-4.936],[-42.954,-4.776],[-42.931,-4.731],[-42.949,-4.66],[-42.914,-4.637],[-42.864,-4.499],[-42.896,-4.405],[-42.954,-4.392],[-42.989,-4.24],[-42.891,-4.142],[-42.851,-4.039],[-42.735,-3.923],[-42.663,-3.789],[-42.677,-3.7],[-42.503,-3.45],[-42.454,-3.477],[-42.217,-3.432],[-42.101,-3.302],[-42.105,-3.262],[-42.003,-3.231],[-41.842,-3.035],[-41.815,-2.936],[-41.869,-2.852],[-41.846,-2.759],[-41.722,-2.809],[-41.64,-2.879],[-41.318,-2.936],[-41.269,-2.916],[-41.257,-3.079],[-41.427,-3.32],[-41.449,-3.436],[-41.355,-3.709],[-41.284,-3.811],[-41.23,-4.044],[-41.119,-4.177],[-41.074,-4.325],[-41.235,-4.539],[-41.244,-4.615],[-41.226,-4.727],[-41.181,-4.811],[-41.186,-4.914],[-41.061,-5.169],[-41.07,-5.307],[-40.949,-5.418],[-40.891,-6.012],[-40.806,-6.253],[-40.771,-6.494],[-40.721,-6.57],[-40.708,-6.66],[-40.614,-6.709],[-40.48,-6.735],[-40.418,-6.811],[-40.44,-6.905],[-40.512,-7.003],[-40.583,-7.195],[-40.534,-7.325],[-40.538,-7.392],[-40.646,-7.401],[-40.69,-7.428],[-40.69,-7.512],[-40.619,-7.637],[-40.659,-7.762],[-40.547,-7.834],[-40.529,-7.905],[-40.543,-8.03],[-40.592,-8.124],[-40.748,-8.244],[-40.833,-8.365],[-40.887,-8.352],[-40.922,-8.432],[-41.016,-8.419],[-41.083,-8.526],[-41.159,-8.548],[-41.213,-8.633],[-41.369,-8.713],[-41.498,-8.936],[-41.556,-8.972],[-41.735,-8.981],[-41.735,-9.133],[-41.797,-9.173],[-41.851,-9.253],[-41.918,-9.213],[-42.043,-9.209],[-42.15,-9.293],[-42.311,-9.307],[-42.431,-9.41],[-42.489,-9.499],[-42.574,-9.486],[-42.619,-9.566],[-42.753,-9.521],[-42.851,-9.548],[-42.931,-9.517],[-42.937,-9.474],[-43.029,-9.436],[-43.043,-9.396],[-43.128,-9.374],[-43.186,-9.419],[-43.378,-9.414],[-43.449,-9.302],[-43.538,-9.361],[-43.605,-9.338],[-43.659,-9.365],[-43.695,-9.445],[-43.811,-9.428],[-43.829,-9.499],[-43.784,-9.566],[-43.726,-9.749],[-43.681,-9.802],[-43.713,-9.95],[-43.704,-10.035],[-43.913,-10.432],[-43.994,-10.454],[-44.119,-10.588],[-44.217,-10.628],[-44.418,-10.588],[-44.539,-10.628],[-44.619,-10.686],[-44.646,-10.735],[-44.753,-10.785],[-44.784,-10.856],[-44.851,-10.878],[-44.931,-10.861],[-45.043,-10.896],[-45.315,-10.78],[-45.44,-10.619],[-45.472,-10.486],[-45.516,-10.414],[-45.605,-10.334],[-45.945,-10.316]]]}},{"type":"Feature","properties":{"name":"Minas Gerais","admin":"Brazil","iso_a2":"BR","postal":"MG"},"geometry":{"type":"Polygon","coordinates":[[[-50.998,-19.664],[-50.964,-19.511],[-50.864,-19.438],[-50.869,-19.377],[-50.792,-19.238],[-50.642,-19.119],[-50.532,-19.087],[-50.49,-19.02],[-50.499,-18.953],[-50.458,-18.877],[-50.368,-18.769],[-50.247,-18.69],[-49.96,-18.616],[-49.678,-18.6],[-49.553,-18.51],[-49.488,-18.522],[-49.417,-18.603],[-49.337,-18.585],[-49.179,-18.405],[-48.954,-18.326],[-48.227,-18.34],[-48.018,-18.435],[-47.929,-18.445],[-47.786,-18.379],[-47.279,-18.061],[-47.356,-17.825],[-47.271,-17.669],[-47.288,-17.548],[-47.409,-17.499],[-47.458,-17.526],[-47.529,-17.454],[-47.498,-17.329],[-47.454,-17.347],[-47.422,-17.271],[-47.311,-17.142],[-47.213,-17.075],[-47.23,-17.026],[-47.15,-16.977],[-47.266,-16.66],[-47.405,-16.57],[-47.454,-16.494],[-47.431,-16.41],[-47.351,-16.302],[-47.324,-16.227],[-47.338,-16.146],[-47.302,-16.039],[-47.23,-16.035],[-47.128,-15.923],[-47.079,-15.936],[-46.864,-15.883],[-46.833,-15.843],[-46.869,-15.593],[-46.931,-15.544],[-46.936,-15.432],[-46.855,-15.325],[-46.891,-15.24],[-46.931,-15.227],[-46.891,-15.048],[-46.833,-15.012],[-46.735,-15.017],[-46.637,-15.07],[-46.547,-15.039],[-46.579,-14.914],[-46.556,-14.869],[-46.583,-14.794],[-46.516,-14.713],[-46.387,-14.771],[-46.315,-14.847],[-46.297,-14.91],[-46.19,-14.936],[-46.079,-14.923],[-46.025,-14.869],[-45.976,-14.986],[-46.074,-15.249],[-45.967,-15.186],[-45.927,-15.128],[-45.766,-15.146],[-45.713,-15.124],[-45.552,-14.936],[-45.463,-14.941],[-45.32,-14.856],[-45.226,-14.74],[-45.101,-14.718],[-44.882,-14.597],[-44.838,-14.517],[-44.561,-14.347],[-44.32,-14.244],[-44.212,-14.24],[-44.159,-14.271],[-43.838,-14.316],[-43.781,-14.343],[-43.879,-14.625],[-43.824,-14.695],[-43.494,-14.789],[-43.449,-14.78],[-43.387,-14.7],[-43.23,-14.637],[-42.954,-14.677],[-42.891,-14.749],[-42.632,-14.941],[-42.579,-14.932],[-42.431,-15.035],[-42.262,-15.106],[-42.177,-15.106],[-42.088,-15.182],[-41.94,-15.173],[-41.802,-15.111],[-41.36,-15.494],[-41.333,-15.718],[-41.159,-15.78],[-41.03,-15.735],[-40.945,-15.673],[-40.891,-15.695],[-40.829,-15.682],[-40.762,-15.74],[-40.668,-15.718],[-40.534,-15.798],[-40.476,-15.776],[-40.329,-15.825],[-40.235,-15.82],[-40.168,-15.896],[-40.132,-15.892],[-40.003,-15.994],[-39.936,-15.999],[-39.864,-16.111],[-39.94,-16.311],[-40.056,-16.396],[-40.132,-16.503],[-40.137,-16.544],[-40.253,-16.566],[-40.284,-16.745],[-40.244,-16.834],[-40.297,-16.878],[-40.471,-16.869],[-40.525,-16.932],[-40.574,-17.133],[-40.565,-17.262],[-40.606,-17.311],[-40.61,-17.392],[-40.498,-17.419],[-40.48,-17.557],[-40.413,-17.557],[-40.382,-17.624],[-40.208,-17.767],[-40.186,-17.816],[-40.23,-17.919],[-40.208,-17.977],[-40.427,-17.892],[-40.476,-17.928],[-40.534,-17.901],[-40.668,-17.954],[-40.909,-17.972],[-40.775,-18.093],[-40.766,-18.137],[-40.837,-18.151],[-40.914,-18.102],[-41.016,-18.173],[-41.061,-18.178],[-41.141,-18.298],[-41.128,-18.334],[-41.025,-18.405],[-41.003,-18.454],[-41.03,-18.637],[-40.927,-18.695],[-40.931,-18.807],[-41.092,-18.829],[-41.195,-18.807],[-41.235,-18.852],[-41.164,-18.905],[-41.105,-18.887],[-41.025,-18.981],[-41.052,-19.035],[-40.945,-19.146],[-40.927,-19.294],[-40.958,-19.472],[-41.047,-19.49],[-41.03,-19.548],[-41.159,-19.66],[-41.186,-19.865],[-41.306,-19.954],[-41.364,-20.186],[-41.404,-20.213],[-41.717,-20.209],[-41.855,-20.37],[-41.797,-20.428],[-41.797,-20.535],[-41.851,-20.624],[-41.811,-20.646],[-41.882,-20.758],[-41.864,-20.776],[-41.927,-20.829],[-41.962,-20.91],[-41.998,-20.932],[-42.097,-20.923],[-42.141,-20.963],[-42.097,-21.003],[-42.181,-21.164],[-42.221,-21.338],[-42.297,-21.405],[-42.302,-21.486],[-42.364,-21.593],[-42.369,-21.633],[-42.284,-21.642],[-42.28,-21.713],[-43.063,-22.064],[-43.132,-22.026],[-43.342,-22.003],[-43.463,-22.057],[-43.815,-22.066],[-44.092,-22.173],[-44.217,-22.249],[-44.445,-22.253],[-44.601,-22.316],[-44.663,-22.37],[-44.73,-22.361],[-44.922,-22.45],[-45.056,-22.468],[-45.244,-22.561],[-45.271,-22.606],[-45.409,-22.646],[-45.471,-22.612],[-45.53,-22.651],[-45.583,-22.615],[-45.672,-22.62],[-45.802,-22.7],[-45.744,-22.727],[-45.744,-22.798],[-45.793,-22.852],[-45.86,-22.861],[-45.909,-22.82],[-46.021,-22.874],[-46.146,-22.892],[-46.154,-22.847],[-46.289,-22.883],[-46.36,-22.843],[-46.369,-22.749],[-46.471,-22.682],[-46.396,-22.615],[-46.454,-22.517],[-46.543,-22.472],[-46.547,-22.441],[-46.641,-22.41],[-46.699,-22.32],[-46.663,-22.204],[-46.601,-22.133],[-46.659,-22.053],[-46.619,-21.985],[-46.659,-21.905],[-46.668,-21.812],[-46.628,-21.771],[-46.605,-21.682],[-46.561,-21.673],[-46.494,-21.526],[-46.507,-21.459],[-46.605,-21.427],[-46.655,-21.374],[-46.686,-21.396],[-46.815,-21.361],[-46.896,-21.405],[-47.003,-21.401],[-46.994,-21.343],[-47.056,-21.195],[-47.123,-21.133],[-47.146,-20.981],[-47.221,-20.914],[-47.213,-20.807],[-47.11,-20.633],[-47.155,-20.526],[-47.253,-20.477],[-47.293,-20.423],[-47.235,-20.204],[-47.244,-20.174],[-47.46,-20.001],[-47.656,-20.023],[-47.695,-19.991],[-47.819,-19.981],[-47.86,-20.012],[-47.862,-20.056],[-47.909,-20.082],[-47.991,-20.083],[-48.051,-20.12],[-48.178,-20.083],[-48.364,-20.138],[-48.812,-20.159],[-48.858,-20.233],[-48.918,-20.429],[-48.953,-20.41],[-48.978,-20.338],[-48.995,-20.214],[-49.04,-20.187],[-49.113,-20.259],[-49.2,-20.294],[-49.284,-20.149],[-49.288,-20.074],[-49.259,-20.017],[-49.278,-19.987],[-50.364,-19.859],[-50.434,-19.8],[-50.489,-19.791],[-50.584,-19.821],[-50.994,-20.102],[-50.998,-19.664]]]}},{"type":"Feature","properties":{"name":"Espírito Santo","admin":"Brazil","iso_a2":"BR","postal":"ES"},"geometry":{"type":"Polygon","coordinates":[[[-41.07,-21.213],[-41.266,-21.231],[-41.391,-21.186],[-41.44,-21.2],[-41.713,-21.11],[-41.744,-20.82],[-41.882,-20.758],[-41.811,-20.646],[-41.851,-20.624],[-41.797,-20.535],[-41.797,-20.428],[-41.855,-20.37],[-41.717,-20.209],[-41.404,-20.213],[-41.364,-20.186],[-41.306,-19.954],[-41.186,-19.865],[-41.159,-19.66],[-41.03,-19.548],[-41.047,-19.49],[-40.958,-19.472],[-40.927,-19.294],[-40.945,-19.146],[-41.052,-19.035],[-41.025,-18.981],[-41.105,-18.887],[-41.164,-18.905],[-41.235,-18.852],[-41.195,-18.807],[-41.092,-18.829],[-40.931,-18.807],[-40.927,-18.695],[-41.03,-18.637],[-41.003,-18.454],[-41.025,-18.405],[-41.128,-18.334],[-41.141,-18.298],[-41.061,-18.178],[-41.016,-18.173],[-40.914,-18.102],[-40.837,-18.151],[-40.766,-18.137],[-40.775,-18.093],[-40.909,-17.972],[-40.668,-17.954],[-40.534,-17.901],[-40.476,-17.928],[-40.427,-17.892],[-40.208,-17.977],[-39.668,-18.326],[-39.74,-18.64],[-39.742,-18.846],[-39.7,-19.278],[-39.731,-19.454],[-39.783,-19.572],[-39.845,-19.649],[-40.001,-19.742],[-40.142,-19.968],[-40.203,-20.206],[-40.299,-20.293],[-40.319,-20.426],[-40.396,-20.57],[-40.597,-20.784],[-40.727,-20.846],[-40.789,-20.906],[-40.829,-21.031],[-40.968,-21.276],[-41.07,-21.213]]]}},{"type":"Feature","properties":{"name":"Bahia","admin":"Brazil","iso_a2":"BR","postal":"BA"},"geometry":{"type":"MultiPolygon","coordinates":[[[[-45.931,-14.749],[-45.913,-14.691],[-45.963,-14.535],[-45.922,-14.352],[-46.012,-14.298],[-46.128,-14.182],[-46.222,-13.999],[-46.262,-13.869],[-46.271,-13.655],[-46.186,-13.405],[-46.096,-13.352],[-46.083,-13.253],[-46.177,-13.218],[-46.181,-13.16],[-46.15,-13.026],[-46.074,-12.977],[-46.088,-12.914],[-46.235,-12.798],[-46.235,-12.713],[-46.159,-12.602],[-46.159,-12.503],[-46.315,-12.423],[-46.347,-12.343],[-46.324,-12.093],[-46.213,-11.999],[-46.079,-11.928],[-46.101,-11.865],[-46.159,-11.834],[-46.248,-11.843],[-46.275,-11.767],[-46.244,-11.727],[-46.105,-11.664],[-46.083,-11.601],[-46.19,-11.543],[-46.427,-11.499],[-46.489,-11.414],[-46.552,-11.378],[-46.57,-11.316],[-46.53,-11.235],[-46.462,-11.178],[-46.369,-10.968],[-46.248,-10.914],[-46.235,-10.883],[-46.302,-10.758],[-46.088,-10.584],[-45.86,-10.468],[-45.757,-10.329],[-45.605,-10.334],[-45.516,-10.414],[-45.472,-10.486],[-45.44,-10.619],[-45.315,-10.78],[-45.043,-10.896],[-44.931,-10.861],[-44.851,-10.878],[-44.784,-10.856],[-44.753,-10.785],[-44.646,-10.735],[-44.619,-10.686],[-44.539,-10.628],[-44.418,-10.588],[-44.217,-10.628],[-44.119,-10.588],[-43.994,-10.454],[-43.913,-10.432],[-43.704,-10.035],[-43.713,-9.95],[-43.681,-9.802],[-43.726,-9.749],[-43.784,-9.566],[-43.829,-9.499],[-43.811,-9.428],[-43.695,-9.445],[-43.659,-9.365],[-43.605,-9.338],[-43.538,-9.361],[-43.449,-9.302],[-43.378,-9.414],[-43.186,-9.419],[-43.128,-9.374],[-43.043,-9.396],[-43.029,-9.436],[-42.937,-9.474],[-42.931,-9.517],[-42.851,-9.548],[-42.753,-9.521],[-42.619,-9.566],[-42.574,-9.486],[-42.489,-9.499],[-42.431,-9.41],[-42.311,-9.307],[-42.15,-9.293],[-42.043,-9.209],[-41.918,-9.213],[-41.851,-9.253],[-41.797,-9.173],[-41.735,-9.133],[-41.735,-8.981],[-41.556,-8.972],[-41.498,-8.936],[-41.369,-8.713],[-41.324,-8.735],[-41.105,-8.718],[-41.101,-8.776],[-41.004,-8.781],[-40.98,-8.816],[-40.891,-8.856],[-40.891,-9.035],[-40.851,-9.151],[-40.704,-9.218],[-40.69,-9.343],[-40.744,-9.423],[-40.686,-9.472],[-40.565,-9.46],[-40.413,-9.397],[-40.32,-9.293],[-40.273,-9.145],[-40.212,-9.102],[-40.078,-9.088],[-39.949,-9.022],[-39.888,-8.924],[-39.885,-8.853],[-39.835,-8.809],[-39.738,-8.791],[-39.688,-8.749],[-39.683,-8.683],[-39.601,-8.62],[-39.442,-8.559],[-39.333,-8.566],[-39.257,-8.64],[-38.835,-8.8],[-38.668,-8.896],[-38.619,-8.896],[-38.544,-8.831],[-38.505,-8.835],[-38.482,-8.96],[-38.433,-9.004],[-38.336,-9.01],[-38.294,-9.043],[-38.308,-9.102],[-38.221,-9.348],[-37.976,-9.512],[-38.043,-9.606],[-37.994,-9.646],[-38.029,-9.727],[-37.963,-9.874],[-37.9,-9.914],[-37.9,-9.95],[-37.78,-10.079],[-37.784,-10.307],[-37.838,-10.423],[-37.824,-10.548],[-37.784,-10.628],[-37.815,-10.677],[-37.971,-10.753],[-38.11,-10.709],[-38.19,-10.718],[-38.244,-10.825],[-38.235,-10.896],[-38.177,-10.981],[-38.11,-11.03],[-38.061,-11.169],[-37.98,-11.24],[-38.007,-11.356],[-37.967,-11.401],[-37.851,-11.441],[-37.797,-11.526],[-37.659,-11.557],[-37.632,-11.521],[-37.574,-11.539],[-37.412,-11.497],[-37.689,-12.1],[-38.019,-12.591],[-38.24,-12.844],[-38.402,-12.966],[-38.499,-12.957],[-38.525,-12.762],[-38.691,-12.624],[-38.744,-12.749],[-38.788,-12.783],[-38.852,-12.79],[-38.784,-12.844],[-38.764,-12.907],[-38.833,-13.033],[-38.835,-13.147],[-39.031,-13.365],[-39.089,-13.588],[-39.035,-13.559],[-38.989,-13.615],[-39.041,-13.758],[-39.048,-14.044],[-39.008,-14.101],[-38.966,-14.003],[-38.942,-14.031],[-39.06,-14.655],[-39.013,-14.936],[-38.996,-15.254],[-38.881,-15.864],[-39.063,-16.504],[-39.203,-17.178],[-39.215,-17.316],[-39.154,-17.704],[-39.278,-17.85],[-39.413,-17.92],[-39.487,-17.99],[-39.651,-18.252],[-39.668,-18.326],[-40.186,-18.008],[-40.23,-17.919],[-40.186,-17.816],[-40.208,-17.767],[-40.382,-17.624],[-40.413,-17.557],[-40.48,-17.557],[-40.498,-17.419],[-40.61,-17.392],[-40.606,-17.311],[-40.565,-17.262],[-40.574,-17.133],[-40.525,-16.932],[-40.471,-16.869],[-40.297,-16.878],[-40.244,-16.834],[-40.284,-16.745],[-40.253,-16.566],[-40.137,-16.544],[-40.132,-16.503],[-40.056,-16.396],[-39.94,-16.311],[-39.864,-16.111],[-39.936,-15.999],[-40.003,-15.994],[-40.132,-15.892],[-40.168,-15.896],[-40.235,-15.82],[-40.329,-15.825],[-40.476,-15.776],[-40.534,-15.798],[-40.668,-15.718],[-40.762,-15.74],[-40.829,-15.682],[-40.891,-15.695],[-40.945,-15.673],[-41.03,-15.735],[-41.159,-15.78],[-41.333,-15.718],[-41.36,-15.494],[-41.802,-15.111],[-41.94,-15.173],[-42.088,-15.182],[-42.177,-15.106],[-42.262,-15.106],[-42.431,-15.035],[-42.579,-14.932],[-42.632,-14.941],[-42.891,-14.749],[-42.954,-14.677],[-43.23,-14.637],[-43.387,-14.7],[-43.449,-14.78],[-43.494,-14.789],[-43.824,-14.695],[-43.879,-14.625],[-43.781,-14.343],[-43.838,-14.316],[-44.159,-14.271],[-44.212,-14.24],[-44.32,-14.244],[-44.561,-14.347],[-44.838,-14.517],[-44.882,-14.597],[-45.101,-14.718],[-45.226,-14.74],[-45.32,-14.856],[-45.463,-14.941],[-45.552,-14.936],[-45.713,-15.124],[-45.766,-15.146],[-45.927,-15.128],[-45.967,-15.186],[-46.074,-15.249],[-45.976,-14.986],[-46.025,-14.869],[-45.931,-14.749]]],[[[-38.904,-13.473],[-38.938,-13.532],[-38.978,-13.523],[-39.022,-13.446],[-39.007,-13.415],[-38.907,-13.401],[-38.904,-13.473]]],[[[-38.744,-13.097],[-38.783,-13.119],[-38.787,-13.055],[-38.685,-12.975],[-38.668,-12.88],[-38.614,-12.924],[-38.601,-12.993],[-38.744,-13.097]]]]}},{"type":"Feature","properties":{"name":"Ceará","admin":"Brazil","iso_a2":"BR","postal":"CE"},"geometry":{"type":"Polygon","coordinates":[[[-40.534,-7.325],[-40.583,-7.195],[-40.512,-7.003],[-40.44,-6.905],[-40.418,-6.811],[-40.48,-6.735],[-40.614,-6.709],[-40.708,-6.66],[-40.721,-6.57],[-40.771,-6.494],[-40.806,-6.253],[-40.891,-6.012],[-40.949,-5.418],[-41.07,-5.307],[-41.061,-5.169],[-41.186,-4.914],[-41.181,-4.811],[-41.226,-4.727],[-41.244,-4.615],[-41.235,-4.539],[-41.074,-4.325],[-41.119,-4.177],[-41.23,-4.044],[-41.284,-3.811],[-41.355,-3.709],[-41.449,-3.436],[-41.427,-3.32],[-41.257,-3.079],[-41.269,-2.916],[-41.195,-2.886],[-40.876,-2.87],[-40.475,-2.796],[-39.965,-2.862],[-39.014,-3.39],[-38.686,-3.654],[-38.476,-3.717],[-38.362,-3.876],[-38.272,-3.948],[-38.049,-4.216],[-37.796,-4.404],[-37.626,-4.592],[-37.301,-4.713],[-37.231,-4.824],[-37.543,-4.932],[-37.721,-5.061],[-37.913,-5.463],[-38.047,-5.615],[-38.128,-5.878],[-38.302,-6.075],[-38.369,-6.093],[-38.414,-6.061],[-38.494,-6.128],[-38.579,-6.262],[-38.605,-6.396],[-38.525,-6.383],[-38.65,-6.691],[-38.619,-6.758],[-38.65,-6.838],[-38.726,-6.892],[-38.73,-7.003],[-38.686,-7.03],[-38.677,-7.16],[-38.601,-7.222],[-38.547,-7.236],[-38.534,-7.294],[-38.583,-7.428],[-38.632,-7.459],[-38.637,-7.535],[-38.699,-7.619],[-38.82,-7.664],[-38.967,-7.847],[-38.998,-7.82],[-39.074,-7.856],[-39.11,-7.753],[-39.244,-7.682],[-39.351,-7.548],[-39.534,-7.477],[-39.654,-7.374],[-39.847,-7.347],[-40.172,-7.419],[-40.262,-7.392],[-40.538,-7.392],[-40.534,-7.325]]]}},{"type":"Feature","properties":{"name":"Sergipe","admin":"Brazil","iso_a2":"BR","postal":"SE"},"geometry":{"type":"Polygon","coordinates":[[[-37.574,-11.539],[-37.632,-11.521],[-37.659,-11.557],[-37.797,-11.526],[-37.851,-11.441],[-37.967,-11.401],[-38.007,-11.356],[-37.98,-11.24],[-38.061,-11.169],[-38.11,-11.03],[-38.177,-10.981],[-38.235,-10.896],[-38.244,-10.825],[-38.19,-10.718],[-38.11,-10.709],[-37.971,-10.753],[-37.815,-10.677],[-37.784,-10.628],[-37.824,-10.548],[-37.838,-10.423],[-37.784,-10.307],[-37.78,-10.079],[-37.9,-9.95],[-37.9,-9.914],[-37.963,-9.874],[-38.029,-9.727],[-37.994,-9.646],[-38.043,-9.606],[-37.976,-9.512],[-37.019,-9.957],[-36.956,-10.014],[-36.94,-10.084],[-36.88,-10.154],[-36.699,-10.257],[-36.648,-10.254],[-36.607,-10.293],[-36.58,-10.371],[-36.538,-10.411],[-36.443,-10.432],[-36.415,-10.491],[-36.768,-10.672],[-36.938,-10.821],[-37.093,-11.055],[-37.125,-11.085],[-37.183,-11.068],[-37.181,-11.187],[-37.356,-11.404],[-37.322,-11.215],[-37.359,-11.253],[-37.438,-11.394],[-37.412,-11.497],[-37.574,-11.539]]]}},{"type":"Feature","properties":{"name":"Alagoas","admin":"Brazil","iso_a2":"BR","postal":"AL"},"geometry":{"type":"Polygon","coordinates":[[[-38.221,-9.348],[-38.092,-9.186],[-37.967,-9.142],[-37.815,-8.977],[-37.806,-8.896],[-37.748,-8.861],[-37.681,-8.977],[-37.521,-8.945],[-37.181,-9.24],[-36.998,-9.307],[-36.94,-9.356],[-36.904,-9.289],[-36.833,-9.262],[-36.579,-9.293],[-36.44,-9.209],[-36.346,-9.2],[-36.266,-9.142],[-36.239,-9.088],[-36.123,-9.017],[-36.119,-8.968],[-36.016,-8.896],[-35.802,-8.87],[-35.721,-8.919],[-35.471,-8.834],[-35.391,-8.883],[-35.152,-8.914],[-35.341,-9.231],[-35.597,-9.541],[-35.764,-9.702],[-35.83,-9.719],[-35.891,-9.687],[-35.848,-9.772],[-35.885,-9.848],[-36.055,-10.076],[-36.224,-10.225],[-36.415,-10.491],[-36.443,-10.432],[-36.538,-10.411],[-36.58,-10.371],[-36.607,-10.293],[-36.648,-10.254],[-36.699,-10.257],[-36.88,-10.154],[-36.94,-10.084],[-36.956,-10.014],[-37.019,-9.957],[-37.976,-9.512],[-38.221,-9.348]]]}},{"type":"Feature","properties":{"name":"Rio Grande do Norte","admin":"Brazil","iso_a2":"BR","postal":"RN"},"geometry":{"type":"Polygon","coordinates":[[[-38.605,-6.396],[-38.579,-6.262],[-38.494,-6.128],[-38.414,-6.061],[-38.369,-6.093],[-38.302,-6.075],[-38.128,-5.878],[-38.047,-5.615],[-37.913,-5.463],[-37.721,-5.061],[-37.543,-4.932],[-37.231,-4.824],[-37.175,-4.912],[-36.955,-4.937],[-36.861,-4.967],[-36.747,-5.051],[-36.591,-5.098],[-36.162,-5.094],[-35.98,-5.054],[-35.549,-5.129],[-35.482,-5.166],[-35.392,-5.251],[-35.235,-5.567],[-35.095,-6.185],[-34.988,-6.394],[-34.972,-6.504],[-35.047,-6.535],[-35.257,-6.508],[-35.306,-6.53],[-35.467,-6.463],[-35.668,-6.427],[-35.927,-6.468],[-36.253,-6.414],[-36.293,-6.307],[-36.382,-6.303],[-36.494,-6.378],[-36.516,-6.481],[-36.445,-6.624],[-36.534,-6.637],[-36.529,-6.735],[-36.503,-6.785],[-36.574,-6.928],[-36.659,-6.932],[-36.713,-6.977],[-36.771,-6.932],[-36.744,-6.825],[-36.793,-6.767],[-36.945,-6.749],[-36.989,-6.709],[-37.043,-6.753],[-37.217,-6.825],[-37.271,-6.74],[-37.338,-6.7],[-37.516,-6.682],[-37.507,-6.552],[-37.431,-6.517],[-37.396,-6.392],[-37.177,-6.115],[-37.177,-6.053],[-37.262,-6.026],[-37.422,-6.097],[-37.476,-6.084],[-37.757,-6.177],[-37.793,-6.294],[-37.842,-6.343],[-38.056,-6.445],[-38.132,-6.521],[-38.239,-6.485],[-38.284,-6.503],[-38.525,-6.383],[-38.605,-6.396]]]}},{"type":"Feature","properties":{"name":"Pernambuco","admin":"Brazil","iso_a2":"BR","postal":"PE"},"geometry":{"type":"Polygon","coordinates":[[[-41.213,-8.633],[-41.159,-8.548],[-41.083,-8.526],[-41.016,-8.419],[-40.922,-8.432],[-40.887,-8.352],[-40.833,-8.365],[-40.748,-8.244],[-40.592,-8.124],[-40.543,-8.03],[-40.529,-7.905],[-40.547,-7.834],[-40.659,-7.762],[-40.619,-7.637],[-40.69,-7.512],[-40.69,-7.428],[-40.646,-7.401],[-40.262,-7.392],[-40.172,-7.419],[-39.847,-7.347],[-39.654,-7.374],[-39.534,-7.477],[-39.351,-7.548],[-39.244,-7.682],[-39.11,-7.753],[-39.074,-7.856],[-38.998,-7.82],[-38.967,-7.847],[-38.82,-7.664],[-38.699,-7.619],[-38.646,-7.677],[-38.592,-7.691],[-38.587,-7.74],[-38.525,-7.767],[-38.449,-7.736],[-38.418,-7.749],[-38.356,-7.7],[-38.304,-7.782],[-38.302,-7.829],[-38.257,-7.852],[-38.226,-7.811],[-38.168,-7.807],[-38.15,-7.771],[-38.088,-7.82],[-38.057,-7.758],[-37.976,-7.771],[-37.708,-7.548],[-37.552,-7.477],[-37.436,-7.347],[-37.382,-7.352],[-37.346,-7.298],[-37.253,-7.271],[-37.15,-7.347],[-37.016,-7.401],[-37.016,-7.508],[-37.199,-7.575],[-37.213,-7.646],[-37.168,-7.762],[-37.342,-7.999],[-37.213,-7.959],[-37.15,-7.977],[-37.128,-8.164],[-36.963,-8.285],[-36.784,-8.222],[-36.628,-8.084],[-36.659,-8.012],[-36.57,-7.923],[-36.449,-7.91],[-36.422,-7.825],[-36.266,-7.825],[-36.217,-7.78],[-36.168,-7.825],[-36.123,-7.78],[-36.074,-7.825],[-35.967,-7.816],[-35.931,-7.838],[-35.887,-7.732],[-35.838,-7.744],[-35.681,-7.713],[-35.556,-7.655],[-35.498,-7.454],[-35.373,-7.459],[-35.271,-7.383],[-35.065,-7.41],[-34.981,-7.512],[-34.859,-7.55],[-34.879,-7.747],[-34.837,-7.872],[-34.835,-7.972],[-35.152,-8.914],[-35.391,-8.883],[-35.471,-8.834],[-35.721,-8.919],[-35.802,-8.87],[-36.016,-8.896],[-36.119,-8.968],[-36.123,-9.017],[-36.239,-9.088],[-36.266,-9.142],[-36.346,-9.2],[-36.44,-9.209],[-36.579,-9.293],[-36.833,-9.262],[-36.904,-9.289],[-36.94,-9.356],[-36.998,-9.307],[-37.181,-9.24],[-37.521,-8.945],[-37.681,-8.977],[-37.748,-8.861],[-37.806,-8.896],[-37.815,-8.977],[-37.967,-9.142],[-38.092,-9.186],[-38.221,-9.348],[-38.308,-9.102],[-38.294,-9.043],[-38.336,-9.01],[-38.433,-9.004],[-38.482,-8.96],[-38.505,-8.835],[-38.544,-8.831],[-38.619,-8.896],[-38.668,-8.896],[-38.835,-8.8],[-39.257,-8.64],[-39.333,-8.566],[-39.442,-8.559],[-39.601,-8.62],[-39.683,-8.683],[-39.688,-8.749],[-39.738,-8.791],[-39.835,-8.809],[-39.885,-8.853],[-39.888,-8.924],[-39.949,-9.022],[-40.078,-9.088],[-40.212,-9.102],[-40.273,-9.145],[-40.32,-9.293],[-40.413,-9.397],[-40.565,-9.46],[-40.686,-9.472],[-40.744,-9.423],[-40.69,-9.343],[-40.704,-9.218],[-40.851,-9.151],[-40.891,-9.035],[-40.891,-8.856],[-40.98,-8.816],[-41.004,-8.781],[-41.101,-8.776],[-41.105,-8.718],[-41.324,-8.735],[-41.369,-8.713],[-41.213,-8.633]]]}},{"type":"Feature","properties":{"name":"Paraíba","admin":"Brazil","iso_a2":"BR","postal":"PB"},"geometry":{"type":"Polygon","coordinates":[[[-38.637,-7.535],[-38.632,-7.459],[-38.583,-7.428],[-38.534,-7.294],[-38.547,-7.236],[-38.601,-7.222],[-38.677,-7.16],[-38.686,-7.03],[-38.73,-7.003],[-38.726,-6.892],[-38.65,-6.838],[-38.619,-6.758],[-38.65,-6.691],[-38.525,-6.383],[-38.284,-6.503],[-38.239,-6.485],[-38.132,-6.521],[-38.056,-6.445],[-37.842,-6.343],[-37.793,-6.294],[-37.757,-6.177],[-37.476,-6.084],[-37.422,-6.097],[-37.262,-6.026],[-37.177,-6.053],[-37.177,-6.115],[-37.396,-6.392],[-37.431,-6.517],[-37.507,-6.552],[-37.516,-6.682],[-37.338,-6.7],[-37.271,-6.74],[-37.217,-6.825],[-37.043,-6.753],[-36.989,-6.709],[-36.945,-6.749],[-36.793,-6.767],[-36.744,-6.825],[-36.771,-6.932],[-36.713,-6.977],[-36.659,-6.932],[-36.574,-6.928],[-36.503,-6.785],[-36.529,-6.735],[-36.534,-6.637],[-36.445,-6.624],[-36.516,-6.481],[-36.494,-6.378],[-36.382,-6.303],[-36.293,-6.307],[-36.253,-6.414],[-35.927,-6.468],[-35.668,-6.427],[-35.467,-6.463],[-35.306,-6.53],[-35.257,-6.508],[-35.047,-6.535],[-34.972,-6.504],[-34.876,-7.003],[-34.834,-7.024],[-34.805,-7.288],[-34.859,-7.55],[-34.981,-7.512],[-35.065,-7.41],[-35.271,-7.383],[-35.373,-7.459],[-35.498,-7.454],[-35.556,-7.655],[-35.681,-7.713],[-35.838,-7.744],[-35.887,-7.732],[-35.931,-7.838],[-35.967,-7.816],[-36.074,-7.825],[-36.123,-7.78],[-36.168,-7.825],[-36.217,-7.78],[-36.266,-7.825],[-36.422,-7.825],[-36.449,-7.91],[-36.57,-7.923],[-36.659,-8.012],[-36.628,-8.084],[-36.784,-8.222],[-36.963,-8.285],[-37.128,-8.164],[-37.15,-7.977],[-37.213,-7.959],[-37.342,-7.999],[-37.168,-7.762],[-37.213,-7.646],[-37.199,-7.575],[-37.016,-7.508],[-37.016,-7.401],[-37.15,-7.347],[-37.253,-7.271],[-37.346,-7.298],[-37.382,-7.352],[-37.436,-7.347],[-37.552,-7.477],[-37.708,-7.548],[-37.976,-7.771],[-38.057,-7.758],[-38.088,-7.82],[-38.15,-7.771],[-38.168,-7.807],[-38.226,-7.811],[-38.257,-7.852],[-38.302,-7.829],[-38.304,-7.782],[-38.356,-7.7],[-38.418,-7.749],[-38.449,-7.736],[-38.525,-7.767],[-38.587,-7.74],[-38.592,-7.691],[-38.646,-7.677],[-38.699,-7.619],[-38.637,-7.535]]]}},{"type":"Feature","properties":{"name":"Santa Catarina","admin":"Brazil","iso_a2":"BR","postal":"SC"},"geometry":{"type":"MultiPolygon","coordinates":[[[[-53.458,-26.289],[-53.355,-26.24],[-53.28,-26.262],[-53.123,-26.37],[-52.994,-26.352],[-52.913,-26.365],[-52.815,-26.338],[-52.641,-26.401],[-52.199,-26.45],[-52.007,-26.584],[-51.503,-26.602],[-51.422,-26.7],[-51.284,-26.651],[-51.239,-26.606],[-51.289,-26.423],[-51.248,-26.347],[-51.074,-26.236],[-50.945,-26.244],[-50.9,-26.28],[-50.771,-26.222],[-50.735,-26.231],[-50.646,-26.07],[-50.543,-26.026],[-50.458,-26.026],[-50.369,-26.086],[-50.315,-26.053],[-49.949,-26.012],[-49.597,-26.222],[-49.489,-26.222],[-49.454,-26.169],[-49.11,-25.995],[-48.945,-26.008],[-48.918,-25.977],[-48.585,-25.986],[-48.619,-26.179],[-48.748,-26.269],[-48.652,-26.406],[-48.678,-26.703],[-48.616,-26.878],[-48.554,-27.196],[-48.595,-27.264],[-48.572,-27.373],[-48.643,-27.558],[-48.606,-27.825],[-48.621,-28.076],[-48.693,-28.31],[-48.797,-28.443],[-48.8,-28.575],[-49.271,-28.871],[-49.5,-29.075],[-49.713,-29.325],[-49.869,-29.218],[-49.954,-29.195],[-50.079,-29.244],[-50.034,-29.32],[-50.052,-29.356],[-50.168,-29.285],[-50.164,-29.195],[-50.07,-29.093],[-50.007,-29.102],[-49.945,-28.95],[-49.954,-28.794],[-49.797,-28.624],[-49.699,-28.597],[-49.708,-28.53],[-49.737,-28.511],[-49.939,-28.448],[-50.233,-28.469],[-50.578,-28.386],[-51.117,-27.808],[-51.19,-27.781],[-51.488,-27.564],[-51.582,-27.547],[-51.645,-27.5],[-51.873,-27.509],[-51.984,-27.377],[-52.06,-27.313],[-52.139,-27.283],[-52.348,-27.276],[-52.415,-27.236],[-52.511,-27.23],[-52.636,-27.259],[-52.742,-27.246],[-52.826,-27.189],[-52.953,-27.179],[-53.03,-27.138],[-53.184,-27.149],[-53.227,-27.174],[-53.347,-27.081],[-53.457,-27.103],[-53.498,-27.172],[-53.616,-27.21],[-53.719,-27.158],[-53.935,-27.161],[-53.838,-27.121],[-53.717,-26.883],[-53.753,-26.749],[-53.711,-26.352],[-53.67,-26.258],[-53.458,-26.289]]],[[[-48.415,-27.4],[-48.378,-27.451],[-48.41,-27.566],[-48.497,-27.707],[-48.486,-27.767],[-48.555,-27.812],[-48.542,-27.575],[-48.465,-27.436],[-48.415,-27.4]]],[[[-48.666,-26.29],[-48.54,-26.17],[-48.498,-26.219],[-48.531,-26.313],[-48.603,-26.414],[-48.666,-26.29]]]]}},{"type":"Feature","properties":{"name":"Rio Grande do Sul","admin":"Brazil","iso_a2":"BR","postal":"RS"},"geometry":{"type":"Polygon","coordinates":[[[-53.719,-27.158],[-53.616,-27.21],[-53.498,-27.172],[-53.457,-27.103],[-53.347,-27.081],[-53.227,-27.174],[-53.184,-27.149],[-53.03,-27.138],[-52.953,-27.179],[-52.826,-27.189],[-52.742,-27.246],[-52.636,-27.259],[-52.511,-27.23],[-52.415,-27.236],[-52.348,-27.276],[-52.139,-27.283],[-52.06,-27.313],[-51.984,-27.377],[-51.873,-27.509],[-51.645,-27.5],[-51.582,-27.547],[-51.488,-27.564],[-51.19,-27.781],[-51.117,-27.808],[-50.578,-28.386],[-50.233,-28.469],[-50.155,-28.474],[-50.141,-28.453],[-50.069,-28.444],[-49.839,-28.465],[-49.708,-28.53],[-49.699,-28.597],[-49.797,-28.624],[-49.954,-28.794],[-49.945,-28.95],[-50.007,-29.102],[-50.07,-29.093],[-50.164,-29.195],[-50.168,-29.285],[-50.052,-29.356],[-50.034,-29.32],[-50.079,-29.244],[-49.954,-29.195],[-49.869,-29.218],[-49.713,-29.325],[-50.033,-29.801],[-50.299,-30.426],[-50.62,-30.898],[-50.921,-31.258],[-51.152,-31.48],[-51.46,-31.702],[-51.798,-31.9],[-52.039,-32.115],[-52.069,-32.063],[-52.043,-31.977],[-52.063,-31.83],[-51.995,-31.815],[-51.893,-31.868],[-51.803,-31.797],[-51.681,-31.775],[-51.446,-31.557],[-51.272,-31.477],[-51.174,-31.34],[-51.161,-31.119],[-51.106,-31.081],[-50.98,-31.094],[-50.954,-31.052],[-50.965,-31.006],[-50.941,-30.904],[-50.77,-30.813],[-50.689,-30.704],[-50.716,-30.426],[-50.685,-30.414],[-50.615,-30.457],[-50.582,-30.439],[-50.546,-30.317],[-50.564,-30.254],[-50.646,-30.237],[-50.932,-30.374],[-51.025,-30.369],[-51.04,-30.261],[-51.179,-30.211],[-51.25,-30.06],[-51.298,-30.035],[-51.282,-30.244],[-51.157,-30.364],[-51.247,-30.468],[-51.288,-30.591],[-51.283,-30.751],[-51.359,-30.675],[-51.376,-30.847],[-51.459,-30.913],[-51.485,-30.978],[-51.464,-31.053],[-51.506,-31.104],[-51.973,-31.384],[-52.027,-31.599],[-52.12,-31.695],[-52.193,-31.885],[-52.167,-32.088],[-52.127,-32.168],[-52.275,-32.324],[-52.342,-32.44],[-52.508,-32.875],[-52.652,-33.138],[-52.921,-33.402],[-53.371,-33.742],[-53.464,-33.71],[-53.531,-33.656],[-53.531,-33.171],[-53.483,-33.069],[-53.395,-33.01],[-53.126,-32.737],[-53.157,-32.68],[-53.231,-32.626],[-53.363,-32.581],[-53.602,-32.403],[-53.762,-32.057],[-53.921,-31.952],[-54.22,-31.855],[-54.37,-31.745],[-54.588,-31.485],[-54.896,-31.391],[-55.036,-31.279],[-55.091,-31.314],[-55.174,-31.28],[-55.255,-31.226],[-55.366,-31.046],[-55.603,-30.851],[-55.808,-31.037],[-55.874,-31.07],[-56.005,-31.079],[-56.018,-30.992],[-55.999,-30.837],[-56.045,-30.778],[-56.176,-30.628],[-56.833,-30.107],[-57.033,-30.11],[-57.121,-30.144],[-57.214,-30.283],[-57.552,-30.261],[-57.609,-30.188],[-57.405,-30.034],[-57.317,-29.939],[-57.301,-29.857],[-57.225,-29.782],[-57.089,-29.716],[-56.939,-29.595],[-56.671,-29.287],[-56.636,-29.203],[-56.571,-29.138],[-56.476,-29.093],[-56.393,-28.997],[-56.322,-28.852],[-56.225,-28.737],[-56.034,-28.581],[-55.985,-28.489],[-55.904,-28.443],[-55.89,-28.37],[-55.859,-28.354],[-55.687,-28.382],[-55.672,-28.345],[-55.692,-28.303],[-55.746,-28.256],[-55.726,-28.204],[-55.582,-28.121],[-55.477,-28.089],[-55.346,-27.956],[-55.244,-27.899],[-55.102,-27.867],[-55.064,-27.836],[-55.069,-27.796],[-55.04,-27.768],[-54.956,-27.747],[-54.91,-27.709],[-54.903,-27.652],[-54.829,-27.551],[-54.666,-27.527],[-54.555,-27.454],[-54.327,-27.424],[-54.26,-27.382],[-54.205,-27.29],[-54.156,-27.254],[-54.114,-27.275],[-53.935,-27.161],[-53.719,-27.158]]]}},{"type":"Feature","properties":{"name":"Alberta","admin":"Canada","iso_a2":"CA","postal":"AB"},"geometry":{"type":"Polygon","coordinates":[[[-114.063,48.993],[-114.057,49.038],[-114.19,49.168],[-114.355,49.211],[-114.565,49.394],[-114.588,49.42],[-114.577,49.544],[-114.681,49.556],[-114.734,49.587],[-114.643,49.73],[-114.638,49.797],[-114.685,49.934],[-114.652,50.02],[-114.716,50.129],[-114.789,50.359],[-114.993,50.545],[-115.091,50.585],[-115.206,50.554],[-115.305,50.635],[-115.298,50.673],[-115.347,50.729],[-115.399,50.731],[-115.634,50.855],[-115.588,50.909],[-115.619,50.962],[-115.794,51.07],[-115.998,51.13],[-116.042,51.23],[-116.25,51.323],[-116.31,51.448],[-116.567,51.651],[-116.674,51.791],[-116.758,51.789],[-116.83,51.715],[-116.913,51.714],[-117.037,51.886],[-117.245,52.047],[-117.32,52.156],[-117.587,52.142],[-117.788,52.233],[-117.822,52.272],[-117.735,52.353],[-117.732,52.383],[-117.758,52.395],[-118.002,52.486],[-118.06,52.413],[-118.221,52.386],[-118.247,52.441],[-118.225,52.483],[-118.35,52.623],[-118.319,52.674],[-118.33,52.709],[-118.477,52.879],[-118.631,52.909],[-118.678,53.026],[-118.766,53.065],[-118.774,53.122],[-118.804,53.153],[-118.993,53.236],[-119.022,53.139],[-119.261,53.209],[-119.4,53.353],[-119.68,53.371],[-119.82,53.491],[-119.894,53.516],[-119.918,53.612],[-119.743,53.615],[-119.735,53.634],[-119.812,53.699],[-119.904,53.723],[-119.917,53.77],[-119.973,53.797],[-120.001,53.844],[-120.0,60.001],[-110.0,60.001],[-109.999,48.993],[-114.063,48.993]]]}},{"type":"Feature","properties":{"name":"British Columbia","admin":"Canada","iso_a2":"CA","postal":"BC"},"geometry":{"type":"MultiPolygon","coordinates":[[[[-120.001,53.844],[-119.973,53.797],[-119.917,53.77],[-119.904,53.723],[-119.812,53.699],[-119.735,53.634],[-119.743,53.615],[-119.918,53.612],[-119.894,53.516],[-119.82,53.491],[-119.68,53.371],[-119.4,53.353],[-119.261,53.209],[-119.022,53.139],[-118.993,53.236],[-118.804,53.153],[-118.774,53.122],[-118.766,53.065],[-118.678,53.026],[-118.631,52.909],[-118.477,52.879],[-118.33,52.709],[-118.319,52.674],[-118.35,52.623],[-118.225,52.483],[-118.247,52.441],[-118.221,52.386],[-118.06,52.413],[-118.002,52.486],[-117.758,52.395],[-117.732,52.383],[-117.735,52.353],[-117.822,52.272],[-117.788,52.233],[-117.587,52.142],[-117.32,52.156],[-117.245,52.047],[-117.037,51.886],[-116.913,51.714],[-116.83,51.715],[-116.758,51.789],[-116.674,51.791],[-116.567,51.651],[-116.31,51.448],[-116.25,51.323],[-116.042,51.23],[-115.998,51.13],[-115.794,51.07],[-115.619,50.962],[-115.588,50.909],[-115.634,50.855],[-115.399,50.731],[-115.347,50.729],[-115.298,50.673],[-115.305,50.635],[-115.206,50.554],[-115.091,50.585],[-114.993,50.545],[-114.789,50.359],[-114.716,50.129],[-114.652,50.02],[-114.685,49.934],[-114.638,49.797],[-114.643,49.73],[-114.734,49.587],[-114.681,49.556],[-114.577,49.544],[-114.588,49.42],[-114.565,49.394],[-114.355,49.211],[-114.19,49.168],[-114.057,49.038],[-114.063,48.993],[-122.789,48.993],[-122.924,49.075],[-123.002,49.061],[-123.049,48.993],[-123.086,48.993],[-123.118,49.056],[-123.08,49.131],[-123.182,49.13],[-123.191,49.22],[-123.229,49.261],[-122.948,49.293],[-122.879,49.399],[-122.964,49.329],[-123.016,49.322],[-123.277,49.344],[-123.291,49.359],[-123.264,49.39],[-123.187,49.68],[-123.325,49.578],[-123.336,49.459],[-123.437,49.451],[-123.531,49.397],[-123.892,49.495],[-124.029,49.603],[-124.054,49.662],[-123.993,49.736],[-123.923,49.718],[-123.817,49.587],[-123.739,49.594],[-123.582,49.681],[-123.763,49.659],[-123.874,49.737],[-123.904,49.795],[-123.904,49.981],[-123.785,50.088],[-123.825,50.144],[-123.946,50.184],[-123.863,50.103],[-123.866,50.072],[-123.957,49.993],[-123.985,49.876],[-124.059,49.854],[-124.142,49.793],[-124.281,49.772],[-124.413,49.778],[-124.483,49.808],[-124.782,50.02],[-124.784,50.073],[-124.934,50.258],[-124.933,50.298],[-124.986,50.356],[-125.044,50.364],[-125.057,50.419],[-124.863,50.637],[-124.875,50.826],[-124.86,50.872],[-124.934,50.811],[-124.943,50.666],[-125.059,50.514],[-125.21,50.476],[-125.476,50.497],[-125.526,50.534],[-125.539,50.649],[-125.61,50.486],[-125.641,50.466],[-125.698,50.465],[-125.772,50.508],[-126.094,50.498],[-126.404,50.53],[-126.45,50.55],[-126.447,50.588],[-125.898,50.684],[-125.904,50.705],[-126.37,50.667],[-126.514,50.679],[-126.517,50.724],[-126.375,50.837],[-126.488,50.842],[-126.522,50.866],[-126.485,50.961],[-126.517,51.057],[-126.563,50.965],[-126.632,50.915],[-126.96,50.894],[-127.058,50.868],[-127.357,50.946],[-127.708,51.151],[-127.714,51.269],[-127.689,51.343],[-127.633,51.427],[-127.42,51.608],[-127.281,51.654],[-126.691,51.703],[-127.339,51.707],[-127.443,51.679],[-127.645,51.478],[-127.669,51.478],[-127.729,51.506],[-127.819,51.604],[-127.851,51.673],[-127.863,51.821],[-127.728,51.993],[-127.859,51.99],[-127.795,52.191],[-127.438,52.356],[-127.242,52.395],[-127.176,52.315],[-127.008,52.291],[-126.826,52.125],[-126.714,52.061],[-126.895,52.225],[-126.938,52.309],[-127.127,52.371],[-127.194,52.458],[-127.208,52.498],[-127.187,52.538],[-126.995,52.658],[-126.951,52.721],[-127.008,52.843],[-127.013,52.72],[-127.066,52.653],[-127.519,52.359],[-127.713,52.319],[-127.834,52.251],[-128.102,51.788],[-128.194,51.998],[-128.358,52.159],[-128.037,52.318],[-128.052,52.453],[-127.94,52.545],[-128.038,52.531],[-128.272,52.363],[-128.275,52.436],[-128.132,52.806],[-128.053,52.911],[-128.365,52.826],[-128.452,52.877],[-128.525,53.141],[-128.652,53.244],[-128.869,53.328],[-129.081,53.367],[-129.172,53.534],[-129.114,53.641],[-129.021,53.692],[-128.936,53.715],[-128.855,53.705],[-128.85,53.665],[-128.906,53.559],[-128.833,53.549],[-128.542,53.421],[-128.479,53.41],[-128.358,53.46],[-128.133,53.418],[-127.928,53.275],[-127.95,53.33],[-128.115,53.446],[-128.207,53.483],[-128.512,53.477],[-128.676,53.555],[-128.751,53.661],[-128.764,53.747],[-128.715,53.81],[-128.532,53.858],[-128.651,53.919],[-128.705,53.919],[-128.89,53.83],[-128.959,53.841],[-129.208,53.642],[-129.258,53.418],[-129.462,53.347],[-129.564,53.251],[-129.822,53.413],[-129.912,53.551],[-130.074,53.576],[-130.263,53.654],[-130.335,53.724],[-130.233,53.867],[-130.086,53.976],[-130.043,54.134],[-129.791,54.166],[-129.626,54.23],[-129.898,54.226],[-130.084,54.181],[-130.29,54.27],[-130.397,54.352],[-130.43,54.421],[-130.393,54.48],[-130.35,54.655],[-130.307,54.7],[-130.219,54.73],[-129.89,55.165],[-129.561,55.463],[-129.701,55.439],[-129.795,55.56],[-129.838,55.319],[-129.877,55.251],[-130.048,55.057],[-130.092,55.108],[-130.058,55.195],[-129.996,55.264],[-129.985,55.359],[-130.093,55.632],[-130.085,55.752],[-130.02,55.881],[-130.014,55.951],[-130.056,56.065],[-130.098,56.109],[-130.215,56.083],[-130.413,56.123],[-130.477,56.231],[-130.649,56.264],[-130.742,56.341],[-131.083,56.405],[-131.575,56.599],[-131.824,56.59],[-131.833,56.685],[-131.886,56.742],[-131.866,56.793],[-132.104,56.857],[-132.032,57.027],[-132.338,57.079],[-132.232,57.199],[-133.12,58.078],[-133.423,58.337],[-133.401,58.411],[-133.821,58.705],[-134.219,58.85],[-134.297,58.898],[-134.441,59.085],[-134.802,59.25],[-134.944,59.288],[-135.071,59.441],[-135.037,59.551],[-135.051,59.579],[-135.476,59.793],[-135.935,59.663],[-136.322,59.605],[-136.247,59.533],[-136.278,59.48],[-136.348,59.456],[-136.466,59.459],[-136.467,59.28],[-136.579,59.152],[-136.813,59.15],[-137.278,58.988],[-137.439,58.903],[-137.521,58.915],[-137.484,58.991],[-137.593,59.226],[-138.632,59.778],[-138.705,59.901],[-139.057,60.002],[-120.0,60.001],[-120.001,53.844]]],[[[-130.219,55.06],[-130.172,55.137],[-130.037,55.298],[-130.147,55.654],[-130.112,55.78],[-130.025,55.888],[-130.123,55.691],[-130.11,55.581],[-130.022,55.372],[-130.018,55.285],[-130.214,55.026],[-130.219,55.06]]],[[[-130.204,54.947],[-130.349,54.815],[-130.535,54.749],[-130.575,54.77],[-130.214,55.026],[-130.204,54.947]]],[[[-130.95,54.478],[-130.953,54.542],[-130.907,54.632],[-130.758,54.614],[-130.763,54.577],[-130.95,54.478]]],[[[-132.564,54.069],[-132.303,54.099],[-132.166,53.955],[-132.155,53.875],[-132.175,53.847],[-132.565,53.688],[-132.567,53.664],[-132.535,53.652],[-132.187,53.685],[-132.114,53.86],[-132.134,54.034],[-131.941,54.042],[-131.668,54.141],[-131.703,53.986],[-131.821,53.842],[-131.889,53.714],[-131.922,53.588],[-131.928,53.379],[-131.957,53.309],[-132.011,53.265],[-132.347,53.189],[-132.52,53.194],[-132.748,53.31],[-132.693,53.368],[-132.425,53.337],[-132.67,53.459],[-132.845,53.508],[-132.898,53.563],[-132.913,53.629],[-133.052,53.778],[-133.098,53.92],[-133.098,54.006],[-133.048,54.159],[-132.656,54.127],[-132.564,54.069]]],[[[-130.384,53.844],[-130.47,53.862],[-130.537,53.918],[-130.625,53.941],[-130.644,53.845],[-130.664,53.848],[-130.707,53.921],[-130.647,53.991],[-130.448,54.089],[-130.316,54.047],[-130.236,53.959],[-130.384,53.844]]],[[[-129.934,53.177],[-130.151,53.346],[-130.306,53.407],[-130.518,53.544],[-130.452,53.631],[-130.395,53.62],[-129.945,53.436],[-129.755,53.245],[-129.849,53.168],[-129.934,53.177]]],[[[-129.277,53.111],[-129.324,53.142],[-129.314,53.212],[-129.238,53.33],[-129.177,53.259],[-129.168,53.118],[-129.277,53.111]]],[[[-128.51,52.519],[-128.679,52.29],[-128.731,52.357],[-128.766,52.598],[-128.746,52.763],[-128.831,52.679],[-128.9,52.674],[-129.085,52.822],[-129.095,52.892],[-129.184,52.991],[-129.084,53.14],[-129.033,53.28],[-128.858,53.229],[-128.633,53.113],[-128.552,52.94],[-128.51,52.519]]],[[[-131.652,53.103],[-131.622,53.02],[-131.635,52.922],[-131.795,52.885],[-131.88,52.915],[-131.972,52.88],[-131.904,52.867],[-131.727,52.756],[-131.455,52.702],[-131.573,52.623],[-131.591,52.578],[-131.43,52.422],[-131.26,52.416],[-131.32,52.303],[-131.143,52.291],[-131.116,52.219],[-131.222,52.154],[-131.422,52.238],[-131.562,52.4],[-132.165,52.783],[-132.239,52.867],[-132.258,52.934],[-132.145,52.957],[-132.144,52.999],[-132.469,53.072],[-132.547,53.137],[-132.154,53.16],[-131.893,53.231],[-131.754,53.196],[-131.652,53.103]]],[[[-129.41,53.024],[-129.5,53.129],[-129.515,53.179],[-129.451,53.175],[-129.314,52.992],[-129.41,53.024]]],[[[-128.969,52.464],[-129.151,52.605],[-129.251,52.722],[-129.264,52.801],[-129.186,52.791],[-128.994,52.662],[-128.94,52.601],[-128.937,52.51],[-128.969,52.464]]],[[[-128.445,52.387],[-128.413,52.473],[-128.44,52.696],[-128.365,52.782],[-128.247,52.784],[-128.324,52.459],[-128.369,52.401],[-128.445,52.387]]],[[[-131.103,52.014],[-131.117,52.101],[-131.098,52.151],[-131.011,52.095],[-131.029,51.962],[-131.103,52.014]]],[[[-127.981,51.457],[-128.092,51.511],[-128.142,51.647],[-128.032,51.708],[-127.999,51.704],[-127.916,51.585],[-127.925,51.474],[-127.981,51.457]]],[[[-126.701,50.516],[-125.615,50.359],[-125.482,50.317],[-125.233,50.012],[-124.935,49.732],[-124.905,49.685],[-124.932,49.67],[-124.931,49.643],[-124.831,49.53],[-124.643,49.429],[-124.186,49.301],[-123.996,49.224],[-123.82,49.084],[-123.752,48.951],[-123.627,48.824],[-123.497,48.582],[-123.458,48.674],[-123.415,48.698],[-123.284,48.455],[-123.335,48.406],[-123.446,48.427],[-123.573,48.323],[-124.115,48.436],[-125.017,48.711],[-125.121,48.761],[-125.136,48.822],[-124.85,49.028],[-124.8,49.142],[-124.813,49.213],[-124.868,49.079],[-124.927,49.014],[-125.363,48.998],[-125.46,48.941],[-125.543,48.953],[-125.66,49.029],[-125.829,49.092],[-125.702,49.139],[-125.644,49.186],[-125.728,49.2],[-125.835,49.277],[-125.952,49.248],[-125.984,49.288],[-125.935,49.401],[-126.02,49.368],[-126.1,49.421],[-126.169,49.415],[-126.244,49.443],[-126.304,49.382],[-126.419,49.449],[-126.445,49.451],[-126.5,49.4],[-126.549,49.419],[-126.564,49.543],[-126.542,49.59],[-126.158,49.65],[-126.134,49.672],[-126.348,49.661],[-126.463,49.72],[-126.525,49.72],[-126.593,49.764],[-126.683,49.876],[-126.903,49.944],[-126.977,49.883],[-127.114,49.88],[-127.196,49.949],[-127.207,49.992],[-127.18,50.073],[-127.25,50.138],[-127.29,50.071],[-127.349,50.052],[-127.467,50.163],[-127.675,50.163],[-127.77,50.121],[-127.864,50.128],[-127.873,50.15],[-127.828,50.211],[-127.839,50.293],[-127.963,50.346],[-127.906,50.445],[-127.832,50.471],[-127.641,50.479],[-127.487,50.405],[-127.529,50.537],[-127.466,50.583],[-127.751,50.607],[-127.731,50.536],[-127.865,50.499],[-128.058,50.498],[-128.136,50.521],[-128.267,50.609],[-128.35,50.697],[-128.346,50.744],[-128.242,50.828],[-128.101,50.858],[-127.918,50.861],[-127.713,50.821],[-127.197,50.64],[-126.701,50.516]]],[[[-125.195,50.044],[-125.358,50.312],[-125.301,50.414],[-125.196,50.39],[-125.139,50.34],[-125.074,50.221],[-125.184,50.097],[-125.195,50.044]]],[[[-125.002,50.021],[-125.026,50.134],[-124.991,50.217],[-124.938,50.166],[-124.907,50.084],[-125.002,50.021]]],[[[-126.743,49.613],[-126.939,49.718],[-126.951,49.736],[-126.897,49.783],[-126.926,49.838],[-126.826,49.872],[-126.738,49.844],[-126.65,49.746],[-126.628,49.675],[-126.641,49.606],[-126.743,49.613]]],[[[-124.14,49.51],[-124.362,49.588],[-124.65,49.758],[-124.623,49.775],[-124.547,49.765],[-124.421,49.728],[-124.309,49.667],[-124.14,49.51]]],[[[-126.064,49.264],[-126.23,49.296],[-126.209,49.38],[-126.092,49.354],[-126.064,49.264]]],[[[-123.541,48.946],[-123.689,49.095],[-123.378,48.908],[-123.372,48.886],[-123.541,48.946]]],[[[-123.477,48.729],[-123.518,48.75],[-123.582,48.926],[-123.468,48.867],[-123.488,48.846],[-123.407,48.756],[-123.477,48.729]]]]}},{"type":"Feature","properties":{"name":"Manitoba","admin":"Canada","iso_a2":"CA","postal":"MB"},"geometry":{"type":"Polygon","coordinates":[[[-91.378,55.317],[-92.6,54.481],[-93.62,53.748],[-95.154,52.822],[-95.162,48.992],[-101.367,48.993],[-102.001,55.818],[-102.002,60.001],[-94.772,60.002],[-94.788,59.268],[-94.82,59.151],[-94.87,59.088],[-94.957,59.069],[-94.776,59.021],[-94.673,58.87],[-94.579,58.868],[-94.419,58.746],[-94.287,58.716],[-94.332,58.297],[-94.272,58.378],[-94.209,58.626],[-94.123,58.737],[-94.056,58.76],[-93.78,58.773],[-93.486,58.744],[-93.278,58.756],[-93.179,58.726],[-93.1,58.49],[-92.842,58.076],[-92.702,57.778],[-92.49,57.469],[-92.433,57.32],[-92.478,57.205],[-92.614,57.039],[-92.798,56.922],[-92.456,57.037],[-92.303,57.046],[-92.298,57.023],[-92.372,56.975],[-92.356,56.971],[-92.018,57.064],[-91.111,57.241],[-90.897,57.257],[-90.592,57.224],[-90.075,57.052],[-89.791,56.981],[-88.948,56.851],[-91.378,55.317]]]}},{"type":"Feature","properties":{"name":"New Brunswick","admin":"Canada","iso_a2":"CA","postal":"NB"},"geometry":{"type":"MultiPolygon","coordinates":[[[[-64.051,45.978],[-64.16,45.965],[-64.273,45.85],[-64.482,45.806],[-64.633,45.947],[-64.642,45.913],[-64.594,45.814],[-64.779,45.638],[-64.898,45.626],[-65.057,45.544],[-65.282,45.473],[-65.545,45.337],[-65.884,45.223],[-65.956,45.222],[-66.11,45.317],[-66.027,45.418],[-66.183,45.335],[-66.107,45.257],[-66.144,45.228],[-66.44,45.096],[-66.511,45.143],[-66.707,45.083],[-66.872,45.067],[-66.908,45.098],[-66.919,45.146],[-66.977,45.157],[-67.084,45.144],[-67.25,45.201],[-67.315,45.154],[-67.367,45.174],[-67.473,45.276],[-67.428,45.378],[-67.494,45.474],[-67.488,45.501],[-67.424,45.53],[-67.433,45.603],[-67.596,45.621],[-67.802,45.728],[-67.767,45.927],[-67.785,45.953],[-67.807,47.083],[-68.235,47.346],[-68.358,47.345],[-68.377,47.316],[-68.829,47.203],[-69.003,47.236],[-69.054,47.295],[-68.628,47.421],[-68.43,47.528],[-68.379,47.589],[-68.378,47.929],[-68.114,47.929],[-68.114,47.999],[-67.613,47.999],[-67.579,47.94],[-67.365,47.855],[-67.307,47.887],[-67.058,47.919],[-66.952,47.899],[-66.925,47.964],[-66.843,47.998],[-66.704,48.022],[-66.632,48.011],[-66.429,48.067],[-66.36,48.061],[-66.21,47.989],[-65.849,47.911],[-65.756,47.86],[-65.666,47.696],[-65.607,47.67],[-65.484,47.687],[-65.228,47.811],[-65.002,47.847],[-65.046,47.793],[-64.874,47.797],[-64.703,47.725],[-64.852,47.57],[-64.912,47.369],[-65.086,47.234],[-65.319,47.101],[-65.192,47.05],[-65.042,47.089],[-64.831,47.061],[-64.906,46.888],[-64.817,46.699],[-64.726,46.671],[-64.69,46.512],[-64.641,46.426],[-64.648,46.356],[-64.557,46.311],[-64.542,46.24],[-64.212,46.22],[-63.916,46.166],[-63.832,46.107],[-64.056,46.021],[-64.031,46.013],[-64.051,45.978]]],[[[-64.591,47.907],[-64.52,48.005],[-64.481,48.007],[-64.476,47.959],[-64.591,47.907]]],[[[-64.534,47.814],[-64.621,47.752],[-64.685,47.754],[-64.66,47.794],[-64.663,47.863],[-64.509,47.887],[-64.534,47.814]]],[[[-66.897,44.629],[-66.845,44.764],[-66.802,44.805],[-66.745,44.791],[-66.762,44.682],[-66.897,44.629]]]]}},{"type":"Feature","properties":{"name":"Newfoundland and Labrador","admin":"Canada","iso_a2":"CA","postal":"NL"},"geometry":{"type":"MultiPolygon","coordinates":[[[[-57.101,52.001],[-63.757,52.011],[-63.783,52.02],[-63.786,52.051],[-63.664,52.06],[-63.766,52.298],[-63.935,52.381],[-63.951,52.429],[-64.062,52.458],[-64.059,52.485],[-63.899,52.589],[-63.523,52.649],[-63.41,52.689],[-63.55,52.774],[-63.567,52.826],[-63.555,52.964],[-63.672,53.101],[-63.723,53.109],[-63.905,53.077],[-63.973,52.895],[-64.139,52.854],[-64.178,52.815],[-64.183,52.554],[-64.103,52.378],[-64.131,52.187],[-64.271,52.083],[-64.335,51.842],[-64.289,51.769],[-64.291,51.729],[-64.506,51.609],[-64.598,51.6],[-64.702,51.745],[-64.639,51.791],[-64.627,51.825],[-64.765,51.905],[-64.932,52.055],[-65.137,52.155],[-65.452,52.203],[-65.589,52.073],[-65.781,52.104],[-65.827,52.052],[-65.883,52.054],[-66.036,52.109],[-66.097,52.21],[-66.28,52.301],[-66.345,52.155],[-66.407,52.184],[-66.462,52.295],[-66.463,52.341],[-66.394,52.418],[-66.426,52.661],[-66.3,52.897],[-66.428,53.011],[-66.468,53.019],[-66.521,52.958],[-66.615,52.932],[-66.688,52.727],[-66.815,52.687],[-66.951,52.698],[-67.068,52.755],[-67.054,52.92],[-66.97,53.073],[-66.944,53.355],[-67.076,53.417],[-67.165,53.543],[-67.474,53.613],[-67.456,53.73],[-67.471,53.796],[-67.757,54.034],[-67.761,54.061],[-67.681,54.141],[-67.511,54.236],[-67.515,54.282],[-67.61,54.452],[-67.601,54.553],[-67.537,54.573],[-67.286,54.519],[-67.236,54.586],[-67.15,54.617],[-67.147,54.653],[-67.199,54.682],[-67.416,54.984],[-67.437,55.036],[-67.408,55.072],[-67.302,55.064],[-67.167,54.937],[-66.867,54.781],[-66.724,54.748],[-66.651,54.799],[-66.71,54.948],[-66.693,54.998],[-66.747,55.129],[-66.725,55.213],[-66.797,55.294],[-66.774,55.328],[-66.618,55.256],[-66.157,54.968],[-65.884,54.907],[-65.797,54.805],[-65.676,54.745],[-65.122,54.719],[-64.341,54.726],[-63.91,54.634],[-63.699,54.615],[-63.57,54.776],[-63.476,54.962],[-63.551,55.086],[-63.534,55.14],[-63.429,55.21],[-63.112,55.34],[-63.151,55.404],[-63.154,55.514],[-63.305,55.542],[-63.415,55.596],[-63.701,55.861],[-63.698,55.923],[-63.558,55.992],[-63.578,56.026],[-64.004,56.097],[-63.992,56.145],[-63.899,56.212],[-64.121,56.299],[-64.136,56.395],[-63.955,56.439],[-63.926,56.475],[-64.116,56.707],[-63.903,56.889],[-63.876,57.023],[-63.792,57.13],[-63.758,57.228],[-63.8,57.319],[-63.742,57.396],[-63.759,57.553],[-63.615,57.669],[-63.601,57.723],[-63.716,57.696],[-63.793,57.706],[-63.842,57.713],[-63.961,57.802],[-64.045,57.785],[-64.227,58.018],[-64.4,58.121],[-64.371,58.169],[-64.098,58.359],[-63.848,58.46],[-63.841,58.505],[-63.882,58.555],[-64.062,58.555],[-64.086,58.599],[-64.071,58.642],[-63.961,58.684],[-63.497,58.753],[-63.592,58.83],[-63.727,58.862],[-64.192,58.769],[-64.236,58.786],[-64.294,58.866],[-64.848,58.949],[-64.833,59.02],[-64.77,59.049],[-64.394,58.998],[-64.324,59.02],[-64.332,59.044],[-64.478,59.116],[-64.519,59.226],[-64.503,59.399],[-64.379,59.475],[-64.385,59.515],[-64.445,59.528],[-64.715,59.466],[-64.776,59.488],[-64.818,59.54],[-64.791,59.816],[-64.762,59.864],[-64.661,59.922],[-64.834,59.986],[-64.887,60.035],[-64.65,60.11],[-64.622,60.141],[-64.789,60.196],[-64.847,60.251],[-64.614,60.306],[-64.436,60.228],[-64.42,60.171],[-64.528,60.095],[-64.768,60.012],[-64.733,59.998],[-64.559,60.043],[-64.284,60.064],[-64.183,59.973],[-64.169,59.847],[-64.226,59.741],[-64.056,59.823],[-63.979,59.754],[-63.97,59.698],[-63.929,59.645],[-63.75,59.513],[-63.85,59.448],[-63.971,59.409],[-63.945,59.38],[-63.781,59.349],[-63.759,59.319],[-63.776,59.277],[-63.638,59.341],[-63.54,59.333],[-63.415,59.194],[-63.506,59.115],[-63.756,59.063],[-63.971,59.054],[-63.941,59.027],[-63.568,59.047],[-63.399,59.08],[-63.248,59.068],[-63.222,59.057],[-63.31,59.026],[-63.216,58.928],[-63.282,58.867],[-63.05,58.878],[-62.926,58.765],[-62.874,58.672],[-63.102,58.546],[-63.39,58.453],[-63.537,58.33],[-63.474,58.331],[-63.296,58.441],[-63.21,58.467],[-63.12,58.442],[-63.132,58.411],[-62.837,58.479],[-62.608,58.496],[-62.594,58.474],[-62.674,58.319],[-62.812,58.2],[-63.063,58.127],[-63.262,58.015],[-63.22,58.002],[-62.818,58.129],[-62.486,58.154],[-62.306,57.972],[-62.117,57.964],[-61.959,57.912],[-61.899,57.861],[-61.914,57.825],[-61.995,57.769],[-61.931,57.669],[-61.968,57.612],[-62.339,57.485],[-62.496,57.489],[-62.396,57.448],[-62.088,57.453],[-61.921,57.421],[-61.85,57.37],[-61.977,57.248],[-61.861,57.198],[-61.629,57.183],[-61.334,57.011],[-61.346,56.922],[-61.39,56.853],[-61.372,56.681],[-61.532,56.655],[-62.062,56.699],[-62.366,56.767],[-62.382,56.788],[-62.296,56.833],[-62.497,56.802],[-62.396,56.73],[-62.116,56.667],[-61.992,56.591],[-61.855,56.584],[-61.738,56.526],[-61.899,56.505],[-62.01,56.454],[-61.94,56.424],[-61.515,56.39],[-61.425,56.361],[-61.707,56.289],[-61.713,56.231],[-61.559,56.208],[-61.365,56.216],[-61.301,56.047],[-61.449,56.022],[-61.45,55.996],[-61.188,55.955],[-61.134,55.93],[-61.089,55.866],[-60.996,55.862],[-60.832,55.958],[-60.743,55.941],[-60.737,55.887],[-60.593,55.815],[-60.562,55.727],[-60.476,55.805],[-60.341,55.785],[-60.408,55.65],[-60.192,55.481],[-60.361,55.366],[-60.45,55.2],[-60.617,55.06],[-60.557,55.067],[-60.341,55.194],[-60.213,55.236],[-59.93,55.259],[-59.759,55.31],[-59.695,55.269],[-59.689,55.196],[-59.605,55.173],[-59.518,55.197],[-59.438,55.176],[-59.742,54.943],[-59.838,54.814],[-59.75,54.887],[-59.429,55.056],[-59.26,55.2],[-59.086,55.183],[-58.997,55.149],[-58.886,54.952],[-58.78,54.838],[-58.398,54.774],[-58.223,54.813],[-58.195,54.866],[-57.962,54.876],[-57.929,54.773],[-57.827,54.719],[-57.627,54.65],[-57.483,54.64],[-57.405,54.591],[-57.563,54.44],[-57.699,54.387],[-58.151,54.35],[-58.162,54.32],[-58.22,54.286],[-58.435,54.228],[-58.633,54.05],[-58.92,54.033],[-59.039,53.964],[-59.497,53.834],[-59.823,53.834],[-60.057,53.733],[-60.101,53.634],[-60.145,53.596],[-60.395,53.653],[-60.37,53.607],[-60.1,53.487],[-60.29,53.391],[-60.306,53.36],[-60.251,53.344],[-60.346,53.289],[-60.329,53.266],[-60.148,53.307],[-59.829,53.505],[-59.621,53.537],[-59.322,53.644],[-58.92,53.875],[-58.652,53.978],[-58.327,54.052],[-57.928,54.104],[-58.177,54.131],[-58.317,54.114],[-58.361,54.154],[-58.31,54.202],[-58.192,54.228],[-57.416,54.163],[-57.199,53.924],[-57.135,53.792],[-57.157,53.757],[-57.244,53.715],[-57.524,53.611],[-57.386,53.561],[-57.332,53.469],[-57.012,53.673],[-56.841,53.739],[-56.524,53.766],[-56.465,53.765],[-56.354,53.624],[-56.11,53.588],[-55.966,53.471],[-55.859,53.344],[-55.855,53.286],[-55.798,53.212],[-55.808,53.135],[-55.892,53.0],[-55.83,52.878],[-55.873,52.736],[-55.803,52.643],[-56.167,52.575],[-56.292,52.574],[-56.325,52.545],[-56.053,52.537],[-55.746,52.475],[-55.706,52.428],[-55.716,52.391],[-55.777,52.364],[-56.012,52.394],[-56.005,52.37],[-55.691,52.242],[-55.673,52.19],[-55.695,52.138],[-56.018,51.929],[-56.283,51.797],[-56.976,51.458],[-57.1,51.443],[-57.101,52.001]]],[[[-61.66,57.525],[-61.637,57.416],[-61.795,57.422],[-61.975,57.495],[-62.011,57.548],[-61.848,57.579],[-61.66,57.525]]],[[[-60.983,56.015],[-61.137,56.033],[-61.196,56.064],[-61.158,56.118],[-61.087,56.141],[-60.966,56.099],[-60.955,56.08],[-60.994,56.039],[-60.983,56.015]]],[[[-55.42,51.9],[-55.4,51.938],[-55.346,51.983],[-55.274,51.995],[-55.294,51.93],[-55.361,51.89],[-55.42,51.9]]],[[[-55.583,51.389],[-56.031,51.328],[-56.044,51.262],[-56.0,51.199],[-55.841,51.205],[-55.795,51.166],[-55.8,51.033],[-55.871,50.907],[-56.107,50.759],[-56.136,50.651],[-56.196,50.585],[-56.382,50.417],[-56.454,50.38],[-56.484,50.271],[-56.732,50.008],[-56.754,49.883],[-56.849,49.765],[-56.809,49.71],[-56.822,49.613],[-56.501,49.87],[-56.376,49.934],[-56.247,50.09],[-56.179,50.115],[-56.122,50.063],[-56.161,49.94],[-55.927,50.018],[-55.765,49.96],[-55.53,49.997],[-55.503,49.983],[-55.584,49.892],[-56.04,49.705],[-56.14,49.619],[-55.978,49.678],[-55.87,49.67],[-55.892,49.58],[-56.087,49.452],[-55.815,49.515],[-55.678,49.435],[-55.376,49.49],[-55.344,49.373],[-55.28,49.413],[-55.283,49.514],[-55.23,49.508],[-55.2,49.409],[-55.259,49.267],[-55.343,49.168],[-55.332,49.126],[-55.353,49.079],[-55.252,49.121],[-55.245,49.2],[-55.176,49.244],[-55.026,49.305],[-55.016,49.26],[-54.983,49.268],[-54.718,49.389],[-54.502,49.527],[-54.469,49.53],[-54.481,49.469],[-54.448,49.329],[-54.389,49.392],[-54.317,49.424],[-53.958,49.442],[-53.862,49.426],[-53.619,49.322],[-53.57,49.264],[-53.573,49.141],[-53.758,49.035],[-53.845,48.925],[-53.903,48.889],[-54.161,48.788],[-53.853,48.811],[-53.887,48.768],[-53.962,48.739],[-53.966,48.707],[-53.698,48.68],[-53.706,48.656],[-53.795,48.526],[-54.114,48.394],[-53.799,48.449],[-53.739,48.496],[-53.644,48.511],[-53.552,48.482],[-53.411,48.562],[-53.22,48.578],[-53.057,48.659],[-53.028,48.635],[-53.037,48.516],[-53.136,48.402],[-53.225,48.364],[-53.334,48.356],[-53.406,48.294],[-53.61,48.208],[-53.56,48.174],[-53.542,48.108],[-53.569,48.088],[-53.87,48.02],[-53.638,48.015],[-53.695,47.921],[-53.864,47.787],[-53.765,47.65],[-53.672,47.648],[-53.604,47.662],[-53.504,47.744],[-53.283,47.998],[-52.921,48.147],[-52.866,48.113],[-52.998,47.976],[-53.154,47.735],[-53.176,47.653],[-53.17,47.512],[-53.122,47.455],[-52.945,47.553],[-52.873,47.619],[-52.782,47.769],[-52.711,47.745],[-52.654,47.549],[-52.684,47.426],[-52.912,47.103],[-52.889,46.974],[-52.962,46.819],[-53.07,46.681],[-53.167,46.647],[-53.323,46.718],[-53.382,46.711],[-53.536,46.633],[-53.59,46.639],[-53.616,46.68],[-53.581,46.957],[-53.612,47.01],[-53.58,47.099],[-53.597,47.146],[-53.636,47.138],[-53.86,46.939],[-54.01,46.84],[-54.102,46.825],[-54.174,46.88],[-54.093,47.086],[-53.85,47.44],[-53.901,47.509],[-53.989,47.756],[-54.047,47.806],[-54.192,47.86],[-54.218,47.847],[-54.234,47.772],[-54.405,47.556],[-54.435,47.462],[-54.488,47.404],[-54.563,47.375],[-54.474,47.547],[-54.651,47.408],[-54.857,47.385],[-55.09,47.174],[-55.099,47.104],[-55.14,47.046],[-55.316,46.906],[-55.531,46.914],[-55.789,46.867],[-55.95,46.928],[-55.955,46.973],[-55.919,47.017],[-55.838,47.072],[-55.492,47.161],[-55.361,47.259],[-55.191,47.449],[-54.87,47.571],[-54.785,47.665],[-54.946,47.621],[-55.075,47.658],[-55.366,47.661],[-55.391,47.643],[-55.435,47.501],[-55.576,47.465],[-55.862,47.53],[-56.127,47.503],[-55.867,47.592],[-55.858,47.819],[-56.02,47.764],[-56.121,47.789],[-56.221,47.671],[-56.263,47.658],[-56.722,47.592],[-56.774,47.565],[-57.473,47.631],[-57.66,47.625],[-57.926,47.675],[-58.333,47.677],[-58.337,47.731],[-58.613,47.626],[-58.941,47.58],[-59.117,47.571],[-59.26,47.634],[-59.362,47.866],[-59.341,47.934],[-59.272,47.996],[-58.961,48.159],[-58.605,48.411],[-58.33,48.522],[-58.492,48.513],[-58.723,48.541],[-59.167,48.522],[-59.168,48.558],[-58.842,48.746],[-58.819,48.747],[-58.906,48.65],[-58.843,48.605],[-58.716,48.598],[-58.494,49.003],[-58.404,49.084],[-58.359,49.097],[-58.186,49.062],[-58.05,48.988],[-57.991,48.988],[-58.041,49.01],[-58.099,49.077],[-58.049,49.18],[-57.98,49.23],[-58.097,49.23],[-58.191,49.259],[-58.219,49.305],[-58.213,49.387],[-58.107,49.5],[-58.016,49.543],[-57.856,49.474],[-57.791,49.49],[-57.897,49.6],[-57.926,49.701],[-57.433,50.506],[-57.331,50.605],[-57.18,50.615],[-57.264,50.649],[-57.298,50.699],[-57.132,50.787],[-57.053,50.857],[-57.006,50.94],[-57.036,51.011],[-56.825,51.126],[-56.75,51.275],[-56.682,51.333],[-56.026,51.568],[-55.902,51.564],[-55.866,51.508],[-55.69,51.471],[-55.66,51.511],[-55.701,51.559],[-55.666,51.579],[-55.522,51.596],[-55.453,51.562],[-55.583,51.389]]],[[[-55.601,50.709],[-55.634,50.74],[-55.605,50.781],[-55.469,50.796],[-55.536,50.72],[-55.601,50.709]]],[[[-53.981,49.662],[-54.286,49.595],[-54.278,49.711],[-54.199,49.689],[-54.138,49.751],[-54.094,49.744],[-53.981,49.662]]],[[[-54.786,49.496],[-54.864,49.576],[-54.855,49.597],[-54.813,49.599],[-54.733,49.562],[-54.559,49.631],[-54.538,49.62],[-54.554,49.589],[-54.786,49.496]]],[[[-54.276,47.407],[-54.326,47.408],[-54.215,47.585],[-54.128,47.647],[-54.227,47.441],[-54.276,47.407]]]]}},{"type":"Feature","properties":{"name":"Nova Scotia","admin":"Canada","iso_a2":"CA","postal":"NS"},"geometry":{"type":"MultiPolygon","coordinates":[[[[-64.273,45.85],[-64.16,45.965],[-64.051,45.978],[-64.031,46.013],[-63.875,45.959],[-63.703,45.858],[-63.509,45.875],[-63.358,45.811],[-63.293,45.752],[-63.108,45.782],[-62.911,45.776],[-62.701,45.741],[-62.75,45.648],[-62.586,45.661],[-62.483,45.622],[-61.956,45.868],[-61.924,45.851],[-61.877,45.714],[-61.777,45.656],[-61.657,45.642],[-61.492,45.687],[-61.351,45.574],[-61.277,45.476],[-61.282,45.441],[-61.461,45.367],[-61.107,45.349],[-61.032,45.292],[-61.101,45.233],[-61.165,45.256],[-61.284,45.235],[-61.387,45.185],[-61.647,45.131],[-62.514,44.844],[-63.032,44.715],[-63.156,44.711],[-63.306,44.643],[-63.457,44.64],[-63.604,44.683],[-63.545,44.544],[-63.61,44.48],[-63.761,44.486],[-63.821,44.511],[-64.0,44.645],[-64.045,44.588],[-64.045,44.545],[-64.101,44.487],[-64.167,44.587],[-64.286,44.55],[-64.339,44.445],[-64.276,44.334],[-64.335,44.292],[-64.378,44.304],[-64.469,44.185],[-64.578,44.142],[-64.692,44.021],[-64.826,43.929],[-64.862,43.868],[-65.087,43.727],[-65.235,43.727],[-65.33,43.668],[-65.344,43.55],[-65.429,43.561],[-65.482,43.518],[-65.564,43.553],[-65.662,43.534],[-65.738,43.561],[-65.887,43.795],[-65.978,43.815],[-66.038,43.742],[-66.126,43.814],[-66.193,44.144],[-66.1,44.367],[-65.868,44.569],[-65.942,44.576],[-66.146,44.436],[-66.022,44.562],[-65.917,44.615],[-65.616,44.68],[-65.502,44.76],[-65.728,44.697],[-65.657,44.76],[-64.903,45.121],[-64.449,45.256],[-64.407,45.306],[-64.448,45.337],[-64.331,45.309],[-64.359,45.238],[-64.354,45.138],[-64.235,45.114],[-64.136,45.023],[-64.183,45.147],[-64.093,45.217],[-63.748,45.311],[-63.46,45.321],[-63.368,45.365],[-63.614,45.394],[-63.906,45.378],[-64.087,45.411],[-64.336,45.39],[-64.6,45.41],[-64.681,45.383],[-64.747,45.324],[-64.913,45.375],[-64.827,45.476],[-64.56,45.625],[-64.351,45.783],[-64.315,45.836],[-64.273,45.85]]],[[[-60.865,45.983],[-60.868,45.949],[-61.038,45.882],[-60.971,45.856],[-60.972,45.838],[-61.092,45.748],[-61.059,45.703],[-60.93,45.748],[-60.738,45.751],[-60.461,45.969],[-60.705,45.933],[-60.733,45.957],[-60.573,46.061],[-60.586,46.117],[-60.505,46.204],[-60.298,46.311],[-60.244,46.27],[-60.226,46.196],[-60.092,46.206],[-59.865,46.16],[-59.849,46.113],[-59.934,46.019],[-59.828,45.965],[-59.842,45.942],[-60.016,45.88],[-60.205,45.743],[-60.386,45.655],[-60.673,45.591],[-60.872,45.611],[-61.284,45.574],[-61.45,45.716],[-61.495,45.941],[-61.481,46.06],[-61.409,46.17],[-61.241,46.303],[-60.87,46.797],[-60.617,46.976],[-60.489,47.01],[-60.408,47.004],[-60.425,46.923],[-60.332,46.768],[-60.482,46.414],[-60.508,46.303],[-60.495,46.27],[-60.577,46.172],[-60.912,46.045],[-61.105,45.945],[-60.865,45.983]]],[[[-61.003,45.482],[-61.082,45.558],[-61.026,45.577],[-60.912,45.567],[-60.962,45.49],[-61.003,45.482]]],[[[-66.324,44.257],[-66.25,44.379],[-66.21,44.392],[-66.274,44.292],[-66.324,44.257]]],[[[-59.922,43.904],[-60.038,43.907],[-60.117,43.953],[-59.866,43.947],[-59.727,44.003],[-59.788,43.94],[-59.922,43.904]]]]}},{"type":"Feature","properties":{"name":"Northwest Territories","admin":"Canada","iso_a2":"CA","postal":"NT"},"geometry":{"type":"MultiPolygon","coordinates":[[[[-123.819,60.001],[-123.879,60.04],[-124.011,60.046],[-123.997,60.127],[-124.185,60.321],[-124.225,60.453],[-124.403,60.494],[-124.599,60.662],[-124.611,60.701],[-124.505,60.788],[-124.583,60.953],[-124.807,60.961],[-124.86,60.924],[-124.88,60.86],[-125.152,60.844],[-125.322,60.792],[-125.707,60.84],[-125.899,60.89],[-125.957,60.865],[-126.003,60.809],[-126.162,60.866],[-126.223,60.856],[-126.235,60.809],[-126.297,60.785],[-126.52,60.8],[-126.665,60.762],[-126.859,60.769],[-126.912,60.86],[-126.909,60.95],[-126.944,61.052],[-127.093,61.071],[-127.027,61.126],[-127.021,61.237],[-127.073,61.37],[-127.167,61.465],[-127.299,61.512],[-127.609,61.533],[-127.807,61.619],[-127.994,61.711],[-128.047,61.813],[-128.206,61.865],[-128.4,62.034],[-128.561,62.117],[-128.679,62.112],[-128.814,62.064],[-128.907,62.119],[-129.136,62.126],[-129.255,62.153],[-129.269,62.166],[-129.233,62.22],[-129.293,62.294],[-129.239,62.373],[-129.296,62.425],[-129.189,62.49],[-129.49,62.599],[-129.525,62.674],[-129.62,62.712],[-129.719,62.832],[-129.714,62.931],[-129.612,63.059],[-129.827,63.092],[-129.906,63.187],[-130.134,63.276],[-130.14,63.293],[-130.102,63.319],[-129.905,63.406],[-129.845,63.486],[-129.888,63.555],[-129.976,63.616],[-130.063,63.636],[-130.111,63.695],[-130.244,63.678],[-130.303,63.704],[-130.26,63.737],[-130.121,63.773],[-130.118,63.793],[-130.283,63.823],[-130.758,63.993],[-130.93,64.125],[-130.913,64.193],[-131.012,64.273],[-131.022,64.324],[-131.107,64.401],[-131.359,64.458],[-131.586,64.38],[-131.797,64.388],[-131.803,64.407],[-131.716,64.515],[-131.729,64.534],[-131.893,64.577],[-132.106,64.702],[-132.321,64.763],[-132.588,64.794],[-132.601,64.826],[-132.505,64.884],[-132.497,64.957],[-132.353,65.057],[-132.516,65.094],[-132.538,65.109],[-132.54,65.17],[-132.579,65.185],[-132.708,65.167],[-132.752,65.173],[-132.773,65.203],[-132.762,65.225],[-132.597,65.28],[-132.542,65.341],[-132.346,65.443],[-132.195,65.598],[-132.196,65.628],[-132.295,65.716],[-132.555,65.857],[-132.539,65.886],[-132.341,65.955],[-132.343,65.979],[-132.483,65.989],[-132.614,66.029],[-132.714,65.998],[-132.821,65.928],[-132.903,65.914],[-132.968,65.934],[-132.916,66.002],[-132.938,66.029],[-133.229,66.006],[-133.412,65.956],[-133.622,65.975],[-133.677,66.096],[-133.569,66.177],[-133.583,66.285],[-133.79,66.304],[-133.8,66.326],[-133.739,66.44],[-133.654,66.453],[-133.635,66.566],[-133.764,66.651],[-133.806,66.733],[-133.783,66.785],[-133.794,66.819],[-134.031,66.944],[-134.056,67.004],[-136.126,67.005],[-136.195,67.036],[-136.223,67.088],[-136.218,67.181],[-136.15,67.226],[-136.105,67.304],[-136.178,67.423],[-136.169,67.514],[-136.233,67.6],[-136.401,67.666],[-136.445,67.747],[-136.444,68.895],[-136.122,68.882],[-135.362,68.696],[-135.231,68.694],[-135.435,68.842],[-135.895,68.927],[-135.939,68.974],[-135.925,68.993],[-135.59,69.008],[-135.576,69.027],[-135.743,69.049],[-135.91,69.111],[-135.691,69.311],[-135.615,69.291],[-135.5,69.337],[-135.293,69.308],[-135.255,69.324],[-135.23,69.425],[-135.141,69.468],[-134.457,69.478],[-134.495,69.572],[-134.451,69.665],[-134.409,69.682],[-134.242,69.669],[-134.077,69.558],[-133.88,69.508],[-134.174,69.253],[-133.694,69.368],[-133.163,69.434],[-133.028,69.508],[-132.915,69.63],[-132.84,69.651],[-132.404,69.659],[-132.479,69.693],[-132.568,69.698],[-132.488,69.738],[-132.334,69.752],[-132.232,69.708],[-132.163,69.705],[-131.934,69.753],[-131.441,69.918],[-131.136,69.907],[-130.926,70.052],[-130.665,70.127],[-130.498,70.143],[-130.175,70.086],[-129.945,70.091],[-129.73,70.192],[-129.676,70.193],[-129.538,70.105],[-129.538,70.074],[-129.648,69.998],[-130.459,69.78],[-130.832,69.651],[-131.938,69.535],[-131.989,69.518],[-132.129,69.402],[-132.331,69.308],[-132.687,69.26],[-132.817,69.206],[-133.089,69.029],[-133.379,68.887],[-133.418,68.844],[-133.348,68.77],[-133.197,68.74],[-133.138,68.747],[-133.337,68.835],[-132.706,68.815],[-132.533,68.876],[-132.704,68.896],[-132.739,68.922],[-132.77,69.012],[-132.719,69.079],[-131.92,69.291],[-131.787,69.371],[-131.781,69.389],[-131.82,69.402],[-131.788,69.432],[-131.563,69.461],[-131.343,69.435],[-131.303,69.415],[-131.325,69.361],[-131.162,69.455],[-131.063,69.451],[-131.013,69.429],[-130.986,69.363],[-130.971,69.209],[-130.875,69.32],[-130.516,69.57],[-130.354,69.656],[-130.118,69.72],[-129.572,69.827],[-129.109,69.882],[-128.899,69.966],[-128.884,69.963],[-128.939,69.875],[-129.138,69.833],[-129.158,69.8],[-129.102,69.717],[-129.054,69.701],[-128.853,69.751],[-128.387,69.96],[-128.279,70.108],[-127.765,70.222],[-127.684,70.26],[-127.974,70.293],[-128.044,70.329],[-127.989,70.363],[-128.17,70.418],[-128.168,70.48],[-128.127,70.524],[-127.991,70.574],[-127.753,70.517],[-127.226,70.296],[-126.927,70.062],[-126.685,69.777],[-126.25,69.545],[-125.907,69.419],[-125.525,69.352],[-125.387,69.349],[-125.172,69.428],[-125.167,69.48],[-125.357,69.626],[-125.346,69.662],[-125.219,69.732],[-125.201,69.829],[-125.08,69.818],[-124.768,69.99],[-124.99,70.027],[-124.745,70.08],[-124.706,70.117],[-124.555,70.151],[-124.444,70.111],[-124.472,69.919],[-124.407,69.767],[-124.349,69.735],[-124.125,69.69],[-124.138,69.653],[-124.481,69.425],[-124.426,69.379],[-124.338,69.365],[-123.528,69.389],[-123.361,69.497],[-123.214,69.541],[-123.144,69.632],[-123.11,69.738],[-123.026,69.81],[-122.07,69.816],[-121.531,69.776],[-120.962,69.66],[-120.682,69.567],[-120.678,68.003],[-112.504,65.502],[-110.669,65.497],[-109.516,64.903],[-109.215,64.813],[-108.973,64.779],[-101.999,64.228],[-102.002,60.001],[-123.819,60.001]]],[[[-110.004,78.322],[-110.418,78.295],[-110.755,78.311],[-111.169,78.386],[-111.518,78.275],[-111.76,78.283],[-112.131,78.366],[-113.173,78.284],[-113.293,78.334],[-113.15,78.408],[-112.856,78.467],[-112.214,78.548],[-111.709,78.575],[-110.878,78.735],[-110.408,78.757],[-110.004,78.687],[-110.004,78.322]]],[[[-110.004,77.929],[-110.866,77.834],[-110.719,77.781],[-110.292,77.786],[-110.153,77.763],[-110.118,77.716],[-110.117,77.625],[-110.139,77.572],[-110.198,77.525],[-110.894,77.426],[-111.226,77.429],[-111.952,77.344],[-112.373,77.364],[-112.644,77.444],[-112.926,77.475],[-113.164,77.53],[-113.209,77.58],[-113.121,77.633],[-113.283,77.813],[-113.269,77.86],[-113.187,77.912],[-112.305,78.007],[-111.207,78.088],[-110.004,78.09],[-110.004,77.929]]],[[[-114.287,77.721],[-114.608,77.769],[-114.98,77.915],[-115.029,77.968],[-114.33,78.078],[-114.297,78.063],[-114.28,78.004],[-113.768,77.904],[-113.618,77.832],[-113.619,77.813],[-113.832,77.755],[-114.287,77.721]]],[[[-115.47,77.309],[-115.624,77.266],[-116.214,77.178],[-116.329,77.137],[-116.286,77.102],[-115.81,76.939],[-115.913,76.908],[-116.253,76.901],[-116.234,76.874],[-116.016,76.785],[-115.945,76.736],[-115.946,76.711],[-116.22,76.611],[-116.999,76.532],[-117.044,76.373],[-117.154,76.298],[-117.234,76.282],[-117.492,76.273],[-117.841,76.345],[-117.993,76.406],[-118.02,76.447],[-117.965,76.574],[-117.78,76.784],[-117.881,76.805],[-118.301,76.737],[-118.409,76.662],[-118.468,76.547],[-118.791,76.513],[-118.821,76.486],[-118.8,76.464],[-118.644,76.418],[-118.625,76.366],[-118.643,76.335],[-118.851,76.258],[-118.994,76.145],[-119.168,76.126],[-119.368,76.222],[-119.524,76.34],[-119.58,76.327],[-119.649,76.28],[-119.64,76.157],[-119.74,76.118],[-119.55,76.052],[-119.526,75.997],[-119.608,75.985],[-119.735,75.915],[-119.913,75.859],[-120.409,75.826],[-120.563,76.008],[-120.637,76.034],[-120.772,76.166],[-120.848,76.183],[-120.9,76.163],[-121.019,76.02],[-121.213,75.984],[-121.428,75.981],[-121.908,76.035],[-122.4,75.944],[-122.533,75.951],[-122.64,76.009],[-122.646,76.031],[-122.546,76.081],[-122.609,76.121],[-122.593,76.162],[-122.903,76.135],[-122.774,76.228],[-122.423,76.39],[-121.561,76.453],[-121.102,76.661],[-120.485,76.793],[-120.311,76.905],[-119.09,77.305],[-118.005,77.381],[-117.419,77.317],[-117.279,77.313],[-117.149,77.361],[-116.844,77.34],[-116.704,77.38],[-117.03,77.432],[-117.04,77.465],[-116.835,77.529],[-116.511,77.548],[-116.209,77.516],[-115.551,77.363],[-115.47,77.309]]],[[[-113.712,76.711],[-114.751,76.759],[-114.835,76.795],[-114.647,76.851],[-114.42,76.875],[-113.892,76.895],[-113.517,76.825],[-113.488,76.783],[-113.561,76.743],[-113.712,76.711]]],[[[-110.003,74.851],[-110.387,74.814],[-110.543,74.78],[-110.749,74.688],[-110.941,74.639],[-111.729,74.502],[-112.519,74.417],[-113.017,74.402],[-113.514,74.43],[-114.175,74.574],[-114.377,74.671],[-114.313,74.715],[-114.132,74.766],[-113.324,74.875],[-112.836,74.976],[-111.671,75.019],[-111.258,75.128],[-111.033,75.227],[-111.093,75.256],[-111.181,75.26],[-111.621,75.168],[-112.214,75.133],[-112.597,75.212],[-112.951,75.108],[-113.712,75.069],[-113.845,75.112],[-113.886,75.211],[-113.853,75.259],[-113.759,75.322],[-113.467,75.416],[-113.879,75.375],[-114.017,75.434],[-114.075,75.392],[-114.168,75.239],[-114.514,75.276],[-114.358,75.171],[-114.356,75.141],[-114.452,75.088],[-115.02,74.976],[-115.128,75.009],[-115.28,75.102],[-115.413,75.115],[-115.537,75.081],[-115.609,75.01],[-115.729,74.968],[-116.143,75.042],[-116.476,75.172],[-117.005,75.156],[-117.502,75.204],[-117.6,75.272],[-117.513,75.357],[-117.258,75.46],[-116.077,75.493],[-115.335,75.618],[-115.142,75.679],[-115.122,75.706],[-116.426,75.585],[-117.025,75.602],[-117.138,75.617],[-117.164,75.645],[-116.973,75.746],[-116.802,75.772],[-115.838,75.841],[-115.477,75.841],[-114.992,75.896],[-116.338,75.881],[-116.654,75.929],[-116.665,75.958],[-116.55,76.017],[-116.61,76.074],[-116.591,76.096],[-116.21,76.194],[-114.779,76.173],[-115.025,76.211],[-115.797,76.253],[-115.832,76.296],[-115.826,76.33],[-115.779,76.365],[-115.581,76.438],[-114.767,76.506],[-114.535,76.502],[-114.194,76.451],[-114.116,76.396],[-114.113,76.349],[-114.059,76.301],[-113.923,76.229],[-113.823,76.207],[-113.171,76.258],[-112.698,76.202],[-111.865,75.939],[-111.868,75.911],[-112.081,75.847],[-112.057,75.834],[-111.549,75.822],[-111.276,75.612],[-111.163,75.57],[-111.053,75.549],[-110.002,75.539],[-110.003,74.851]]],[[[-110.003,76.244],[-110.247,76.306],[-110.314,76.369],[-110.309,76.397],[-110.27,76.417],[-110.003,76.48],[-110.003,76.244]]],[[[-118.614,75.515],[-118.817,75.522],[-119.306,75.585],[-119.395,75.617],[-119.227,75.699],[-118.626,75.906],[-118.137,75.994],[-117.752,76.112],[-117.513,76.099],[-117.499,76.077],[-117.626,75.966],[-118.227,75.611],[-118.614,75.515]]],[[[-121.241,75.752],[-121.221,75.777],[-121.026,75.848],[-121.018,75.884],[-121.042,75.903],[-120.993,75.927],[-120.888,75.928],[-120.921,75.814],[-121.076,75.745],[-121.241,75.752]]],[[[-119.471,74.201],[-119.206,74.198],[-119.15,74.168],[-119.118,74.016],[-118.744,74.192],[-118.544,74.245],[-117.966,74.266],[-117.515,74.232],[-116.95,74.101],[-115.958,73.748],[-115.634,73.666],[-115.456,73.585],[-115.393,73.502],[-115.447,73.439],[-115.524,73.417],[-116.483,73.253],[-118.962,72.684],[-119.132,72.609],[-119.408,72.36],[-119.513,72.303],[-119.767,72.244],[-120.18,72.213],[-120.194,72.127],[-120.366,71.888],[-120.443,71.631],[-120.52,71.557],[-120.619,71.506],[-120.93,71.446],[-121.472,71.389],[-121.622,71.448],[-121.749,71.445],[-122.157,71.266],[-122.55,71.194],[-122.84,71.097],[-123.096,71.094],[-123.315,71.169],[-123.682,71.493],[-124.008,71.677],[-125.297,71.973],[-125.767,71.961],[-125.845,71.979],[-125.768,72.054],[-125.763,72.138],[-125.584,72.183],[-125.634,72.21],[-125.647,72.237],[-125.627,72.255],[-125.512,72.308],[-125.383,72.424],[-124.987,72.588],[-125.03,72.645],[-125.015,72.776],[-124.97,72.843],[-124.565,72.944],[-124.588,73.005],[-124.736,73.023],[-124.817,73.059],[-124.836,73.076],[-124.804,73.126],[-124.594,73.243],[-124.424,73.419],[-124.114,73.527],[-124.03,73.644],[-123.797,73.768],[-123.873,73.828],[-124.088,73.857],[-124.192,73.902],[-124.575,74.248],[-124.709,74.327],[-124.696,74.348],[-121.504,74.545],[-121.315,74.53],[-120.554,74.353],[-119.944,74.254],[-119.563,74.233],[-119.715,74.154],[-119.736,74.113],[-119.471,74.201]]],[[[-110.0,70.001],[-112.5,70.001],[-112.5,69.912],[-112.65,69.834],[-112.875,69.833],[-112.881,70.001],[-117.055,70.002],[-117.075,69.889],[-116.694,69.695],[-116.65,69.65],[-116.856,69.65],[-116.993,69.719],[-117.122,69.826],[-117.195,70.054],[-117.163,70.092],[-116.554,70.175],[-114.592,70.312],[-112.638,70.225],[-112.19,70.276],[-111.784,70.273],[-111.633,70.309],[-111.726,70.352],[-112.114,70.447],[-113.146,70.616],[-113.757,70.691],[-114.331,70.675],[-114.841,70.621],[-115.991,70.586],[-116.327,70.624],[-116.993,70.604],[-117.587,70.63],[-118.264,70.888],[-118.377,70.968],[-118.269,71.035],[-117.814,71.158],[-116.422,71.338],[-115.892,71.382],[-116.045,71.423],[-116.044,71.454],[-115.98,71.469],[-115.734,71.485],[-115.472,71.466],[-115.303,71.494],[-115.587,71.546],[-116.78,71.444],[-117.337,71.435],[-117.723,71.391],[-117.936,71.392],[-118.188,71.436],[-118.226,71.467],[-118.148,71.526],[-117.878,71.561],[-117.742,71.659],[-118.583,71.649],[-118.868,71.687],[-118.988,71.764],[-118.994,71.803],[-118.984,71.913],[-118.945,71.986],[-118.59,72.167],[-118.369,72.205],[-118.214,72.263],[-118.207,72.287],[-118.246,72.311],[-118.481,72.428],[-118.375,72.534],[-118.133,72.633],[-117.256,72.914],[-116.573,73.055],[-114.638,73.373],[-114.302,73.331],[-114.206,73.298],[-114.127,73.231],[-114.052,73.071],[-114.054,72.958],[-114.109,72.861],[-114.522,72.593],[-114.342,72.591],[-113.692,72.673],[-113.578,72.652],[-113.5,72.694],[-113.491,72.822],[-113.45,72.863],[-113.208,72.981],[-113.074,72.995],[-112.754,72.986],[-112.048,72.888],[-111.27,72.714],[-111.25,72.669],[-111.355,72.572],[-111.611,72.436],[-111.895,72.356],[-111.675,72.3],[-111.311,72.455],[-111.253,72.449],[-111.287,72.401],[-111.268,72.364],[-111.14,72.365],[-110.959,72.432],[-110.782,72.534],[-110.439,72.633],[-110.205,72.661],[-110.197,72.759],[-110.554,72.861],[-110.689,72.945],[-110.661,73.008],[-110.002,72.982],[-110.0,70.001]]]]}},{"type":"Feature","properties":{"name":"Nunavut","admin":"Canada","iso_a2":"CA","postal":"NU"},"geometry":{"type":"MultiPolygon","coordinates":[[[[-102.002,60.001],[-101.999,64.228],[-108.973,64.779],[-109.215,64.813],[-109.516,64.903],[-110.669,65.497],[-112.504,65.502],[-120.678,68.003],[-120.682,69.567],[-120.14,69.381],[-118.869,69.257],[-118.095,69.043],[-117.227,68.913],[-116.425,68.881],[-116.059,68.837],[-116.252,68.958],[-116.243,68.974],[-115.936,68.958],[-115.883,68.987],[-115.806,68.987],[-115.442,68.941],[-114.994,68.85],[-114.62,68.746],[-114.218,68.552],[-114.111,68.477],[-114.092,68.435],[-113.964,68.399],[-114.021,68.306],[-114.096,68.267],[-114.275,68.248],[-114.765,68.27],[-114.852,68.195],[-115.127,68.132],[-115.187,68.084],[-115.167,68.019],[-115.427,67.924],[-115.435,67.902],[-115.133,67.819],[-114.857,67.814],[-114.267,67.731],[-113.893,67.707],[-112.503,67.682],[-112.237,67.731],[-111.576,67.757],[-111.192,67.823],[-111.155,67.798],[-110.99,67.791],[-110.372,67.954],[-110.216,67.954],[-110.074,67.993],[-109.937,67.888],[-109.831,67.866],[-109.63,67.733],[-109.224,67.73],[-109.038,67.691],[-108.994,67.637],[-108.95,67.494],[-108.852,67.422],[-108.815,67.437],[-108.715,67.583],[-108.68,67.606],[-108.613,67.598],[-108.492,67.483],[-108.347,67.403],[-107.989,67.256],[-107.909,67.163],[-107.991,67.095],[-108.221,67.051],[-108.496,67.092],[-107.761,66.684],[-107.48,66.492],[-107.259,66.399],[-107.71,66.74],[-107.74,66.814],[-107.746,66.961],[-107.626,67.003],[-107.499,66.936],[-107.451,66.927],[-107.402,66.948],[-107.157,66.882],[-107.348,67.055],[-107.283,67.103],[-107.482,67.199],[-107.567,67.273],[-107.644,67.385],[-107.65,67.511],[-107.954,67.7],[-107.972,67.732],[-107.958,67.819],[-107.763,67.907],[-107.729,67.959],[-107.798,68.037],[-107.446,68.05],[-107.125,68.108],[-106.923,68.114],[-106.791,68.145],[-106.668,68.216],[-106.424,68.201],[-106.43,68.288],[-106.404,68.319],[-106.271,68.383],[-106.132,68.39],[-105.933,68.443],[-105.781,68.527],[-105.75,68.592],[-105.932,68.637],[-106.458,68.516],[-106.543,68.461],[-106.567,68.389],[-106.608,68.357],[-106.854,68.387],[-107.146,68.304],[-107.298,68.296],[-107.619,68.331],[-107.742,68.286],[-107.678,68.203],[-107.734,68.174],[-108.323,68.154],[-108.718,68.297],[-108.641,68.379],[-108.313,68.611],[-107.436,68.689],[-106.164,68.92],[-105.686,68.828],[-105.54,68.719],[-105.457,68.578],[-105.429,68.458],[-105.377,68.414],[-105.101,68.298],[-105.044,68.288],[-104.96,68.311],[-104.912,68.251],[-104.653,68.23],[-104.636,68.214],[-104.661,68.149],[-104.487,68.063],[-104.194,68.031],[-103.902,68.041],[-103.474,68.115],[-102.842,67.853],[-102.32,67.736],[-101.884,67.745],[-101.555,67.693],[-100.856,67.799],[-100.456,67.839],[-100.213,67.839],[-99.773,67.815],[-99.032,67.719],[-98.412,67.807],[-98.468,67.856],[-98.704,67.966],[-98.72,68.042],[-98.632,68.073],[-98.415,67.988],[-97.931,67.711],[-97.607,67.631],[-97.455,67.617],[-97.194,67.697],[-97.155,67.726],[-97.14,67.796],[-97.207,67.855],[-97.547,67.961],[-97.739,67.978],[-98.111,67.903],[-98.193,67.923],[-98.5,68.118],[-98.386,68.115],[-98.381,68.132],[-98.65,68.364],[-98.469,68.382],[-98.219,68.317],[-97.794,68.388],[-97.911,68.45],[-97.939,68.51],[-97.829,68.533],[-97.64,68.482],[-97.41,68.497],[-97.336,68.479],[-97.136,68.378],[-96.977,68.255],[-96.628,68.25],[-96.431,68.311],[-96.48,68.243],[-96.725,68.061],[-96.722,68.039],[-96.531,68.063],[-96.439,68.151],[-95.97,68.249],[-96.036,68.158],[-96.199,67.718],[-96.371,67.554],[-96.369,67.51],[-96.185,67.376],[-96.169,67.289],[-96.141,67.272],[-95.72,67.317],[-95.695,67.299],[-95.778,67.185],[-95.557,67.215],[-95.416,67.156],[-95.419,67.013],[-95.502,66.98],[-95.769,66.967],[-96.02,67.019],[-96.095,66.994],[-96.216,66.998],[-96.35,67.07],[-96.423,67.052],[-96.36,66.989],[-95.885,66.741],[-95.813,66.69],[-95.788,66.617],[-95.743,66.69],[-96.016,66.87],[-96.037,66.937],[-95.972,66.952],[-95.625,66.916],[-95.4,66.949],[-95.354,66.981],[-95.321,67.152],[-95.259,67.263],[-95.296,67.361],[-95.463,67.61],[-95.634,67.704],[-95.65,67.737],[-95.461,68.021],[-95.384,68.056],[-95.126,68.083],[-94.861,68.042],[-94.744,68.071],[-94.384,68.227],[-94.098,68.399],[-93.928,68.474],[-93.449,68.619],[-93.644,68.633],[-93.676,68.686],[-93.66,68.784],[-93.681,68.887],[-93.766,68.97],[-93.852,69.0],[-93.896,68.982],[-93.992,68.821],[-94.065,68.785],[-94.478,68.743],[-94.587,68.776],[-94.6,68.803],[-94.563,68.912],[-94.084,69.123],[-94.255,69.151],[-94.285,69.242],[-94.255,69.314],[-93.619,69.417],[-93.613,69.403],[-93.82,69.253],[-93.749,69.226],[-93.431,69.375],[-93.537,69.382],[-93.532,69.481],[-93.65,69.519],[-94.015,69.447],[-94.271,69.455],[-94.419,69.517],[-94.634,69.65],[-94.713,69.649],[-94.823,69.578],[-95.292,69.667],[-95.588,69.756],[-95.965,69.803],[-96.119,69.872],[-96.492,70.125],[-96.551,70.21],[-96.546,70.327],[-96.298,70.511],[-96.123,70.561],[-95.879,70.549],[-95.98,70.593],[-95.988,70.617],[-95.886,70.694],[-96.258,70.642],[-96.359,70.679],[-96.549,70.809],[-96.551,70.89],[-96.47,71.07],[-96.525,71.127],[-96.421,71.176],[-96.447,71.24],[-96.271,71.339],[-96.062,71.414],[-95.725,71.328],[-95.564,71.337],[-95.406,71.492],[-95.773,71.514],[-95.83,71.526],[-95.872,71.573],[-95.616,71.685],[-95.512,71.777],[-95.201,71.904],[-94.735,71.983],[-94.557,71.979],[-94.491,71.916],[-94.479,71.849],[-94.308,71.765],[-93.81,71.766],[-93.746,71.743],[-93.782,71.674],[-93.763,71.638],[-93.256,71.461],[-93.031,71.336],[-92.949,71.262],[-92.883,71.069],[-92.904,70.916],[-92.981,70.852],[-92.356,70.634],[-92.214,70.493],[-92.049,70.39],[-92.037,70.367],[-92.073,70.319],[-92.047,70.303],[-91.984,70.286],[-91.82,70.342],[-91.761,70.326],[-91.564,70.178],[-91.616,70.148],[-91.859,70.133],[-92.121,70.17],[-92.321,70.235],[-92.512,70.104],[-92.446,70.083],[-92.127,70.085],[-91.977,70.039],[-92.285,69.892],[-92.888,69.668],[-92.803,69.651],[-92.493,69.683],[-92.312,69.673],[-92.231,69.653],[-92.258,69.634],[-92.209,69.603],[-91.912,69.531],[-91.724,69.546],[-91.384,69.649],[-91.202,69.645],[-91.151,69.637],[-91.44,69.526],[-91.288,69.543],[-90.667,69.516],[-90.416,69.457],[-90.684,69.428],[-90.749,69.392],[-90.822,69.291],[-90.892,69.267],[-91.005,69.277],[-91.049,69.293],[-91.025,69.315],[-91.058,69.318],[-91.237,69.286],[-90.745,69.106],[-90.587,68.947],[-90.479,68.881],[-90.468,68.864],[-90.539,68.82],[-90.51,68.689],[-90.574,68.475],[-90.317,68.33],[-90.248,68.267],[-90.174,68.27],[-90.116,68.339],[-89.898,68.491],[-89.879,68.522],[-89.884,68.626],[-89.783,68.736],[-89.72,68.932],[-89.667,69.015],[-89.28,69.255],[-89.057,69.266],[-88.815,69.136],[-88.316,68.954],[-88.041,68.812],[-87.964,68.709],[-87.866,68.478],[-87.828,68.448],[-87.81,68.404],[-87.828,68.3],[-87.893,68.248],[-87.991,68.242],[-88.111,68.251],[-88.235,68.339],[-88.347,68.288],[-88.361,68.26],[-88.32,68.166],[-88.314,67.95],[-88.196,67.766],[-87.997,67.626],[-87.499,67.355],[-87.418,67.214],[-87.359,67.177],[-87.266,67.184],[-86.924,67.356],[-86.813,67.402],[-86.682,67.422],[-86.561,67.482],[-86.476,67.713],[-86.398,67.8],[-85.953,68.072],[-85.731,68.445],[-85.723,68.515],[-85.745,68.578],[-85.734,68.63],[-85.69,68.671],[-85.491,68.774],[-85.275,68.741],[-84.868,68.773],[-84.867,68.79],[-85.107,68.844],[-85.083,68.908],[-85.008,68.949],[-84.916,68.962],[-84.862,69.074],[-85.114,69.166],[-85.275,69.172],[-85.387,69.232],[-85.432,69.354],[-85.402,69.427],[-85.437,69.488],[-85.416,69.548],[-85.502,69.652],[-85.446,69.778],[-85.535,69.835],[-85.507,69.845],[-85.02,69.805],[-84.645,69.85],[-84.319,69.844],[-83.665,69.7],[-82.618,69.691],[-82.374,69.642],[-82.39,69.601],[-82.496,69.532],[-82.755,69.494],[-82.31,69.41],[-82.208,69.297],[-82.247,69.265],[-82.228,69.249],[-81.952,69.276],[-81.732,69.258],[-81.412,69.198],[-81.322,69.139],[-81.611,69.003],[-81.952,68.909],[-81.958,68.884],[-81.381,68.85],[-81.264,68.781],[-81.259,68.692],[-81.282,68.657],[-81.527,68.556],[-81.915,68.459],[-82.21,68.506],[-82.499,68.479],[-82.549,68.469],[-82.553,68.446],[-82.413,68.357],[-82.393,68.338],[-82.423,68.297],[-82.222,68.145],[-82.151,68.14],[-82.013,68.194],[-82.102,68.019],[-82.063,67.928],[-81.869,67.802],[-81.412,67.595],[-81.294,67.497],[-81.27,67.46],[-81.301,67.357],[-81.387,67.189],[-81.468,67.07],[-81.63,67.002],[-81.926,66.975],[-82.198,66.765],[-82.642,66.588],[-82.949,66.551],[-83.298,66.392],[-83.523,66.369],[-83.59,66.388],[-83.651,66.485],[-83.998,66.729],[-84.208,66.736],[-84.366,66.811],[-84.273,66.839],[-84.538,66.973],[-84.693,67.017],[-84.846,67.029],[-85.04,66.956],[-85.111,66.891],[-85.018,66.872],[-84.857,66.941],[-84.639,66.902],[-84.319,66.712],[-84.223,66.682],[-84.094,66.526],[-83.826,66.29],[-83.798,66.238],[-83.905,66.212],[-84.324,66.291],[-84.398,66.259],[-84.478,66.179],[-85.096,66.325],[-85.442,66.537],[-85.604,66.568],[-85.792,66.533],[-86.063,66.52],[-86.708,66.523],[-86.737,66.511],[-86.689,66.457],[-86.747,66.417],[-86.685,66.36],[-86.113,66.225],[-86.001,66.187],[-85.959,66.119],[-86.043,66.023],[-86.702,65.671],[-87.081,65.441],[-87.291,65.355],[-87.453,65.339],[-87.97,65.349],[-88.672,65.612],[-88.744,65.679],[-89.088,65.739],[-89.42,65.861],[-89.749,65.936],[-89.944,65.934],[-89.848,65.872],[-89.89,65.869],[-90.117,65.882],[-90.316,65.926],[-90.513,65.921],[-91.01,65.966],[-91.412,65.959],[-91.427,65.948],[-91.285,65.894],[-91.041,65.83],[-91.065,65.9],[-90.983,65.919],[-90.597,65.885],[-89.924,65.78],[-89.6,65.648],[-89.242,65.446],[-88.974,65.348],[-88.198,65.28],[-87.392,65.261],[-87.028,65.198],[-87.003,65.109],[-87.281,64.826],[-87.885,64.4],[-87.998,64.244],[-88.106,64.183],[-88.653,64.009],[-88.818,63.992],[-89.06,64.034],[-89.201,64.114],[-89.108,63.981],[-89.132,63.969],[-89.404,64.04],[-89.501,64.014],[-89.616,64.031],[-89.764,64.099],[-89.811,64.181],[-90.042,64.141],[-90.08,64.128],[-89.954,64.081],[-89.856,63.957],[-89.922,63.944],[-90.168,63.979],[-90.013,63.804],[-90.245,63.642],[-90.369,63.624],[-90.596,63.661],[-90.707,63.597],[-90.946,63.588],[-91.539,63.726],[-91.926,63.757],[-91.956,63.772],[-91.929,63.812],[-91.982,63.822],[-92.095,63.784],[-92.338,63.788],[-93.43,64.029],[-93.696,64.147],[-93.597,64.041],[-93.664,63.941],[-93.56,63.865],[-93.416,63.838],[-93.27,63.841],[-93.38,63.9],[-93.406,63.941],[-93.379,63.948],[-92.157,63.692],[-92.465,63.555],[-92.29,63.563],[-91.842,63.698],[-91.686,63.66],[-91.33,63.507],[-90.97,63.443],[-90.747,63.352],[-90.711,63.304],[-90.699,63.064],[-90.778,62.972],[-91.115,62.922],[-91.349,62.819],[-91.449,62.804],[-92.034,62.863],[-92.361,62.819],[-92.388,62.801],[-92.378,62.772],[-92.305,62.712],[-92.149,62.665],[-91.956,62.645],[-91.936,62.592],[-92.008,62.541],[-92.27,62.587],[-92.551,62.547],[-92.595,62.47],[-92.768,62.38],[-92.766,62.35],[-92.627,62.279],[-92.528,62.168],[-92.866,62.306],[-93.205,62.365],[-92.988,62.286],[-92.914,62.245],[-92.906,62.215],[-93.066,62.15],[-93.07,62.128],[-93.016,62.093],[-93.073,62.061],[-93.167,62.034],[-93.35,62.03],[-93.366,62.015],[-93.273,61.961],[-93.333,61.933],[-93.582,61.942],[-93.494,61.847],[-93.312,61.767],[-93.421,61.706],[-93.71,61.603],[-93.913,61.481],[-93.941,61.444],[-93.889,61.344],[-93.942,61.308],[-94.083,61.304],[-94.05,61.211],[-94.068,61.139],[-94.427,60.731],[-94.509,60.605],[-94.569,60.542],[-94.679,60.538],[-94.762,60.498],[-94.671,60.453],[-94.647,60.416],[-94.772,60.002],[-102.002,60.001]]],[[[-110.004,78.687],[-109.641,78.592],[-109.504,78.582],[-109.362,78.493],[-109.342,78.456],[-109.352,78.369],[-109.391,78.337],[-109.484,78.316],[-110.004,78.322],[-110.004,78.687]]],[[[-110.004,78.09],[-109.622,78.075],[-109.679,77.999],[-109.772,77.957],[-110.004,77.929],[-110.004,78.09]]],[[[-110.002,75.539],[-109.086,75.506],[-108.947,75.542],[-108.913,75.587],[-108.899,75.624],[-108.945,75.699],[-109.796,75.863],[-109.87,75.929],[-109.455,76.021],[-109.417,76.072],[-109.43,76.109],[-109.71,76.212],[-110.003,76.244],[-110.003,76.48],[-109.22,76.792],[-108.832,76.821],[-108.467,76.738],[-108.512,76.68],[-108.635,76.609],[-108.628,76.587],[-108.56,76.536],[-108.512,76.439],[-108.194,76.33],[-108.123,76.233],[-108.382,76.116],[-108.406,76.085],[-108.292,76.057],[-107.852,76.058],[-107.723,75.995],[-107.755,75.94],[-108.021,75.805],[-107.918,75.802],[-107.703,75.878],[-107.541,75.901],[-107.216,75.892],[-107.05,75.845],[-106.971,75.773],[-106.914,75.68],[-106.892,75.782],[-106.688,75.819],[-106.82,75.872],[-106.862,75.93],[-106.846,75.952],[-106.677,76.024],[-106.397,76.06],[-105.905,76.009],[-105.633,75.945],[-105.563,75.881],[-105.481,75.746],[-105.519,75.632],[-105.678,75.501],[-105.703,75.413],[-105.863,75.192],[-106.093,75.089],[-106.961,74.94],[-107.153,74.927],[-107.82,75.0],[-108.227,74.952],[-108.475,74.947],[-108.751,74.992],[-108.633,75.023],[-108.831,75.065],[-109.503,74.883],[-110.003,74.851],[-110.002,75.539]]],[[[-116.65,69.65],[-116.694,69.695],[-117.075,69.889],[-117.055,70.002],[-112.881,70.001],[-112.875,69.833],[-112.65,69.834],[-112.5,69.912],[-112.5,70.001],[-110.0,70.001],[-110.002,72.982],[-109.61,72.876],[-109.357,72.775],[-109.122,72.726],[-108.968,72.654],[-108.994,72.596],[-108.755,72.551],[-108.628,72.412],[-108.47,72.139],[-108.276,71.9],[-108.188,71.724],[-107.925,71.639],[-107.785,71.63],[-107.687,71.716],[-107.347,71.819],[-107.329,71.835],[-107.377,71.886],[-107.306,71.895],[-107.543,72.025],[-107.696,72.149],[-107.794,72.303],[-107.824,72.443],[-107.933,72.52],[-107.934,72.588],[-107.997,72.653],[-108.238,73.106],[-108.237,73.15],[-108.204,73.183],[-107.936,73.217],[-108.077,73.281],[-108.089,73.304],[-108.029,73.349],[-107.72,73.329],[-107.113,73.192],[-106.951,73.276],[-106.828,73.266],[-106.482,73.196],[-105.813,73.011],[-105.624,72.928],[-105.415,72.788],[-105.43,72.74],[-105.323,72.635],[-105.234,72.415],[-104.81,71.903],[-104.518,71.699],[-104.386,71.577],[-104.356,71.382],[-104.487,71.248],[-104.563,71.132],[-104.57,71.104],[-104.515,71.064],[-104.167,70.927],[-103.953,70.763],[-103.585,70.631],[-103.077,70.509],[-103.021,70.516],[-103.001,70.541],[-103.083,70.619],[-103.089,70.65],[-103.05,70.655],[-102.75,70.522],[-101.99,70.285],[-101.676,70.278],[-101.627,70.248],[-101.618,70.172],[-101.562,70.135],[-101.239,70.151],[-101.091,70.136],[-100.973,70.029],[-100.906,69.812],[-100.935,69.715],[-101.044,69.669],[-101.337,69.71],[-101.4,69.749],[-101.484,69.85],[-101.648,69.699],[-101.86,69.738],[-102.182,69.846],[-102.234,69.842],[-102.596,69.718],[-102.535,69.621],[-102.563,69.574],[-102.621,69.552],[-102.92,69.565],[-103.303,69.674],[-103.435,69.668],[-103.465,69.644],[-103.418,69.611],[-103.049,69.472],[-103.04,69.368],[-103.12,69.205],[-102.884,69.341],[-102.447,69.476],[-102.151,69.488],[-101.978,69.425],[-102.067,69.337],[-102.046,69.258],[-101.993,69.236],[-101.873,69.24],[-101.789,69.182],[-101.788,69.132],[-101.857,69.024],[-102.895,68.824],[-103.468,68.809],[-104.067,68.866],[-104.353,68.928],[-104.571,68.872],[-105.106,68.92],[-105.169,68.955],[-105.022,69.053],[-105.02,69.081],[-105.805,69.153],[-106.141,69.162],[-106.341,69.224],[-106.361,69.381],[-106.42,69.414],[-106.54,69.443],[-106.659,69.44],[-106.856,69.347],[-107.033,69.181],[-107.44,69.002],[-107.863,68.954],[-108.365,68.935],[-108.553,68.897],[-108.946,68.76],[-109.472,68.677],[-110.848,68.578],[-111.128,68.588],[-111.311,68.542],[-112.305,68.516],[-112.864,68.477],[-113.128,68.494],[-113.231,68.535],[-113.555,68.768],[-113.617,68.838],[-113.593,68.96],[-113.694,69.195],[-114.323,69.269],[-115.159,69.265],[-115.618,69.283],[-116.102,69.337],[-116.537,69.434],[-116.609,69.512],[-116.856,69.65],[-116.65,69.65]]],[[[-86.706,67.75],[-86.893,67.837],[-86.908,67.902],[-86.847,68.01],[-86.96,68.1],[-86.885,68.191],[-86.702,68.306],[-86.57,68.288],[-86.452,68.225],[-86.421,68.183],[-86.43,68.139],[-86.382,67.927],[-86.396,67.889],[-86.49,67.784],[-86.596,67.736],[-86.706,67.75]]],[[[-109.361,67.988],[-109.498,68.047],[-109.469,68.098],[-109.342,68.046],[-109.323,67.991],[-109.361,67.988]]],[[[-74.481,67.805],[-74.573,67.829],[-74.679,67.906],[-74.746,67.985],[-74.749,68.018],[-74.707,68.067],[-74.379,68.093],[-73.881,68.022],[-73.584,68.015],[-73.435,67.97],[-73.402,67.879],[-73.407,67.793],[-74.481,67.805]]],[[[-108.971,67.98],[-108.886,67.899],[-108.92,67.879],[-109.096,67.924],[-109.162,67.952],[-109.184,67.975],[-108.971,67.98]]],[[[-107.95,67.318],[-108.004,67.366],[-108.152,67.429],[-108.128,67.629],[-108.049,67.665],[-107.991,67.622],[-107.989,67.514],[-107.905,67.467],[-107.9,67.402],[-107.95,67.318]]],[[[-62.805,67.029],[-62.872,67.063],[-62.625,67.177],[-62.396,67.178],[-62.682,67.056],[-62.805,67.029]]],[[[-107.966,66.997],[-107.806,66.999],[-107.833,66.921],[-107.944,66.858],[-108.06,66.947],[-108.093,67.005],[-107.966,66.997]]],[[[-82.948,66.272],[-82.931,66.257],[-83.06,66.199],[-83.214,66.277],[-83.238,66.332],[-83.123,66.283],[-82.948,66.272]]],[[[-83.469,65.735],[-83.263,65.723],[-83.234,65.697],[-83.332,65.631],[-83.381,65.63],[-83.607,65.701],[-83.65,65.658],[-83.788,65.669],[-83.809,65.678],[-83.798,65.71],[-83.702,65.756],[-83.814,65.788],[-84.009,65.751],[-84.118,65.772],[-84.143,65.916],[-84.271,65.991],[-84.37,66.012],[-84.467,66.088],[-84.407,66.131],[-84.122,66.078],[-83.787,65.966],[-83.701,65.92],[-83.715,65.861],[-83.765,65.831],[-83.726,65.797],[-83.469,65.735]]],[[[-84.783,65.57],[-84.931,65.689],[-85.096,65.756],[-85.174,65.944],[-85.15,66.015],[-84.939,66.009],[-84.757,65.859],[-84.603,65.657],[-84.602,65.631],[-84.675,65.575],[-84.783,65.57]]],[[[-84.842,65.256],[-84.612,65.447],[-84.501,65.458],[-84.266,65.367],[-84.18,65.316],[-84.133,65.245],[-84.085,65.218],[-83.491,65.132],[-83.407,65.104],[-83.201,64.96],[-82.668,64.78],[-82.272,64.721],[-82.05,64.644],[-81.787,64.426],[-81.676,64.213],[-81.681,64.146],[-81.903,64.031],[-81.887,64.016],[-81.336,64.076],[-81.024,64.031],[-80.921,64.1],[-80.829,64.09],[-80.569,63.932],[-80.579,63.909],[-80.668,63.901],[-80.261,63.802],[-80.302,63.762],[-80.504,63.674],[-80.954,63.48],[-81.046,63.462],[-81.963,63.664],[-82.378,63.707],[-82.412,63.736],[-82.467,63.927],[-82.571,63.961],[-83.034,64.023],[-83.016,64.127],[-83.065,64.159],[-83.304,64.144],[-83.584,64.058],[-83.662,63.873],[-83.728,63.813],[-84.022,63.66],[-84.308,63.586],[-84.388,63.529],[-84.506,63.39],[-84.633,63.309],[-84.962,63.197],[-85.393,63.12],[-85.496,63.139],[-85.714,63.658],[-85.769,63.7],[-86.302,63.657],[-86.576,63.662],[-86.915,63.569],[-87.177,63.595],[-87.189,63.672],[-86.932,63.902],[-86.422,64.052],[-86.252,64.137],[-86.274,64.238],[-86.354,64.377],[-86.374,64.566],[-86.188,65.01],[-86.075,65.534],[-85.962,65.704],[-85.814,65.832],[-85.555,65.919],[-85.496,65.9],[-85.442,65.846],[-85.241,65.796],[-85.13,65.693],[-85.105,65.623],[-85.226,65.546],[-85.24,65.51],[-85.056,65.437],[-84.92,65.261],[-84.842,65.256]]],[[[-77.714,63.946],[-77.929,63.962],[-77.966,63.993],[-77.931,64.015],[-77.711,64.036],[-77.564,64.022],[-77.714,63.946]]],[[[-76.783,63.384],[-76.922,63.406],[-77.365,63.588],[-77.134,63.682],[-76.764,63.574],[-76.652,63.504],[-76.678,63.394],[-76.783,63.384]]],[[[-77.792,63.428],[-77.704,63.431],[-77.538,63.287],[-77.533,63.234],[-77.658,63.165],[-77.942,63.114],[-78.256,63.24],[-78.469,63.358],[-78.537,63.424],[-78.507,63.451],[-78.235,63.49],[-77.877,63.471],[-77.792,63.428]]],[[[-81.961,62.926],[-81.964,62.828],[-82.026,62.73],[-82.114,62.652],[-82.388,62.519],[-82.568,62.403],[-83.016,62.21],[-83.377,62.238],[-83.699,62.16],[-83.761,62.304],[-83.912,62.426],[-83.899,62.476],[-83.739,62.569],[-83.376,62.905],[-83.289,62.922],[-82.966,62.874],[-82.706,62.945],[-82.46,62.936],[-82.235,62.977],[-82.0,62.954],[-81.961,62.926]]],[[[-70.541,62.552],[-70.766,62.597],[-70.838,62.648],[-70.851,62.704],[-70.986,62.788],[-71.137,62.816],[-71.22,62.874],[-70.835,62.84],[-70.443,62.734],[-70.269,62.578],[-70.337,62.549],[-70.541,62.552]]],[[[-74.254,62.622],[-74.626,62.713],[-74.564,62.733],[-74.395,62.696],[-74.109,62.68],[-74.017,62.663],[-73.988,62.636],[-74.0,62.618],[-74.254,62.622]]],[[[-64.515,62.552],[-64.418,62.487],[-64.478,62.418],[-64.657,62.384],[-64.901,62.421],[-64.956,62.458],[-64.931,62.485],[-64.827,62.505],[-64.85,62.525],[-64.824,62.559],[-64.515,62.552]]],[[[-79.466,62.385],[-79.336,62.294],[-79.286,62.248],[-79.272,62.186],[-79.324,62.026],[-79.542,61.808],[-79.669,61.644],[-79.763,61.596],[-79.816,61.595],[-80.265,61.818],[-80.28,61.99],[-80.26,62.109],[-80.179,62.213],[-80.022,62.343],[-79.868,62.404],[-79.545,62.412],[-79.466,62.385]]],[[[-64.961,61.872],[-64.847,61.762],[-64.928,61.733],[-65.166,61.798],[-65.23,61.864],[-65.235,61.898],[-65.211,61.928],[-65.126,61.942],[-65.068,61.926],[-65.031,61.879],[-64.961,61.872]]],[[[-93.085,61.842],[-93.197,61.919],[-93.076,61.935],[-92.993,61.89],[-93.044,61.844],[-93.085,61.842]]],[[[-64.88,61.357],[-64.954,61.41],[-65.394,61.563],[-65.432,61.65],[-65.13,61.686],[-64.79,61.662],[-64.67,61.593],[-64.696,61.471],[-64.833,61.366],[-64.88,61.357]]],[[[-78.669,60.717],[-78.612,60.772],[-78.242,60.819],[-78.279,60.784],[-78.669,60.717]]],[[[-68.324,60.233],[-68.365,60.254],[-68.368,60.315],[-68.142,60.562],[-68.088,60.588],[-67.978,60.57],[-67.819,60.449],[-67.844,60.392],[-67.922,60.34],[-68.234,60.241],[-68.324,60.233]]],[[[-64.442,60.298],[-64.738,60.376],[-64.809,60.41],[-64.836,60.501],[-64.646,60.515],[-64.407,60.367],[-64.442,60.298]]],[[[-80.167,59.764],[-80.122,59.823],[-80.041,59.87],[-79.956,59.877],[-79.899,59.853],[-79.95,59.81],[-80.167,59.764]]],[[[-80.325,59.633],[-80.299,59.674],[-80.257,59.679],[-80.21,59.725],[-80.167,59.709],[-80.285,59.624],[-80.325,59.633]]],[[[-69.221,58.968],[-69.353,58.961],[-69.316,59.029],[-69.33,59.121],[-69.303,59.145],[-69.195,59.146],[-69.194,59.093],[-69.155,59.064],[-69.221,58.968]]],[[[-79.775,57.514],[-79.808,57.442],[-79.838,57.483],[-79.811,57.559],[-79.743,57.608],[-79.716,57.516],[-79.775,57.514]]],[[[-79.894,56.757],[-79.944,56.777],[-79.946,56.827],[-79.898,56.865],[-79.827,56.843],[-79.894,56.757]]],[[[-79.577,56.645],[-79.551,56.733],[-79.582,56.765],[-79.57,56.796],[-79.491,56.743],[-79.485,56.687],[-79.577,56.645]]],[[[-79.084,56.068],[-79.175,55.885],[-79.228,55.879],[-79.274,55.922],[-79.142,56.136],[-79.142,56.181],[-79.182,56.212],[-79.407,55.935],[-79.495,55.875],[-79.606,55.876],[-79.765,55.807],[-79.497,56.093],[-79.495,56.115],[-79.545,56.128],[-79.781,55.941],[-79.905,55.871],[-80.008,55.911],[-79.515,56.327],[-79.459,56.54],[-79.435,56.513],[-79.432,56.447],[-79.476,56.313],[-79.554,56.192],[-79.536,56.18],[-79.458,56.211],[-79.393,56.276],[-79.305,56.463],[-79.272,56.6],[-79.21,56.549],[-79.124,56.52],[-79.078,56.454],[-78.963,56.422],[-78.942,56.345],[-78.907,56.32],[-79.084,56.068]]],[[[-80.089,56.214],[-80.057,56.287],[-79.852,56.367],[-79.749,56.377],[-79.58,56.466],[-79.688,56.327],[-79.978,56.207],[-80.089,56.214]]],[[[-78.914,56.133],[-78.799,56.383],[-78.724,56.439],[-78.669,56.439],[-78.673,56.26],[-78.761,56.175],[-78.914,56.133]]],[[[-79.939,53.274],[-80.004,53.28],[-80.074,53.344],[-80.05,53.364],[-79.975,53.352],[-79.939,53.274]]],[[[-80.802,52.734],[-81.097,52.78],[-81.839,52.958],[-82.005,53.011],[-82.039,53.05],[-81.951,53.132],[-81.847,53.186],[-81.335,53.224],[-81.136,53.206],[-80.765,52.923],[-80.71,52.832],[-80.732,52.747],[-80.802,52.734]]],[[[-79.521,51.953],[-79.644,52.01],[-79.335,52.098],[-79.271,52.087],[-79.329,51.992],[-79.384,51.952],[-79.521,51.953]]],[[[-68.409,83.005],[-68.107,82.961],[-66.423,82.927],[-66.425,82.906],[-66.836,82.818],[-68.469,82.653],[-67.397,82.668],[-65.727,82.842],[-65.299,82.8],[-65.113,82.889],[-64.905,82.901],[-64.504,82.778],[-63.984,82.829],[-63.499,82.793],[-63.473,82.771],[-63.643,82.713],[-63.085,82.565],[-63.087,82.533],[-63.251,82.467],[-63.247,82.45],[-62.475,82.52],[-61.697,82.489],[-61.477,82.467],[-61.207,82.341],[-61.274,82.28],[-62.177,82.043],[-64.436,81.743],[-65.226,81.743],[-65.399,81.715],[-65.495,81.668],[-65.701,81.646],[-66.626,81.616],[-66.914,81.485],[-68.689,81.293],[-68.721,81.261],[-68.543,81.248],[-65.736,81.494],[-65.24,81.51],[-64.78,81.493],[-64.833,81.439],[-65.484,81.285],[-66.313,81.146],[-66.727,81.041],[-67.774,80.859],[-68.63,80.679],[-69.551,80.383],[-69.734,80.367],[-70.143,80.398],[-70.713,80.54],[-70.213,80.278],[-70.265,80.234],[-72.056,80.123],[-72.063,80.106],[-71.949,80.086],[-71.616,80.071],[-70.759,80.119],[-70.568,80.094],[-70.559,80.071],[-70.758,79.998],[-71.356,79.911],[-71.106,79.876],[-71.11,79.848],[-71.388,79.762],[-71.965,79.701],[-72.437,79.694],[-73.448,79.827],[-74.144,79.88],[-74.394,79.874],[-74.66,79.835],[-74.051,79.778],[-73.472,79.756],[-73.229,79.644],[-73.201,79.597],[-73.294,79.522],[-73.466,79.495],[-73.866,79.501],[-74.189,79.465],[-74.798,79.459],[-75.503,79.414],[-76.067,79.473],[-76.899,79.512],[-76.855,79.488],[-76.296,79.414],[-76.116,79.326],[-75.603,79.24],[-75.094,79.204],[-74.727,79.235],[-74.481,79.229],[-74.532,79.053],[-75.233,79.036],[-75.912,79.118],[-77.398,79.057],[-78.582,79.075],[-78.559,79.055],[-78.422,79.048],[-77.883,78.942],[-76.825,79.018],[-76.256,79.007],[-75.953,78.959],[-75.795,78.89],[-75.099,78.858],[-74.433,78.724],[-74.535,78.659],[-74.547,78.62],[-74.879,78.545],[-76.416,78.512],[-75.488,78.404],[-75.237,78.356],[-75.193,78.328],[-75.551,78.221],[-75.866,78.01],[-75.97,77.993],[-76.356,77.991],[-76.708,77.938],[-76.974,77.927],[-78.013,77.946],[-78.056,77.912],[-78.084,77.846],[-78.047,77.615],[-78.076,77.519],[-78.284,77.413],[-78.493,77.369],[-78.87,77.333],[-79.906,77.3],[-80.573,77.315],[-81.659,77.525],[-81.654,77.499],[-81.504,77.43],[-81.278,77.365],[-81.301,77.344],[-81.523,77.311],[-82.057,77.297],[-82.066,77.284],[-81.968,77.248],[-81.756,77.204],[-81.117,77.27],[-80.673,77.244],[-80.219,77.147],[-79.924,77.194],[-79.497,77.196],[-79.341,77.158],[-79.281,77.085],[-79.274,77.026],[-79.319,76.98],[-79.221,76.936],[-78.792,76.884],[-78.456,76.967],[-78.289,76.978],[-77.999,76.852],[-77.983,76.755],[-78.119,76.644],[-78.284,76.571],[-78.934,76.451],[-79.511,76.31],[-80.8,76.174],[-80.963,76.184],[-80.997,76.215],[-80.835,76.369],[-80.832,76.409],[-80.975,76.47],[-81.171,76.513],[-81.474,76.488],[-81.717,76.495],[-81.823,76.521],[-82.034,76.629],[-82.311,76.655],[-82.53,76.723],[-82.262,76.575],[-82.208,76.514],[-82.233,76.466],[-83.389,76.439],[-83.886,76.453],[-83.986,76.495],[-84.224,76.675],[-84.275,76.357],[-85.141,76.305],[-85.344,76.313],[-85.681,76.349],[-86.116,76.435],[-86.296,76.492],[-86.454,76.585],[-86.562,76.517],[-86.68,76.377],[-87.354,76.448],[-87.49,76.586],[-87.498,76.386],[-88.396,76.405],[-88.482,76.58],[-88.496,76.773],[-88.614,76.651],[-88.563,76.547],[-88.546,76.421],[-88.804,76.457],[-89.57,76.492],[-89.5,76.827],[-88.771,76.993],[-88.556,77.072],[-88.148,77.124],[-87.362,77.136],[-86.812,77.185],[-87.182,77.332],[-87.43,77.348],[-87.681,77.436],[-88.095,77.719],[-88.017,77.785],[-87.497,77.872],[-87.236,77.892],[-86.755,77.864],[-86.385,77.809],[-86.173,77.746],[-85.731,77.509],[-85.588,77.461],[-84.951,77.375],[-84.487,77.368],[-83.974,77.391],[-83.608,77.442],[-83.477,77.514],[-82.903,77.733],[-82.71,77.85],[-82.595,77.992],[-82.704,77.962],[-83.428,77.621],[-83.779,77.533],[-84.168,77.523],[-84.486,77.562],[-84.861,77.5],[-85.088,77.515],[-85.289,77.559],[-85.292,77.764],[-85.548,77.928],[-84.615,78.196],[-84.223,78.176],[-84.55,78.251],[-84.91,78.24],[-84.783,78.528],[-85.024,78.312],[-85.419,78.142],[-85.586,78.11],[-86.218,78.081],[-86.063,78.187],[-85.92,78.343],[-86.427,78.197],[-86.913,78.127],[-87.339,78.133],[-87.552,78.177],[-87.491,78.284],[-87.491,78.417],[-86.953,78.664],[-86.808,78.774],[-85.691,78.844],[-85.004,78.912],[-83.908,78.839],[-83.271,78.77],[-82.99,78.844],[-82.442,78.84],[-82.151,78.864],[-81.781,78.95],[-81.75,78.976],[-82.028,78.962],[-82.439,78.904],[-83.059,78.94],[-84.146,78.96],[-84.412,78.997],[-84.568,79.071],[-84.53,79.101],[-84.257,79.122],[-83.825,79.059],[-83.576,79.054],[-84.197,79.225],[-85.09,79.612],[-85.268,79.664],[-86.031,79.722],[-86.421,79.845],[-86.494,80.018],[-86.615,80.124],[-86.499,80.258],[-86.307,80.319],[-85.16,80.272],[-84.057,80.262],[-83.724,80.229],[-82.677,79.993],[-81.688,79.686],[-81.038,79.614],[-80.476,79.606],[-80.124,79.67],[-81.01,79.693],[-81.86,79.957],[-82.332,80.066],[-82.681,80.175],[-82.961,80.278],[-82.987,80.323],[-82.536,80.376],[-80.98,80.445],[-80.051,80.529],[-79.629,80.648],[-78.386,80.784],[-76.863,80.865],[-76.85,80.878],[-77.119,80.896],[-78.551,80.921],[-78.716,80.952],[-78.629,81.043],[-78.287,81.168],[-77.536,81.321],[-77.031,81.386],[-76.885,81.43],[-77.972,81.331],[-78.352,81.259],[-78.734,81.151],[-78.932,81.119],[-79.198,81.118],[-79.402,81.037],[-79.545,80.909],[-79.761,80.842],[-80.134,80.764],[-81.007,80.655],[-82.368,80.561],[-82.884,80.578],[-82.768,80.631],[-82.222,80.772],[-83.401,80.714],[-84.22,80.538],[-85.146,80.521],[-85.726,80.581],[-86.25,80.566],[-86.615,80.63],[-86.603,80.664],[-86.252,80.79],[-85.246,80.988],[-84.68,81.042],[-83.349,81.103],[-83.289,81.148],[-85.781,81.035],[-86.233,80.95],[-87.33,80.67],[-87.712,80.656],[-88.004,80.675],[-88.921,80.806],[-89.145,80.854],[-89.263,80.914],[-89.167,80.941],[-88.413,81.0],[-87.389,80.988],[-86.477,81.036],[-85.81,81.124],[-84.941,81.286],[-85.402,81.285],[-85.875,81.241],[-86.623,81.123],[-87.275,81.081],[-89.623,81.032],[-89.981,81.125],[-89.947,81.173],[-89.209,81.25],[-89.636,81.302],[-89.674,81.329],[-89.427,81.387],[-88.622,81.501],[-87.617,81.509],[-87.597,81.526],[-88.479,81.565],[-88.978,81.541],[-90.304,81.401],[-90.609,81.43],[-90.554,81.464],[-89.845,81.612],[-89.822,81.635],[-90.331,81.632],[-90.626,81.656],[-91.292,81.571],[-91.684,81.636],[-91.648,81.684],[-91.424,81.744],[-90.942,81.827],[-90.49,81.877],[-89.381,81.917],[-88.567,82.061],[-88.063,82.096],[-87.639,82.085],[-87.404,82.054],[-87.018,81.959],[-86.999,81.992],[-86.834,82.033],[-86.627,82.051],[-86.158,82.026],[-85.646,81.953],[-85.403,81.982],[-85.045,81.983],[-85.311,82.044],[-86.581,82.187],[-86.616,82.219],[-85.794,82.292],[-85.276,82.405],[-84.897,82.449],[-84.368,82.374],[-83.591,82.326],[-83.01,82.142],[-82.634,82.077],[-82.356,82.066],[-82.327,82.092],[-82.657,82.158],[-82.747,82.196],[-82.638,82.246],[-82.537,82.247],[-81.585,82.121],[-80.153,81.978],[-79.425,81.854],[-79.629,81.932],[-80.13,82.028],[-81.468,82.192],[-81.998,82.278],[-82.448,82.395],[-82.451,82.427],[-82.269,82.465],[-81.681,82.519],[-82.123,82.602],[-82.117,82.629],[-81.58,82.643],[-81.189,82.594],[-80.863,82.572],[-80.81,82.586],[-81.178,82.745],[-81.01,82.779],[-80.657,82.769],[-80.076,82.706],[-78.749,82.679],[-79.834,82.816],[-80.155,82.911],[-79.886,82.939],[-79.181,82.933],[-78.525,82.891],[-77.969,82.906],[-77.48,82.883],[-76.421,82.671],[-76.146,82.55],[-76.009,82.535],[-75.566,82.609],[-75.643,82.643],[-76.087,82.724],[-76.908,82.919],[-77.125,83.009],[-75.745,83.047],[-74.414,83.013],[-74.198,82.989],[-73.703,82.852],[-73.272,82.772],[-72.659,82.722],[-73.235,82.844],[-73.442,82.905],[-73.441,82.946],[-73.331,82.999],[-72.812,83.081],[-72.069,83.106],[-70.94,82.902],[-71.424,83.021],[-70.871,83.098],[-69.97,83.116],[-69.489,83.017],[-68.409,83.005]]],[[[-91.755,81.049],[-91.272,80.85],[-90.683,80.688],[-90.637,80.655],[-90.643,80.594],[-89.862,80.498],[-89.525,80.539],[-89.236,80.511],[-89.134,80.44],[-89.204,80.407],[-89.147,80.36],[-89.218,80.289],[-89.198,80.263],[-88.857,80.166],[-88.2,80.111],[-88.255,80.167],[-88.381,80.225],[-88.613,80.255],[-88.663,80.348],[-88.644,80.387],[-88.525,80.418],[-88.125,80.429],[-87.675,80.372],[-87.63,80.302],[-87.625,80.187],[-87.869,80.134],[-87.922,80.098],[-87.202,80.043],[-86.977,79.894],[-87.144,79.663],[-87.295,79.58],[-86.925,79.591],[-86.649,79.646],[-86.337,79.635],[-86.18,79.605],[-86.007,79.479],[-85.949,79.486],[-85.751,79.595],[-85.648,79.611],[-85.064,79.328],[-85.042,79.285],[-85.29,79.208],[-86.092,79.1],[-86.721,78.975],[-86.957,78.975],[-87.016,78.899],[-87.08,78.866],[-87.617,78.676],[-87.861,78.707],[-87.922,78.751],[-87.953,78.915],[-87.817,79.036],[-88.04,78.995],[-88.164,78.933],[-88.19,78.867],[-88.167,78.746],[-88.19,78.696],[-88.254,78.672],[-88.003,78.616],[-87.974,78.565],[-87.983,78.537],[-88.04,78.494],[-88.148,78.477],[-88.285,78.497],[-88.581,78.602],[-88.742,78.584],[-88.623,78.462],[-88.606,78.392],[-88.733,78.242],[-88.822,78.186],[-89.096,78.209],[-90.037,78.607],[-90.076,78.549],[-89.612,78.279],[-89.49,78.172],[-89.579,78.167],[-90.136,78.313],[-90.459,78.331],[-90.652,78.308],[-90.405,78.247],[-90.327,78.185],[-90.614,78.15],[-91.41,78.188],[-91.899,78.237],[-92.351,78.313],[-92.678,78.389],[-92.848,78.46],[-92.726,78.487],[-91.867,78.543],[-92.716,78.605],[-93.267,78.608],[-93.634,78.751],[-93.561,78.777],[-93.16,78.776],[-93.902,78.872],[-94.115,78.929],[-94.17,78.973],[-94.163,78.994],[-93.95,79.037],[-93.294,79.14],[-92.842,79.156],[-92.684,79.186],[-92.547,79.283],[-91.3,79.373],[-92.248,79.373],[-92.485,79.439],[-92.822,79.45],[-93.933,79.291],[-94.109,79.315],[-93.94,79.386],[-94.11,79.402],[-94.405,79.391],[-95.103,79.29],[-95.317,79.355],[-95.657,79.39],[-95.733,79.418],[-95.663,79.527],[-94.52,79.667],[-94.402,79.736],[-95.297,79.653],[-95.857,79.674],[-96.463,79.848],[-96.589,79.917],[-96.639,80.024],[-96.773,80.136],[-95.782,80.066],[-94.646,80.049],[-94.611,80.056],[-94.607,80.126],[-94.583,80.141],[-94.263,80.195],[-94.59,80.202],[-95.192,80.134],[-95.405,80.135],[-95.646,80.231],[-96.026,80.222],[-96.308,80.267],[-96.394,80.315],[-96.334,80.353],[-96.112,80.38],[-95.549,80.367],[-96.152,80.553],[-96.133,80.691],[-95.927,80.721],[-95.714,80.725],[-95.505,80.691],[-95.226,80.686],[-95.026,80.646],[-94.893,80.571],[-93.928,80.559],[-94.202,80.61],[-94.596,80.641],[-94.788,80.751],[-95.515,80.838],[-95.509,80.863],[-95.27,81.001],[-94.981,81.05],[-94.519,81.031],[-93.826,81.106],[-93.345,81.085],[-93.236,81.129],[-93.235,81.155],[-93.286,81.179],[-93.407,81.209],[-93.894,81.213],[-94.194,81.241],[-94.233,81.315],[-94.179,81.339],[-93.333,81.364],[-93.035,81.346],[-92.212,81.244],[-91.886,81.133],[-91.755,81.049]]],[[[-98.769,79.851],[-98.79,79.785],[-98.841,79.737],[-98.945,79.724],[-99.302,79.784],[-99.333,79.84],[-99.516,79.887],[-100.0,79.884],[-100.092,79.919],[-100.126,80.001],[-100.053,80.093],[-99.731,80.144],[-99.017,80.111],[-98.895,80.082],[-98.823,80.037],[-98.769,79.851]]],[[[-103.192,79.295],[-102.914,79.231],[-102.652,79.095],[-102.648,79.027],[-102.731,78.969],[-102.596,78.943],[-102.576,78.879],[-102.425,78.933],[-102.393,79.01],[-101.974,79.079],[-101.704,79.079],[-101.037,78.939],[-101.034,78.915],[-101.147,78.824],[-101.128,78.802],[-100.917,78.783],[-100.435,78.82],[-100.015,78.729],[-99.782,78.62],[-99.582,78.563],[-99.68,78.494],[-99.848,78.438],[-99.774,78.393],[-99.778,78.325],[-99.751,78.303],[-99.562,78.279],[-99.132,78.118],[-99.053,78.072],[-99.0,77.997],[-99.061,77.966],[-99.166,77.857],[-99.956,77.794],[-100.586,77.892],[-100.758,77.978],[-100.826,78.088],[-101.074,78.194],[-102.057,78.28],[-102.607,78.249],[-102.772,78.307],[-102.784,78.33],[-102.731,78.371],[-103.677,78.32],[-103.947,78.26],[-104.513,78.295],[-104.764,78.352],[-104.879,78.401],[-104.985,78.468],[-104.996,78.519],[-104.727,78.579],[-103.764,78.52],[-103.571,78.54],[-103.483,78.594],[-103.588,78.623],[-104.021,78.635],[-103.372,78.736],[-103.518,78.769],[-104.185,78.781],[-104.195,78.796],[-104.155,78.814],[-103.876,78.903],[-104.152,78.99],[-104.395,78.956],[-104.736,78.826],[-104.896,78.808],[-104.97,78.829],[-104.97,78.856],[-104.735,78.991],[-104.747,79.027],[-104.901,79.051],[-105.536,79.033],[-105.571,79.061],[-105.58,79.114],[-105.515,79.242],[-105.388,79.324],[-104.847,79.311],[-103.706,79.352],[-103.192,79.295]]],[[[-95.968,78.505],[-95.561,78.517],[-95.031,78.43],[-94.915,78.391],[-94.887,78.345],[-95.268,78.263],[-95.329,78.225],[-94.988,78.136],[-94.936,78.106],[-94.934,78.076],[-95.087,77.993],[-95.199,77.968],[-95.452,77.963],[-96.012,77.887],[-96.477,77.872],[-96.99,77.806],[-97.064,77.859],[-97.019,77.908],[-97.427,77.982],[-97.621,78.05],[-97.658,78.091],[-97.041,78.117],[-96.945,78.152],[-97.323,78.203],[-97.819,78.231],[-97.843,78.262],[-98.049,78.326],[-98.069,78.386],[-98.255,78.429],[-98.317,78.477],[-98.316,78.517],[-98.06,78.558],[-98.29,78.692],[-98.341,78.751],[-98.333,78.774],[-98.212,78.805],[-97.382,78.783],[-96.475,78.665],[-96.265,78.595],[-96.243,78.573],[-96.256,78.551],[-95.968,78.505]]],[[[-103.118,78.126],[-103.252,78.138],[-103.274,78.166],[-103.11,78.246],[-102.973,78.267],[-102.892,78.271],[-102.788,78.218],[-103.118,78.126]]],[[[-102.08,77.692],[-102.378,77.728],[-102.458,77.77],[-102.472,77.873],[-101.639,77.892],[-101.193,77.83],[-101.046,77.778],[-101.002,77.735],[-101.398,77.729],[-101.694,77.697],[-102.08,77.692]]],[[[-95.233,77.754],[-94.96,77.774],[-93.583,77.771],[-93.301,77.74],[-93.129,77.66],[-93.339,77.63],[-93.544,77.467],[-93.836,77.452],[-95.987,77.484],[-96.264,77.595],[-96.277,77.631],[-96.195,77.701],[-96.143,77.714],[-95.484,77.792],[-95.233,77.754]]],[[[-104.711,77.124],[-105.215,77.182],[-105.556,77.353],[-105.747,77.525],[-105.848,77.563],[-105.883,77.627],[-106.066,77.725],[-105.863,77.754],[-105.588,77.736],[-105.29,77.642],[-105.007,77.507],[-104.994,77.45],[-104.955,77.419],[-104.77,77.413],[-104.542,77.338],[-104.454,77.249],[-104.493,77.162],[-104.711,77.124]]],[[[-90.095,77.21],[-90.228,77.212],[-90.993,77.329],[-91.147,77.387],[-91.177,77.426],[-91.183,77.557],[-91.109,77.626],[-90.843,77.655],[-90.172,77.595],[-89.719,77.442],[-89.694,77.378],[-89.712,77.31],[-90.095,77.21]]],[[[-93.811,76.914],[-93.212,76.755],[-93.189,76.708],[-93.201,76.669],[-93.317,76.574],[-93.535,76.448],[-92.995,76.62],[-92.716,76.603],[-92.297,76.616],[-91.789,76.676],[-91.305,76.681],[-90.738,76.581],[-90.605,76.543],[-90.543,76.496],[-90.622,76.465],[-91.398,76.51],[-91.443,76.499],[-91.415,76.456],[-90.855,76.437],[-89.285,76.302],[-89.219,76.258],[-89.237,76.239],[-89.407,76.189],[-90.312,76.158],[-91.26,76.23],[-91.407,76.22],[-91.279,76.16],[-91.02,76.142],[-90.712,76.076],[-90.251,76.053],[-90.033,75.971],[-89.913,75.966],[-89.793,75.925],[-89.695,75.854],[-89.511,75.857],[-89.278,75.795],[-89.205,75.762],[-89.205,75.737],[-89.361,75.646],[-89.646,75.565],[-89.28,75.564],[-88.917,75.454],[-88.839,75.463],[-88.804,75.502],[-88.864,75.589],[-88.852,75.625],[-88.645,75.658],[-88.201,75.512],[-87.73,75.576],[-87.539,75.485],[-87.365,75.591],[-87.257,75.618],[-86.814,75.491],[-86.236,75.406],[-85.951,75.395],[-85.905,75.442],[-86.069,75.502],[-85.581,75.58],[-85.372,75.573],[-84.987,75.645],[-84.605,75.653],[-84.014,75.78],[-83.932,75.819],[-83.237,75.751],[-82.354,75.833],[-82.154,75.831],[-81.269,75.756],[-81.151,75.736],[-81.193,75.684],[-81.174,75.669],[-81.001,75.643],[-80.322,75.629],[-80.119,75.562],[-80.126,75.542],[-80.287,75.49],[-80.26,75.479],[-79.66,75.45],[-79.508,75.295],[-79.509,75.26],[-79.634,75.199],[-80.382,75.034],[-80.135,74.988],[-79.664,75.021],[-79.525,74.99],[-79.401,74.918],[-79.508,74.88],[-79.944,74.834],[-80.202,74.895],[-80.348,74.903],[-80.149,74.796],[-80.213,74.749],[-80.221,74.657],[-80.278,74.582],[-81.226,74.567],[-81.94,74.473],[-82.415,74.535],[-82.736,74.53],[-82.931,74.566],[-83.058,74.63],[-83.117,74.693],[-83.087,74.788],[-83.103,74.817],[-83.522,74.901],[-83.544,74.892],[-83.51,74.848],[-83.364,74.802],[-83.341,74.765],[-83.394,74.67],[-83.532,74.586],[-84.426,74.508],[-84.818,74.542],[-85.061,74.607],[-85.087,74.528],[-85.133,74.517],[-85.339,74.543],[-85.442,74.601],[-85.474,74.6],[-85.544,74.535],[-85.808,74.499],[-85.956,74.499],[-86.11,74.54],[-86.341,74.513],[-86.731,74.557],[-86.666,74.489],[-87.364,74.502],[-87.593,74.47],[-88.423,74.494],[-88.501,74.51],[-88.556,74.541],[-88.558,74.57],[-88.34,74.785],[-88.535,74.832],[-88.682,74.802],[-88.778,74.715],[-88.851,74.69],[-88.94,74.789],[-89.058,74.747],[-89.192,74.745],[-89.219,74.732],[-89.196,74.638],[-89.559,74.555],[-89.844,74.549],[-90.553,74.613],[-90.784,74.696],[-90.967,74.715],[-90.88,74.818],[-91.13,74.736],[-91.164,74.71],[-91.135,74.65],[-91.339,74.667],[-91.508,74.651],[-91.871,74.743],[-91.962,74.793],[-92.174,75.051],[-92.165,75.072],[-92.061,75.101],[-92.076,75.124],[-92.389,75.263],[-92.427,75.346],[-92.411,75.406],[-92.069,75.658],[-92.185,75.847],[-92.709,76.114],[-93.092,76.354],[-93.309,76.36],[-93.665,76.273],[-94.585,76.297],[-94.997,76.258],[-95.274,76.264],[-95.447,76.363],[-95.842,76.416],[-96.04,76.487],[-96.013,76.513],[-95.789,76.537],[-95.651,76.585],[-95.971,76.57],[-96.846,76.726],[-96.898,76.754],[-96.878,76.803],[-96.59,76.763],[-96.402,76.797],[-96.814,76.913],[-96.758,76.972],[-95.85,77.066],[-95.126,77.017],[-94.295,76.912],[-93.811,76.914]]],[[[-89.974,76.488],[-90.165,76.524],[-90.441,76.663],[-90.562,76.754],[-90.525,76.788],[-90.41,76.81],[-89.949,76.836],[-89.695,76.741],[-89.709,76.701],[-89.822,76.631],[-89.805,76.561],[-89.726,76.507],[-89.974,76.488]]],[[[-101.485,76.575],[-101.605,76.587],[-101.613,76.605],[-101.165,76.665],[-100.886,76.743],[-100.269,76.734],[-101.226,76.579],[-101.485,76.575]]],[[[-97.69,76.422],[-97.739,76.335],[-97.531,76.182],[-97.531,76.109],[-97.613,76.053],[-97.65,75.979],[-97.652,75.94],[-97.602,75.851],[-97.694,75.803],[-97.891,75.76],[-97.863,75.738],[-97.408,75.673],[-97.41,75.552],[-97.336,75.42],[-97.653,75.508],[-97.878,75.416],[-97.853,75.26],[-97.66,75.151],[-97.674,75.127],[-97.799,75.117],[-97.971,75.153],[-98.069,75.199],[-98.092,75.176],[-98.077,75.153],[-97.99,75.111],[-97.953,75.06],[-97.992,75.046],[-98.704,75.006],[-99.156,75.016],[-99.326,75.049],[-99.627,74.984],[-100.234,75.008],[-100.357,75.067],[-100.483,75.188],[-100.459,75.219],[-100.146,75.246],[-100.731,75.347],[-100.712,75.406],[-100.28,75.461],[-99.77,75.612],[-99.756,75.633],[-99.209,75.669],[-99.195,75.698],[-99.915,75.681],[-101.207,75.59],[-101.461,75.608],[-102.541,75.514],[-102.7,75.544],[-102.797,75.6],[-102.728,75.639],[-102.411,75.713],[-102.252,75.778],[-102.271,75.813],[-102.145,75.875],[-101.943,75.884],[-101.261,75.758],[-100.973,75.798],[-101.288,75.789],[-101.415,75.846],[-101.506,75.918],[-101.508,75.944],[-101.431,75.992],[-101.717,76.008],[-101.823,76.041],[-101.872,76.083],[-101.771,76.15],[-101.529,76.217],[-101.557,76.236],[-101.91,76.234],[-102.138,76.285],[-102.105,76.331],[-101.964,76.399],[-101.788,76.451],[-101.34,76.41],[-101.139,76.345],[-101.088,76.308],[-101.094,76.272],[-101.056,76.246],[-100.106,75.96],[-99.865,75.924],[-99.701,75.941],[-99.689,75.96],[-99.978,76.029],[-100.113,76.117],[-100.002,76.139],[-99.541,76.146],[-100.183,76.197],[-100.414,76.243],[-100.358,76.271],[-99.978,76.312],[-100.175,76.359],[-100.651,76.396],[-100.891,76.475],[-100.83,76.524],[-100.574,76.585],[-100.069,76.635],[-99.669,76.624],[-99.17,76.454],[-98.89,76.466],[-99.024,76.615],[-98.711,76.694],[-98.528,76.667],[-98.236,76.575],[-97.808,76.519],[-97.726,76.496],[-97.69,76.422]]],[[[-103.723,76.601],[-103.585,76.539],[-103.19,76.477],[-103.034,76.432],[-103.2,76.371],[-103.472,76.329],[-104.271,76.326],[-104.358,76.335],[-104.408,76.365],[-104.603,76.583],[-104.5,76.63],[-104.205,76.666],[-103.959,76.639],[-104.023,76.583],[-103.723,76.601]]],[[[-102.008,75.939],[-102.423,75.869],[-102.58,75.78],[-103.315,75.764],[-103.245,75.823],[-103.042,75.919],[-103.202,75.959],[-103.77,75.892],[-103.985,75.933],[-103.801,76.037],[-104.242,76.047],[-104.406,76.108],[-104.351,76.182],[-104.012,76.223],[-103.098,76.311],[-102.728,76.307],[-102.584,76.282],[-102.49,76.095],[-102.008,75.939]]],[[[-79.052,75.867],[-79.356,75.831],[-79.545,75.826],[-79.639,75.843],[-79.699,75.883],[-79.551,75.958],[-79.009,76.146],[-78.845,76.106],[-78.946,76.025],[-79.057,75.985],[-79.052,75.867]]],[[[-94.751,75.77],[-94.901,75.931],[-94.499,75.992],[-94.414,75.885],[-94.296,75.788],[-94.33,75.766],[-94.527,75.749],[-94.751,75.77]]],[[[-96.156,75.477],[-96.345,75.506],[-96.462,75.494],[-96.679,75.394],[-96.857,75.369],[-96.97,75.413],[-97.021,75.468],[-96.983,75.51],[-96.428,75.606],[-96.368,75.655],[-95.96,75.554],[-96.156,75.477]]],[[[-93.478,74.952],[-93.463,74.857],[-93.491,74.772],[-93.536,74.749],[-93.573,74.669],[-94.535,74.637],[-94.804,74.66],[-95.286,74.794],[-95.865,74.83],[-96.094,74.933],[-96.182,74.951],[-96.27,74.92],[-96.386,74.999],[-96.56,74.99],[-96.6,75.032],[-96.566,75.099],[-96.383,75.211],[-96.18,75.24],[-96.118,75.301],[-96.125,75.358],[-95.955,75.444],[-95.671,75.529],[-94.878,75.63],[-94.427,75.593],[-93.909,75.423],[-93.751,75.349],[-93.498,75.137],[-93.532,75.1],[-93.543,75.028],[-93.478,74.952]]],[[[-104.634,75.061],[-104.887,75.148],[-104.649,75.35],[-104.474,75.413],[-104.346,75.43],[-104.075,75.424],[-103.851,75.371],[-103.804,75.346],[-103.746,75.252],[-103.643,75.187],[-103.664,75.139],[-103.814,75.08],[-104.12,75.036],[-104.634,75.061]]],[[[-95.777,74.551],[-95.851,74.582],[-95.66,74.637],[-95.51,74.637],[-95.278,74.54],[-95.274,74.519],[-95.307,74.505],[-95.777,74.551]]],[[[-97.656,74.466],[-97.75,74.511],[-97.417,74.627],[-97.291,74.576],[-97.355,74.526],[-97.656,74.466]]],[[[-92.587,74.083],[-92.223,73.972],[-91.63,74.028],[-91.088,74.009],[-90.627,73.952],[-90.355,73.869],[-90.381,73.825],[-90.566,73.686],[-90.765,73.581],[-90.934,73.528],[-91.249,73.304],[-91.554,73.236],[-91.426,73.195],[-91.46,73.145],[-91.788,72.915],[-92.118,72.754],[-92.392,72.718],[-93.341,72.802],[-94.211,72.757],[-93.771,72.668],[-93.572,72.559],[-93.534,72.499],[-93.542,72.437],[-93.871,72.253],[-94.038,72.029],[-94.144,72.001],[-94.497,72.044],[-95.008,72.013],[-95.193,72.027],[-95.167,72.18],[-95.193,72.345],[-95.251,72.502],[-95.548,72.782],[-95.602,72.884],[-95.612,72.999],[-95.589,73.174],[-95.644,73.557],[-95.633,73.695],[-95.569,73.728],[-95.386,73.755],[-94.996,73.686],[-94.698,73.664],[-94.897,73.716],[-95.059,73.805],[-95.134,73.881],[-95.153,73.933],[-95.121,73.985],[-94.974,74.041],[-94.483,74.113],[-93.785,74.118],[-93.41,74.179],[-92.587,74.083]]],[[[-98.691,73.856],[-98.817,73.817],[-98.974,73.812],[-99.417,73.895],[-99.346,73.926],[-99.005,73.965],[-98.818,74.021],[-98.061,74.105],[-97.698,74.109],[-97.659,74.072],[-97.755,74.006],[-97.861,73.968],[-98.27,73.869],[-98.691,73.856]]],[[[-99.158,73.732],[-98.152,73.818],[-97.928,73.866],[-97.67,73.888],[-97.327,73.862],[-97.225,73.844],[-97.112,73.79],[-97.011,73.706],[-97.002,73.666],[-97.156,73.592],[-97.395,73.564],[-97.49,73.527],[-97.597,73.537],[-97.626,73.502],[-97.586,73.471],[-97.35,73.481],[-97.23,73.421],[-97.273,73.387],[-97.796,73.285],[-98.376,73.045],[-98.437,73.0],[-98.431,72.958],[-98.367,72.934],[-97.939,73.036],[-97.636,73.028],[-97.329,72.938],[-97.296,72.918],[-97.378,72.865],[-97.238,72.837],[-97.083,72.763],[-97.073,72.718],[-97.159,72.643],[-97.128,72.628],[-96.671,72.713],[-96.542,72.699],[-96.446,72.552],[-96.44,72.487],[-96.473,72.434],[-96.638,72.342],[-96.801,72.322],[-96.669,72.271],[-96.593,72.204],[-96.618,72.146],[-96.766,72.046],[-96.624,71.968],[-96.613,71.834],[-96.947,71.792],[-97.222,71.674],[-97.582,71.63],[-98.181,71.662],[-98.284,71.716],[-98.323,71.852],[-98.459,71.773],[-98.421,71.717],[-98.231,71.559],[-98.195,71.491],[-98.199,71.441],[-98.412,71.349],[-98.663,71.302],[-98.986,71.369],[-99.167,71.367],[-99.276,71.424],[-99.404,71.557],[-99.735,71.757],[-100.326,72.004],[-100.594,72.152],[-100.707,72.186],[-100.984,72.21],[-101.093,72.279],[-101.209,72.317],[-101.498,72.278],[-101.724,72.315],[-101.833,72.409],[-101.909,72.431],[-101.974,72.486],[-102.402,72.595],[-102.709,72.764],[-102.687,72.843],[-102.551,72.978],[-102.336,73.064],[-102.204,73.077],[-101.922,73.057],[-101.835,73.018],[-101.755,72.943],[-101.544,72.883],[-101.351,72.746],[-101.273,72.722],[-101.088,72.713],[-100.485,72.773],[-100.443,72.807],[-100.396,72.977],[-100.228,72.899],[-100.128,72.907],[-100.097,72.963],[-100.236,73.095],[-100.334,73.128],[-100.531,73.138],[-100.55,73.164],[-100.536,73.198],[-100.439,73.255],[-100.341,73.265],[-100.067,73.211],[-99.825,73.214],[-100.006,73.24],[-100.258,73.34],[-100.366,73.359],[-100.587,73.3],[-100.889,73.275],[-101.451,73.431],[-101.523,73.486],[-101.463,73.534],[-101.323,73.572],[-100.976,73.6],[-100.522,73.449],[-100.509,73.465],[-100.536,73.51],[-100.607,73.575],[-100.898,73.658],[-100.953,73.691],[-100.985,73.765],[-100.915,73.805],[-100.484,73.843],[-99.991,73.795],[-99.912,73.847],[-100.154,73.844],[-100.227,73.889],[-100.138,73.929],[-100.002,73.946],[-99.158,73.732]]],[[[-86.55,70.989],[-86.321,71.017],[-85.644,71.152],[-85.095,71.152],[-85.002,71.137],[-85.066,71.079],[-84.989,71.032],[-84.87,71.002],[-84.824,71.029],[-84.658,71.515],[-84.66,71.586],[-84.699,71.631],[-85.339,71.697],[-85.596,71.866],[-85.912,71.987],[-85.862,72.022],[-85.546,72.102],[-85.406,72.215],[-85.322,72.233],[-85.019,72.218],[-84.284,72.044],[-84.347,72.094],[-84.643,72.19],[-84.842,72.308],[-84.645,72.351],[-84.623,72.377],[-84.849,72.406],[-85.156,72.383],[-85.341,72.422],[-85.616,72.605],[-85.65,72.722],[-85.619,72.819],[-85.575,72.856],[-85.455,72.925],[-85.262,72.954],[-84.257,72.797],[-84.274,72.836],[-85.384,73.045],[-85.455,73.105],[-85.018,73.336],[-84.616,73.39],[-84.416,73.456],[-84.089,73.459],[-83.782,73.417],[-83.915,73.508],[-83.904,73.528],[-83.41,73.632],[-82.66,73.73],[-81.946,73.73],[-81.605,73.696],[-81.344,73.598],[-81.238,73.48],[-81.152,73.314],[-81.025,73.245],[-80.822,73.207],[-80.603,73.121],[-80.583,73.065],[-80.619,72.997],[-80.592,72.928],[-80.431,72.816],[-80.277,72.77],[-80.275,72.746],[-80.323,72.717],[-81.229,72.312],[-81.241,72.278],[-80.761,72.457],[-80.611,72.451],[-80.605,72.426],[-80.702,72.338],[-80.941,72.21],[-80.691,72.103],[-80.921,72.072],[-80.941,72.048],[-80.927,71.938],[-80.948,71.917],[-80.925,71.908],[-80.802,71.929],[-80.386,72.149],[-80.182,72.209],[-79.884,72.177],[-80.091,72.301],[-80.109,72.332],[-80.042,72.394],[-79.831,72.446],[-79.778,72.439],[-79.654,72.332],[-79.584,72.315],[-79.427,72.337],[-79.323,72.391],[-79.0,72.272],[-79.008,72.043],[-78.776,71.93],[-78.585,71.881],[-78.623,71.935],[-78.711,71.972],[-78.863,72.101],[-78.82,72.265],[-78.699,72.351],[-78.429,72.28],[-78.116,72.28],[-77.726,72.18],[-77.517,72.178],[-77.536,72.219],[-78.287,72.36],[-78.453,72.435],[-78.484,72.471],[-78.479,72.509],[-78.422,72.572],[-78.001,72.688],[-77.753,72.725],[-76.893,72.721],[-76.698,72.695],[-76.189,72.572],[-75.704,72.572],[-75.294,72.481],[-75.186,72.434],[-75.071,72.323],[-75.04,72.27],[-75.053,72.226],[-75.394,72.04],[-75.543,72.008],[-75.923,71.717],[-75.822,71.746],[-75.6,71.918],[-75.148,72.063],[-74.903,72.101],[-74.695,72.097],[-74.266,72.038],[-74.209,71.979],[-74.213,71.939],[-74.316,71.843],[-74.893,71.726],[-75.205,71.709],[-74.959,71.667],[-74.701,71.676],[-74.707,71.647],[-74.829,71.571],[-74.868,71.505],[-74.835,71.451],[-74.841,71.407],[-75.035,71.231],[-74.996,71.218],[-74.759,71.338],[-74.695,71.469],[-74.6,71.585],[-74.488,71.648],[-74.404,71.673],[-74.139,71.682],[-73.992,71.75],[-73.867,71.771],[-73.707,71.746],[-73.714,71.72],[-73.869,71.599],[-74.197,71.404],[-74.063,71.426],[-73.713,71.588],[-73.622,71.526],[-73.482,71.479],[-73.398,71.373],[-73.181,71.283],[-73.192,71.35],[-73.31,71.484],[-73.278,71.538],[-72.902,71.678],[-72.581,71.607],[-72.116,71.593],[-71.641,71.516],[-71.333,71.403],[-71.256,71.362],[-71.187,71.279],[-71.219,71.239],[-71.495,71.105],[-71.593,71.086],[-71.938,71.094],[-72.298,70.939],[-72.633,70.831],[-72.313,70.832],[-72.009,71.013],[-71.743,71.047],[-71.371,70.975],[-71.186,70.978],[-71.045,71.05],[-70.826,71.109],[-70.673,71.052],[-70.636,71.007],[-70.639,70.902],[-70.762,70.792],[-71.022,70.674],[-71.586,70.566],[-71.89,70.432],[-71.727,70.395],[-71.565,70.506],[-71.427,70.552],[-71.276,70.5],[-71.28,70.425],[-71.429,70.128],[-71.313,70.209],[-70.98,70.581],[-70.561,70.738],[-70.085,70.83],[-69.95,70.845],[-69.796,70.835],[-69.695,70.786],[-69.289,70.783],[-68.496,70.61],[-68.358,70.523],[-68.364,70.481],[-68.483,70.415],[-68.843,70.314],[-69.436,70.253],[-70.061,70.071],[-70.058,70.043],[-69.913,70.029],[-69.796,70.047],[-69.635,70.129],[-69.483,70.16],[-68.778,70.204],[-68.735,70.18],[-68.723,70.146],[-69.008,69.979],[-68.744,69.941],[-68.489,70.065],[-68.231,70.112],[-68.21,70.128],[-68.327,70.18],[-68.204,70.282],[-68.121,70.315],[-67.855,70.282],[-67.364,70.034],[-67.196,69.861],[-67.173,69.799],[-67.193,69.757],[-67.259,69.721],[-67.337,69.721],[-67.806,69.777],[-68.02,69.77],[-68.189,69.731],[-68.29,69.665],[-68.372,69.644],[-68.837,69.624],[-69.228,69.547],[-69.251,69.512],[-68.513,69.577],[-67.908,69.46],[-67.361,69.473],[-67.053,69.421],[-66.771,69.337],[-66.717,69.312],[-66.676,69.258],[-66.679,69.191],[-66.803,69.153],[-67.332,69.185],[-67.607,69.173],[-67.938,69.248],[-68.198,69.203],[-68.406,69.232],[-68.619,69.206],[-69.041,69.098],[-68.993,69.079],[-68.416,69.172],[-68.121,69.133],[-67.752,69.039],[-67.751,68.934],[-67.883,68.784],[-68.45,68.851],[-68.725,68.81],[-69.219,68.873],[-69.343,68.869],[-69.319,68.857],[-68.871,68.76],[-68.333,68.733],[-68.21,68.703],[-68.152,68.681],[-68.148,68.616],[-68.038,68.551],[-67.938,68.524],[-67.656,68.551],[-67.456,68.498],[-67.203,68.466],[-66.854,68.472],[-66.714,68.446],[-66.997,68.374],[-67.033,68.326],[-66.831,68.216],[-66.834,68.18],[-66.923,68.066],[-66.729,68.129],[-66.702,68.121],[-66.685,68.029],[-66.663,68.034],[-66.605,68.11],[-66.631,68.211],[-66.531,68.25],[-66.212,68.28],[-66.275,68.041],[-66.414,67.904],[-66.526,67.851],[-66.392,67.832],[-66.225,67.959],[-65.942,68.071],[-65.975,67.957],[-65.864,67.923],[-65.702,67.987],[-65.509,67.968],[-65.491,67.936],[-65.552,67.799],[-65.541,67.766],[-65.401,67.675],[-65.387,67.68],[-65.442,67.832],[-65.415,67.879],[-65.3,67.94],[-64.977,68.043],[-64.835,67.99],[-65.026,67.892],[-65.071,67.824],[-65.021,67.788],[-64.83,67.784],[-64.638,67.84],[-64.528,67.813],[-64.156,67.623],[-64.019,67.655],[-63.85,67.566],[-64.078,67.496],[-64.008,67.347],[-64.7,67.351],[-64.589,67.316],[-64.376,67.301],[-64.356,67.256],[-63.836,67.264],[-63.824,67.316],[-63.592,67.378],[-63.316,67.336],[-63.04,67.235],[-63.162,67.174],[-63.258,67.025],[-63.702,66.822],[-62.962,66.949],[-62.768,66.932],[-62.71,66.954],[-62.38,66.905],[-62.124,67.047],[-61.969,67.019],[-61.3,66.649],[-61.307,66.609],[-61.528,66.558],[-61.724,66.638],[-61.904,66.678],[-62.123,66.643],[-61.653,66.503],[-61.576,66.412],[-61.571,66.373],[-61.863,66.313],[-62.158,66.338],[-62.375,66.411],[-62.553,66.407],[-62.406,66.316],[-62.534,66.227],[-62.242,66.148],[-62.024,66.068],[-61.992,66.035],[-62.244,66.006],[-62.59,66.034],[-62.624,66.016],[-62.448,65.945],[-62.382,65.833],[-62.486,65.805],[-62.61,65.724],[-62.659,65.64],[-62.817,65.648],[-62.969,65.622],[-63.169,65.657],[-63.459,65.853],[-63.41,65.756],[-63.421,65.709],[-63.651,65.661],[-63.337,65.617],[-63.364,65.543],[-63.363,65.23],[-63.402,65.118],[-63.607,64.928],[-63.737,64.989],[-63.789,65.051],[-63.896,65.109],[-64.061,65.122],[-64.152,65.066],[-64.346,65.172],[-64.27,65.401],[-64.47,65.253],[-64.555,65.117],[-65.108,65.464],[-65.176,65.568],[-65.402,65.764],[-65.378,65.822],[-65.185,65.94],[-64.854,66.016],[-64.673,66.193],[-64.564,66.272],[-64.445,66.317],[-64.504,66.326],[-64.655,66.287],[-65.005,66.078],[-65.416,65.995],[-65.826,65.997],[-65.891,66.02],[-65.857,66.086],[-65.656,66.205],[-65.688,66.213],[-65.856,66.142],[-66.064,66.133],[-66.209,66.206],[-66.477,66.28],[-66.712,66.46],[-66.787,66.556],[-66.986,66.628],[-67.015,66.622],[-66.97,66.582],[-66.969,66.547],[-67.077,66.526],[-67.307,66.57],[-67.318,66.52],[-67.192,66.433],[-67.19,66.322],[-67.225,66.31],[-67.369,66.318],[-67.741,66.458],[-67.868,66.49],[-67.883,66.467],[-67.704,66.269],[-67.183,66.034],[-67.273,65.956],[-67.35,65.93],[-67.551,65.922],[-67.828,65.965],[-67.958,66.014],[-68.147,66.13],[-68.46,66.249],[-68.749,66.2],[-68.467,66.173],[-68.217,66.079],[-68.198,66.039],[-68.261,65.995],[-68.257,65.939],[-68.187,65.871],[-68.115,65.828],[-67.866,65.774],[-67.954,65.623],[-67.962,65.582],[-67.937,65.565],[-67.57,65.644],[-67.4,65.588],[-67.303,65.483],[-67.118,65.44],[-67.337,65.347],[-67.178,65.304],[-67.066,65.244],[-66.999,65.173],[-66.97,65.085],[-66.888,65.094],[-66.831,65.074],[-66.697,64.815],[-66.677,64.814],[-66.667,64.974],[-66.636,65.0],[-66.224,64.854],[-66.21,64.828],[-66.302,64.778],[-66.215,64.722],[-66.152,64.735],[-66.03,64.847],[-65.939,64.886],[-65.768,64.854],[-65.513,64.706],[-65.432,64.726],[-65.275,64.632],[-65.529,64.505],[-65.179,64.51],[-65.095,64.485],[-65.075,64.437],[-65.213,64.303],[-65.507,64.318],[-65.594,64.311],[-65.58,64.294],[-65.348,64.232],[-65.15,64.087],[-65.187,64.038],[-65.17,64.028],[-65.011,64.009],[-64.678,64.028],[-64.686,63.961],[-64.798,63.916],[-64.637,63.918],[-64.576,63.897],[-64.411,63.706],[-64.562,63.68],[-64.55,63.573],[-64.499,63.463],[-64.514,63.264],[-64.665,63.245],[-64.933,63.599],[-65.192,63.764],[-65.089,63.606],[-65.005,63.333],[-65.017,63.293],[-65.069,63.263],[-64.672,62.922],[-64.752,62.887],[-64.869,62.88],[-65.133,62.952],[-65.163,62.933],[-65.047,62.701],[-65.05,62.646],[-65.108,62.626],[-65.572,62.869],[-65.74,62.932],[-65.834,62.909],[-65.979,63.001],[-66.224,63.107],[-66.249,63.108],[-66.201,63.006],[-66.229,62.991],[-66.414,63.027],[-66.655,63.265],[-66.636,63.08],[-66.697,63.07],[-66.773,63.162],[-66.975,63.256],[-67.018,63.316],[-67.18,63.305],[-67.261,63.341],[-67.893,63.734],[-67.821,63.635],[-67.723,63.423],[-67.838,63.449],[-68.244,63.637],[-68.494,63.725],[-68.859,63.752],[-68.911,63.703],[-68.789,63.595],[-68.374,63.352],[-68.141,63.172],[-67.915,63.114],[-67.676,63.094],[-67.665,63.073],[-67.737,63.01],[-67.367,62.914],[-66.98,62.701],[-66.645,62.602],[-66.281,62.303],[-65.98,62.209],[-66.027,62.137],[-66.133,62.102],[-66.056,61.967],[-66.059,61.914],[-66.324,61.87],[-66.803,62.013],[-67.181,62.073],[-67.44,62.151],[-68.379,62.235],[-68.634,62.281],[-69.126,62.424],[-69.366,62.572],[-69.545,62.745],[-69.605,62.768],[-69.8,62.79],[-70.071,62.757],[-70.236,62.763],[-71.106,63.002],[-70.946,63.121],[-71.254,63.043],[-71.347,63.066],[-71.617,63.187],[-71.855,63.355],[-71.992,63.416],[-71.614,63.444],[-71.456,63.512],[-71.381,63.58],[-71.513,63.587],[-71.725,63.706],[-71.838,63.725],[-72.223,63.709],[-72.29,63.728],[-72.289,63.757],[-72.172,63.872],[-72.174,63.893],[-72.45,63.818],[-72.498,63.823],[-72.678,64.02],[-72.913,64.117],[-73.27,64.333],[-73.455,64.399],[-73.271,64.583],[-73.413,64.574],[-73.627,64.603],[-73.728,64.568],[-73.91,64.578],[-73.95,64.466],[-73.981,64.438],[-74.065,64.425],[-74.099,64.444],[-74.13,64.608],[-74.461,64.645],[-74.512,64.67],[-74.634,64.824],[-74.681,64.831],[-74.916,64.792],[-74.919,64.766],[-74.823,64.717],[-74.64,64.557],[-74.695,64.497],[-75.067,64.457],[-75.328,64.49],[-75.488,64.541],[-75.715,64.524],[-75.767,64.392],[-76.118,64.376],[-76.407,64.303],[-76.562,64.302],[-76.724,64.242],[-76.856,64.238],[-77.403,64.3],[-77.628,64.363],[-77.791,64.367],[-78.045,64.499],[-78.175,64.618],[-78.198,64.665],[-78.19,64.752],[-78.055,64.983],[-77.876,65.073],[-77.361,65.197],[-77.461,65.328],[-77.46,65.356],[-77.327,65.453],[-77.251,65.463],[-76.482,65.37],[-75.828,65.227],[-75.52,65.056],[-75.502,65.013],[-75.591,64.928],[-75.589,64.905],[-75.452,64.842],[-75.357,65.009],[-75.446,65.1],[-75.773,65.257],[-75.799,65.298],[-75.709,65.316],[-75.317,65.275],[-75.166,65.284],[-75.109,65.331],[-74.982,65.381],[-74.495,65.372],[-74.391,65.398],[-74.237,65.484],[-73.99,65.517],[-73.551,65.485],[-73.561,65.543],[-73.746,65.767],[-74.033,65.877],[-74.276,66.013],[-74.401,66.097],[-74.434,66.139],[-74.416,66.167],[-74.375,66.208],[-73.934,66.358],[-73.584,66.507],[-73.281,66.675],[-73.033,66.728],[-72.985,66.765],[-72.947,66.883],[-72.789,67.031],[-72.365,67.133],[-72.22,67.254],[-72.234,67.284],[-72.353,67.342],[-72.576,67.659],[-72.725,67.812],[-72.904,67.945],[-73.063,68.107],[-73.328,68.267],[-73.331,68.309],[-73.284,68.357],[-73.644,68.295],[-73.82,68.363],[-73.879,68.429],[-73.782,68.578],[-73.781,68.619],[-73.852,68.701],[-74.118,68.701],[-73.966,68.579],[-73.989,68.549],[-74.27,68.541],[-74.422,68.58],[-74.648,68.708],[-74.696,68.756],[-74.681,68.79],[-74.7,68.808],[-74.808,68.796],[-74.91,68.823],[-74.743,68.913],[-74.954,68.961],[-74.717,69.046],[-74.855,69.066],[-75.104,68.941],[-75.213,68.909],[-75.363,68.948],[-75.523,68.953],[-75.623,68.888],[-76.235,68.728],[-76.403,68.692],[-76.585,68.699],[-76.619,68.721],[-76.616,68.76],[-76.575,68.847],[-76.588,68.974],[-76.557,69.009],[-76.381,69.052],[-75.954,69.031],[-75.668,69.159],[-75.648,69.213],[-75.787,69.319],[-76.046,69.386],[-76.408,69.441],[-76.52,69.517],[-76.516,69.591],[-76.463,69.62],[-76.234,69.662],[-76.513,69.684],[-76.742,69.573],[-77.09,69.635],[-77.129,69.653],[-76.869,69.745],[-76.859,69.775],[-77.016,69.836],[-77.592,69.846],[-77.663,69.966],[-77.722,70.171],[-77.774,70.239],[-78.283,70.229],[-78.621,70.353],[-78.831,70.463],[-78.98,70.581],[-79.066,70.604],[-79.347,70.482],[-79.405,70.401],[-79.347,70.372],[-79.018,70.325],[-78.934,70.294],[-78.81,70.179],[-78.775,70.104],[-78.778,70.048],[-78.819,70.01],[-79.093,69.925],[-79.515,69.888],[-80.162,69.996],[-80.67,70.052],[-81.56,70.111],[-81.652,70.095],[-81.529,70.048],[-81.329,70.024],[-81.024,69.9],[-80.843,69.792],[-80.84,69.771],[-80.922,69.731],[-81.565,69.943],[-82.139,69.841],[-82.294,69.837],[-83.15,70.009],[-83.531,69.965],[-83.859,69.963],[-84.522,70.005],[-84.765,70.034],[-84.909,70.078],[-85.432,70.111],[-85.78,70.037],[-86.198,70.105],[-86.322,70.145],[-86.483,70.289],[-86.5,70.35],[-86.397,70.465],[-86.704,70.391],[-87.122,70.412],[-87.172,70.4],[-87.063,70.325],[-87.618,70.319],[-87.838,70.247],[-87.901,70.252],[-88.402,70.442],[-88.663,70.471],[-88.848,70.523],[-89.208,70.76],[-89.372,70.996],[-89.456,71.062],[-88.696,71.046],[-88.039,70.951],[-87.845,70.944],[-87.182,70.988],[-87.14,71.012],[-87.572,71.108],[-87.872,71.209],[-88.589,71.24],[-89.079,71.288],[-89.693,71.423],[-89.846,71.492],[-90.025,71.949],[-89.932,72.049],[-89.664,72.158],[-89.657,72.175],[-89.823,72.208],[-89.859,72.248],[-89.874,72.367],[-89.817,72.468],[-89.358,72.804],[-89.327,72.842],[-89.288,73.017],[-89.225,73.108],[-88.977,73.252],[-88.761,73.312],[-88.705,73.403],[-88.17,73.595],[-87.72,73.723],[-86.769,73.834],[-85.951,73.85],[-85.11,73.808],[-85.009,73.779],[-84.947,73.722],[-84.974,73.695],[-85.682,73.461],[-86.086,73.26],[-86.629,72.871],[-86.668,72.763],[-86.595,72.661],[-86.38,72.525],[-86.323,72.461],[-86.341,72.123],[-86.218,71.899],[-86.036,71.771],[-85.537,71.555],[-85.079,71.398],[-85.023,71.353],[-85.405,71.227],[-85.945,71.163],[-86.589,71.011],[-86.55,70.989]]],[[[-78.287,73.666],[-78.063,73.648],[-77.207,73.5],[-77.005,73.356],[-76.759,73.31],[-76.657,73.254],[-76.57,73.159],[-76.29,73.081],[-76.31,72.998],[-76.09,72.881],[-76.183,72.843],[-76.401,72.821],[-77.836,72.897],[-78.314,72.882],[-79.134,72.772],[-79.501,72.756],[-79.937,72.864],[-80.052,72.977],[-80.183,73.225],[-80.618,73.271],[-80.776,73.334],[-80.824,73.381],[-80.823,73.429],[-80.798,73.472],[-80.736,73.483],[-80.827,73.535],[-80.859,73.591],[-80.861,73.671],[-80.849,73.721],[-80.763,73.758],[-80.412,73.765],[-80.12,73.707],[-79.889,73.702],[-79.537,73.654],[-78.287,73.666]]],[[[-105.434,72.938],[-106.071,73.196],[-106.18,73.304],[-106.526,73.413],[-106.922,73.48],[-106.95,73.51],[-106.831,73.599],[-106.614,73.696],[-105.512,73.766],[-105.114,73.744],[-104.835,73.647],[-104.649,73.614],[-104.588,73.578],[-104.555,73.541],[-104.552,73.466],[-104.583,73.354],[-104.622,73.311],[-104.791,73.168],[-104.969,73.089],[-105.003,73.038],[-105.289,72.92],[-105.434,72.938]]],[[[-96.944,72.927],[-97.093,72.997],[-97.098,73.062],[-97.069,73.13],[-96.862,73.189],[-96.598,73.074],[-96.671,72.961],[-96.944,72.927]]],[[[-100.621,70.547],[-100.648,70.563],[-100.678,70.646],[-100.635,70.67],[-100.538,70.669],[-100.276,70.595],[-100.321,70.578],[-100.308,70.496],[-100.621,70.547]]],[[[-86.613,70.106],[-86.515,70.017],[-86.734,69.976],[-86.984,70.011],[-87.044,70.0],[-87.191,70.019],[-87.323,70.08],[-87.323,70.102],[-87.107,70.147],[-86.913,70.113],[-86.613,70.106]]],[[[-97.409,69.631],[-97.306,69.673],[-97.236,69.673],[-96.875,69.51],[-96.3,69.344],[-96.184,69.259],[-95.951,69.024],[-95.751,68.898],[-95.585,68.835],[-95.374,68.892],[-95.268,68.826],[-95.466,68.747],[-95.686,68.736],[-95.895,68.627],[-96.024,68.607],[-96.402,68.471],[-96.599,68.461],[-97.008,68.539],[-97.472,68.544],[-97.885,68.672],[-98.235,68.739],[-98.321,68.843],[-98.54,68.798],[-98.775,68.817],[-98.859,68.864],[-98.904,68.932],[-99.057,68.918],[-99.094,68.899],[-99.073,68.877],[-99.091,68.863],[-99.254,68.863],[-99.441,68.918],[-99.564,69.034],[-99.456,69.131],[-98.912,69.168],[-98.504,69.308],[-98.45,69.354],[-98.559,69.461],[-98.448,69.48],[-98.534,69.527],[-98.546,69.573],[-98.389,69.565],[-98.222,69.485],[-98.041,69.457],[-98.163,69.512],[-98.289,69.629],[-98.305,69.669],[-98.239,69.78],[-98.081,69.833],[-97.791,69.862],[-97.691,69.841],[-97.411,69.738],[-97.386,69.7],[-97.469,69.667],[-97.409,69.631]]],[[[-79.365,69.712],[-79.553,69.631],[-79.882,69.609],[-80.048,69.634],[-79.971,69.556],[-79.954,69.523],[-79.978,69.51],[-80.161,69.536],[-80.227,69.562],[-80.244,69.593],[-80.33,69.587],[-80.448,69.65],[-80.795,69.689],[-80.727,69.74],[-80.466,69.737],[-80.424,69.798],[-80.214,69.802],[-80.125,69.737],[-79.971,69.739],[-79.594,69.811],[-79.431,69.788],[-79.365,69.712]]],[[[-77.969,69.639],[-78.04,69.608],[-78.47,69.503],[-78.848,69.483],[-78.579,69.639],[-78.296,69.667],[-78.262,69.717],[-78.201,69.74],[-78.029,69.715],[-77.969,69.639]]],[[[-68.202,69.58],[-68.221,69.617],[-67.909,69.682],[-67.829,69.675],[-67.755,69.631],[-67.915,69.541],[-68.202,69.58]]],[[[-95.381,69.507],[-95.399,69.42],[-95.496,69.35],[-95.73,69.348],[-95.67,69.402],[-95.666,69.439],[-95.704,69.538],[-95.764,69.56],[-95.806,69.561],[-95.812,69.447],[-95.893,69.352],[-95.986,69.392],[-95.979,69.509],[-95.876,69.606],[-95.707,69.624],[-95.514,69.574],[-95.381,69.507]]],[[[-101.269,69.391],[-101.262,69.418],[-101.29,69.441],[-101.207,69.48],[-101.328,69.517],[-101.351,69.559],[-101.245,69.574],[-101.098,69.541],[-101.001,69.462],[-101.172,69.397],[-101.269,69.391]]],[[[-77.215,69.138],[-77.322,69.194],[-77.379,69.274],[-77.341,69.404],[-77.109,69.437],[-76.746,69.404],[-76.669,69.366],[-76.687,69.328],[-76.81,69.267],[-76.911,69.175],[-76.995,69.144],[-77.215,69.138]]],[[[-90.177,69.357],[-90.295,69.258],[-90.364,69.263],[-90.492,69.37],[-90.322,69.429],[-90.2,69.419],[-90.177,69.357]]],[[[-79.361,68.858],[-79.406,68.923],[-79.243,69.049],[-78.93,69.123],[-78.772,69.252],[-78.662,69.262],[-78.65,69.275],[-78.689,69.3],[-78.689,69.325],[-78.65,69.351],[-78.458,69.39],[-78.333,69.386],[-78.272,69.361],[-78.229,69.304],[-78.533,69.146],[-78.596,69.079],[-78.853,68.916],[-79.211,68.845],[-79.361,68.858]]],[[[-90.574,69.209],[-90.686,69.287],[-90.772,69.293],[-90.766,69.336],[-90.663,69.374],[-90.6,69.368],[-90.511,69.29],[-90.493,69.221],[-90.574,69.209]]],[[[-100.018,68.954],[-100.141,68.97],[-100.196,68.991],[-100.247,69.053],[-100.153,69.129],[-100.035,69.087],[-99.995,69.014],[-100.018,68.954]]],[[[-100.249,68.775],[-100.397,68.724],[-100.497,68.792],[-100.597,68.766],[-100.625,68.816],[-100.6,68.941],[-100.612,68.99],[-100.52,69.035],[-100.33,68.998],[-100.178,68.904],[-100.249,68.775]]],[[[-101.887,68.585],[-102.308,68.682],[-102.074,68.774],[-102.013,68.825],[-101.828,68.799],[-101.759,68.775],[-101.722,68.724],[-101.732,68.652],[-101.794,68.637],[-101.846,68.586],[-101.887,68.585]]],[[[-74.959,68.342],[-75.073,68.404],[-75.31,68.474],[-75.4,68.525],[-75.396,68.589],[-75.37,68.636],[-75.287,68.688],[-75.075,68.685],[-74.984,68.648],[-74.798,68.458],[-74.831,68.441],[-74.819,68.394],[-74.881,68.349],[-74.959,68.342]]],[[[-104.851,68.454],[-105.042,68.532],[-105.051,68.559],[-104.907,68.582],[-104.602,68.562],[-104.445,68.471],[-104.457,68.431],[-104.541,68.406],[-104.851,68.454]]],[[[-79.064,68.182],[-79.174,68.235],[-79.153,68.335],[-78.953,68.353],[-78.829,68.268],[-78.983,68.193],[-79.064,68.182]]],[[[-75.154,68.234],[-75.078,68.173],[-75.062,68.075],[-75.127,67.965],[-75.086,67.751],[-75.091,67.635],[-75.127,67.537],[-75.202,67.459],[-75.4,67.367],[-75.78,67.284],[-76.694,67.236],[-77.005,67.267],[-77.157,67.408],[-77.224,67.508],[-77.306,67.706],[-77.229,67.85],[-76.945,68.091],[-76.74,68.231],[-76.364,68.319],[-76.173,68.309],[-75.866,68.337],[-75.154,68.234]]]]}},{"type":"Feature","properties":{"name":"Ontario","admin":"Canada","iso_a2":"CA","postal":"ON"},"geometry":{"type":"MultiPolygon","coordinates":[[[[-95.154,52.822],[-93.62,53.748],[-92.6,54.481],[-91.378,55.317],[-88.948,56.851],[-88.826,56.814],[-88.447,56.609],[-88.075,56.467],[-87.878,56.342],[-87.561,56.056],[-87.482,56.021],[-86.919,55.915],[-85.984,55.696],[-85.677,55.601],[-85.407,55.431],[-85.218,55.349],[-85.212,55.297],[-85.365,55.079],[-85.214,55.224],[-85.061,55.286],[-84.518,55.259],[-83.911,55.315],[-83.668,55.264],[-83.214,55.215],[-82.986,55.231],[-82.868,55.161],[-82.577,55.149],[-82.393,55.068],[-82.308,54.998],[-82.219,54.813],[-82.418,54.356],[-82.424,54.245],[-82.394,54.18],[-82.24,54.045],[-82.141,53.818],[-82.191,53.611],[-82.146,53.365],[-82.159,53.264],[-82.26,53.16],[-82.292,53.031],[-82.26,52.961],[-82.02,52.812],[-81.599,52.433],[-81.572,52.367],[-81.612,52.324],[-81.828,52.224],[-81.549,52.237],[-81.466,52.205],[-81.398,52.142],[-81.285,52.089],[-80.968,51.972],[-80.658,51.758],[-80.496,51.525],[-80.443,51.389],[-80.673,51.265],[-80.851,51.125],[-80.795,51.132],[-80.478,51.307],[-80.368,51.33],[-80.266,51.316],[-80.104,51.283],[-79.836,51.173],[-79.52,50.919],[-79.513,47.556],[-79.559,47.483],[-79.547,47.407],[-79.442,47.228],[-79.435,47.134],[-79.365,47.022],[-79.166,46.827],[-79.015,46.607],[-78.903,46.486],[-78.781,46.393],[-78.46,46.307],[-77.683,46.187],[-77.371,46.063],[-77.233,45.904],[-77.031,45.807],[-76.941,45.801],[-76.913,45.876],[-76.824,45.88],[-76.667,45.643],[-76.553,45.542],[-76.413,45.496],[-76.27,45.484],[-76.123,45.505],[-76.001,45.484],[-75.904,45.42],[-75.626,45.451],[-74.864,45.642],[-74.577,45.632],[-74.397,45.568],[-74.478,45.318],[-74.34,45.214],[-74.709,45.004],[-74.857,45.004],[-75.179,44.899],[-75.401,44.772],[-75.876,44.417],[-76.151,44.304],[-76.186,44.242],[-76.465,44.058],[-76.82,43.629],[-78.458,43.632],[-78.72,43.625],[-78.846,43.583],[-79.172,43.467],[-79.059,43.278],[-79.066,43.106],[-79.029,43.062],[-79.026,43.017],[-78.946,42.961],[-78.915,42.909],[-78.939,42.864],[-79.037,42.802],[-80.248,42.366],[-81.278,42.209],[-82.439,41.675],[-82.69,41.675],[-83.03,41.833],[-83.142,41.976],[-83.15,42.142],[-83.073,42.3],[-82.868,42.385],[-82.545,42.625],[-82.488,42.74],[-82.408,43.073],[-82.138,43.571],[-82.551,45.347],[-83.593,45.817],[-83.469,45.995],[-83.48,46.024],[-83.616,46.117],[-83.913,46.073],[-83.978,46.085],[-84.088,46.227],[-84.15,46.445],[-84.125,46.527],[-84.149,46.543],[-84.402,46.516],[-84.502,46.462],[-84.562,46.457],[-84.779,46.637],[-84.876,46.9],[-86.429,47.54],[-88.378,48.303],[-88.612,48.264],[-89.273,48.02],[-89.456,47.996],[-89.775,48.015],[-89.901,47.995],[-89.994,48.015],[-90.092,48.118],[-90.744,48.105],[-90.797,48.131],[-90.84,48.201],[-90.916,48.209],[-91.043,48.194],[-91.221,48.105],[-91.387,48.059],[-91.518,48.058],[-91.858,48.198],[-92.005,48.302],[-92.172,48.338],[-92.299,48.329],[-92.348,48.277],[-92.415,48.277],[-92.501,48.435],[-92.996,48.612],[-93.378,48.617],[-93.464,48.561],[-93.708,48.525],[-93.804,48.549],[-93.852,48.607],[-94.055,48.659],[-94.621,48.743],[-94.705,48.809],[-94.713,48.863],[-94.803,49.003],[-94.843,49.119],[-94.854,49.305],[-94.939,49.349],[-95.155,49.37],[-95.154,52.822]]],[[[-79.714,51.118],[-79.737,51.186],[-79.689,51.347],[-79.521,51.545],[-79.52,50.966],[-79.714,51.118]]]]}},{"type":"Feature","properties":{"name":"Prince Edward Island","admin":"Canada","iso_a2":"CA","postal":"PE"},"geometry":{"type":"Polygon","coordinates":[[[-63.784,46.455],[-63.737,46.48],[-63.681,46.562],[-63.534,46.541],[-63.456,46.504],[-63.369,46.508],[-63.286,46.46],[-63.129,46.422],[-62.164,46.487],[-62.074,46.466],[-62.024,46.422],[-62.526,46.203],[-62.552,46.166],[-62.543,46.029],[-62.478,46.0],[-62.531,45.977],[-62.805,45.973],[-62.878,46.001],[-62.904,46.068],[-63.022,46.067],[-62.895,46.124],[-62.953,46.195],[-63.015,46.19],[-63.056,46.224],[-63.053,46.27],[-62.978,46.316],[-63.271,46.2],[-63.153,46.188],[-63.214,46.16],[-63.277,46.153],[-63.569,46.209],[-63.732,46.289],[-63.801,46.367],[-63.763,46.37],[-63.759,46.398],[-64.111,46.425],[-64.107,46.562],[-64.136,46.6],[-64.236,46.631],[-64.388,46.641],[-64.403,46.692],[-64.223,46.901],[-63.994,47.062],[-63.981,46.913],[-64.088,46.775],[-63.903,46.639],[-63.864,46.572],[-63.906,46.509],[-63.784,46.455]]]}},{"type":"Feature","properties":{"name":"Québec","admin":"Canada","iso_a2":"CA","postal":"QC"},"geometry":{"type":"MultiPolygon","coordinates":[[[[-66.925,47.964],[-66.952,47.899],[-67.058,47.919],[-67.307,47.887],[-67.365,47.855],[-67.579,47.94],[-67.613,47.999],[-68.114,47.999],[-68.114,47.929],[-68.378,47.929],[-68.379,47.589],[-68.496,47.48],[-69.054,47.295],[-69.05,47.427],[-69.243,47.463],[-70.008,46.709],[-70.067,46.441],[-70.248,46.251],[-70.305,46.057],[-70.296,45.906],[-70.408,45.802],[-70.421,45.738],[-70.596,45.644],[-70.702,45.551],[-70.69,45.428],[-70.799,45.405],[-70.838,45.366],[-70.837,45.311],[-70.898,45.262],[-70.96,45.333],[-71.0,45.337],[-71.135,45.263],[-71.327,45.29],[-71.419,45.2],[-71.518,45.008],[-74.709,45.004],[-74.566,45.042],[-74.269,45.188],[-74.05,45.241],[-73.765,45.395],[-73.558,45.425],[-73.519,45.459],[-73.465,45.632],[-73.253,45.864],[-73.16,46.01],[-72.99,46.104],[-72.733,46.182],[-72.496,46.353],[-72.24,46.442],[-72.187,46.512],[-72.109,46.551],[-71.901,46.632],[-71.671,46.654],[-71.261,46.756],[-71.152,46.819],[-70.993,46.852],[-70.519,47.033],[-70.388,47.117],[-70.218,47.29],[-70.07,47.378],[-70.017,47.471],[-69.802,47.623],[-69.581,47.824],[-69.471,47.967],[-69.306,48.047],[-68.987,48.275],[-68.816,48.366],[-68.552,48.457],[-68.432,48.542],[-68.238,48.626],[-67.561,48.856],[-67.117,48.964],[-66.598,49.126],[-66.178,49.213],[-65.523,49.266],[-64.836,49.192],[-64.568,49.105],[-64.262,48.922],[-64.216,48.874],[-64.209,48.806],[-64.514,48.841],[-64.415,48.804],[-64.246,48.691],[-64.254,48.55],[-64.349,48.423],[-64.633,48.361],[-64.822,48.196],[-64.96,48.16],[-65.036,48.106],[-65.259,48.021],[-65.476,48.031],[-65.755,48.112],[-65.927,48.189],[-66.083,48.103],[-66.249,48.117],[-66.324,48.098],[-66.449,48.12],[-66.925,47.964]]],[[[-64.847,60.251],[-64.789,60.196],[-64.622,60.141],[-64.65,60.11],[-64.887,60.035],[-64.834,59.986],[-64.661,59.922],[-64.762,59.864],[-64.791,59.816],[-64.818,59.54],[-64.776,59.488],[-64.715,59.466],[-64.445,59.528],[-64.385,59.515],[-64.379,59.475],[-64.503,59.399],[-64.519,59.226],[-64.478,59.116],[-64.332,59.044],[-64.324,59.02],[-64.394,58.998],[-64.77,59.049],[-64.833,59.02],[-64.848,58.949],[-64.294,58.866],[-64.236,58.786],[-64.192,58.769],[-63.727,58.862],[-63.592,58.83],[-63.497,58.753],[-63.961,58.684],[-64.071,58.642],[-64.086,58.599],[-64.062,58.555],[-63.882,58.555],[-63.841,58.505],[-63.848,58.46],[-64.098,58.359],[-64.395,58.144],[-64.387,58.099],[-64.227,58.018],[-64.045,57.785],[-63.961,57.802],[-63.842,57.713],[-63.793,57.706],[-63.716,57.696],[-63.601,57.723],[-63.615,57.669],[-63.759,57.553],[-63.742,57.396],[-63.8,57.319],[-63.758,57.228],[-63.792,57.13],[-63.876,57.023],[-63.903,56.889],[-64.116,56.707],[-63.926,56.475],[-63.955,56.439],[-64.136,56.395],[-64.121,56.299],[-63.899,56.212],[-63.992,56.145],[-64.004,56.097],[-63.578,56.026],[-63.558,55.992],[-63.698,55.923],[-63.701,55.861],[-63.415,55.596],[-63.305,55.542],[-63.154,55.514],[-63.151,55.404],[-63.112,55.34],[-63.429,55.21],[-63.534,55.14],[-63.551,55.086],[-63.476,54.962],[-63.57,54.776],[-63.699,54.615],[-63.91,54.634],[-64.341,54.726],[-65.122,54.719],[-65.676,54.745],[-65.797,54.805],[-65.884,54.907],[-66.157,54.968],[-66.618,55.256],[-66.774,55.328],[-66.797,55.294],[-66.725,55.213],[-66.747,55.129],[-66.693,54.998],[-66.71,54.948],[-66.651,54.799],[-66.724,54.748],[-66.867,54.781],[-67.167,54.937],[-67.302,55.064],[-67.408,55.072],[-67.437,55.036],[-67.416,54.984],[-67.199,54.682],[-67.147,54.653],[-67.15,54.617],[-67.236,54.586],[-67.286,54.519],[-67.537,54.573],[-67.601,54.553],[-67.61,54.452],[-67.515,54.282],[-67.511,54.236],[-67.681,54.141],[-67.761,54.061],[-67.757,54.034],[-67.471,53.796],[-67.456,53.73],[-67.474,53.613],[-67.165,53.543],[-67.076,53.417],[-66.944,53.355],[-66.97,53.073],[-67.054,52.92],[-67.068,52.755],[-66.951,52.698],[-66.815,52.687],[-66.688,52.727],[-66.615,52.932],[-66.521,52.958],[-66.468,53.019],[-66.428,53.011],[-66.3,52.897],[-66.426,52.661],[-66.394,52.418],[-66.463,52.341],[-66.462,52.295],[-66.407,52.184],[-66.345,52.155],[-66.28,52.301],[-66.097,52.21],[-66.036,52.109],[-65.883,52.054],[-65.827,52.052],[-65.781,52.104],[-65.589,52.073],[-65.452,52.203],[-65.137,52.155],[-64.932,52.055],[-64.765,51.905],[-64.627,51.825],[-64.639,51.791],[-64.702,51.745],[-64.598,51.6],[-64.506,51.609],[-64.291,51.729],[-64.289,51.769],[-64.335,51.842],[-64.271,52.083],[-64.131,52.187],[-64.103,52.378],[-64.183,52.554],[-64.178,52.815],[-64.139,52.854],[-63.973,52.895],[-63.905,53.077],[-63.723,53.109],[-63.672,53.101],[-63.555,52.964],[-63.567,52.826],[-63.55,52.774],[-63.41,52.689],[-63.523,52.649],[-63.899,52.589],[-64.059,52.485],[-64.062,52.458],[-63.951,52.429],[-63.935,52.381],[-63.766,52.298],[-63.664,52.06],[-63.786,52.051],[-63.783,52.02],[-63.757,52.011],[-57.101,52.001],[-57.1,51.443],[-57.299,51.478],[-57.462,51.469],[-57.77,51.426],[-58.089,51.311],[-58.51,51.295],[-58.593,51.257],[-58.638,51.172],[-59.165,50.78],[-59.378,50.675],[-59.612,50.492],[-59.815,50.418],[-59.886,50.316],[-60.08,50.255],[-60.608,50.221],[-60.807,50.25],[-60.956,50.205],[-61.29,50.202],[-61.725,50.104],[-61.835,50.197],[-61.92,50.233],[-62.165,50.239],[-62.362,50.277],[-62.715,50.302],[-63.136,50.294],[-63.239,50.243],[-63.587,50.258],[-63.734,50.305],[-63.854,50.314],[-64.17,50.269],[-64.509,50.309],[-64.868,50.275],[-65.269,50.32],[-65.762,50.259],[-65.955,50.294],[-66.126,50.201],[-66.242,50.22],[-66.496,50.212],[-66.55,50.161],[-66.622,50.155],[-66.741,50.066],[-66.941,49.994],[-67.234,49.602],[-67.262,49.451],[-67.372,49.348],[-68.056,49.257],[-68.282,49.197],[-68.221,49.15],[-68.544,49.056],[-68.628,49.007],[-68.669,48.939],[-68.929,48.829],[-69.231,48.574],[-69.375,48.386],[-69.55,48.251],[-69.674,48.199],[-69.852,48.207],[-70.001,48.271],[-70.111,48.278],[-70.384,48.367],[-71.018,48.456],[-70.839,48.367],[-70.501,48.354],[-69.971,48.206],[-69.865,48.172],[-69.775,48.098],[-69.906,47.832],[-69.994,47.74],[-70.3,47.503],[-70.448,47.423],[-70.706,47.14],[-71.116,46.925],[-71.268,46.796],[-71.757,46.674],[-71.88,46.687],[-72.028,46.607],[-72.205,46.559],[-72.257,46.485],[-72.68,46.287],[-72.843,46.262],[-72.981,46.21],[-73.022,46.12],[-73.145,46.066],[-73.284,45.9],[-73.477,45.738],[-73.712,45.711],[-73.897,45.564],[-74.038,45.502],[-74.315,45.531],[-74.248,45.493],[-74.0,45.433],[-73.974,45.345],[-74.098,45.324],[-74.34,45.214],[-74.478,45.318],[-74.397,45.568],[-74.577,45.632],[-74.864,45.642],[-75.626,45.451],[-75.904,45.42],[-76.001,45.484],[-76.123,45.505],[-76.27,45.484],[-76.413,45.496],[-76.553,45.542],[-76.667,45.643],[-76.824,45.88],[-76.913,45.876],[-76.941,45.801],[-77.031,45.807],[-77.233,45.904],[-77.371,46.063],[-77.683,46.187],[-78.46,46.307],[-78.781,46.393],[-78.903,46.486],[-79.015,46.607],[-79.166,46.827],[-79.365,47.022],[-79.435,47.134],[-79.442,47.228],[-79.547,47.407],[-79.559,47.483],[-79.513,47.556],[-79.52,50.919],[-79.348,50.763],[-79.381,50.835],[-79.52,50.966],[-79.521,51.545],[-79.339,51.628],[-79.297,51.623],[-79.264,51.552],[-79.153,51.526],[-79.041,51.464],[-78.903,51.2],[-78.858,51.384],[-78.731,51.497],[-78.776,51.566],[-78.978,51.734],[-78.982,51.775],[-78.928,51.799],[-78.828,51.963],[-78.702,52.033],[-78.537,52.213],[-78.448,52.261],[-78.526,52.311],[-78.557,52.492],[-78.744,52.655],[-78.766,52.76],[-78.722,52.856],[-78.74,52.899],[-78.854,52.976],[-78.898,53.043],[-78.992,53.41],[-79.1,53.657],[-79.113,53.717],[-79.04,53.818],[-78.946,53.832],[-79.075,53.932],[-78.996,54.002],[-79.067,54.052],[-79.242,54.099],[-79.179,54.117],[-79.139,54.157],[-79.296,54.217],[-79.356,54.263],[-79.476,54.395],[-79.598,54.602],[-79.714,54.655],[-79.712,54.672],[-78.475,55.011],[-77.775,55.291],[-77.165,55.664],[-76.762,55.996],[-76.65,56.107],[-76.604,56.2],[-76.546,56.359],[-76.53,56.5],[-76.526,56.892],[-76.573,57.181],[-76.655,57.381],[-76.81,57.658],[-76.891,57.758],[-77.157,58.019],[-77.552,58.24],[-78.014,58.399],[-78.352,58.581],[-78.463,58.602],[-78.515,58.682],[-78.483,58.829],[-78.431,58.902],[-78.244,59.035],[-78.068,59.2],[-77.843,59.305],[-77.761,59.38],[-77.859,59.476],[-77.734,59.581],[-77.748,59.659],[-77.726,59.676],[-77.59,59.681],[-77.397,59.569],[-77.349,59.579],[-77.485,59.685],[-77.475,59.716],[-77.332,59.797],[-77.328,59.833],[-77.373,59.925],[-77.289,60.022],[-77.312,60.042],[-77.547,60.061],[-77.586,60.088],[-77.453,60.146],[-77.649,60.363],[-77.681,60.427],[-77.598,60.507],[-77.504,60.543],[-77.516,60.563],[-77.715,60.578],[-77.791,60.64],[-77.661,60.79],[-77.59,60.809],[-77.603,60.825],[-77.872,60.786],[-77.998,60.818],[-78.181,60.819],[-77.83,61.084],[-77.765,61.158],[-77.727,61.231],[-77.75,61.393],[-77.736,61.437],[-77.514,61.556],[-77.89,61.729],[-78.021,61.832],[-78.077,61.923],[-78.137,62.107],[-78.147,62.209],[-78.109,62.318],[-77.9,62.427],[-77.604,62.531],[-77.372,62.573],[-76.879,62.525],[-75.817,62.316],[-75.676,62.25],[-75.809,62.193],[-75.79,62.18],[-75.489,62.286],[-75.341,62.312],[-75.023,62.264],[-74.633,62.116],[-74.613,62.125],[-74.69,62.183],[-74.646,62.211],[-73.705,62.473],[-73.299,62.325],[-72.882,62.125],[-72.687,62.125],[-72.632,62.027],[-72.666,61.955],[-72.772,61.84],[-72.506,61.923],[-72.226,61.832],[-72.04,61.68],[-72.082,61.641],[-72.247,61.602],[-72.216,61.587],[-72.023,61.612],[-71.866,61.689],[-71.638,61.617],[-71.605,61.592],[-71.619,61.573],[-71.756,61.527],[-71.854,61.44],[-71.645,61.413],[-71.732,61.372],[-71.743,61.337],[-71.552,61.213],[-71.423,61.159],[-71.175,61.147],[-70.723,61.055],[-70.541,61.042],[-70.279,61.069],[-70.158,61.021],[-70.146,60.922],[-70.095,60.88],[-69.992,60.856],[-69.708,60.915],[-69.624,61.05],[-69.557,61.06],[-69.503,61.04],[-69.414,60.922],[-69.405,60.847],[-69.64,60.69],[-69.751,60.487],[-69.741,60.332],[-69.629,60.199],[-69.63,60.122],[-69.674,60.076],[-69.796,60.03],[-69.963,60.018],[-70.655,60.026],[-70.62,59.984],[-69.806,59.945],[-69.734,59.918],[-69.63,59.822],[-69.579,59.675],[-69.692,59.488],[-69.711,59.393],[-69.682,59.342],[-69.4,59.338],[-69.344,59.303],[-69.45,59.18],[-69.46,59.152],[-69.414,59.087],[-69.532,58.869],[-69.648,58.821],[-69.784,58.956],[-69.828,58.929],[-69.868,58.856],[-70.16,58.789],[-70.154,58.761],[-69.79,58.689],[-69.271,58.884],[-68.698,58.905],[-68.475,58.823],[-68.381,58.743],[-68.326,58.595],[-68.253,58.557],[-68.229,58.485],[-68.234,58.399],[-68.357,58.163],[-68.468,58.076],[-68.945,57.969],[-69.035,57.926],[-69.041,57.903],[-68.781,57.976],[-68.495,58.012],[-68.414,58.052],[-68.352,58.091],[-68.289,58.178],[-68.176,58.403],[-68.111,58.473],[-68.021,58.485],[-67.888,58.329],[-67.888,58.296],[-68.064,58.139],[-68.009,58.152],[-67.856,58.273],[-67.805,58.365],[-67.756,58.405],[-67.69,58.244],[-67.698,58.009],[-67.678,57.991],[-67.57,58.214],[-67.019,58.433],[-66.722,58.491],[-66.608,58.549],[-66.48,58.731],[-66.362,58.791],[-66.237,58.772],[-66.091,58.659],[-66.03,58.567],[-66.002,58.431],[-65.923,58.572],[-65.95,58.65],[-66.049,58.788],[-66.043,58.821],[-65.855,58.847],[-65.836,58.86],[-65.921,58.915],[-65.841,58.977],[-65.704,58.971],[-65.721,59.024],[-65.544,59.012],[-65.526,59.036],[-65.396,59.038],[-65.384,59.06],[-65.606,59.111],[-65.666,59.153],[-65.7,59.213],[-65.661,59.23],[-65.607,59.213],[-65.513,59.35],[-65.412,59.315],[-65.489,59.448],[-65.475,59.47],[-65.35,59.479],[-65.074,59.378],[-65.038,59.388],[-65.171,59.462],[-65.407,59.539],[-65.486,59.649],[-65.433,59.777],[-65.289,59.818],[-65.054,59.753],[-65.028,59.771],[-65.159,59.83],[-65.181,59.867],[-65.172,59.908],[-64.931,60.252],[-64.817,60.331],[-64.706,60.336],[-64.614,60.306],[-64.847,60.251]]],[[[-62.22,49.079],[-63.042,49.225],[-63.566,49.399],[-63.676,49.534],[-63.777,49.602],[-63.885,49.658],[-64.44,49.828],[-64.485,49.887],[-64.373,49.926],[-64.131,49.942],[-63.292,49.817],[-62.859,49.705],[-61.817,49.284],[-61.696,49.139],[-61.801,49.094],[-62.22,49.079]]],[[[-61.773,47.26],[-61.834,47.223],[-62.008,47.234],[-61.925,47.425],[-61.548,47.632],[-61.396,47.638],[-61.476,47.564],[-61.582,47.56],[-61.684,47.499],[-61.887,47.345],[-61.914,47.285],[-61.773,47.26]]],[[[-71.117,46.865],[-71.095,46.9],[-70.971,46.961],[-70.826,46.995],[-70.913,46.92],[-71.026,46.873],[-71.117,46.865]]],[[[-73.644,45.449],[-73.775,45.468],[-73.961,45.441],[-73.853,45.516],[-73.687,45.561],[-73.522,45.701],[-73.476,45.705],[-73.567,45.469],[-73.644,45.449]]],[[[-73.858,45.574],[-73.725,45.672],[-73.572,45.694],[-73.695,45.585],[-73.858,45.574]]]]}},{"type":"Feature","properties":{"name":"Saskatchewan","admin":"Canada","iso_a2":"CA","postal":"SK"},"geometry":{"type":"Polygon","coordinates":[[[-110.0,60.001],[-102.002,60.001],[-102.001,55.818],[-101.367,48.993],[-109.999,48.993],[-110.0,60.001]]]}},{"type":"Feature","properties":{"name":"Yukon","admin":"Canada","iso_a2":"CA","postal":"YT"},"geometry":{"type":"MultiPolygon","coordinates":[[[[-139.057,60.002],[-139.185,60.084],[-139.079,60.279],[-139.079,60.344],[-139.676,60.328],[-139.973,60.183],[-140.453,60.3],[-140.525,60.218],[-141.002,60.3],[-141.002,69.651],[-140.405,69.602],[-139.977,69.622],[-139.182,69.516],[-138.69,69.317],[-137.869,69.093],[-137.26,68.964],[-136.717,68.889],[-136.444,68.895],[-136.445,67.747],[-136.401,67.666],[-136.233,67.6],[-136.169,67.514],[-136.178,67.423],[-136.105,67.304],[-136.15,67.226],[-136.218,67.181],[-136.223,67.088],[-136.169,67.015],[-134.056,67.004],[-134.031,66.944],[-133.794,66.819],[-133.783,66.785],[-133.806,66.733],[-133.764,66.651],[-133.635,66.566],[-133.654,66.453],[-133.739,66.44],[-133.8,66.326],[-133.79,66.304],[-133.583,66.285],[-133.569,66.177],[-133.677,66.096],[-133.622,65.975],[-133.412,65.956],[-133.229,66.006],[-132.938,66.029],[-132.916,66.002],[-132.968,65.934],[-132.903,65.914],[-132.821,65.928],[-132.714,65.998],[-132.614,66.029],[-132.483,65.989],[-132.343,65.979],[-132.341,65.955],[-132.539,65.886],[-132.555,65.857],[-132.295,65.716],[-132.196,65.628],[-132.195,65.598],[-132.346,65.443],[-132.542,65.341],[-132.597,65.28],[-132.762,65.225],[-132.773,65.203],[-132.752,65.173],[-132.708,65.167],[-132.579,65.185],[-132.54,65.17],[-132.538,65.109],[-132.516,65.094],[-132.353,65.057],[-132.497,64.957],[-132.505,64.884],[-132.601,64.826],[-132.588,64.794],[-132.321,64.763],[-132.106,64.702],[-131.893,64.577],[-131.729,64.534],[-131.716,64.515],[-131.803,64.407],[-131.797,64.388],[-131.586,64.38],[-131.359,64.458],[-131.107,64.401],[-131.022,64.324],[-131.012,64.273],[-130.913,64.193],[-130.93,64.125],[-130.758,63.993],[-130.283,63.823],[-130.118,63.793],[-130.121,63.773],[-130.26,63.737],[-130.303,63.704],[-130.244,63.678],[-130.111,63.695],[-130.063,63.636],[-129.976,63.616],[-129.888,63.555],[-129.845,63.486],[-129.905,63.406],[-130.102,63.319],[-130.14,63.293],[-130.134,63.276],[-129.906,63.187],[-129.827,63.092],[-129.612,63.059],[-129.714,62.931],[-129.719,62.832],[-129.62,62.712],[-129.525,62.674],[-129.49,62.599],[-129.189,62.49],[-129.296,62.425],[-129.239,62.373],[-129.293,62.294],[-129.233,62.22],[-129.269,62.166],[-129.255,62.153],[-129.136,62.126],[-128.907,62.119],[-128.814,62.064],[-128.679,62.112],[-128.561,62.117],[-128.4,62.034],[-128.206,61.865],[-128.047,61.813],[-127.994,61.711],[-127.807,61.619],[-127.609,61.533],[-127.299,61.512],[-127.167,61.465],[-127.073,61.37],[-127.021,61.237],[-127.027,61.126],[-127.093,61.071],[-126.944,61.052],[-126.909,60.95],[-126.912,60.86],[-126.859,60.769],[-126.665,60.762],[-126.52,60.8],[-126.297,60.785],[-126.235,60.809],[-126.223,60.856],[-126.162,60.866],[-126.003,60.809],[-125.957,60.865],[-125.899,60.89],[-125.707,60.84],[-125.322,60.792],[-125.152,60.844],[-124.88,60.86],[-124.86,60.924],[-124.807,60.961],[-124.583,60.953],[-124.505,60.788],[-124.611,60.701],[-124.599,60.662],[-124.403,60.494],[-124.225,60.453],[-124.185,60.321],[-123.997,60.127],[-124.011,60.046],[-123.879,60.04],[-123.819,60.001],[-139.057,60.002]]],[[[-139.126,69.539],[-139.291,69.598],[-139.14,69.65],[-138.879,69.59],[-139.043,69.577],[-139.126,69.539]]]]}},{"type":"Feature","properties":{"name":"Alaska","admin":"United States of America","iso_a2":"US","postal":"AK"},"geometry":{"type":"MultiPolygon","coordinates":[[[[-138.705,59.901],[-138.632,59.778],[-137.593,59.226],[-137.484,58.991],[-137.521,58.915],[-137.439,58.903],[-137.278,58.988],[-136.813,59.15],[-136.579,59.152],[-136.467,59.28],[-136.466,59.459],[-136.348,59.456],[-136.278,59.48],[-136.247,59.533],[-136.322,59.605],[-135.935,59.663],[-135.476,59.793],[-135.261,59.695],[-135.051,59.579],[-135.037,59.551],[-135.071,59.441],[-134.944,59.288],[-134.802,59.25],[-134.441,59.085],[-134.297,58.898],[-134.219,58.85],[-133.821,58.705],[-133.401,58.411],[-133.423,58.337],[-133.12,58.078],[-132.232,57.199],[-132.338,57.079],[-132.032,57.027],[-132.104,56.857],[-131.866,56.793],[-131.886,56.742],[-131.833,56.685],[-131.824,56.59],[-131.575,56.599],[-131.083,56.405],[-130.742,56.341],[-130.649,56.264],[-130.477,56.231],[-130.413,56.123],[-130.215,56.083],[-130.098,56.109],[-130.023,56.015],[-130.014,55.951],[-130.025,55.888],[-130.112,55.78],[-130.147,55.654],[-130.037,55.298],[-130.172,55.137],[-130.219,55.06],[-130.214,55.026],[-130.575,54.77],[-130.616,54.791],[-130.85,54.808],[-131.046,55.18],[-130.984,55.244],[-130.75,55.297],[-130.748,55.318],[-130.856,55.355],[-130.88,55.612],[-130.919,55.736],[-131.128,55.96],[-131.14,55.998],[-131.033,56.088],[-131.784,55.877],[-131.826,55.835],[-131.803,55.766],[-131.945,55.554],[-131.983,55.535],[-132.119,55.57],[-132.223,55.721],[-132.208,55.753],[-132.006,55.93],[-131.844,56.16],[-131.738,56.161],[-131.551,56.207],[-131.888,56.242],[-132.022,56.38],[-132.182,56.421],[-132.305,56.52],[-132.358,56.626],[-132.476,56.65],[-132.487,56.766],[-132.64,56.796],[-132.802,56.895],[-132.839,56.96],[-132.825,57.056],[-132.913,57.047],[-133.466,57.172],[-133.437,57.337],[-133.539,57.554],[-133.649,57.642],[-133.603,57.695],[-133.554,57.695],[-133.143,57.555],[-133.117,57.566],[-133.515,57.775],[-133.535,57.833],[-133.536,57.864],[-133.511,57.88],[-133.194,57.878],[-133.559,57.924],[-133.657,57.841],[-133.722,57.844],[-133.894,57.993],[-134.031,58.072],[-134.063,58.211],[-134.045,58.289],[-133.934,58.468],[-133.877,58.518],[-133.944,58.498],[-134.036,58.415],[-134.131,58.279],[-134.209,58.233],[-134.485,58.367],[-134.664,58.385],[-134.776,58.454],[-134.943,58.646],[-134.986,58.766],[-135.132,58.843],[-135.217,59.077],[-135.33,59.239],[-135.364,59.419],[-135.413,59.318],[-135.484,59.309],[-135.4,59.208],[-135.502,59.202],[-135.386,59.088],[-135.334,58.91],[-135.062,58.341],[-135.05,58.307],[-135.09,58.246],[-135.303,58.256],[-135.45,58.376],[-135.572,58.412],[-135.898,58.4],[-135.862,58.577],[-136.045,58.789],[-136.043,58.822],[-135.826,58.898],[-135.932,58.904],[-136.017,58.874],[-136.15,59.048],[-136.159,58.947],[-136.124,58.893],[-136.124,58.82],[-136.147,58.789],[-136.226,58.765],[-136.451,58.846],[-136.566,58.941],[-136.831,58.984],[-136.989,59.034],[-137.002,59.021],[-136.948,58.935],[-137.059,58.874],[-136.879,58.882],[-136.614,58.809],[-136.534,58.74],[-136.41,58.701],[-136.404,58.68],[-136.484,58.618],[-136.32,58.624],[-136.225,58.602],[-136.061,58.453],[-136.056,58.384],[-136.081,58.364],[-136.462,58.328],[-136.607,58.244],[-137.072,58.395],[-137.544,58.581],[-137.565,58.626],[-137.75,58.707],[-137.864,58.786],[-138.027,58.941],[-138.352,59.087],[-138.56,59.129],[-138.515,59.166],[-138.884,59.237],[-139.799,59.546],[-139.612,59.61],[-139.513,59.698],[-139.506,59.726],[-139.582,59.848],[-139.569,59.912],[-139.512,59.954],[-139.447,59.957],[-139.331,59.877],[-139.287,59.611],[-139.221,59.82],[-139.179,59.84],[-138.988,59.835],[-139.243,59.893],[-139.431,60.012],[-139.519,60.017],[-139.917,59.806],[-140.217,59.727],[-140.42,59.711],[-140.843,59.749],[-141.408,59.903],[-141.295,59.98],[-141.29,60.004],[-141.33,60.083],[-141.409,60.118],[-141.41,60.042],[-141.447,60.019],[-141.67,59.97],[-142.549,60.086],[-142.946,60.097],[-143.805,60.013],[-144.147,60.016],[-144.161,60.046],[-144.084,60.063],[-144.089,60.084],[-144.185,60.151],[-144.333,60.191],[-144.643,60.225],[-144.852,60.295],[-144.901,60.335],[-144.824,60.534],[-144.691,60.669],[-144.863,60.601],[-145.248,60.38],[-145.382,60.389],[-145.718,60.468],[-145.899,60.478],[-145.76,60.562],[-145.675,60.651],[-146.149,60.661],[-146.182,60.735],[-146.251,60.749],[-146.503,60.701],[-146.57,60.729],[-146.392,60.811],[-146.532,60.839],[-146.638,60.897],[-146.636,60.993],[-146.599,61.054],[-146.285,61.113],[-146.384,61.136],[-146.583,61.128],[-146.874,61.005],[-146.98,60.978],[-147.195,60.997],[-147.361,60.915],[-147.567,60.995],[-147.656,60.91],[-147.808,60.885],[-147.891,60.89],[-147.991,60.948],[-148.005,60.969],[-147.971,61.019],[-147.752,61.219],[-148.049,61.083],[-148.209,61.088],[-148.342,61.06],[-148.411,61.011],[-148.226,61.044],[-148.209,61.03],[-148.344,60.854],[-148.393,60.832],[-148.556,60.827],[-148.557,60.803],[-148.268,60.7],[-148.257,60.675],[-148.305,60.583],[-148.51,60.565],[-148.64,60.489],[-148.189,60.547],[-148.119,60.575],[-148.051,60.567],[-147.964,60.485],[-148.046,60.428],[-148.182,60.393],[-148.216,60.323],[-148.198,60.168],[-148.333,60.122],[-148.431,59.989],[-148.751,59.948],[-149.004,59.98],[-149.122,60.034],[-149.267,59.998],[-149.395,60.106],[-149.415,60.1],[-149.432,60.001],[-149.549,59.894],[-149.598,59.77],[-149.63,59.785],[-149.714,59.92],[-149.795,59.856],[-149.782,59.75],[-149.801,59.738],[-150.005,59.784],[-149.967,59.69],[-150.198,59.567],[-150.338,59.581],[-150.485,59.535],[-150.607,59.563],[-150.623,59.48],[-150.677,59.427],[-150.853,59.342],[-150.935,59.249],[-151.183,59.301],[-151.199,59.29],[-151.163,59.257],[-151.171,59.237],[-151.366,59.246],[-151.619,59.187],[-151.738,59.189],[-151.95,59.265],[-151.964,59.285],[-151.932,59.343],[-151.85,59.406],[-151.693,59.462],[-151.4,59.516],[-151.189,59.638],[-151.046,59.772],[-151.089,59.789],[-151.45,59.65],[-151.764,59.7],[-151.817,59.721],[-151.853,59.782],[-151.735,59.988],[-151.451,60.203],[-151.396,60.274],[-151.313,60.466],[-151.355,60.66],[-151.356,60.723],[-151.322,60.743],[-150.954,60.841],[-150.441,61.024],[-150.349,61.023],[-150.113,60.933],[-149.856,60.962],[-149.632,60.952],[-149.075,60.876],[-149.142,60.936],[-149.592,60.994],[-149.968,61.122],[-150.053,61.171],[-149.895,61.232],[-149.882,61.264],[-149.737,61.363],[-149.329,61.497],[-149.434,61.501],[-149.695,61.471],[-149.824,61.413],[-149.976,61.279],[-150.472,61.26],[-150.567,61.307],[-150.945,61.198],[-151.15,61.086],[-151.594,60.98],[-151.734,60.911],[-151.784,60.833],[-151.75,60.755],[-151.996,60.682],[-152.271,60.528],[-152.305,60.453],[-152.26,60.409],[-152.369,60.336],[-152.654,60.238],[-153.025,60.296],[-152.665,60.125],[-152.63,60.084],[-152.629,60.041],[-152.66,59.997],[-152.759,59.921],[-153.211,59.843],[-153.025,59.794],[-153.048,59.73],[-153.094,59.709],[-153.364,59.66],[-153.383,59.667],[-153.366,59.73],[-153.414,59.74],[-153.653,59.647],[-153.671,59.635],[-153.609,59.615],[-153.753,59.51],[-154.088,59.363],[-154.067,59.336],[-154.178,59.156],[-154.13,59.12],[-153.656,59.039],[-153.418,58.96],[-153.327,58.884],[-153.438,58.755],[-153.617,58.655],[-153.862,58.588],[-154.02,58.493],[-154.086,58.366],[-154.289,58.304],[-154.208,58.289],[-154.247,58.159],[-154.571,58.118],[-154.585,58.056],[-155.007,58.016],[-155.147,57.882],[-155.313,57.807],[-155.59,57.734],[-155.596,57.701],[-155.729,57.627],[-155.778,57.568],[-156.0,57.545],[-156.037,57.527],[-156.055,57.448],[-156.242,57.449],[-156.436,57.36],[-156.478,57.328],[-156.398,57.241],[-156.4,57.205],[-156.475,57.105],[-156.592,57.065],[-156.629,57.01],[-156.78,57.006],[-157.139,56.827],[-157.441,56.79],[-157.49,56.76],[-157.529,56.673],[-157.578,56.634],[-157.869,56.645],[-158.028,56.592],[-158.078,56.552],[-157.93,56.52],[-158.414,56.436],[-158.552,56.313],[-158.386,56.302],[-158.276,56.196],[-158.476,56.075],[-158.523,56.072],[-158.543,56.167],[-158.591,56.185],[-158.705,56.043],[-158.79,55.987],[-159.523,55.81],[-159.568,55.695],[-159.66,55.626],[-159.678,55.825],[-159.771,55.841],[-159.874,55.8],[-159.962,55.795],[-160.244,55.661],[-160.373,55.635],[-160.499,55.537],[-160.625,55.552],[-160.771,55.484],[-160.897,55.514],[-161.1,55.406],[-161.178,55.389],[-161.464,55.383],[-161.477,55.465],[-161.413,55.536],[-161.313,55.559],[-161.202,55.544],[-161.357,55.612],[-161.517,55.618],[-161.654,55.563],[-161.742,55.391],[-162.074,55.139],[-162.167,55.144],[-162.275,55.073],[-162.386,55.052],[-162.457,55.078],[-162.413,55.107],[-162.495,55.208],[-162.542,55.243],[-162.63,55.247],[-162.644,55.218],[-162.619,55.038],[-162.674,54.997],[-162.865,54.955],[-162.996,55.046],[-163.12,55.065],[-163.1,54.974],[-163.131,54.917],[-163.289,54.838],[-163.335,54.839],[-163.286,55.01],[-163.304,55.096],[-163.279,55.122],[-163.114,55.194],[-162.907,55.196],[-162.857,55.253],[-162.659,55.351],[-162.157,55.719],[-161.697,55.907],[-161.216,56.021],[-161.179,56.014],[-161.223,55.977],[-161.193,55.954],[-160.899,55.994],[-160.878,55.97],[-160.902,55.941],[-161.008,55.912],[-161.005,55.887],[-160.803,55.754],[-160.746,55.771],[-160.758,55.855],[-160.706,55.87],[-160.53,55.863],[-160.437,55.817],[-160.292,55.805],[-160.27,55.832],[-160.309,55.864],[-160.48,55.935],[-160.527,55.965],[-160.539,56.006],[-160.461,56.138],[-160.302,56.314],[-159.785,56.562],[-159.283,56.689],[-158.918,56.882],[-158.895,56.816],[-158.675,56.795],[-158.685,56.944],[-158.661,57.039],[-158.321,57.298],[-158.134,57.366],[-157.846,57.528],[-157.737,57.548],[-157.646,57.498],[-157.535,57.483],[-157.462,57.506],[-157.572,57.541],[-157.608,57.601],[-157.681,57.638],[-157.697,57.679],[-157.621,57.895],[-157.611,58.051],[-157.555,58.14],[-157.443,58.172],[-157.194,58.194],[-157.488,58.254],[-157.524,58.351],[-157.524,58.421],[-157.461,58.503],[-157.229,58.641],[-156.975,58.736],[-157.04,58.773],[-156.809,59.134],[-156.963,58.989],[-157.142,58.878],[-158.022,58.64],[-158.191,58.614],[-158.303,58.642],[-158.503,58.85],[-158.476,58.938],[-158.426,58.999],[-158.314,59.009],[-158.081,58.977],[-158.423,59.09],[-158.514,59.073],[-158.584,58.988],[-158.678,58.929],[-158.809,58.974],[-158.776,58.903],[-158.861,58.719],[-158.772,58.52],[-158.789,58.441],[-158.951,58.405],[-159.083,58.47],[-159.454,58.793],[-159.67,58.911],[-159.832,58.836],[-159.92,58.82],[-160.153,58.906],[-160.363,59.051],[-160.657,58.955],[-160.817,58.872],[-160.924,58.872],[-161.247,58.799],[-161.328,58.744],[-161.361,58.67],[-161.755,58.612],[-162.145,58.644],[-161.856,58.717],[-161.724,58.794],[-161.781,58.897],[-161.789,59.016],[-161.644,59.11],[-161.794,59.109],[-161.891,59.076],[-161.981,59.146],[-162.023,59.284],[-161.872,59.428],[-161.832,59.515],[-161.829,59.589],[-161.909,59.714],[-162.138,59.98],[-162.242,60.178],[-162.421,60.284],[-162.139,60.614],[-161.947,60.685],[-162.138,60.686],[-162.265,60.595],[-162.469,60.395],[-162.6,60.297],[-162.685,60.269],[-162.548,60.231],[-162.527,60.199],[-162.5,60.127],[-162.571,59.99],[-162.733,59.994],[-162.878,59.923],[-163.219,59.846],[-163.68,59.802],[-163.907,59.807],[-164.143,59.897],[-164.132,59.994],[-164.47,60.149],[-164.662,60.304],[-164.8,60.307],[-165.061,60.413],[-165.027,60.501],[-165.354,60.541],[-165.016,60.74],[-164.9,60.873],[-164.805,60.892],[-164.319,60.771],[-164.266,60.725],[-164.372,60.592],[-164.0,60.766],[-163.895,60.745],[-163.73,60.59],[-163.529,60.665],[-163.421,60.757],[-163.623,60.822],[-163.907,60.854],[-163.837,60.88],[-163.655,60.877],[-163.587,60.903],[-163.749,60.97],[-163.995,60.865],[-164.442,60.87],[-164.754,60.931],[-165.115,60.933],[-165.175,60.966],[-164.876,61.087],[-164.869,61.112],[-165.077,61.094],[-165.138,61.13],[-165.128,61.192],[-165.204,61.153],[-165.345,61.198],[-165.244,61.269],[-165.274,61.275],[-165.334,61.266],[-165.392,61.212],[-165.381,61.106],[-165.566,61.102],[-165.628,61.165],[-165.691,61.3],[-165.864,61.336],[-165.906,61.404],[-165.797,61.491],[-165.845,61.536],[-165.961,61.551],[-166.094,61.507],[-166.153,61.546],[-166.168,61.651],[-165.809,61.696],[-166.02,61.748],[-166.079,61.803],[-165.991,61.834],[-165.613,61.869],[-165.725,61.959],[-165.744,62.012],[-165.707,62.1],[-165.195,62.474],[-165.0,62.534],[-164.779,62.481],[-164.758,62.497],[-164.796,62.512],[-164.844,62.581],[-164.688,62.608],[-164.589,62.709],[-164.793,62.623],[-164.845,62.801],[-164.8,62.918],[-164.764,62.971],[-164.677,63.02],[-164.384,63.03],[-164.375,63.054],[-164.525,63.128],[-164.409,63.215],[-164.108,63.262],[-163.943,63.247],[-163.736,63.193],[-163.616,63.125],[-163.634,63.09],[-163.749,63.03],[-163.738,63.016],[-163.504,63.106],[-163.359,63.046],[-163.288,63.046],[-162.948,63.115],[-162.808,63.207],[-162.621,63.266],[-162.283,63.529],[-162.112,63.534],[-162.056,63.471],[-161.974,63.453],[-161.505,63.468],[-161.266,63.497],[-161.1,63.558],[-160.927,63.661],[-160.827,63.729],[-160.779,63.819],[-160.904,64.031],[-160.988,64.251],[-161.22,64.397],[-161.386,64.44],[-161.491,64.434],[-161.415,64.526],[-161.193,64.516],[-161.049,64.534],[-160.932,64.579],[-160.836,64.682],[-160.887,64.796],[-161.13,64.925],[-161.187,64.924],[-161.466,64.795],[-161.759,64.816],[-161.868,64.743],[-162.172,64.678],[-162.335,64.613],[-162.636,64.451],[-162.711,64.378],[-162.807,64.374],[-162.876,64.516],[-163.204,64.652],[-163.303,64.606],[-163.174,64.533],[-163.052,64.52],[-163.144,64.424],[-163.486,64.55],[-163.713,64.588],[-164.304,64.584],[-164.692,64.507],[-164.765,64.53],[-164.899,64.461],[-164.979,64.454],[-166.143,64.583],[-166.325,64.626],[-166.481,64.728],[-166.478,64.798],[-166.409,64.827],[-166.415,64.927],[-166.551,64.953],[-166.928,65.157],[-166.763,65.135],[-166.531,65.155],[-166.452,65.247],[-166.28,65.274],[-166.121,65.261],[-166.157,65.286],[-166.609,65.353],[-166.665,65.338],[-167.404,65.422],[-167.987,65.568],[-168.088,65.658],[-167.931,65.748],[-167.914,65.681],[-167.58,65.758],[-167.405,65.859],[-167.074,65.877],[-166.748,66.052],[-166.399,66.144],[-166.215,66.17],[-166.009,66.121],[-165.724,66.113],[-165.63,66.131],[-165.56,66.167],[-165.84,66.245],[-165.812,66.288],[-165.776,66.319],[-165.449,66.41],[-165.064,66.438],[-164.674,66.555],[-164.46,66.588],[-163.728,66.616],[-163.638,66.575],[-163.894,66.576],[-163.775,66.531],[-163.903,66.378],[-163.894,66.287],[-164.034,66.216],[-163.695,66.084],[-163.171,66.075],[-162.886,66.099],[-162.587,66.051],[-162.214,66.071],[-161.934,66.043],[-161.816,66.054],[-161.557,66.251],[-161.455,66.281],[-161.201,66.219],[-161.109,66.24],[-161.034,66.189],[-161.07,66.295],[-161.12,66.334],[-161.544,66.407],[-161.828,66.371],[-161.917,66.412],[-161.888,66.493],[-162.191,66.693],[-162.318,66.734],[-162.467,66.736],[-162.607,66.894],[-162.362,66.947],[-162.254,66.919],[-162.131,66.801],[-162.018,66.784],[-162.051,66.667],[-161.91,66.56],[-161.591,66.46],[-161.336,66.496],[-161.156,66.495],[-160.784,66.384],[-160.651,66.373],[-160.232,66.42],[-160.227,66.509],[-160.263,66.572],[-160.361,66.613],[-160.644,66.605],[-160.864,66.671],[-161.051,66.653],[-161.398,66.552],[-161.572,66.592],[-161.857,66.7],[-161.879,66.804],[-161.622,66.979],[-161.72,67.021],[-161.965,67.05],[-162.392,67.02],[-162.409,67.104],[-162.583,67.018],[-163.002,67.027],[-163.532,67.103],[-163.721,67.196],[-163.8,67.271],[-163.943,67.478],[-164.125,67.607],[-165.386,68.046],[-165.96,68.156],[-166.236,68.278],[-166.786,68.36],[-166.546,68.424],[-166.648,68.374],[-166.57,68.361],[-166.381,68.425],[-166.283,68.573],[-166.182,68.797],[-166.209,68.885],[-165.509,68.868],[-164.302,68.936],[-163.868,69.037],[-163.536,69.17],[-163.205,69.393],[-163.161,69.388],[-163.094,69.611],[-162.952,69.758],[-161.881,70.332],[-161.761,70.258],[-162.074,70.162],[-160.996,70.305],[-160.648,70.421],[-160.634,70.446],[-160.117,70.591],[-159.963,70.568],[-160.106,70.473],[-160.006,70.448],[-160.095,70.333],[-159.908,70.331],[-159.866,70.279],[-159.858,70.389],[-159.815,70.497],[-159.683,70.477],[-159.387,70.525],[-159.746,70.53],[-159.962,70.634],[-160.082,70.635],[-159.681,70.787],[-159.315,70.879],[-159.192,70.86],[-159.183,70.832],[-159.34,70.781],[-159.251,70.748],[-158.996,70.802],[-158.621,70.799],[-158.484,70.841],[-157.909,70.86],[-157.325,71.04],[-156.783,71.319],[-156.47,71.408],[-156.395,71.397],[-156.567,71.342],[-156.47,71.292],[-155.811,71.188],[-155.646,71.183],[-155.579,71.121],[-155.635,71.062],[-155.804,70.995],[-156.147,70.928],[-156.042,70.902],[-155.974,70.842],[-155.872,70.835],[-155.579,70.894],[-155.167,71.099],[-154.944,71.083],[-154.674,70.987],[-154.785,70.894],[-154.599,70.848],[-154.195,70.801],[-153.918,70.877],[-153.498,70.891],[-153.233,70.933],[-152.785,70.876],[-152.491,70.881],[-152.3,70.847],[-152.233,70.81],[-152.437,70.733],[-152.471,70.654],[-152.399,70.62],[-152.27,70.615],[-152.253,70.568],[-152.173,70.557],[-151.769,70.56],[-151.82,70.511],[-151.945,70.452],[-151.225,70.419],[-151.128,70.452],[-150.663,70.51],[-150.403,70.444],[-150.274,70.434],[-149.87,70.51],[-149.269,70.501],[-148.688,70.416],[-148.479,70.318],[-148.143,70.355],[-148.039,70.316],[-147.87,70.303],[-147.791,70.24],[-147.705,70.217],[-147.063,70.17],[-146.745,70.192],[-145.823,70.16],[-145.44,70.051],[-145.237,70.034],[-145.197,70.009],[-144.619,69.982],[-144.417,70.039],[-144.064,70.054],[-143.746,70.102],[-143.357,70.09],[-143.218,70.116],[-142.708,70.034],[-142.422,69.94],[-142.297,69.87],[-141.699,69.77],[-141.408,69.653],[-141.002,69.651],[-141.002,60.3],[-140.525,60.218],[-140.453,60.3],[-139.973,60.183],[-139.676,60.328],[-139.079,60.344],[-139.079,60.279],[-139.185,60.084],[-139.057,60.002],[-138.705,59.901]]],[[[-166.149,66.222],[-166.033,66.278],[-165.822,66.328],[-166.149,66.222]]],[[[-171.448,63.616],[-170.875,63.594],[-170.673,63.669],[-170.43,63.699],[-170.299,63.681],[-170.122,63.618],[-170.017,63.492],[-169.624,63.431],[-169.555,63.373],[-169.428,63.348],[-168.996,63.347],[-168.716,63.311],[-168.761,63.214],[-168.852,63.171],[-169.365,63.171],[-169.559,63.058],[-169.571,62.997],[-169.676,62.956],[-169.819,63.122],[-169.988,63.173],[-170.19,63.196],[-170.273,63.284],[-170.527,63.379],[-170.954,63.453],[-171.061,63.446],[-171.401,63.339],[-171.519,63.332],[-171.632,63.351],[-171.791,63.425],[-171.818,63.53],[-171.746,63.703],[-171.646,63.727],[-171.448,63.616]]],[[[-148.057,60.818],[-148.124,60.844],[-148.102,60.916],[-148.038,60.924],[-147.964,60.9],[-147.931,60.826],[-148.057,60.818]]],[[[-172.526,60.392],[-172.388,60.398],[-172.232,60.299],[-172.397,60.331],[-172.636,60.329],[-173.074,60.493],[-173.048,60.568],[-172.924,60.607],[-172.86,60.506],[-172.526,60.392]]],[[[-152.069,60.358],[-152.005,60.407],[-151.96,60.504],[-151.899,60.49],[-151.887,60.473],[-152.021,60.362],[-152.069,60.358]]],[[[-147.69,60.399],[-147.66,60.352],[-147.732,60.222],[-147.76,60.19],[-147.816,60.185],[-147.805,60.231],[-147.871,60.23],[-147.891,60.299],[-147.855,60.321],[-147.795,60.46],[-147.76,60.439],[-147.689,60.491],[-147.658,60.45],[-147.69,60.399]]],[[[-146.372,60.422],[-146.102,60.411],[-146.595,60.268],[-146.703,60.396],[-146.67,60.433],[-146.56,60.481],[-146.394,60.45],[-146.372,60.422]]],[[[-145.15,60.313],[-145.284,60.337],[-145.128,60.401],[-145.102,60.388],[-145.15,60.313]]],[[[-166.044,60.334],[-165.841,60.346],[-165.73,60.314],[-165.696,60.282],[-165.689,60.224],[-165.714,60.173],[-165.712,60.069],[-165.631,60.028],[-165.592,59.913],[-165.947,59.89],[-166.1,59.85],[-166.131,59.82],[-166.107,59.775],[-166.149,59.764],[-166.262,59.815],[-166.628,59.865],[-166.985,59.984],[-167.139,60.009],[-167.436,60.207],[-167.252,60.234],[-166.836,60.217],[-166.784,60.296],[-166.476,60.383],[-166.364,60.365],[-166.185,60.397],[-166.044,60.334]]],[[[-147.846,59.799],[-147.872,59.828],[-147.768,59.944],[-147.337,60.185],[-147.181,60.358],[-147.02,60.332],[-146.958,60.289],[-147.318,60.075],[-147.377,59.991],[-147.448,59.96],[-147.499,59.89],[-147.846,59.799]]],[[[-148.074,60.035],[-148.272,60.053],[-148.231,60.114],[-148.08,60.152],[-147.914,60.092],[-148.074,60.035]]],[[[-144.614,59.813],[-144.445,59.951],[-144.354,59.996],[-144.236,60.015],[-144.249,59.982],[-144.403,59.921],[-144.566,59.818],[-144.614,59.813]]],[[[-161.07,58.569],[-161.132,58.668],[-161.085,58.671],[-160.986,58.736],[-160.715,58.795],[-160.919,58.577],[-161.07,58.569]]],[[[-152.516,58.479],[-152.637,58.542],[-152.463,58.618],[-152.368,58.611],[-152.362,58.571],[-152.516,58.479]]],[[[-152.381,58.352],[-152.343,58.412],[-152.316,58.413],[-152.198,58.363],[-152.125,58.374],[-152.079,58.312],[-151.974,58.31],[-151.982,58.244],[-152.109,58.161],[-152.187,58.185],[-152.268,58.252],[-152.334,58.208],[-152.309,58.134],[-152.452,58.129],[-152.538,58.101],[-152.571,58.168],[-152.598,58.163],[-152.683,58.063],[-152.782,58.016],[-152.928,57.994],[-153.381,58.087],[-152.976,58.297],[-152.772,58.279],[-152.769,58.346],[-152.844,58.396],[-152.841,58.416],[-152.612,58.446],[-152.381,58.352]]],[[[-134.24,58.144],[-133.966,57.874],[-133.823,57.629],[-133.925,57.671],[-134.032,57.821],[-134.105,57.879],[-134.18,58.011],[-134.25,58.049],[-134.307,58.034],[-134.267,57.885],[-133.937,57.582],[-133.921,57.492],[-133.974,57.451],[-133.909,57.369],[-133.925,57.337],[-134.1,57.3],[-134.26,57.147],[-134.435,57.057],[-134.555,57.058],[-134.613,57.138],[-134.62,57.196],[-134.576,57.232],[-134.489,57.42],[-134.487,57.482],[-134.66,57.638],[-134.781,58.078],[-134.908,58.263],[-134.923,58.355],[-134.837,58.32],[-134.68,58.162],[-134.24,58.144]]],[[[-134.32,58.204],[-134.456,58.207],[-134.594,58.243],[-134.662,58.291],[-134.648,58.312],[-134.52,58.333],[-134.313,58.229],[-134.32,58.204]]],[[[-135.587,58.147],[-135.615,58.057],[-135.693,58.039],[-135.613,57.992],[-135.347,58.124],[-135.163,58.096],[-135.002,58.051],[-134.955,58.015],[-134.928,57.953],[-134.971,57.817],[-135.103,57.794],[-135.231,57.816],[-135.338,57.769],[-135.25,57.733],[-134.979,57.724],[-134.897,57.648],[-134.873,57.589],[-134.931,57.481],[-135.564,57.666],[-135.609,57.651],[-135.618,57.48],[-135.692,57.42],[-135.911,57.447],[-135.997,57.535],[-136.077,57.675],[-136.46,57.873],[-136.569,57.972],[-136.512,58.096],[-136.37,58.143],[-136.322,58.219],[-136.144,58.098],[-136.142,58.154],[-136.094,58.198],[-135.947,58.206],[-135.787,58.268],[-135.587,58.147]]],[[[-152.891,57.769],[-152.616,57.849],[-152.512,57.851],[-152.429,57.826],[-152.419,57.782],[-152.485,57.734],[-152.483,57.703],[-152.411,57.646],[-152.237,57.615],[-152.216,57.577],[-152.337,57.482],[-152.412,57.455],[-152.941,57.498],[-152.997,57.469],[-152.781,57.453],[-152.72,57.411],[-152.679,57.345],[-152.879,57.321],[-153.052,57.238],[-153.274,57.226],[-153.444,57.167],[-153.588,57.078],[-153.733,57.052],[-153.647,57.03],[-153.643,56.961],[-153.757,56.858],[-153.973,56.774],[-154.051,56.788],[-154.071,56.821],[-153.793,56.989],[-153.999,57.05],[-154.103,57.021],[-154.025,57.108],[-154.035,57.122],[-154.244,57.143],[-154.324,57.132],[-154.381,57.097],[-154.239,57.087],[-154.184,57.005],[-154.261,56.912],[-154.339,56.921],[-154.499,57.037],[-154.569,57.206],[-154.706,57.335],[-154.673,57.446],[-154.535,57.559],[-154.281,57.638],[-154.116,57.651],[-154.03,57.631],[-153.995,57.587],[-154.008,57.556],[-153.947,57.53],[-153.805,57.358],[-153.688,57.305],[-153.757,57.367],[-153.798,57.443],[-153.838,57.636],[-153.69,57.641],[-153.693,57.663],[-153.808,57.715],[-153.906,57.791],[-153.904,57.82],[-153.842,57.863],[-153.696,57.871],[-153.524,57.731],[-153.488,57.731],[-153.39,57.798],[-153.217,57.796],[-153.169,57.911],[-153.226,57.958],[-153.16,57.972],[-152.943,57.936],[-152.85,57.897],[-152.898,57.824],[-152.891,57.769]]],[[[-153.269,57.822],[-153.295,57.829],[-153.52,57.956],[-153.481,57.971],[-153.347,57.933],[-153.241,57.85],[-153.269,57.822]]],[[[-134.823,57.157],[-134.621,56.718],[-134.611,56.603],[-134.657,56.523],[-134.63,56.302],[-134.654,56.227],[-134.682,56.216],[-134.806,56.281],[-134.981,56.519],[-134.967,56.596],[-134.883,56.679],[-135.018,56.66],[-135.159,56.725],[-135.147,56.802],[-135.163,56.824],[-135.285,56.8],[-135.331,56.822],[-135.338,56.894],[-135.315,56.932],[-135.2,57.027],[-135.341,57.082],[-135.375,57.188],[-135.455,57.249],[-135.502,57.244],[-135.609,57.071],[-135.662,57.034],[-135.812,57.01],[-135.768,57.1],[-135.823,57.28],[-135.787,57.317],[-135.625,57.354],[-135.487,57.516],[-135.449,57.534],[-135.346,57.533],[-135.065,57.417],[-134.97,57.351],[-134.823,57.157]]],[[[-170.264,57.137],[-170.358,57.154],[-170.387,57.203],[-170.116,57.242],[-170.161,57.184],[-170.264,57.137]]],[[[-153.157,57.094],[-153.295,57.0],[-153.375,57.052],[-153.354,57.132],[-153.285,57.185],[-152.908,57.152],[-152.933,57.129],[-153.157,57.094]]],[[[-133.3,56.972],[-133.264,57.005],[-133.071,56.974],[-132.954,56.88],[-132.959,56.677],[-133.004,56.624],[-133.035,56.621],[-133.244,56.796],[-133.329,56.83],[-133.157,56.611],[-133.145,56.528],[-133.181,56.474],[-133.484,56.452],[-133.603,56.464],[-133.649,56.517],[-133.688,56.71],[-133.681,56.798],[-133.823,56.924],[-133.979,57.01],[-133.962,57.043],[-133.866,57.069],[-133.366,57.004],[-133.3,56.972]]],[[[-133.925,56.776],[-133.831,56.781],[-133.738,56.65],[-133.767,56.6],[-133.809,56.611],[-133.855,56.582],[-133.884,56.485],[-133.885,56.292],[-133.95,56.128],[-133.994,56.101],[-134.067,56.133],[-134.122,56.077],[-134.19,56.077],[-134.245,56.203],[-134.195,56.414],[-134.084,56.456],[-134.29,56.58],[-134.278,56.617],[-134.384,56.724],[-134.374,56.839],[-134.274,56.918],[-134.143,56.932],[-134.001,56.869],[-133.925,56.776]]],[[[-132.885,56.512],[-132.931,56.524],[-132.948,56.567],[-132.871,56.696],[-132.843,56.795],[-132.656,56.685],[-132.568,56.576],[-132.885,56.512]]],[[[-169.624,56.615],[-169.55,56.628],[-169.486,56.618],[-169.474,56.594],[-169.587,56.542],[-169.633,56.546],[-169.766,56.608],[-169.755,56.635],[-169.624,56.615]]],[[[-154.332,56.539],[-154.322,56.571],[-154.217,56.609],[-154.11,56.603],[-154.116,56.544],[-154.209,56.515],[-154.332,56.539]]],[[[-154.751,56.412],[-154.777,56.44],[-154.729,56.502],[-154.624,56.561],[-154.518,56.601],[-154.463,56.598],[-154.445,56.573],[-154.751,56.412]]],[[[-132.133,55.943],[-132.369,55.94],[-132.421,55.98],[-132.406,56.029],[-132.451,56.056],[-132.66,56.078],[-132.699,56.198],[-132.599,56.242],[-132.38,56.499],[-132.316,56.487],[-132.067,56.244],[-132.112,56.109],[-132.133,55.943]]],[[[-132.891,56.259],[-133.035,56.341],[-133.038,56.365],[-132.902,56.454],[-132.643,56.435],[-132.647,56.313],[-132.78,56.247],[-132.891,56.259]]],[[[-133.203,56.32],[-133.082,56.194],[-133.097,56.09],[-132.758,55.995],[-132.598,55.895],[-132.497,55.798],[-132.43,55.687],[-132.173,55.481],[-132.511,55.594],[-132.631,55.473],[-132.418,55.483],[-132.215,55.384],[-132.16,55.323],[-132.207,55.224],[-132.005,55.231],[-131.976,55.209],[-132.0,55.034],[-131.978,54.969],[-131.997,54.901],[-131.981,54.805],[-132.022,54.726],[-132.134,54.713],[-132.189,54.735],[-132.341,54.907],[-132.549,54.953],[-132.594,54.996],[-132.588,55.052],[-132.622,55.136],[-132.702,55.131],[-132.683,55.074],[-132.704,55.03],[-132.782,55.048],[-132.913,55.188],[-133.119,55.328],[-133.103,55.36],[-132.971,55.376],[-132.959,55.396],[-133.082,55.504],[-133.033,55.59],[-133.09,55.613],[-133.298,55.607],[-133.369,55.689],[-133.553,55.691],[-133.68,55.785],[-133.584,55.837],[-133.412,55.798],[-133.242,55.921],[-133.289,56.019],[-133.371,56.036],[-133.684,55.943],[-133.743,55.965],[-133.755,55.999],[-133.531,56.146],[-133.594,56.216],[-133.599,56.316],[-133.566,56.339],[-133.203,56.32]]],[[[-131.083,55.267],[-131.188,55.206],[-131.262,55.22],[-131.316,55.269],[-131.421,55.276],[-131.451,55.316],[-131.422,55.368],[-131.448,55.409],[-131.522,55.341],[-131.641,55.299],[-131.763,55.166],[-131.811,55.223],[-131.846,55.416],[-131.648,55.586],[-131.625,55.832],[-131.269,55.955],[-131.121,55.857],[-130.998,55.728],[-130.966,55.67],[-130.979,55.489],[-131.083,55.267]]],[[[-155.605,55.79],[-155.681,55.792],[-155.723,55.802],[-155.737,55.83],[-155.594,55.924],[-155.573,55.921],[-155.566,55.821],[-155.605,55.79]]],[[[-133.282,55.498],[-133.426,55.431],[-133.463,55.377],[-133.65,55.269],[-133.635,55.413],[-133.737,55.497],[-133.634,55.539],[-133.455,55.522],[-133.346,55.559],[-133.305,55.544],[-133.282,55.498]]],[[[-160.553,55.381],[-160.583,55.308],[-160.488,55.185],[-160.609,55.159],[-160.702,55.178],[-160.795,55.145],[-160.825,55.174],[-160.84,55.335],[-160.789,55.383],[-160.724,55.405],[-160.672,55.379],[-160.685,55.315],[-160.553,55.381]]],[[[-160.343,55.259],[-160.517,55.334],[-160.362,55.357],[-160.329,55.338],[-160.343,55.259]]],[[[-132.838,54.881],[-132.772,54.926],[-132.617,54.892],[-132.647,54.756],[-132.706,54.684],[-132.807,54.709],[-133.009,54.855],[-133.081,54.949],[-133.123,54.97],[-133.251,55.175],[-133.418,55.211],[-133.454,55.26],[-133.429,55.304],[-133.297,55.326],[-133.097,55.214],[-132.996,55.111],[-132.982,55.033],[-132.838,54.881]]],[[[-160.038,55.044],[-160.17,54.942],[-160.227,54.923],[-160.154,55.038],[-160.172,55.123],[-160.134,55.12],[-160.039,55.193],[-159.982,55.198],[-159.92,55.268],[-159.871,55.264],[-159.898,55.221],[-159.839,55.182],[-159.873,55.129],[-160.038,55.044]]],[[[-131.237,54.95],[-131.232,54.904],[-131.406,54.894],[-131.446,54.909],[-131.431,54.996],[-131.482,55.035],[-131.54,55.048],[-131.592,55.026],[-131.595,55.091],[-131.556,55.137],[-131.578,55.249],[-131.513,55.263],[-131.405,55.213],[-131.34,55.08],[-131.237,54.95]]],[[[-159.535,55.06],[-159.561,55.081],[-159.618,55.057],[-159.648,55.075],[-159.64,55.124],[-159.598,55.126],[-159.575,55.218],[-159.545,55.226],[-159.515,55.152],[-159.535,55.06]]],[[[-159.421,54.978],[-159.462,55.059],[-159.39,55.041],[-159.362,54.972],[-159.421,54.978]]],[[[-163.379,54.816],[-163.337,54.783],[-163.135,54.723],[-163.083,54.669],[-163.358,54.736],[-163.583,54.626],[-164.073,54.621],[-164.235,54.571],[-164.403,54.448],[-164.591,54.404],[-164.823,54.419],[-164.904,54.545],[-164.888,54.608],[-164.706,54.692],[-164.53,54.881],[-164.479,54.907],[-164.274,54.9],[-163.807,55.049],[-163.607,55.051],[-163.476,54.981],[-163.379,54.816]]],[[[-162.391,54.873],[-162.434,54.932],[-162.265,54.984],[-162.234,54.932],[-162.298,54.847],[-162.391,54.873]]],[[[-162.641,54.38],[-162.733,54.402],[-162.812,54.444],[-162.821,54.495],[-162.645,54.462],[-162.554,54.401],[-162.641,54.38]]],[[[-165.615,54.14],[-165.654,54.253],[-165.551,54.285],[-165.488,54.222],[-165.408,54.197],[-165.561,54.137],[-165.615,54.14]]],[[[-166.036,54.047],[-166.103,54.114],[-166.106,54.145],[-166.041,54.191],[-165.893,54.207],[-165.693,54.1],[-166.036,54.047]]],[[[-166.572,53.853],[-166.497,53.884],[-166.372,53.999],[-166.231,53.933],[-166.489,53.786],[-166.549,53.701],[-166.385,53.721],[-166.309,53.697],[-166.702,53.537],[-166.77,53.476],[-167.154,53.408],[-167.429,53.326],[-167.522,53.276],[-167.629,53.259],[-167.809,53.324],[-167.71,53.371],[-167.53,53.394],[-167.136,53.526],[-167.092,53.636],[-167.042,53.655],[-167.016,53.698],[-166.894,53.697],[-166.819,53.641],[-166.804,53.685],[-166.741,53.713],[-167.072,53.783],[-167.106,53.813],[-167.118,53.873],[-167.038,53.942],[-166.673,54.006],[-166.627,53.996],[-166.615,53.901],[-166.572,53.853]]],[[[-166.251,53.768],[-166.188,53.822],[-166.114,53.843],[-166.139,53.787],[-166.21,53.723],[-166.251,53.768]]],[[[-168.271,53.238],[-168.506,53.043],[-169.089,52.832],[-169.073,52.864],[-168.909,52.951],[-168.796,53.045],[-168.778,53.149],[-168.69,53.227],[-168.639,53.256],[-168.437,53.257],[-168.38,53.283],[-168.363,53.304],[-168.397,53.322],[-168.396,53.409],[-168.288,53.5],[-168.073,53.557],[-167.986,53.558],[-167.828,53.508],[-167.805,53.485],[-167.865,53.387],[-168.271,53.238]]],[[[-169.723,52.792],[-169.981,52.806],[-169.992,52.83],[-169.983,52.851],[-169.821,52.883],[-169.755,52.884],[-169.692,52.847],[-169.723,52.792]]],[[[-170.797,52.55],[-170.827,52.601],[-170.682,52.698],[-170.585,52.668],[-170.614,52.61],[-170.797,52.55]]],[[[-175.214,51.994],[-175.296,52.022],[-174.306,52.216],[-174.259,52.269],[-174.436,52.317],[-174.169,52.42],[-174.046,52.367],[-174.018,52.332],[-174.055,52.246],[-174.163,52.223],[-174.179,52.2],[-174.121,52.135],[-174.344,52.078],[-175.214,51.994]]],[[[-172.539,52.257],[-172.62,52.273],[-172.582,52.326],[-172.47,52.388],[-172.383,52.373],[-172.314,52.33],[-172.539,52.257]]],[[[-173.357,52.096],[-173.113,52.1],[-173.023,52.079],[-173.461,52.042],[-173.673,52.063],[-173.836,52.048],[-173.93,52.072],[-173.992,52.123],[-173.794,52.104],[-173.657,52.144],[-173.357,52.096]]],[[[-176.045,51.973],[-176.143,52.004],[-176.185,52.056],[-176.156,52.099],[-176.077,52.1],[-175.975,52.029],[-176.045,51.973]]],[[[-176.588,51.833],[-176.437,51.82],[-176.452,51.736],[-176.511,51.746],[-176.771,51.63],[-176.837,51.676],[-176.962,51.604],[-176.874,51.79],[-176.736,51.84],[-176.745,51.895],[-176.698,51.986],[-176.597,51.982],[-176.55,51.944],[-176.593,51.867],[-176.588,51.833]]],[[[-177.23,51.694],[-177.475,51.701],[-177.655,51.677],[-177.67,51.701],[-177.668,51.721],[-177.257,51.805],[-177.166,51.909],[-177.11,51.929],[-177.063,51.902],[-177.135,51.807],[-177.148,51.717],[-177.23,51.694]]],[[[-177.925,51.617],[-178.059,51.673],[-178.078,51.691],[-178.0,51.717],[-177.977,51.738],[-177.986,51.764],[-178.195,51.882],[-178.117,51.916],[-177.954,51.918],[-177.8,51.84],[-177.644,51.826],[-177.771,51.778],[-177.827,51.686],[-177.925,51.617]]],[[[-176.093,51.79],[-176.204,51.835],[-176.194,51.886],[-176.009,51.812],[-176.093,51.79]]],[[[-176.35,51.733],[-176.396,51.76],[-176.414,51.841],[-176.379,51.861],[-176.287,51.792],[-176.35,51.733]]]]}},{"type":"Feature","properties":{"name":"Alabama","admin":"United States of America","iso_a2":"US","postal":"AL"},"geometry":{"type":"MultiPolygon","coordinates":[[[[-87.622,30.265],[-88.006,30.231],[-87.985,30.254],[-87.79,30.292],[-87.857,30.407],[-87.898,30.414],[-87.924,30.45],[-87.923,30.562],[-88.011,30.694],[-88.078,30.566],[-88.135,30.367],[-88.4,30.371],[-88.486,31.891],[-88.085,34.933],[-88.203,35.024],[-85.624,35.001],[-85.201,32.956],[-85.157,32.804],[-85.015,32.526],[-84.974,32.409],[-84.986,32.361],[-84.922,32.286],[-84.93,32.247],[-85.035,32.147],[-85.124,31.881],[-85.125,31.777],[-85.055,31.573],[-85.093,31.296],[-85.067,31.118],[-85.007,31.002],[-87.594,31.001],[-87.601,30.861],[-87.566,30.796],[-87.408,30.641],[-87.429,30.478],[-87.49,30.378],[-87.622,30.265]]],[[[-88.159,30.231],[-88.316,30.24],[-88.109,30.274],[-88.071,30.252],[-88.159,30.231]]]]}},{"type":"Feature","properties":{"name":"Arkansas","admin":"United States of America","iso_a2":"US","postal":"AR"},"geometry":{"type":"Polygon","coordinates":[[[-89.689,35.921],[-89.764,35.889],[-89.78,35.806],[-89.895,35.751],[-89.944,35.679],[-89.927,35.592],[-89.967,35.503],[-90.066,35.414],[-90.108,35.314],[-90.093,35.204],[-90.142,35.114],[-90.256,35.046],[-90.294,35.004],[-90.282,34.945],[-90.32,34.899],[-90.416,34.852],[-90.468,34.805],[-90.475,34.76],[-90.539,34.728],[-90.584,34.504],[-90.635,34.414],[-90.762,34.356],[-90.768,34.308],[-90.817,34.252],[-90.91,34.189],[-90.94,34.129],[-90.915,34.049],[-91.07,33.974],[-91.038,33.901],[-91.053,33.828],[-91.207,33.676],[-91.17,33.647],[-91.173,33.617],[-91.215,33.583],[-91.193,33.523],[-91.154,33.5],[-91.141,33.439],[-91.168,33.359],[-91.163,33.294],[-91.107,33.218],[-91.15,33.016],[-94.041,33.012],[-94.047,33.554],[-94.192,33.589],[-94.295,33.587],[-94.358,33.561],[-94.484,33.648],[-94.439,35.387],[-94.618,36.501],[-90.162,36.501],[-90.074,36.372],[-90.076,36.297],[-90.303,36.099],[-90.381,35.993],[-89.705,36.002],[-89.689,35.921]]]}},{"type":"Feature","properties":{"name":"Arizona","admin":"United States of America","iso_a2":"US","postal":"AZ"},"geometry":{"type":"Polygon","coordinates":[[[-111.042,31.324],[-114.836,32.508],[-114.788,32.565],[-114.721,32.724],[-114.582,32.735],[-114.516,32.773],[-114.478,32.842],[-114.469,32.912],[-114.491,32.984],[-114.551,33.037],[-114.648,33.072],[-114.704,33.17],[-114.719,33.331],[-114.702,33.418],[-114.603,33.47],[-114.522,33.608],[-114.499,33.686],[-114.509,33.904],[-114.418,34.051],[-114.329,34.142],[-114.126,34.287],[-114.159,34.355],[-114.371,34.488],[-114.398,34.59],[-114.557,34.795],[-114.611,34.907],[-114.591,35.353],[-114.662,35.545],[-114.645,35.631],[-114.677,35.73],[-114.687,35.917],[-114.741,36.014],[-114.716,36.085],[-114.669,36.122],[-114.505,36.156],[-114.406,36.148],[-114.232,36.032],[-114.183,36.03],[-114.119,36.077],[-114.043,36.182],[-114.04,37.004],[-109.047,37.001],[-109.048,31.328],[-111.042,31.324]]]}},{"type":"Feature","properties":{"name":"California","admin":"United States of America","iso_a2":"US","postal":"CA"},"geometry":{"type":"MultiPolygon","coordinates":[[[[-114.611,34.907],[-114.557,34.795],[-114.398,34.59],[-114.371,34.488],[-114.125,34.317],[-114.126,34.287],[-114.329,34.142],[-114.418,34.051],[-114.509,33.904],[-114.499,33.686],[-114.522,33.608],[-114.603,33.47],[-114.702,33.418],[-114.719,33.331],[-114.704,33.17],[-114.648,33.072],[-114.551,33.037],[-114.491,32.984],[-114.469,32.912],[-114.516,32.773],[-114.582,32.735],[-114.839,32.705],[-117.128,32.533],[-117.137,32.649],[-117.184,32.688],[-117.243,32.664],[-117.271,32.806],[-117.263,32.939],[-117.319,33.1],[-117.467,33.295],[-117.789,33.538],[-117.952,33.62],[-118.081,33.722],[-118.264,33.759],[-118.294,33.712],[-118.41,33.744],[-118.393,33.858],[-118.506,34.017],[-118.599,34.035],[-118.832,34.024],[-119.144,34.112],[-119.236,34.164],[-119.268,34.257],[-119.606,34.418],[-119.713,34.4],[-119.853,34.412],[-120.053,34.469],[-120.481,34.472],[-120.56,34.544],[-120.645,34.58],[-120.625,34.812],[-120.663,34.949],[-120.634,35.076],[-120.659,35.122],[-120.857,35.21],[-120.885,35.275],[-120.86,35.365],[-120.9,35.425],[-121.023,35.481],[-121.138,35.607],[-121.284,35.676],[-121.344,35.792],[-121.434,35.864],[-121.465,35.927],[-121.664,36.154],[-121.877,36.331],[-121.91,36.433],[-121.919,36.572],[-121.79,36.732],[-121.807,36.851],[-121.881,36.939],[-122.164,36.991],[-122.395,37.208],[-122.408,37.373],[-122.499,37.543],[-122.514,37.772],[-122.446,37.798],[-122.384,37.789],[-122.37,37.656],[-122.298,37.592],[-122.229,37.564],[-122.166,37.502],[-122.071,37.478],[-122.222,37.732],[-122.296,37.79],[-122.333,37.897],[-122.385,37.961],[-122.314,38.007],[-122.087,38.05],[-121.717,38.034],[-121.638,38.061],[-121.525,38.056],[-121.626,38.084],[-121.881,38.075],[-122.032,38.124],[-122.154,38.066],[-122.393,38.145],[-122.484,38.109],[-122.495,37.954],[-122.467,37.838],[-122.521,37.826],[-122.932,38.055],[-122.999,37.989],[-122.968,38.097],[-122.978,38.227],[-122.877,38.123],[-122.908,38.197],[-123.046,38.305],[-123.121,38.449],[-123.29,38.536],[-123.701,38.907],[-123.72,39.111],[-123.82,39.368],[-123.778,39.515],[-123.784,39.619],[-123.833,39.776],[-123.884,39.861],[-124.109,40.095],[-124.324,40.252],[-124.357,40.371],[-124.372,40.491],[-124.284,40.711],[-124.254,40.74],[-124.251,40.704],[-124.22,40.696],[-124.19,40.772],[-124.219,40.791],[-124.133,40.97],[-124.14,41.156],[-124.069,41.384],[-124.118,41.622],[-124.163,41.719],[-124.245,41.788],[-124.209,41.889],[-124.228,42.001],[-120.001,42.001],[-120.0,39.0],[-118.126,37.692],[-116.66,36.59],[-114.611,34.991],[-114.611,34.907]]],[[[-119.679,34.028],[-119.569,34.053],[-119.549,34.028],[-119.562,34.007],[-119.81,33.968],[-119.886,33.995],[-119.918,34.068],[-119.882,34.08],[-119.679,34.028]]],[[[-120.36,34.022],[-120.442,34.033],[-120.368,34.073],[-120.307,34.025],[-120.36,34.022]]],[[[-120.167,33.918],[-120.252,34.014],[-120.072,34.027],[-119.984,33.973],[-120.044,33.919],[-120.167,33.918]]],[[[-118.297,33.312],[-118.446,33.317],[-118.492,33.413],[-118.559,33.432],[-118.569,33.464],[-118.555,33.477],[-118.348,33.386],[-118.297,33.312]]],[[[-119.544,33.225],[-119.575,33.278],[-119.479,33.275],[-119.438,33.217],[-119.544,33.225]]],[[[-118.473,32.839],[-118.59,33.011],[-118.557,33.033],[-118.507,32.96],[-118.35,32.828],[-118.473,32.839]]]]}},{"type":"Feature","properties":{"name":"Colorado","admin":"United States of America","iso_a2":"US","postal":"CO"},"geometry":{"type":"Polygon","coordinates":[[[-109.046,41.001],[-102.025,41.001],[-102.013,37.001],[-109.047,37.001],[-109.046,41.001]]]}},{"type":"Feature","properties":{"name":"Connecticut","admin":"United States of America","iso_a2":"US","postal":"CT"},"geometry":{"type":"Polygon","coordinates":[[[-71.796,41.52],[-71.805,41.417],[-71.842,41.336],[-72.265,41.292],[-72.371,41.312],[-72.479,41.276],[-72.847,41.266],[-72.925,41.285],[-73.024,41.216],[-73.182,41.176],[-73.63,40.992],[-73.723,41.105],[-73.484,41.219],[-73.545,41.296],[-73.481,42.056],[-72.808,42.034],[-72.806,42.008],[-72.763,42.011],[-72.758,42.034],[-71.801,42.012],[-71.796,41.52]]]}},{"type":"Feature","properties":{"name":"District of Columbia","admin":"United States of America","iso_a2":"US","postal":"DC"},"geometry":{"type":"Polygon","coordinates":[[[-77.122,38.944],[-77.042,39.012],[-76.931,38.888],[-77.02,38.807],[-77.03,38.889],[-77.122,38.944]]]}},{"type":"Feature","properties":{"name":"Delaware","admin":"United States of America","iso_a2":"US","postal":"DE"},"geometry":{"type":"Polygon","coordinates":[[[-75.707,38.455],[-75.785,39.722],[-75.677,39.827],[-75.51,39.843],[-75.421,39.815],[-75.588,39.641],[-75.574,39.477],[-75.413,39.281],[-75.392,39.093],[-75.31,38.967],[-75.185,38.819],[-75.089,38.778],[-75.084,38.723],[-75.128,38.632],[-75.187,38.591],[-75.111,38.599],[-75.073,38.579],[-75.038,38.456],[-75.707,38.455]]]}},{"type":"Feature","properties":{"name":"Florida","admin":"United States of America","iso_a2":"US","postal":"FL"},"geometry":{"type":"MultiPolygon","coordinates":[[[[-87.429,30.478],[-87.408,30.641],[-87.566,30.796],[-87.601,30.861],[-87.594,31.001],[-85.007,31.002],[-84.884,30.721],[-82.24,30.566],[-82.194,30.393],[-82.112,30.371],[-82.062,30.405],[-82.03,30.478],[-82.038,30.732],[-81.957,30.814],[-81.673,30.74],[-81.504,30.731],[-81.457,30.641],[-81.386,30.27],[-81.25,29.794],[-81.105,29.457],[-80.9,29.05],[-80.524,28.486],[-80.568,28.426],[-80.585,28.272],[-80.573,28.181],[-80.457,27.901],[-80.5,27.934],[-80.61,28.178],[-80.607,28.523],[-80.633,28.518],[-80.665,28.375],[-80.693,28.345],[-80.732,28.463],[-80.729,28.516],[-80.688,28.579],[-80.766,28.633],[-80.771,28.732],[-80.838,28.758],[-80.749,28.381],[-80.226,27.207],[-80.126,27.083],[-80.089,26.994],[-80.05,26.808],[-80.041,26.569],[-80.111,26.132],[-80.126,25.834],[-80.159,25.878],[-80.301,25.619],[-80.328,25.427],[-80.367,25.331],[-80.485,25.23],[-80.558,25.232],[-80.737,25.156],[-80.862,25.176],[-81.012,25.133],[-81.11,25.138],[-81.167,25.229],[-81.136,25.31],[-81.098,25.319],[-80.965,25.224],[-80.94,25.264],[-80.98,25.312],[-81.113,25.367],[-81.227,25.583],[-81.345,25.732],[-81.365,25.831],[-81.568,25.892],[-81.716,25.983],[-81.811,26.146],[-81.867,26.435],[-81.959,26.49],[-81.829,26.687],[-81.921,26.631],[-81.97,26.552],[-82.04,26.552],[-82.078,26.704],[-82.067,26.892],[-82.013,26.962],[-82.181,26.937],[-82.181,26.84],[-82.29,26.871],[-82.441,27.06],[-82.62,27.401],[-82.715,27.5],[-82.636,27.525],[-82.401,27.835],[-82.446,27.903],[-82.498,27.868],[-82.58,27.958],[-82.636,27.981],[-82.675,27.964],[-82.597,27.873],[-82.611,27.777],[-82.661,27.718],[-82.715,27.733],[-82.743,27.709],[-82.844,27.846],[-82.749,28.237],[-82.661,28.486],[-82.651,28.887],[-82.769,29.052],[-83.29,29.452],[-83.694,29.926],[-84.044,30.104],[-84.31,30.065],[-84.356,30.029],[-84.375,29.982],[-84.359,29.929],[-84.383,29.907],[-84.55,29.898],[-84.801,29.773],[-84.889,29.778],[-85.029,29.721],[-85.319,29.68],[-85.376,29.695],[-85.414,29.768],[-85.414,29.842],[-85.336,29.74],[-85.315,29.758],[-85.307,29.798],[-85.354,29.876],[-85.676,30.122],[-85.623,30.117],[-85.61,30.148],[-85.663,30.189],[-85.604,30.287],[-85.741,30.244],[-85.756,30.167],[-86.175,30.333],[-86.454,30.399],[-86.24,30.429],[-86.124,30.406],[-86.166,30.464],[-86.257,30.493],[-86.448,30.496],[-86.68,30.403],[-87.201,30.339],[-87.124,30.397],[-86.986,30.431],[-86.965,30.502],[-86.998,30.57],[-87.072,30.5],[-87.119,30.539],[-87.171,30.539],[-87.185,30.454],[-87.281,30.339],[-87.476,30.294],[-87.501,30.309],[-87.444,30.364],[-87.448,30.394],[-87.49,30.378],[-87.429,30.478]]],[[[-85.008,29.607],[-85.117,29.633],[-85.001,29.627],[-84.737,29.732],[-85.008,29.607]]],[[[-80.171,27.205],[-80.376,27.643],[-80.437,27.851],[-80.396,27.795],[-80.171,27.205]]],[[[-82.085,26.494],[-82.169,26.701],[-82.121,26.666],[-82.085,26.494]]],[[[-82.073,26.428],[-82.145,26.447],[-82.184,26.481],[-82.201,26.548],[-82.116,26.461],[-82.037,26.454],[-82.073,26.428]]],[[[-80.581,24.954],[-80.456,25.149],[-80.355,25.234],[-80.351,25.297],[-80.257,25.348],[-80.382,25.142],[-80.581,24.954]]],[[[-80.665,24.898],[-80.615,24.938],[-80.638,24.903],[-80.665,24.898]]],[[[-80.848,24.804],[-80.799,24.846],[-80.785,24.835],[-80.848,24.804]]],[[[-81.09,24.693],[-81.137,24.711],[-80.93,24.759],[-81.09,24.693]]],[[[-81.379,24.636],[-81.42,24.75],[-81.322,24.685],[-81.335,24.65],[-81.379,24.636]]],[[[-81.632,24.59],[-81.579,24.629],[-81.562,24.689],[-81.532,24.614],[-81.632,24.59]]],[[[-81.811,24.558],[-81.739,24.575],[-81.74,24.555],[-81.811,24.558]]]]}},{"type":"Feature","properties":{"name":"Georgia","admin":"United States of America","iso_a2":"US","postal":"GA"},"geometry":{"type":"MultiPolygon","coordinates":[[[[-85.067,31.118],[-85.093,31.296],[-85.055,31.573],[-85.125,31.777],[-85.124,31.881],[-85.035,32.147],[-84.93,32.247],[-84.922,32.286],[-84.986,32.361],[-84.974,32.409],[-85.015,32.526],[-85.157,32.804],[-85.201,32.956],[-85.624,35.001],[-83.115,35.001],[-83.317,34.806],[-83.356,34.708],[-83.053,34.511],[-82.848,34.437],[-82.589,34.017],[-82.352,33.838],[-82.257,33.749],[-82.208,33.664],[-82.006,33.523],[-81.936,33.447],[-81.909,33.349],[-81.864,33.325],[-81.78,33.195],[-81.699,33.127],[-81.578,33.069],[-81.49,32.936],[-81.377,32.607],[-81.29,32.557],[-81.172,32.38],[-81.133,32.275],[-81.135,32.182],[-81.075,32.11],[-80.872,32.03],[-80.923,31.945],[-81.113,31.879],[-81.066,31.788],[-81.198,31.704],[-81.17,31.61],[-81.242,31.574],[-81.259,31.539],[-81.175,31.531],[-81.295,31.371],[-81.381,31.353],[-81.288,31.264],[-81.365,31.172],[-81.442,31.2],[-81.471,31.009],[-81.52,30.875],[-81.504,30.731],[-81.673,30.74],[-81.957,30.814],[-82.038,30.732],[-82.03,30.478],[-82.062,30.405],[-82.112,30.371],[-82.194,30.393],[-82.24,30.566],[-84.884,30.721],[-85.067,31.118]]],[[[-81.463,30.728],[-81.485,30.898],[-81.419,30.971],[-81.463,30.728]]]]}},{"type":"Feature","properties":{"name":"Hawaii","admin":"United States of America","iso_a2":"US","postal":"HI"},"geometry":{"type":"MultiPolygon","coordinates":[[[[-177.39,28.196],[-177.354,28.217],[-177.362,28.207],[-177.39,28.196]]],[[[-159.461,21.876],[-159.609,21.91],[-159.646,21.952],[-159.748,21.99],[-159.789,22.042],[-159.727,22.14],[-159.579,22.223],[-159.352,22.22],[-159.305,22.154],[-159.301,22.105],[-159.373,21.932],[-159.461,21.876]]],[[[-160.2,21.797],[-160.235,21.804],[-160.221,21.897],[-160.101,22.015],[-160.049,22.005],[-160.08,21.907],[-160.153,21.879],[-160.2,21.797]]],[[[-157.721,21.458],[-157.706,21.378],[-157.635,21.308],[-157.799,21.269],[-157.902,21.341],[-157.958,21.327],[-157.978,21.378],[-158.017,21.368],[-157.981,21.316],[-158.11,21.319],[-158.239,21.489],[-158.239,21.533],[-158.273,21.585],[-158.123,21.6],[-158.02,21.692],[-157.962,21.701],[-157.851,21.553],[-157.83,21.471],[-157.721,21.458]]],[[[-156.952,21.2],[-156.917,21.177],[-156.712,21.155],[-156.748,21.104],[-156.86,21.056],[-157.021,21.098],[-157.29,21.113],[-157.25,21.23],[-156.952,21.2]]],[[[-156.461,20.915],[-156.278,20.951],[-156.148,20.885],[-155.99,20.757],[-156.107,20.645],[-156.31,20.599],[-156.409,20.605],[-156.438,20.618],[-156.48,20.801],[-156.544,20.79],[-156.615,20.822],[-156.69,20.901],[-156.698,20.949],[-156.657,21.025],[-156.585,21.034],[-156.461,20.915]]],[[[-156.909,20.744],[-156.973,20.758],[-156.988,20.826],[-157.051,20.912],[-156.942,20.93],[-156.881,20.905],[-156.809,20.831],[-156.85,20.773],[-156.909,20.744]]],[[[-155.626,18.964],[-155.681,18.968],[-155.881,19.071],[-155.906,19.126],[-155.891,19.383],[-156.049,19.75],[-155.82,20.014],[-155.893,20.167],[-155.874,20.26],[-155.832,20.276],[-155.622,20.163],[-155.199,19.994],[-155.086,19.876],[-155.066,19.748],[-154.989,19.732],[-154.953,19.645],[-154.804,19.524],[-154.85,19.454],[-155.053,19.319],[-155.31,19.26],[-155.535,19.109],[-155.626,18.964]]]]}},{"type":"Feature","properties":{"name":"Iowa","admin":"United States of America","iso_a2":"US","postal":"IA"},"geometry":{"type":"Polygon","coordinates":[[[-91.682,40.552],[-91.732,40.625],[-95.765,40.602],[-95.859,40.745],[-95.834,40.889],[-95.847,41.08],[-95.871,41.188],[-95.907,41.212],[-95.911,41.245],[-95.884,41.288],[-95.95,41.367],[-95.944,41.461],[-95.982,41.474],[-96.011,41.538],[-96.059,41.546],[-96.087,41.821],[-96.131,41.872],[-96.154,41.965],[-96.201,42.036],[-96.295,42.133],[-96.356,42.26],[-96.384,42.418],[-96.451,42.506],[-96.481,42.511],[-96.539,42.659],[-96.622,42.73],[-96.616,42.791],[-96.563,42.859],[-96.461,43.13],[-96.49,43.206],[-96.563,43.243],[-96.57,43.283],[-96.535,43.338],[-96.599,43.498],[-91.245,43.502],[-91.219,43.395],[-91.117,43.331],[-91.107,43.278],[-91.148,43.2],[-91.161,43.102],[-91.118,42.882],[-91.07,42.789],[-90.96,42.72],[-90.789,42.677],[-90.688,42.61],[-90.657,42.521],[-90.59,42.445],[-90.485,42.383],[-90.347,42.215],[-90.168,42.1],[-90.152,41.982],[-90.218,41.813],[-90.276,41.77],[-90.348,41.632],[-90.437,41.56],[-90.587,41.495],[-90.939,41.426],[-91.048,41.369],[-91.082,41.28],[-91.067,41.206],[-90.964,41.083],[-90.954,41.016],[-91.102,40.75],[-91.215,40.65],[-91.339,40.604],[-91.394,40.537],[-91.391,40.397],[-91.442,40.379],[-91.682,40.552]]]}},{"type":"Feature","properties":{"name":"Idaho","admin":"United States of America","iso_a2":"US","postal":"ID"},"geometry":{"type":"Polygon","coordinates":[[[-116.048,48.993],[-116.049,48.005],[-115.718,47.681],[-115.691,47.607],[-115.711,47.553],[-115.67,47.498],[-115.713,47.447],[-115.307,47.231],[-114.936,46.923],[-114.887,46.845],[-114.754,46.735],[-114.662,46.746],[-114.624,46.678],[-114.563,46.65],[-114.337,46.659],[-114.332,46.601],[-114.387,46.5],[-114.38,46.453],[-114.444,46.271],[-114.447,46.199],[-114.485,46.158],[-114.464,46.11],[-114.478,46.036],[-114.416,45.982],[-114.397,45.891],[-114.523,45.815],[-114.534,45.782],[-114.496,45.686],[-114.533,45.633],[-114.529,45.576],[-114.298,45.488],[-114.117,45.579],[-114.006,45.658],[-113.992,45.693],[-113.802,45.601],[-113.8,45.54],[-113.766,45.503],[-113.697,45.305],[-113.447,45.029],[-113.461,44.904],[-113.339,44.808],[-113.234,44.81],[-113.141,44.765],[-113.063,44.665],[-113.0,44.48],[-112.854,44.398],[-112.816,44.406],[-112.787,44.463],[-112.716,44.498],[-112.375,44.47],[-112.32,44.533],[-112.231,44.561],[-111.5,44.545],[-111.475,44.565],[-111.491,44.624],[-111.448,44.711],[-111.373,44.746],[-111.304,44.723],[-111.161,44.556],[-111.051,44.499],[-111.05,42.001],[-117.017,42.001],[-117.02,43.813],[-116.958,43.964],[-116.944,44.038],[-116.961,44.079],[-116.911,44.157],[-116.912,44.199],[-116.953,44.245],[-117.14,44.29],[-117.197,44.344],[-117.202,44.436],[-117.119,44.578],[-116.856,44.906],[-116.84,44.985],[-116.549,45.457],[-116.477,45.641],[-116.521,45.722],[-116.869,45.958],[-116.93,46.056],[-116.948,46.124],[-116.922,46.164],[-116.943,46.232],[-117.039,46.397],[-117.039,48.993],[-116.048,48.993]]]}},{"type":"Feature","properties":{"name":"Illinois","admin":"United States of America","iso_a2":"US","postal":"IL"},"geometry":{"type":"Polygon","coordinates":[[[-91.391,40.397],[-91.394,40.537],[-91.339,40.604],[-91.215,40.65],[-91.102,40.75],[-90.954,41.016],[-90.964,41.083],[-91.067,41.206],[-91.082,41.28],[-91.048,41.369],[-90.939,41.426],[-90.587,41.495],[-90.437,41.56],[-90.348,41.632],[-90.319,41.71],[-90.177,41.884],[-90.152,41.982],[-90.168,42.1],[-90.347,42.215],[-90.41,42.272],[-90.425,42.326],[-90.651,42.513],[-87.039,42.493],[-87.221,41.761],[-87.521,41.761],[-87.533,39.375],[-87.611,39.291],[-87.615,39.193],[-87.647,39.169],[-87.53,38.909],[-87.529,38.742],[-87.681,38.488],[-87.735,38.47],[-87.873,38.295],[-87.921,38.298],[-87.98,38.249],[-87.949,38.178],[-87.958,38.144],[-88.006,38.113],[-87.99,38.089],[-88.045,38.013],[-88.042,37.937],[-88.095,37.876],[-88.042,37.789],[-88.129,37.7],[-88.14,37.621],[-88.108,37.534],[-88.191,37.465],[-88.495,37.364],[-88.507,37.324],[-88.446,37.12],[-88.472,37.088],[-88.873,37.186],[-89.046,37.183],[-89.135,37.102],[-89.165,37.042],[-89.154,36.992],[-89.272,37.08],[-89.301,37.012],[-89.414,37.102],[-89.487,37.213],[-89.503,37.301],[-89.462,37.366],[-89.462,37.434],[-89.523,37.576],[-89.523,37.645],[-89.623,37.747],[-89.823,37.884],[-90.174,38.069],[-90.366,38.254],[-90.374,38.31],[-90.317,38.458],[-90.134,38.847],[-90.22,38.898],[-90.478,38.948],[-90.577,38.91],[-90.664,38.987],[-90.737,39.182],[-90.919,39.387],[-91.379,39.749],[-91.426,39.827],[-91.502,40.098],[-91.5,40.226],[-91.442,40.379],[-91.391,40.397]]]}},{"type":"Feature","properties":{"name":"Indiana","admin":"United States of America","iso_a2":"US","postal":"IN"},"geometry":{"type":"Polygon","coordinates":[[[-88.095,37.876],[-88.042,37.937],[-88.045,38.013],[-87.99,38.089],[-88.006,38.113],[-87.958,38.144],[-87.949,38.178],[-87.98,38.249],[-87.921,38.298],[-87.873,38.295],[-87.735,38.47],[-87.681,38.488],[-87.529,38.742],[-87.518,38.812],[-87.53,38.909],[-87.647,39.169],[-87.615,39.193],[-87.611,39.291],[-87.533,39.375],[-87.521,41.761],[-84.796,41.76],[-84.822,39.092],[-84.861,39.04],[-84.835,38.996],[-84.864,38.933],[-84.79,38.868],[-84.801,38.819],[-85.17,38.69],[-85.307,38.737],[-85.405,38.73],[-85.445,38.683],[-85.425,38.597],[-85.459,38.53],[-85.546,38.484],[-85.706,38.301],[-85.788,38.285],[-85.855,38.215],[-85.961,38.014],[-86.021,37.984],[-86.208,38.037],[-86.268,38.083],[-86.315,38.164],[-86.361,38.179],[-86.365,38.145],[-86.457,38.12],[-86.448,38.086],[-86.5,38.048],[-86.549,37.917],[-86.599,37.875],[-86.673,37.889],[-86.77,37.96],[-86.869,37.976],[-86.969,37.938],[-87.094,37.821],[-87.141,37.805],[-87.372,37.923],[-87.457,37.938],[-87.518,37.922],[-87.587,37.956],[-87.615,37.849],[-87.643,37.833],[-87.714,37.9],[-87.77,37.885],[-87.874,37.916],[-87.906,37.902],[-87.912,37.818],[-87.938,37.794],[-88.042,37.789],[-88.095,37.876]]]}},{"type":"Feature","properties":{"name":"Kansas","admin":"United States of America","iso_a2":"US","postal":"KS"},"geometry":{"type":"Polygon","coordinates":[[[-102.024,40.001],[-95.347,40.001],[-95.116,39.872],[-94.984,39.891],[-94.93,39.861],[-94.893,39.782],[-94.899,39.741],[-94.946,39.739],[-95.005,39.692],[-95.075,39.597],[-95.058,39.509],[-94.953,39.426],[-94.882,39.343],[-94.847,39.259],[-94.778,39.194],[-94.622,39.124],[-94.618,37.001],[-102.013,37.001],[-102.024,40.001]]]}},{"type":"Feature","properties":{"name":"Kentucky","admin":"United States of America","iso_a2":"US","postal":"KY"},"geometry":{"type":"MultiPolygon","coordinates":[[[[-89.165,37.042],[-89.135,37.102],[-89.046,37.183],[-88.873,37.186],[-88.472,37.088],[-88.446,37.12],[-88.507,37.324],[-88.495,37.364],[-88.191,37.465],[-88.108,37.534],[-88.14,37.621],[-88.129,37.7],[-88.022,37.8],[-87.938,37.794],[-87.912,37.818],[-87.892,37.913],[-87.77,37.885],[-87.714,37.9],[-87.643,37.833],[-87.615,37.849],[-87.587,37.956],[-87.518,37.922],[-87.457,37.938],[-87.372,37.923],[-87.141,37.805],[-87.094,37.821],[-86.969,37.938],[-86.869,37.976],[-86.77,37.96],[-86.673,37.889],[-86.599,37.875],[-86.549,37.917],[-86.5,38.048],[-86.448,38.086],[-86.457,38.12],[-86.365,38.145],[-86.361,38.179],[-86.315,38.164],[-86.268,38.083],[-86.208,38.037],[-86.021,37.984],[-85.961,38.014],[-85.855,38.215],[-85.788,38.285],[-85.706,38.301],[-85.546,38.484],[-85.459,38.53],[-85.425,38.597],[-85.445,38.683],[-85.405,38.73],[-85.307,38.737],[-85.17,38.69],[-84.801,38.819],[-84.79,38.868],[-84.864,38.933],[-84.835,38.996],[-84.861,39.04],[-84.837,39.083],[-84.766,39.125],[-84.707,39.129],[-84.661,39.094],[-84.595,39.086],[-84.43,39.091],[-84.29,38.975],[-84.227,38.865],[-84.113,38.798],[-83.828,38.731],[-83.69,38.65],[-83.538,38.7],[-83.357,38.627],[-83.203,38.639],[-83.0,38.714],[-82.88,38.71],[-82.845,38.628],[-82.758,38.541],[-82.589,38.42],[-82.578,38.272],[-82.618,38.15],[-82.482,37.984],[-82.394,37.828],[-82.28,37.687],[-82.103,37.571],[-81.965,37.54],[-82.343,37.297],[-82.682,37.138],[-82.732,37.048],[-82.895,36.906],[-83.044,36.846],[-83.15,36.762],[-83.566,36.653],[-83.73,36.587],[-86.508,36.665],[-87.839,36.644],[-87.869,36.675],[-88.096,36.693],[-88.057,36.59],[-88.059,36.5],[-89.45,36.5],[-89.397,36.588],[-89.331,36.616],[-89.256,36.594],[-89.203,36.626],[-89.13,36.811],[-89.122,36.912],[-89.165,37.042]]],[[[-89.557,36.501],[-89.55,36.553],[-89.52,36.555],[-89.487,36.503],[-89.557,36.501]]]]}},{"type":"Feature","properties":{"name":"Louisiana","admin":"United States of America","iso_a2":"US","postal":"LA"},"geometry":{"type":"MultiPolygon","coordinates":[[[[-91.15,33.016],[-91.144,32.967],[-91.096,32.938],[-91.136,32.756],[-91.092,32.726],[-91.15,32.625],[-91.101,32.541],[-91.104,32.49],[-91.059,32.424],[-90.945,32.331],[-90.938,32.277],[-90.948,32.24],[-91.075,32.131],[-91.093,32.046],[-91.157,31.971],[-91.286,31.884],[-91.373,31.774],[-91.459,31.555],[-91.506,31.519],[-91.529,31.345],[-91.559,31.288],[-91.618,31.277],[-91.631,31.218],[-91.596,31.11],[-91.656,31.002],[-89.735,31.001],[-89.835,30.731],[-89.82,30.611],[-89.686,30.463],[-89.592,30.223],[-89.521,30.193],[-89.588,30.166],[-89.954,30.269],[-90.045,30.351],[-90.225,30.379],[-90.332,30.278],[-90.413,30.14],[-90.175,30.029],[-89.994,30.059],[-89.894,30.126],[-89.812,30.124],[-89.737,30.172],[-89.668,30.145],[-89.665,30.117],[-89.815,30.007],[-89.744,29.93],[-89.632,29.904],[-89.59,29.915],[-89.563,30.002],[-89.494,30.058],[-89.401,30.046],[-89.414,30.011],[-89.358,29.921],[-89.354,29.82],[-89.531,29.772],[-89.591,29.725],[-89.559,29.698],[-89.683,29.675],[-89.721,29.619],[-89.675,29.539],[-89.514,29.42],[-89.246,29.333],[-89.181,29.336],[-89.117,29.248],[-89.016,29.203],[-89.021,29.143],[-89.11,29.099],[-89.156,29.017],[-89.236,29.081],[-89.376,28.981],[-89.354,29.07],[-89.443,29.194],[-89.62,29.302],[-89.792,29.333],[-89.818,29.416],[-89.877,29.458],[-90.159,29.537],[-90.141,29.48],[-90.052,29.431],[-90.053,29.337],[-90.136,29.136],[-90.213,29.105],[-90.247,29.131],[-90.302,29.256],[-90.379,29.295],[-90.503,29.3],[-90.586,29.272],[-90.678,29.151],[-90.751,29.131],[-91.29,29.289],[-91.283,29.321],[-91.237,29.331],[-91.151,29.318],[-91.244,29.457],[-91.249,29.564],[-91.331,29.514],[-91.514,29.555],[-91.672,29.746],[-91.824,29.751],[-91.893,29.836],[-92.017,29.8],[-92.135,29.699],[-92.059,29.617],[-92.084,29.593],[-92.261,29.557],[-92.671,29.597],[-93.176,29.779],[-93.695,29.77],[-93.826,29.725],[-93.866,29.756],[-93.884,29.81],[-93.809,29.851],[-93.773,29.914],[-93.769,29.952],[-93.794,29.977],[-93.711,30.113],[-93.721,30.283],[-93.75,30.345],[-93.715,30.473],[-93.72,30.558],[-93.579,30.824],[-93.549,30.948],[-93.563,31.005],[-93.531,31.046],[-93.558,31.18],[-93.666,31.323],[-93.664,31.372],[-93.736,31.478],[-93.738,31.514],[-93.807,31.569],[-93.846,31.793],[-93.905,31.877],[-94.043,31.999],[-94.041,33.012],[-91.15,33.016]]],[[[-89.22,30.038],[-89.342,30.063],[-89.185,30.169],[-89.224,30.084],[-89.22,30.038]]],[[[-88.856,29.776],[-88.828,29.928],[-88.867,30.057],[-88.813,29.933],[-88.827,29.808],[-88.856,29.776]]],[[[-88.944,29.66],[-88.873,29.753],[-88.889,29.713],[-88.944,29.66]]],[[[-91.831,29.486],[-91.996,29.573],[-92.007,29.61],[-91.875,29.641],[-91.754,29.567],[-91.794,29.501],[-91.831,29.486]]]]}},{"type":"Feature","properties":{"name":"Massachusetts","admin":"United States of America","iso_a2":"US","postal":"MA"},"geometry":{"type":"MultiPolygon","coordinates":[[[[-72.758,42.034],[-72.763,42.011],[-72.806,42.008],[-72.808,42.034],[-73.481,42.056],[-73.507,42.08],[-73.253,42.752],[-71.33,42.702],[-70.974,42.872],[-70.806,42.877],[-70.829,42.825],[-70.781,42.721],[-70.736,42.669],[-70.624,42.672],[-70.613,42.623],[-70.831,42.553],[-71.046,42.331],[-70.738,42.229],[-70.618,42.04],[-70.656,41.987],[-70.549,41.939],[-70.515,41.803],[-70.427,41.757],[-70.295,41.729],[-70.001,41.826],[-70.006,41.872],[-70.11,42.03],[-70.173,42.063],[-70.196,42.035],[-70.241,42.091],[-70.109,42.078],[-69.978,41.961],[-69.934,41.71],[-69.949,41.677],[-70.405,41.627],[-70.481,41.582],[-70.657,41.534],[-70.666,41.71],[-70.701,41.715],[-70.974,41.549],[-71.08,41.538],[-71.169,41.489],[-71.204,41.641],[-71.149,41.746],[-71.234,41.707],[-71.341,41.798],[-71.338,41.891],[-71.379,41.902],[-71.387,42.017],[-72.758,42.034]]],[[[-70.785,41.327],[-70.829,41.359],[-70.76,41.374],[-70.674,41.449],[-70.616,41.457],[-70.525,41.415],[-70.51,41.376],[-70.785,41.327]]],[[[-70.055,41.249],[-70.233,41.286],[-70.063,41.328],[-70.041,41.397],[-69.978,41.266],[-70.055,41.249]]]]}},{"type":"Feature","properties":{"name":"Maryland","admin":"United States of America","iso_a2":"US","postal":"MD"},"geometry":{"type":"MultiPolygon","coordinates":[[[[-77.02,38.807],[-76.931,38.888],[-77.042,39.012],[-77.122,38.944],[-77.301,39.053],[-77.481,39.113],[-77.506,39.143],[-77.479,39.221],[-77.739,39.354],[-77.762,39.429],[-77.792,39.442],[-77.78,39.488],[-77.872,39.576],[-77.855,39.6],[-78.027,39.631],[-78.098,39.678],[-78.181,39.686],[-78.407,39.628],[-78.496,39.533],[-78.678,39.55],[-78.742,39.578],[-78.746,39.614],[-78.778,39.627],[-78.815,39.57],[-78.971,39.454],[-79.075,39.476],[-79.294,39.312],[-79.488,39.211],[-79.477,39.723],[-75.785,39.722],[-75.707,38.455],[-75.038,38.456],[-75.039,38.426],[-75.074,38.366],[-75.073,38.41],[-75.09,38.425],[-75.117,38.406],[-75.16,38.255],[-75.225,38.242],[-75.376,38.025],[-75.62,37.999],[-75.659,37.954],[-75.851,37.972],[-75.795,38.087],[-75.928,38.169],[-75.864,38.261],[-75.877,38.319],[-75.859,38.362],[-75.967,38.291],[-75.986,38.332],[-76.051,38.28],[-76.212,38.361],[-76.295,38.495],[-76.264,38.6],[-76.198,38.619],[-76.001,38.602],[-76.175,38.707],[-76.213,38.758],[-76.278,38.772],[-76.341,38.71],[-76.3,38.818],[-76.168,38.853],[-76.191,38.916],[-76.241,38.943],[-76.331,38.909],[-76.33,38.953],[-76.313,39.009],[-76.186,38.991],[-76.135,39.082],[-76.133,39.123],[-76.217,39.064],[-76.236,39.192],[-76.153,39.315],[-76.074,39.369],[-75.876,39.376],[-76.003,39.411],[-75.873,39.511],[-75.97,39.505],[-75.959,39.585],[-76.063,39.561],[-76.097,39.433],[-76.141,39.403],[-76.216,39.38],[-76.248,39.439],[-76.276,39.323],[-76.331,39.404],[-76.359,39.325],[-76.406,39.304],[-76.421,39.225],[-76.57,39.269],[-76.489,39.159],[-76.428,39.126],[-76.42,39.074],[-76.473,39.031],[-76.559,39.065],[-76.494,38.945],[-76.52,38.898],[-76.537,38.743],[-76.501,38.532],[-76.394,38.369],[-76.439,38.362],[-76.572,38.436],[-76.677,38.612],[-76.669,38.538],[-76.642,38.454],[-76.409,38.268],[-76.333,38.141],[-76.341,38.087],[-76.454,38.174],[-76.769,38.263],[-76.868,38.39],[-76.89,38.292],[-76.988,38.394],[-77.001,38.445],[-77.077,38.442],[-77.156,38.397],[-77.233,38.408],[-77.242,38.495],[-77.221,38.541],[-77.135,38.65],[-77.054,38.706],[-77.018,38.778],[-77.03,38.889],[-77.02,38.807]]],[[[-75.252,38.037],[-75.098,38.298],[-75.136,38.181],[-75.226,38.04],[-75.252,38.037]]]]}},{"type":"Feature","properties":{"name":"Maine","admin":"United States of America","iso_a2":"US","postal":"ME"},"geometry":{"type":"MultiPolygon","coordinates":[[[[-69.003,47.236],[-68.829,47.203],[-68.377,47.316],[-68.358,47.345],[-68.235,47.346],[-67.807,47.083],[-67.785,45.953],[-67.767,45.927],[-67.802,45.728],[-67.596,45.621],[-67.433,45.603],[-67.424,45.53],[-67.488,45.501],[-67.494,45.474],[-67.428,45.378],[-67.473,45.276],[-67.367,45.174],[-67.315,45.154],[-67.25,45.201],[-67.125,45.169],[-67.08,44.989],[-67.114,44.944],[-67.107,44.885],[-67.014,44.868],[-66.987,44.828],[-67.191,44.676],[-67.364,44.697],[-67.556,44.645],[-67.599,44.577],[-67.653,44.562],[-67.839,44.576],[-67.907,44.454],[-67.963,44.464],[-67.985,44.42],[-68.057,44.384],[-68.117,44.491],[-68.152,44.502],[-68.277,44.507],[-68.374,44.445],[-68.451,44.508],[-68.521,44.38],[-68.533,44.259],[-68.612,44.311],[-68.723,44.342],[-68.812,44.339],[-68.794,44.382],[-68.71,44.443],[-68.795,44.454],[-68.763,44.571],[-68.847,44.485],[-68.961,44.434],[-68.956,44.348],[-69.064,44.172],[-69.068,44.098],[-69.226,43.986],[-69.345,44.001],[-69.521,43.897],[-69.557,43.983],[-69.59,43.887],[-69.624,43.881],[-69.653,43.994],[-69.699,43.955],[-69.73,43.852],[-69.795,43.911],[-69.808,43.772],[-69.873,43.82],[-69.974,43.788],[-69.965,43.855],[-70.062,43.835],[-70.179,43.766],[-70.269,43.672],[-70.203,43.626],[-70.521,43.349],[-70.642,43.134],[-70.733,43.07],[-70.813,43.164],[-70.829,43.239],[-70.92,43.328],[-70.968,43.458],[-71.085,45.294],[-71.0,45.337],[-70.96,45.333],[-70.898,45.262],[-70.865,45.271],[-70.837,45.311],[-70.838,45.366],[-70.799,45.405],[-70.69,45.428],[-70.702,45.551],[-70.596,45.644],[-70.421,45.738],[-70.408,45.802],[-70.296,45.906],[-70.305,46.057],[-70.248,46.251],[-70.067,46.441],[-70.008,46.709],[-69.359,47.351],[-69.243,47.463],[-69.05,47.427],[-69.054,47.295],[-69.003,47.236]]],[[[-68.309,44.322],[-68.315,44.25],[-68.412,44.294],[-68.409,44.364],[-68.299,44.457],[-68.238,44.438],[-68.187,44.332],[-68.309,44.322]]],[[[-68.702,44.183],[-68.703,44.232],[-68.677,44.256],[-68.623,44.196],[-68.702,44.183]]]]}},{"type":"Feature","properties":{"name":"Michigan","admin":"United States of America","iso_a2":"US","postal":"MI"},"geometry":{"type":"Polygon","coordinates":[[[-89.273,48.02],[-88.612,48.264],[-88.378,48.303],[-88.161,48.225],[-84.876,46.9],[-84.779,46.637],[-84.562,46.457],[-84.502,46.462],[-84.402,46.516],[-84.149,46.543],[-84.125,46.527],[-84.15,46.445],[-84.088,46.227],[-83.978,46.085],[-83.913,46.073],[-83.616,46.117],[-83.48,46.024],[-83.469,45.995],[-83.593,45.817],[-82.551,45.347],[-82.138,43.571],[-82.408,43.073],[-82.488,42.74],[-82.545,42.625],[-82.868,42.385],[-83.073,42.3],[-83.11,42.251],[-83.15,42.142],[-83.142,41.976],[-83.122,41.95],[-83.464,41.739],[-84.796,41.701],[-84.796,41.76],[-87.221,41.761],[-87.039,42.493],[-87.155,43.327],[-87.142,43.658],[-87.032,44.091],[-86.715,44.846],[-86.536,45.041],[-86.265,45.227],[-86.774,45.452],[-87.115,45.452],[-87.244,45.29],[-87.42,45.184],[-87.46,45.068],[-87.654,45.122],[-87.719,45.201],[-87.721,45.243],[-87.664,45.371],[-87.842,45.361],[-87.875,45.385],[-87.795,45.596],[-87.809,45.686],[-87.923,45.76],[-88.116,45.816],[-88.096,45.878],[-88.152,45.945],[-88.493,46.014],[-88.837,46.037],[-89.119,46.149],[-90.119,46.342],[-90.23,46.51],[-90.341,46.558],[-90.392,46.549],[-90.413,46.585],[-89.498,47.998],[-89.273,48.02]]]}},{"type":"Feature","properties":{"name":"Minnesota","admin":"United States of America","iso_a2":"US","postal":"MN"},"geometry":{"type":"Polygon","coordinates":[[[-95.162,48.992],[-95.155,49.37],[-94.939,49.349],[-94.854,49.305],[-94.843,49.119],[-94.803,49.003],[-94.713,48.863],[-94.705,48.809],[-94.621,48.743],[-94.055,48.659],[-93.852,48.607],[-93.804,48.549],[-93.708,48.525],[-93.464,48.561],[-93.378,48.617],[-92.996,48.612],[-92.501,48.435],[-92.415,48.277],[-92.348,48.277],[-92.299,48.329],[-92.172,48.338],[-92.005,48.302],[-91.858,48.198],[-91.518,48.058],[-91.387,48.059],[-91.221,48.105],[-91.043,48.194],[-90.916,48.209],[-90.84,48.201],[-90.797,48.131],[-90.744,48.105],[-90.092,48.118],[-89.994,48.015],[-89.901,47.995],[-89.775,48.015],[-89.498,47.998],[-89.958,47.287],[-90.654,47.309],[-91.468,46.925],[-91.965,46.73],[-92.125,46.763],[-92.224,46.671],[-92.292,46.661],[-92.293,46.084],[-92.694,45.909],[-92.897,45.659],[-92.892,45.595],[-92.757,45.543],[-92.683,45.433],[-92.686,45.381],[-92.754,45.278],[-92.759,45.111],[-92.793,45.071],[-92.763,44.934],[-92.799,44.79],[-92.77,44.726],[-92.644,44.645],[-92.442,44.587],[-92.24,44.462],[-92.055,44.4],[-91.912,44.289],[-91.841,44.194],[-91.383,43.991],[-91.32,43.936],[-91.278,43.797],[-91.245,43.502],[-96.454,43.501],[-96.454,45.297],[-96.53,45.372],[-96.696,45.432],[-96.851,45.626],[-96.615,45.8],[-96.556,45.943],[-96.561,46.138],[-96.617,46.327],[-96.731,46.473],[-96.787,46.648],[-96.796,46.797],[-96.77,46.92],[-96.818,46.974],[-96.825,47.019],[-96.859,47.588],[-96.988,47.82],[-97.007,47.926],[-97.126,48.173],[-97.144,48.537],[-97.128,48.681],[-97.226,48.993],[-95.162,48.992]]]}},{"type":"Feature","properties":{"name":"Missouri","admin":"United States of America","iso_a2":"US","postal":"MO"},"geometry":{"type":"Polygon","coordinates":[[[-90.381,35.993],[-90.303,36.099],[-90.076,36.297],[-90.074,36.372],[-90.162,36.501],[-94.618,36.501],[-94.622,39.124],[-94.778,39.194],[-94.847,39.259],[-94.882,39.343],[-94.953,39.426],[-95.058,39.509],[-95.075,39.597],[-95.005,39.692],[-94.946,39.739],[-94.899,39.741],[-94.893,39.782],[-94.93,39.861],[-94.984,39.891],[-95.116,39.872],[-95.362,40.01],[-95.434,40.096],[-95.464,40.198],[-95.521,40.265],[-95.607,40.295],[-95.662,40.363],[-95.685,40.466],[-95.765,40.602],[-91.732,40.625],[-91.682,40.552],[-91.442,40.379],[-91.5,40.226],[-91.502,40.098],[-91.426,39.827],[-91.379,39.749],[-90.919,39.387],[-90.737,39.182],[-90.664,38.987],[-90.577,38.91],[-90.478,38.948],[-90.22,38.898],[-90.134,38.847],[-90.317,38.458],[-90.374,38.31],[-90.366,38.254],[-90.174,38.069],[-89.823,37.884],[-89.623,37.747],[-89.523,37.645],[-89.523,37.576],[-89.462,37.434],[-89.462,37.366],[-89.503,37.301],[-89.487,37.213],[-89.352,37.036],[-89.29,37.013],[-89.292,37.071],[-89.272,37.08],[-89.154,36.992],[-89.122,36.912],[-89.13,36.811],[-89.203,36.626],[-89.256,36.594],[-89.331,36.616],[-89.397,36.588],[-89.471,36.489],[-89.52,36.555],[-89.55,36.553],[-89.541,36.427],[-89.555,36.373],[-89.604,36.352],[-89.612,36.322],[-89.584,36.272],[-89.675,36.221],[-89.634,36.168],[-89.642,36.105],[-89.705,36.002],[-90.381,35.993]]]}},{"type":"Feature","properties":{"name":"Mississippi","admin":"United States of America","iso_a2":"US","postal":"MS"},"geometry":{"type":"MultiPolygon","coordinates":[[[[-88.085,34.933],[-88.486,31.891],[-88.4,30.371],[-88.692,30.355],[-88.905,30.415],[-89.224,30.332],[-89.321,30.345],[-89.443,30.223],[-89.521,30.193],[-89.592,30.223],[-89.686,30.463],[-89.82,30.611],[-89.835,30.731],[-89.735,31.001],[-91.656,31.002],[-91.596,31.11],[-91.631,31.218],[-91.618,31.277],[-91.559,31.288],[-91.529,31.345],[-91.506,31.519],[-91.459,31.555],[-91.373,31.774],[-91.286,31.884],[-91.157,31.971],[-91.093,32.046],[-91.075,32.131],[-90.948,32.24],[-90.938,32.277],[-90.945,32.331],[-91.059,32.424],[-91.104,32.49],[-91.101,32.541],[-91.15,32.625],[-91.142,32.661],[-91.094,32.694],[-91.092,32.726],[-91.136,32.756],[-91.136,32.809],[-91.093,32.885],[-91.096,32.938],[-91.144,32.967],[-91.153,33.041],[-91.107,33.218],[-91.163,33.294],[-91.168,33.359],[-91.141,33.439],[-91.154,33.5],[-91.193,33.523],[-91.215,33.583],[-91.173,33.617],[-91.17,33.647],[-91.207,33.676],[-91.053,33.828],[-91.038,33.901],[-91.06,33.989],[-90.915,34.049],[-90.94,34.129],[-90.91,34.189],[-90.817,34.252],[-90.768,34.308],[-90.762,34.356],[-90.635,34.414],[-90.584,34.504],[-90.539,34.728],[-90.475,34.76],[-90.468,34.805],[-90.416,34.852],[-90.32,34.899],[-90.282,34.945],[-90.294,35.001],[-88.173,34.999],[-88.085,34.933]]],[[[-88.659,30.226],[-88.723,30.264],[-88.574,30.229],[-88.558,30.216],[-88.659,30.226]]]]}},{"type":"Feature","properties":{"name":"Montana","admin":"United States of America","iso_a2":"US","postal":"MT"},"geometry":{"type":"Polygon","coordinates":[[[-104.034,48.993],[-104.005,45.001],[-111.051,45.001],[-111.051,44.499],[-111.161,44.556],[-111.304,44.723],[-111.373,44.746],[-111.448,44.711],[-111.491,44.624],[-111.475,44.565],[-111.5,44.545],[-112.231,44.561],[-112.32,44.533],[-112.375,44.47],[-112.716,44.498],[-112.787,44.463],[-112.831,44.397],[-112.91,44.419],[-113.0,44.48],[-113.063,44.665],[-113.141,44.765],[-113.234,44.81],[-113.339,44.808],[-113.461,44.904],[-113.447,45.029],[-113.697,45.305],[-113.766,45.503],[-113.8,45.54],[-113.802,45.601],[-113.992,45.693],[-114.006,45.658],[-114.117,45.579],[-114.298,45.488],[-114.529,45.576],[-114.533,45.633],[-114.496,45.686],[-114.534,45.782],[-114.523,45.815],[-114.397,45.891],[-114.416,45.982],[-114.478,46.036],[-114.464,46.11],[-114.485,46.158],[-114.447,46.199],[-114.444,46.271],[-114.38,46.453],[-114.387,46.5],[-114.332,46.601],[-114.337,46.659],[-114.563,46.65],[-114.624,46.678],[-114.662,46.746],[-114.754,46.735],[-114.887,46.845],[-114.936,46.923],[-115.307,47.231],[-115.702,47.438],[-115.714,47.452],[-115.67,47.498],[-115.711,47.553],[-115.691,47.607],[-115.718,47.681],[-116.049,48.005],[-116.048,48.993],[-104.034,48.993]]]}},{"type":"Feature","properties":{"name":"North Carolina","admin":"United States of America","iso_a2":"US","postal":"NC"},"geometry":{"type":"MultiPolygon","coordinates":[[[[-84.325,34.988],[-84.261,35.25],[-84.062,35.286],[-84.004,35.414],[-83.871,35.515],[-83.723,35.56],[-83.511,35.584],[-83.12,35.775],[-82.99,35.8],[-82.888,35.952],[-82.813,35.947],[-82.7,36.03],[-82.611,36.047],[-82.589,35.987],[-82.553,35.971],[-82.295,36.134],[-82.182,36.154],[-82.101,36.107],[-82.051,36.123],[-81.908,36.306],[-81.808,36.353],[-81.734,36.355],[-81.704,36.534],[-81.659,36.611],[-81.642,36.595],[-75.966,36.551],[-75.993,36.474],[-75.978,36.429],[-75.925,36.383],[-75.867,36.268],[-75.82,36.113],[-75.883,36.176],[-76.148,36.279],[-76.15,36.146],[-76.271,36.19],[-76.227,36.116],[-76.384,36.134],[-76.479,36.028],[-76.559,36.015],[-76.679,36.075],[-76.734,36.229],[-76.726,35.958],[-76.358,35.953],[-76.207,35.991],[-76.07,35.97],[-76.084,35.691],[-76.001,35.722],[-75.979,35.896],[-75.854,35.96],[-75.812,35.956],[-75.772,35.9],[-75.745,35.765],[-75.774,35.647],[-76.104,35.38],[-76.174,35.354],[-76.39,35.401],[-76.489,35.397],[-76.532,35.508],[-76.577,35.532],[-76.611,35.53],[-76.634,35.453],[-76.741,35.431],[-77.04,35.527],[-76.974,35.458],[-76.595,35.33],[-76.513,35.27],[-76.608,35.153],[-76.628,35.073],[-76.779,34.99],[-76.861,35.005],[-77.07,35.155],[-76.975,35.025],[-76.899,34.97],[-76.745,34.941],[-76.457,34.989],[-76.362,34.937],[-76.517,34.777],[-76.707,34.752],[-76.733,34.707],[-77.134,34.708],[-77.296,34.603],[-77.358,34.62],[-77.412,34.731],[-77.413,34.592],[-77.38,34.527],[-77.751,34.285],[-77.861,34.149],[-77.928,33.94],[-77.926,34.073],[-77.953,34.169],[-77.971,33.993],[-78.013,33.912],[-78.406,33.918],[-78.564,33.877],[-79.654,34.797],[-80.784,34.829],[-80.793,34.963],[-80.934,35.114],[-81.045,35.066],[-81.047,35.131],[-81.087,35.156],[-82.393,35.211],[-82.744,35.084],[-83.115,35.001],[-84.325,34.988]]],[[[-75.857,36.551],[-75.758,36.229],[-75.534,35.819],[-75.728,36.104],[-75.81,36.271],[-75.889,36.551],[-75.857,36.551]]],[[[-75.651,35.836],[-75.717,35.946],[-75.649,35.91],[-75.651,35.836]]],[[[-75.69,35.222],[-75.536,35.279],[-75.481,35.572],[-75.504,35.769],[-75.456,35.564],[-75.465,35.449],[-75.509,35.28],[-75.544,35.24],[-75.69,35.222]]],[[[-75.964,35.119],[-75.984,35.123],[-75.865,35.174],[-75.782,35.19],[-75.964,35.119]]],[[[-76.529,34.632],[-76.437,34.756],[-76.207,34.939],[-76.529,34.632]]],[[[-76.608,34.664],[-76.674,34.7],[-76.622,34.695],[-76.546,34.655],[-76.608,34.664]]]]}},{"type":"Feature","properties":{"name":"North Dakota","admin":"United States of America","iso_a2":"US","postal":"ND"},"geometry":{"type":"Polygon","coordinates":[[[-97.226,48.993],[-97.128,48.681],[-97.144,48.537],[-97.126,48.173],[-97.007,47.926],[-96.988,47.82],[-96.859,47.588],[-96.825,47.019],[-96.818,46.974],[-96.77,46.92],[-96.796,46.797],[-96.787,46.648],[-96.731,46.473],[-96.599,46.272],[-96.561,46.138],[-96.556,45.943],[-104.011,45.943],[-104.034,48.993],[-97.226,48.993]]]}},{"type":"Feature","properties":{"name":"Nebraska","admin":"United States of America","iso_a2":"US","postal":"NE"},"geometry":{"type":"Polygon","coordinates":[[[-102.025,41.001],[-104.022,41.001],[-104.029,43.001],[-98.442,43.001],[-98.143,42.852],[-97.965,42.806],[-97.881,42.85],[-97.698,42.875],[-97.239,42.861],[-97.164,42.813],[-96.805,42.701],[-96.676,42.638],[-96.633,42.569],[-96.558,42.525],[-96.451,42.506],[-96.384,42.418],[-96.356,42.26],[-96.295,42.133],[-96.201,42.036],[-96.154,41.965],[-96.131,41.872],[-96.087,41.821],[-96.059,41.546],[-96.011,41.538],[-95.982,41.474],[-95.944,41.461],[-95.95,41.367],[-95.936,41.331],[-95.892,41.316],[-95.907,41.212],[-95.871,41.188],[-95.834,40.889],[-95.859,40.745],[-95.685,40.466],[-95.662,40.363],[-95.607,40.295],[-95.521,40.265],[-95.464,40.198],[-95.434,40.096],[-95.347,40.001],[-102.024,40.001],[-102.025,41.001]]]}},{"type":"Feature","properties":{"name":"New Hampshire","admin":"United States of America","iso_a2":"US","postal":"NH"},"geometry":{"type":"Polygon","coordinates":[[[-71.419,45.2],[-71.327,45.29],[-71.202,45.26],[-71.135,45.263],[-71.085,45.294],[-70.968,43.458],[-70.92,43.328],[-70.829,43.239],[-70.813,43.164],[-70.733,43.07],[-70.778,42.941],[-70.806,42.877],[-70.974,42.872],[-71.33,42.702],[-72.467,42.73],[-72.54,42.83],[-72.55,42.887],[-72.474,43.039],[-72.362,43.587],[-72.297,43.715],[-72.222,43.791],[-72.115,43.965],[-72.031,44.301],[-72.002,44.329],[-71.826,44.374],[-71.609,44.514],[-71.568,44.608],[-71.621,44.772],[-71.51,44.908],[-71.533,44.988],[-71.419,45.2]]]}},{"type":"Feature","properties":{"name":"New Jersey","admin":"United States of America","iso_a2":"US","postal":"NJ"},"geometry":{"type":"MultiPolygon","coordinates":[[[[-74.735,40.155],[-74.976,40.406],[-75.034,40.42],[-75.097,40.543],[-75.189,40.596],[-75.175,40.776],[-75.112,40.802],[-75.076,40.856],[-75.123,40.999],[-74.912,41.155],[-74.812,41.302],[-74.699,41.357],[-73.91,40.992],[-73.927,40.914],[-74.026,40.756],[-74.187,40.648],[-74.264,40.529],[-74.242,40.456],[-74.05,40.43],[-73.998,40.452],[-73.972,40.4],[-73.958,40.328],[-74.08,39.788],[-74.065,39.993],[-74.118,39.938],[-74.176,39.727],[-74.257,39.614],[-74.331,39.536],[-74.407,39.549],[-74.39,39.487],[-74.429,39.387],[-74.474,39.343],[-74.579,39.316],[-74.605,39.248],[-74.794,39.002],[-74.923,38.941],[-74.954,38.95],[-74.897,39.145],[-75.05,39.211],[-75.136,39.208],[-75.231,39.284],[-75.353,39.34],[-75.524,39.49],[-75.524,39.602],[-75.422,39.79],[-75.353,39.83],[-75.154,39.87],[-75.074,39.983],[-74.735,40.155]]],[[[-74.251,39.529],[-74.253,39.558],[-74.107,39.746],[-74.251,39.529]]]]}},{"type":"Feature","properties":{"name":"New Mexico","admin":"United States of America","iso_a2":"US","postal":"NM"},"geometry":{"type":"Polygon","coordinates":[[[-109.047,37.001],[-103.001,37.001],[-103.0,36.501],[-103.042,36.501],[-103.066,32.003],[-106.668,32.001],[-106.566,31.82],[-106.445,31.768],[-108.212,31.779],[-108.214,31.329],[-109.048,31.328],[-109.047,37.001]]]}},{"type":"Feature","properties":{"name":"Nevada","admin":"United States of America","iso_a2":"US","postal":"NV"},"geometry":{"type":"Polygon","coordinates":[[[-114.043,36.182],[-114.119,36.077],[-114.183,36.03],[-114.232,36.032],[-114.406,36.148],[-114.505,36.156],[-114.669,36.122],[-114.716,36.085],[-114.741,36.014],[-114.687,35.917],[-114.677,35.73],[-114.645,35.631],[-114.662,35.545],[-114.591,35.353],[-114.611,34.991],[-116.66,36.59],[-118.126,37.692],[-120.0,39.0],[-120.001,42.001],[-114.043,42.001],[-114.043,36.182]]]}},{"type":"Feature","properties":{"name":"New York","admin":"United States of America","iso_a2":"US","postal":"NY"},"geometry":{"type":"MultiPolygon","coordinates":[[[[-79.037,42.802],[-78.939,42.864],[-78.921,42.935],[-79.026,43.017],[-79.029,43.062],[-79.066,43.106],[-79.059,43.278],[-79.172,43.467],[-78.72,43.625],[-76.82,43.629],[-76.465,44.058],[-76.186,44.242],[-76.151,44.304],[-75.876,44.417],[-75.401,44.772],[-75.179,44.899],[-74.857,45.004],[-73.352,45.005],[-73.372,44.597],[-73.31,44.46],[-73.321,44.269],[-73.426,44.075],[-73.375,43.804],[-73.416,43.59],[-73.391,43.579],[-73.33,43.627],[-73.247,43.553],[-73.28,42.813],[-73.253,42.752],[-73.507,42.08],[-73.481,42.056],[-73.545,41.296],[-73.484,41.219],[-73.723,41.105],[-73.63,40.992],[-73.987,40.751],[-73.907,40.912],[-73.872,41.055],[-73.882,41.171],[-73.925,41.218],[-73.97,41.25],[-73.918,41.136],[-73.91,40.992],[-74.699,41.357],[-74.757,41.424],[-74.935,41.474],[-75.051,41.608],[-75.054,41.765],[-75.095,41.799],[-75.096,41.832],[-75.239,41.892],[-75.274,41.947],[-75.351,41.998],[-79.763,42.001],[-79.762,42.539],[-79.037,42.802]]],[[[-72.581,40.921],[-72.517,40.915],[-72.287,41.024],[-72.184,41.047],[-72.151,41.051],[-72.102,41.015],[-71.903,41.061],[-72.556,40.826],[-73.194,40.654],[-73.266,40.664],[-73.9,40.571],[-73.799,40.641],[-73.875,40.652],[-73.929,40.599],[-74.015,40.581],[-74.032,40.639],[-73.879,40.792],[-73.695,40.87],[-73.652,40.838],[-73.643,40.881],[-73.574,40.92],[-73.373,40.944],[-73.186,40.93],[-73.034,40.966],[-72.625,40.992],[-72.373,41.126],[-72.274,41.153],[-72.581,40.921]]],[[[-74.236,40.519],[-74.188,40.615],[-74.1,40.658],[-74.069,40.649],[-74.08,40.586],[-74.188,40.523],[-74.236,40.519]]]]}},{"type":"Feature","properties":{"name":"Ohio","admin":"United States of America","iso_a2":"US","postal":"OH"},"geometry":{"type":"Polygon","coordinates":[[[-83.03,41.833],[-82.69,41.675],[-82.439,41.675],[-81.278,42.209],[-80.521,42.324],[-80.519,40.647],[-80.638,40.603],[-80.659,40.563],[-80.604,40.445],[-80.602,40.364],[-80.872,39.736],[-80.874,39.664],[-80.963,39.571],[-81.263,39.387],[-81.333,39.363],[-81.44,39.393],[-81.493,39.374],[-81.606,39.274],[-81.657,39.272],[-81.771,39.099],[-81.803,39.086],[-81.78,38.947],[-81.844,38.934],[-81.897,38.894],[-81.95,38.989],[-82.001,39.011],[-82.072,38.963],[-82.204,38.768],[-82.18,38.638],[-82.202,38.606],[-82.252,38.594],[-82.318,38.48],[-82.387,38.434],[-82.498,38.415],[-82.621,38.451],[-82.845,38.628],[-82.88,38.71],[-83.0,38.714],[-83.203,38.639],[-83.357,38.627],[-83.538,38.7],[-83.69,38.65],[-83.828,38.731],[-84.113,38.798],[-84.227,38.865],[-84.29,38.975],[-84.43,39.091],[-84.661,39.094],[-84.707,39.129],[-84.822,39.092],[-84.796,41.701],[-83.464,41.739],[-83.122,41.95],[-83.03,41.833]]]}},{"type":"Feature","properties":{"name":"Oklahoma","admin":"United States of America","iso_a2":"US","postal":"OK"},"geometry":{"type":"Polygon","coordinates":[[[-94.439,35.387],[-94.484,33.648],[-94.709,33.699],[-95.216,33.959],[-95.374,33.874],[-95.523,33.887],[-95.594,33.945],[-95.763,33.891],[-95.784,33.865],[-95.942,33.883],[-96.139,33.822],[-96.279,33.758],[-96.315,33.711],[-96.592,33.849],[-96.606,33.906],[-96.649,33.906],[-96.694,33.864],[-96.746,33.854],[-96.848,33.883],[-96.934,33.953],[-96.978,33.938],[-97.022,33.867],[-97.064,33.857],[-97.119,33.735],[-97.192,33.785],[-97.186,33.87],[-97.215,33.897],[-97.398,33.831],[-97.571,33.916],[-97.641,33.992],[-97.842,33.876],[-97.922,33.878],[-97.946,33.897],[-97.951,33.971],[-98.069,34.04],[-98.099,34.145],[-98.356,34.142],[-98.454,34.078],[-98.608,34.161],[-98.73,34.147],[-98.969,34.209],[-99.158,34.223],[-99.187,34.235],[-99.2,34.318],[-99.253,34.388],[-99.36,34.456],[-99.405,34.392],[-99.632,34.388],[-99.867,34.543],[-99.999,34.587],[-100.002,36.501],[-103.0,36.501],[-103.001,37.001],[-94.618,37.001],[-94.618,36.501],[-94.439,35.387]]]}},{"type":"Feature","properties":{"name":"Oregon","admin":"United States of America","iso_a2":"US","postal":"OR"},"geometry":{"type":"Polygon","coordinates":[[[-124.228,42.001],[-124.355,42.123],[-124.421,42.381],[-124.406,42.584],[-124.54,42.813],[-124.347,43.342],[-124.197,43.423],[-124.233,43.436],[-124.288,43.41],[-124.149,43.692],[-124.099,44.334],[-124.047,44.426],[-124.059,44.778],[-123.949,45.401],[-123.963,45.476],[-123.929,45.577],[-123.961,45.843],[-123.947,46.141],[-123.989,46.219],[-123.963,46.225],[-123.912,46.182],[-123.674,46.183],[-123.522,46.223],[-123.466,46.209],[-123.402,46.155],[-123.322,46.144],[-123.121,46.179],[-123.042,46.16],[-122.942,46.115],[-122.843,45.978],[-122.726,45.674],[-122.65,45.627],[-122.203,45.591],[-122.085,45.603],[-121.882,45.689],[-121.663,45.718],[-121.402,45.712],[-121.243,45.687],[-121.184,45.644],[-121.045,45.639],[-120.351,45.725],[-120.156,45.762],[-119.934,45.838],[-119.429,45.934],[-119.177,45.945],[-119.02,46.0],[-116.896,46.002],[-116.765,45.873],[-116.617,45.799],[-116.521,45.722],[-116.477,45.641],[-116.549,45.457],[-116.737,45.169],[-116.84,44.985],[-116.856,44.906],[-117.119,44.578],[-117.202,44.436],[-117.197,44.344],[-117.14,44.29],[-116.953,44.245],[-116.912,44.199],[-116.911,44.157],[-116.961,44.079],[-116.944,44.038],[-116.958,43.964],[-117.02,43.813],[-117.017,42.001],[-124.228,42.001]]]}},{"type":"Feature","properties":{"name":"Pennsylvania","admin":"United States of America","iso_a2":"US","postal":"PA"},"geometry":{"type":"Polygon","coordinates":[[[-80.248,42.366],[-79.762,42.539],[-79.763,42.001],[-75.351,41.998],[-75.274,41.947],[-75.239,41.892],[-75.096,41.832],[-75.095,41.799],[-75.054,41.765],[-75.051,41.608],[-74.981,41.508],[-74.935,41.474],[-74.757,41.424],[-74.699,41.357],[-74.812,41.302],[-74.912,41.155],[-75.123,40.999],[-75.076,40.856],[-75.112,40.802],[-75.175,40.776],[-75.192,40.69],[-75.189,40.596],[-75.097,40.543],[-75.034,40.42],[-74.976,40.406],[-74.735,40.155],[-75.024,40.017],[-75.173,39.895],[-75.321,39.865],[-75.421,39.815],[-75.51,39.843],[-75.635,39.839],[-75.709,39.803],[-75.785,39.722],[-80.519,39.723],[-80.521,42.324],[-80.248,42.366]]]}},{"type":"Feature","properties":{"name":"Rhode Island","admin":"United States of America","iso_a2":"US","postal":"RI"},"geometry":{"type":"MultiPolygon","coordinates":[[[[-71.805,41.417],[-71.796,41.52],[-71.801,42.012],[-71.387,42.017],[-71.379,41.902],[-71.338,41.891],[-71.341,41.798],[-71.234,41.707],[-71.271,41.681],[-71.331,41.762],[-71.39,41.795],[-71.364,41.703],[-71.427,41.633],[-71.444,41.454],[-71.523,41.379],[-71.842,41.336],[-71.805,41.417]]],[[[-71.291,41.465],[-71.346,41.469],[-71.28,41.62],[-71.232,41.654],[-71.241,41.492],[-71.291,41.465]]],[[[-71.393,41.467],[-71.384,41.571],[-71.354,41.542],[-71.365,41.485],[-71.393,41.467]]]]}},{"type":"Feature","properties":{"name":"South Carolina","admin":"United States of America","iso_a2":"US","postal":"SC"},"geometry":{"type":"Polygon","coordinates":[[[-81.075,32.11],[-81.135,32.182],[-81.133,32.275],[-81.172,32.38],[-81.29,32.557],[-81.377,32.607],[-81.49,32.936],[-81.578,33.069],[-81.699,33.127],[-81.78,33.195],[-81.864,33.325],[-81.909,33.349],[-81.936,33.447],[-82.006,33.523],[-82.208,33.664],[-82.257,33.749],[-82.352,33.838],[-82.589,34.017],[-82.848,34.437],[-83.053,34.511],[-83.356,34.708],[-83.317,34.806],[-83.121,35.001],[-82.744,35.084],[-82.393,35.211],[-81.087,35.156],[-81.047,35.131],[-81.045,35.066],[-80.934,35.114],[-80.793,34.963],[-80.784,34.829],[-79.654,34.797],[-78.564,33.877],[-78.92,33.659],[-79.138,33.406],[-79.194,33.244],[-79.238,33.312],[-79.226,33.405],[-79.281,33.315],[-79.229,33.185],[-79.276,33.135],[-79.42,33.043],[-79.587,33.001],[-79.615,32.909],[-79.805,32.787],[-79.933,32.81],[-79.894,32.729],[-79.941,32.667],[-80.022,32.62],[-80.23,32.577],[-80.363,32.501],[-80.572,32.534],[-80.634,32.512],[-80.53,32.475],[-80.474,32.423],[-80.486,32.352],[-80.579,32.287],[-80.608,32.293],[-80.647,32.396],[-80.709,32.337],[-80.803,32.448],[-80.798,32.363],[-80.694,32.216],[-80.758,32.142],[-80.849,32.114],[-80.882,32.069],[-80.872,32.03],[-81.075,32.11]]]}},{"type":"Feature","properties":{"name":"South Dakota","admin":"United States of America","iso_a2":"US","postal":"SD"},"geometry":{"type":"Polygon","coordinates":[[[-96.599,43.498],[-96.535,43.338],[-96.57,43.283],[-96.563,43.243],[-96.49,43.206],[-96.461,43.13],[-96.513,42.969],[-96.627,42.757],[-96.539,42.659],[-96.481,42.511],[-96.633,42.569],[-96.676,42.638],[-96.805,42.701],[-97.164,42.813],[-97.239,42.861],[-97.698,42.875],[-97.881,42.85],[-97.965,42.806],[-98.143,42.852],[-98.442,43.001],[-104.029,43.001],[-104.037,45.001],[-104.005,45.013],[-104.011,45.943],[-96.556,45.943],[-96.615,45.8],[-96.851,45.626],[-96.696,45.432],[-96.53,45.372],[-96.454,45.297],[-96.454,43.501],[-96.599,43.498]]]}},{"type":"Feature","properties":{"name":"Tennessee","admin":"United States of America","iso_a2":"US","postal":"TN"},"geometry":{"type":"Polygon","coordinates":[[[-88.19,35.025],[-88.173,34.999],[-90.294,35.004],[-90.142,35.114],[-90.093,35.204],[-90.108,35.314],[-90.066,35.414],[-89.967,35.503],[-89.927,35.592],[-89.944,35.679],[-89.895,35.751],[-89.78,35.806],[-89.764,35.889],[-89.689,35.921],[-89.709,35.983],[-89.642,36.105],[-89.634,36.168],[-89.675,36.221],[-89.584,36.272],[-89.612,36.322],[-89.604,36.352],[-89.555,36.373],[-89.541,36.427],[-89.557,36.501],[-88.059,36.5],[-88.057,36.59],[-88.096,36.693],[-87.869,36.675],[-87.839,36.644],[-86.508,36.665],[-83.73,36.587],[-83.668,36.605],[-81.659,36.611],[-81.704,36.534],[-81.734,36.355],[-81.808,36.353],[-81.908,36.306],[-82.051,36.123],[-82.101,36.107],[-82.182,36.154],[-82.295,36.134],[-82.553,35.971],[-82.589,35.987],[-82.611,36.047],[-82.7,36.03],[-82.813,35.947],[-82.888,35.952],[-82.99,35.8],[-83.12,35.775],[-83.511,35.584],[-83.723,35.56],[-83.871,35.515],[-84.004,35.414],[-84.062,35.286],[-84.261,35.25],[-84.325,34.988],[-88.19,35.025]]]}},{"type":"Feature","properties":{"name":"Texas","admin":"United States of America","iso_a2":"US","postal":"TX"},"geometry":{"type":"MultiPolygon","coordinates":[[[[-94.358,33.561],[-94.295,33.587],[-94.192,33.589],[-94.047,33.554],[-94.043,31.999],[-93.905,31.877],[-93.846,31.793],[-93.807,31.569],[-93.738,31.514],[-93.736,31.478],[-93.664,31.372],[-93.666,31.323],[-93.558,31.18],[-93.531,31.046],[-93.563,31.005],[-93.549,30.948],[-93.579,30.824],[-93.72,30.558],[-93.715,30.473],[-93.75,30.345],[-93.721,30.283],[-93.711,30.113],[-93.794,29.977],[-93.841,29.98],[-93.946,29.815],[-93.886,29.723],[-93.89,29.689],[-94.1,29.67],[-94.574,29.485],[-94.76,29.384],[-94.75,29.418],[-94.526,29.548],[-94.605,29.568],[-94.733,29.535],[-94.778,29.548],[-94.724,29.655],[-94.742,29.75],[-94.832,29.753],[-94.89,29.677],[-94.982,29.713],[-95.023,29.702],[-94.993,29.531],[-94.888,29.371],[-95.139,29.168],[-95.152,29.079],[-95.274,28.964],[-95.853,28.64],[-96.235,28.489],[-96.011,28.632],[-96.115,28.622],[-96.373,28.657],[-96.374,28.631],[-96.449,28.594],[-96.576,28.716],[-96.64,28.709],[-96.525,28.489],[-96.421,28.457],[-96.562,28.367],[-96.676,28.341],[-96.774,28.422],[-96.807,28.22],[-96.84,28.194],[-96.892,28.158],[-96.933,28.224],[-97.015,28.163],[-97.156,28.144],[-97.141,28.061],[-97.034,28.094],[-97.073,27.986],[-97.171,27.88],[-97.252,27.854],[-97.374,27.87],[-97.432,27.837],[-97.289,27.671],[-97.38,27.419],[-97.439,27.328],[-97.524,27.314],[-97.768,27.457],[-97.692,27.287],[-97.485,27.237],[-97.476,27.118],[-97.555,26.967],[-97.466,26.692],[-97.435,26.486],[-97.214,26.068],[-97.15,26.065],[-97.14,26.03],[-97.146,25.961],[-97.282,25.942],[-97.339,25.911],[-97.358,25.871],[-97.44,25.891],[-97.587,25.984],[-97.801,26.042],[-98.083,26.064],[-98.275,26.111],[-98.378,26.182],[-98.691,26.276],[-98.765,26.34],[-98.873,26.381],[-99.015,26.399],[-99.108,26.447],[-99.172,26.564],[-99.23,26.762],[-99.302,26.885],[-99.457,27.057],[-99.44,27.17],[-99.51,27.34],[-99.486,27.398],[-99.505,27.548],[-99.595,27.636],[-99.754,27.73],[-99.89,27.867],[-100.001,28.048],[-100.112,28.173],[-100.221,28.243],[-100.296,28.328],[-100.336,28.428],[-100.348,28.486],[-100.332,28.503],[-100.55,28.821],[-100.636,28.973],[-100.659,29.069],[-100.755,29.183],[-101.016,29.401],[-101.039,29.46],[-101.304,29.634],[-101.38,29.743],[-101.44,29.777],[-101.545,29.784],[-101.546,29.808],[-101.752,29.782],[-101.991,29.796],[-102.163,29.825],[-102.269,29.871],[-102.343,29.865],[-102.386,29.807],[-102.476,29.769],[-102.615,29.752],[-102.734,29.644],[-102.834,29.444],[-102.878,29.315],[-102.866,29.258],[-102.892,29.216],[-103.023,29.132],[-103.09,29.042],[-103.168,28.998],[-103.258,29.001],[-103.423,29.071],[-103.853,29.291],[-103.99,29.323],[-104.111,29.386],[-104.312,29.542],[-104.401,29.574],[-104.504,29.678],[-104.622,29.854],[-104.681,29.991],[-104.681,30.134],[-104.918,30.583],[-104.979,30.646],[-105.276,30.807],[-105.514,30.981],[-106.024,31.398],[-106.148,31.451],[-106.256,31.545],[-106.436,31.764],[-106.566,31.82],[-106.668,32.001],[-103.066,32.003],[-103.042,36.501],[-100.002,36.501],[-99.999,34.587],[-99.867,34.543],[-99.686,34.416],[-99.632,34.388],[-99.405,34.392],[-99.36,34.456],[-99.253,34.388],[-99.2,34.318],[-99.187,34.235],[-99.158,34.223],[-98.969,34.209],[-98.73,34.147],[-98.608,34.161],[-98.454,34.078],[-98.356,34.142],[-98.099,34.145],[-98.069,34.04],[-97.951,33.971],[-97.946,33.897],[-97.922,33.878],[-97.842,33.876],[-97.641,33.992],[-97.571,33.916],[-97.398,33.831],[-97.195,33.891],[-97.201,33.808],[-97.145,33.738],[-97.099,33.75],[-97.064,33.857],[-97.022,33.867],[-96.978,33.938],[-96.934,33.953],[-96.848,33.883],[-96.746,33.854],[-96.694,33.864],[-96.649,33.906],[-96.606,33.906],[-96.592,33.849],[-96.315,33.711],[-96.279,33.758],[-96.139,33.822],[-95.942,33.883],[-95.784,33.865],[-95.763,33.891],[-95.594,33.945],[-95.523,33.887],[-95.374,33.874],[-95.216,33.959],[-94.709,33.699],[-94.484,33.648],[-94.358,33.561]]],[[[-95.09,29.136],[-94.826,29.341],[-94.768,29.339],[-95.04,29.146],[-95.09,29.136]]],[[[-96.801,28.148],[-96.756,28.202],[-96.404,28.382],[-96.413,28.338],[-96.801,28.148]]],[[[-97.036,27.899],[-96.979,28.014],[-96.899,28.117],[-96.857,28.133],[-96.84,28.089],[-97.036,27.899]]],[[[-97.385,27.243],[-97.376,27.328],[-97.295,27.523],[-97.13,27.779],[-97.061,27.822],[-97.251,27.541],[-97.385,27.243]]],[[[-97.185,26.113],[-97.267,26.33],[-97.402,26.821],[-97.407,27.1],[-97.386,27.197],[-97.351,26.801],[-97.171,26.159],[-97.185,26.113]]]]}},{"type":"Feature","properties":{"name":"Utah","admin":"United States of America","iso_a2":"US","postal":"UT"},"geometry":{"type":"Polygon","coordinates":[[[-114.04,37.004],[-114.043,42.001],[-111.05,42.001],[-111.05,41.001],[-109.046,41.001],[-109.047,37.001],[-114.04,37.004]]]}},{"type":"Feature","properties":{"name":"Virginia","admin":"United States of America","iso_a2":"US","postal":"VA"},"geometry":{"type":"MultiPolygon","coordinates":[[[[-77.03,38.889],[-77.046,38.776],[-77.26,38.6],[-77.314,38.397],[-77.232,38.34],[-77.11,38.37],[-77.047,38.357],[-76.906,38.197],[-76.55,38.095],[-76.472,38.011],[-76.355,37.963],[-76.264,37.894],[-76.306,37.722],[-76.344,37.676],[-76.492,37.682],[-76.829,37.962],[-76.94,38.095],[-77.071,38.167],[-77.111,38.166],[-76.925,38.033],[-76.549,37.669],[-76.306,37.572],[-76.368,37.53],[-76.269,37.495],[-76.263,37.357],[-76.401,37.386],[-76.393,37.3],[-76.454,37.274],[-76.538,37.309],[-76.758,37.505],[-76.738,37.449],[-76.611,37.323],[-76.401,37.213],[-76.327,37.149],[-76.283,37.053],[-76.401,36.991],[-76.602,37.143],[-76.631,37.222],[-76.704,37.218],[-77.007,37.318],[-77.251,37.329],[-77.196,37.296],[-77.002,37.271],[-76.925,37.225],[-76.672,37.173],[-76.634,37.047],[-76.505,36.961],[-76.488,36.897],[-76.4,36.89],[-76.244,36.953],[-75.999,36.913],[-75.857,36.551],[-81.642,36.595],[-81.905,36.619],[-81.953,36.598],[-83.668,36.605],[-83.566,36.653],[-83.15,36.762],[-83.044,36.846],[-82.895,36.906],[-82.732,37.048],[-82.682,37.138],[-82.343,37.297],[-81.965,37.54],[-81.971,37.473],[-81.876,37.33],[-81.661,37.222],[-81.589,37.208],[-81.35,37.334],[-81.227,37.263],[-81.178,37.263],[-80.915,37.311],[-80.873,37.341],[-80.872,37.399],[-80.843,37.422],[-80.72,37.401],[-80.507,37.469],[-80.465,37.433],[-80.371,37.473],[-80.316,37.51],[-80.246,37.621],[-80.285,37.677],[-80.246,37.751],[-79.972,38.046],[-79.903,38.181],[-79.715,38.404],[-79.64,38.572],[-79.555,38.559],[-79.505,38.491],[-79.396,38.454],[-79.304,38.45],[-79.24,38.477],[-79.041,38.79],[-78.992,38.82],[-78.869,38.818],[-78.757,38.908],[-78.693,38.922],[-78.581,38.999],[-78.435,39.161],[-78.322,39.452],[-77.836,39.145],[-77.727,39.346],[-77.534,39.266],[-77.479,39.221],[-77.506,39.143],[-77.481,39.113],[-77.301,39.053],[-77.03,38.889]]],[[[-75.62,37.999],[-75.376,38.025],[-75.596,37.631],[-75.587,37.559],[-75.699,37.516],[-75.812,37.425],[-75.934,37.152],[-75.997,37.264],[-75.975,37.398],[-75.888,37.619],[-75.719,37.821],[-75.62,37.999]]],[[[-75.226,38.04],[-75.333,37.888],[-75.379,37.872],[-75.252,38.037],[-75.226,38.04]]]]}},{"type":"Feature","properties":{"name":"Vermont","admin":"United States of America","iso_a2":"US","postal":"VT"},"geometry":{"type":"Polygon","coordinates":[[[-71.518,45.008],[-71.533,44.988],[-71.51,44.908],[-71.621,44.772],[-71.568,44.608],[-71.609,44.514],[-71.826,44.374],[-72.002,44.329],[-72.031,44.301],[-72.115,43.965],[-72.222,43.791],[-72.297,43.715],[-72.362,43.587],[-72.474,43.039],[-72.55,42.887],[-72.54,42.83],[-72.467,42.73],[-73.253,42.752],[-73.28,42.813],[-73.247,43.553],[-73.33,43.627],[-73.391,43.579],[-73.416,43.59],[-73.375,43.804],[-73.426,44.075],[-73.321,44.269],[-73.31,44.46],[-73.372,44.597],[-73.352,45.005],[-71.518,45.008]]]}},{"type":"Feature","properties":{"name":"Washington","admin":"United States of America","iso_a2":"US","postal":"WA"},"geometry":{"type":"MultiPolygon","coordinates":[[[[-117.039,48.993],[-117.039,46.397],[-116.943,46.232],[-116.922,46.164],[-116.948,46.124],[-116.896,46.002],[-119.02,46.0],[-119.177,45.945],[-119.429,45.934],[-119.934,45.838],[-120.156,45.762],[-120.351,45.725],[-121.045,45.639],[-121.184,45.644],[-121.243,45.687],[-121.402,45.712],[-121.663,45.718],[-121.882,45.689],[-122.085,45.603],[-122.203,45.591],[-122.65,45.627],[-122.726,45.674],[-122.843,45.978],[-122.942,46.115],[-123.042,46.16],[-123.121,46.179],[-123.221,46.154],[-123.405,46.221],[-123.465,46.271],[-123.65,46.268],[-123.688,46.3],[-123.896,46.268],[-123.96,46.301],[-124.073,46.279],[-124.045,46.373],[-124.044,46.605],[-124.016,46.521],[-123.946,46.433],[-123.889,46.66],[-123.958,46.709],[-124.072,46.745],[-124.113,46.863],[-123.843,46.963],[-123.986,46.984],[-124.042,47.03],[-124.112,47.035],[-124.139,46.955],[-124.199,47.209],[-124.309,47.405],[-124.376,47.659],[-124.46,47.784],[-124.621,47.904],[-124.663,47.974],[-124.702,48.152],[-124.68,48.286],[-124.71,48.38],[-124.633,48.375],[-123.976,48.168],[-123.294,48.12],[-123.162,48.155],[-122.974,48.073],[-122.861,48.09],[-122.779,48.138],[-122.74,48.013],[-122.657,47.881],[-122.778,47.738],[-122.802,47.735],[-122.821,47.793],[-123.051,47.552],[-123.131,47.438],[-123.139,47.386],[-123.136,47.356],[-123.104,47.348],[-122.922,47.408],[-123.067,47.4],[-123.06,47.454],[-122.982,47.559],[-122.814,47.659],[-122.718,47.762],[-122.608,47.835],[-122.586,47.928],[-122.533,47.92],[-122.511,47.816],[-122.524,47.769],[-122.63,47.693],[-122.614,47.616],[-122.675,47.612],[-122.586,47.528],[-122.557,47.463],[-122.578,47.293],[-122.649,47.281],[-122.708,47.316],[-122.768,47.218],[-122.828,47.337],[-122.92,47.29],[-123.028,47.139],[-122.812,47.146],[-122.702,47.111],[-122.604,47.167],[-122.542,47.276],[-122.42,47.312],[-122.354,47.372],[-122.368,47.604],[-122.411,47.653],[-122.384,47.716],[-122.402,47.784],[-122.318,47.933],[-122.242,48.011],[-122.416,48.184],[-122.395,48.084],[-122.517,48.16],[-122.52,48.229],[-122.403,48.269],[-122.409,48.294],[-122.542,48.411],[-122.638,48.433],[-122.669,48.465],[-122.628,48.498],[-122.497,48.506],[-122.513,48.669],[-122.562,48.778],[-122.653,48.764],[-122.686,48.794],[-122.789,48.993],[-117.039,48.993]]],[[[-123.049,48.993],[-123.063,48.978],[-123.086,48.993],[-123.049,48.993]]],[[[-122.769,48.651],[-122.838,48.627],[-122.903,48.665],[-122.893,48.594],[-123.003,48.652],[-122.898,48.71],[-122.769,48.651]]],[[[-122.987,48.468],[-123.14,48.508],[-123.162,48.606],[-123.114,48.613],[-123.024,48.538],[-122.987,48.468]]],[[[-122.922,48.457],[-122.912,48.538],[-122.869,48.549],[-122.821,48.431],[-122.922,48.457]]],[[[-122.524,48.025],[-122.503,48.08],[-122.367,47.985],[-122.383,47.923],[-122.411,47.918],[-122.492,47.981],[-122.558,47.992],[-122.603,48.055],[-122.623,48.151],[-122.69,48.174],[-122.742,48.225],[-122.725,48.281],[-122.629,48.384],[-122.536,48.321],[-122.542,48.294],[-122.697,48.229],[-122.598,48.2],[-122.524,48.025]]],[[[-122.503,47.575],[-122.576,47.619],[-122.55,47.704],[-122.508,47.683],[-122.503,47.575]]],[[[-122.437,47.355],[-122.469,47.39],[-122.51,47.358],[-122.486,47.489],[-122.394,47.395],[-122.437,47.355]]],[[[-122.877,47.186],[-122.908,47.226],[-122.912,47.254],[-122.885,47.275],[-122.853,47.205],[-122.877,47.186]]]]}},{"type":"Feature","properties":{"name":"Wisconsin","admin":"United States of America","iso_a2":"US","postal":"WI"},"geometry":{"type":"Polygon","coordinates":[[[-90.688,42.61],[-90.789,42.677],[-90.96,42.72],[-91.07,42.789],[-91.118,42.882],[-91.161,43.102],[-91.148,43.2],[-91.107,43.278],[-91.117,43.331],[-91.178,43.359],[-91.238,43.44],[-91.278,43.797],[-91.32,43.936],[-91.383,43.991],[-91.841,44.194],[-91.912,44.289],[-92.055,44.4],[-92.24,44.462],[-92.442,44.587],[-92.644,44.645],[-92.77,44.726],[-92.799,44.79],[-92.763,44.934],[-92.793,45.071],[-92.759,45.111],[-92.766,45.236],[-92.686,45.381],[-92.683,45.433],[-92.757,45.543],[-92.892,45.595],[-92.897,45.659],[-92.694,45.909],[-92.293,46.084],[-92.292,46.661],[-92.224,46.671],[-92.125,46.763],[-91.965,46.73],[-91.468,46.925],[-90.654,47.309],[-89.958,47.287],[-90.413,46.585],[-90.392,46.549],[-90.341,46.558],[-90.23,46.51],[-90.119,46.342],[-89.119,46.149],[-88.837,46.037],[-88.493,46.014],[-88.152,45.945],[-88.096,45.878],[-88.116,45.816],[-87.923,45.76],[-87.809,45.686],[-87.795,45.596],[-87.875,45.385],[-87.842,45.361],[-87.664,45.371],[-87.721,45.243],[-87.719,45.201],[-87.654,45.122],[-87.46,45.068],[-87.42,45.184],[-87.244,45.29],[-87.115,45.452],[-86.774,45.452],[-86.265,45.227],[-86.536,45.041],[-86.715,44.846],[-87.032,44.091],[-87.142,43.658],[-87.155,43.327],[-87.039,42.493],[-90.651,42.513],[-90.688,42.61]]]}},{"type":"Feature","properties":{"name":"West Virginia","admin":"United States of America","iso_a2":"US","postal":"WV"},"geometry":{"type":"Polygon","coordinates":[[[-82.103,37.571],[-82.28,37.687],[-82.472,37.938],[-82.482,37.984],[-82.589,38.1],[-82.618,38.15],[-82.578,38.272],[-82.589,38.42],[-82.613,38.448],[-82.498,38.415],[-82.387,38.434],[-82.318,38.48],[-82.291,38.552],[-82.18,38.638],[-82.204,38.768],[-82.072,38.963],[-82.001,39.011],[-81.95,38.989],[-81.897,38.894],[-81.844,38.934],[-81.78,38.947],[-81.803,39.086],[-81.771,39.099],[-81.657,39.272],[-81.606,39.274],[-81.493,39.374],[-81.44,39.393],[-81.333,39.363],[-81.263,39.387],[-80.963,39.571],[-80.874,39.664],[-80.872,39.736],[-80.602,40.364],[-80.604,40.445],[-80.659,40.563],[-80.638,40.603],[-80.519,40.647],[-80.519,39.723],[-79.477,39.723],[-79.488,39.211],[-79.294,39.312],[-79.075,39.476],[-78.971,39.454],[-78.815,39.57],[-78.778,39.627],[-78.746,39.614],[-78.742,39.578],[-78.678,39.55],[-78.496,39.533],[-78.407,39.628],[-78.181,39.686],[-78.098,39.678],[-78.027,39.631],[-77.855,39.6],[-77.872,39.576],[-77.78,39.488],[-77.792,39.442],[-77.762,39.429],[-77.727,39.346],[-77.836,39.145],[-78.322,39.452],[-78.435,39.161],[-78.581,38.999],[-78.693,38.922],[-78.757,38.908],[-78.869,38.818],[-78.992,38.82],[-79.041,38.79],[-79.24,38.477],[-79.304,38.45],[-79.396,38.454],[-79.505,38.491],[-79.555,38.559],[-79.64,38.572],[-79.715,38.404],[-79.903,38.181],[-79.972,38.046],[-80.246,37.751],[-80.285,37.677],[-80.246,37.621],[-80.316,37.51],[-80.371,37.473],[-80.465,37.433],[-80.507,37.469],[-80.72,37.401],[-80.843,37.422],[-80.872,37.399],[-80.873,37.341],[-80.915,37.311],[-81.178,37.263],[-81.227,37.263],[-81.35,37.334],[-81.589,37.208],[-81.661,37.222],[-81.876,37.33],[-81.971,37.473],[-81.965,37.54],[-82.103,37.571]]]}},{"type":"Feature","properties":{"name":"Wyoming","admin":"United States of America","iso_a2":"US","postal":"WY"},"geometry":{"type":"Polygon","coordinates":[[[-111.05,41.001],[-111.051,45.001],[-104.037,45.001],[-104.022,41.001],[-111.05,41.001]]]}},{"type":"Feature","properties":{"name":"Gansu","admin":"China","iso_a2":"CN","postal":"GS"},"geometry":{"type":"Polygon","coordinates":[[[97.206,42.79],[97.847,41.619],[97.68,41.502],[97.648,41.456],[97.708,41.349],[97.951,41.12],[98.204,40.951],[98.294,40.917],[98.327,40.856],[98.235,40.542],[98.515,40.534],[98.646,40.568],[98.826,40.727],[99.157,40.836],[99.496,40.843],[99.665,40.901],[100.011,40.896],[100.075,40.859],[100.176,40.735],[100.204,40.617],[100.14,40.518],[100.014,40.402],[99.899,40.205],[99.627,40.069],[99.533,40.001],[99.431,39.879],[99.686,39.876],[100.043,39.728],[100.189,39.695],[100.287,39.627],[100.307,39.55],[100.455,39.496],[100.543,39.409],[100.79,39.408],[100.833,39.38],[100.852,39.167],[100.889,39.105],[101.049,39.001],[101.18,39.021],[101.248,38.87],[101.328,38.826],[101.32,38.758],[101.414,38.749],[101.58,38.688],[101.831,38.69],[102.02,38.857],[102.023,38.893],[101.825,39.064],[102.393,39.237],[102.593,39.178],[102.965,39.119],[103.284,39.293],[103.464,39.357],[103.749,39.425],[104.024,39.441],[104.06,39.308],[104.225,39.091],[104.172,38.96],[104.043,38.874],[103.98,38.759],[103.794,38.591],[103.471,38.436],[103.522,38.14],[103.388,38.102],[103.387,37.999],[103.438,37.842],[103.679,37.775],[104.109,37.462],[104.262,37.39],[104.465,37.44],[104.69,37.412],[104.722,37.339],[104.621,37.249],[104.709,37.215],[104.765,37.25],[104.855,37.218],[104.922,37.097],[105.18,36.972],[105.322,36.781],[105.22,36.693],[105.269,36.55],[105.393,36.384],[105.446,36.255],[105.437,36.107],[105.351,36.058],[105.318,35.933],[105.432,35.756],[105.687,35.66],[105.829,35.494],[105.936,35.525],[106.065,35.488],[106.112,35.425],[106.211,35.395],[106.313,35.274],[106.378,35.261],[106.465,35.332],[106.495,35.553],[106.429,35.699],[106.47,35.727],[106.767,35.707],[106.913,35.789],[106.843,35.882],[106.915,35.907],[106.945,36.077],[106.814,36.212],[106.745,36.207],[106.604,36.278],[106.497,36.268],[106.495,36.437],[106.44,36.515],[106.494,36.56],[106.502,36.707],[106.602,36.726],[106.649,36.834],[106.575,36.931],[106.634,36.998],[106.644,37.182],[106.791,37.19],[106.933,37.107],[107.188,37.117],[107.285,37.068],[107.3,36.907],[107.501,36.891],[107.549,36.84],[107.695,36.825],[107.887,36.755],[108.042,36.598],[108.356,36.546],[108.441,36.461],[108.607,36.432],[108.704,36.359],[108.65,36.226],[108.7,36.126],[108.677,36.005],[108.493,35.881],[108.523,35.776],[108.51,35.701],[108.604,35.548],[108.617,35.393],[108.493,35.272],[108.277,35.263],[108.155,35.291],[107.979,35.223],[107.923,35.267],[107.742,35.318],[107.67,35.228],[107.83,34.977],[107.71,34.951],[107.57,34.965],[107.497,34.926],[107.321,34.942],[107.211,34.892],[107.052,35.038],[106.915,35.089],[106.565,35.08],[106.491,35.03],[106.501,34.926],[106.55,34.863],[106.492,34.741],[106.318,34.583],[106.368,34.52],[106.498,34.52],[106.614,34.459],[106.674,34.385],[106.656,34.254],[106.554,34.281],[106.587,34.137],[106.514,34.107],[106.43,33.942],[106.48,33.868],[106.455,33.803],[106.482,33.701],[106.559,33.599],[106.496,33.544],[106.393,33.619],[106.171,33.562],[106.073,33.618],[105.993,33.611],[105.952,33.553],[105.832,33.498],[105.785,33.406],[105.718,33.389],[105.747,33.294],[105.913,33.234],[105.911,33.032],[105.886,32.978],[105.639,32.885],[105.431,32.911],[105.386,32.823],[105.435,32.774],[105.27,32.642],[105.147,32.608],[105.032,32.639],[104.898,32.612],[104.841,32.64],[104.645,32.658],[104.558,32.688],[104.406,32.809],[104.289,32.848],[104.321,32.953],[104.378,32.959],[104.406,33.063],[104.328,33.14],[104.281,33.272],[104.293,33.364],[104.175,33.49],[104.156,33.624],[104.093,33.669],[103.745,33.676],[103.659,33.711],[103.523,33.714],[103.559,33.807],[103.351,33.756],[103.272,33.765],[103.184,33.822],[103.193,33.884],[103.142,33.962],[103.152,34.109],[103.12,34.169],[103.001,34.214],[102.931,34.296],[102.782,34.274],[102.598,34.165],[102.618,34.084],[102.441,34.06],[102.372,33.976],[102.319,33.987],[102.171,33.942],[102.343,33.725],[102.356,33.609],[102.482,33.54],[102.482,33.465],[102.279,33.378],[102.131,33.285],[102.099,33.222],[102.004,33.219],[101.864,33.123],[101.832,33.269],[101.923,33.406],[101.884,33.546],[101.613,33.512],[101.577,33.631],[101.496,33.705],[101.4,33.645],[101.16,33.664],[101.166,33.756],[101.129,33.851],[101.009,33.881],[100.948,33.93],[100.792,34.155],[100.815,34.295],[100.935,34.386],[101.036,34.339],[101.256,34.3],[101.324,34.26],[101.612,34.191],[101.647,34.136],[101.78,34.068],[101.863,34.141],[102.012,34.178],[102.077,34.267],[102.212,34.352],[102.15,34.495],[102.013,34.536],[101.932,34.591],[101.914,34.661],[101.793,34.632],[101.755,34.704],[101.923,34.787],[101.913,34.845],[102.009,34.942],[102.267,35.056],[102.376,35.204],[102.318,35.275],[102.289,35.407],[102.426,35.435],[102.535,35.536],[102.702,35.524],[102.721,35.619],[102.68,35.757],[102.7,35.839],[102.838,35.861],[102.976,35.833],[103.0,35.991],[102.933,36.086],[103.04,36.216],[102.894,36.309],[102.819,36.326],[102.77,36.498],[102.698,36.609],[102.611,36.657],[102.615,36.729],[102.675,36.802],[102.46,36.956],[102.496,37.089],[102.551,37.164],[102.427,37.278],[102.033,37.479],[102.067,37.548],[101.996,37.615],[101.937,37.731],[101.766,37.525],[101.05,37.964],[100.636,38.105],[100.554,38.252],[100.497,38.289],[100.358,38.307],[100.141,38.486],[100.083,38.395],[100.156,38.303],[100.079,38.278],[99.8,38.366],[99.557,38.515],[99.496,38.601],[99.099,38.89],[99.095,38.958],[98.962,38.982],[98.902,39.036],[98.782,39.068],[98.602,38.948],[98.445,38.957],[98.324,39.023],[98.263,38.932],[98.069,38.802],[97.363,39.15],[97.137,39.203],[97.026,39.196],[96.963,39.103],[96.991,38.997],[96.981,38.744],[96.942,38.639],[96.971,38.567],[96.945,38.358],[96.845,38.356],[96.51,38.47],[96.503,38.549],[96.315,38.627],[96.055,38.679],[96.008,38.752],[95.892,38.784],[95.788,38.862],[95.722,38.875],[95.566,39.015],[95.461,39.047],[95.305,39.183],[95.057,39.147],[94.725,39.237],[94.631,39.295],[94.117,39.322],[93.909,39.286],[93.722,39.307],[93.502,39.272],[93.405,39.217],[93.276,39.189],[93.14,39.199],[93.036,39.152],[92.936,39.153],[92.948,39.452],[92.772,39.811],[92.777,39.906],[92.92,40.118],[92.926,40.423],[93.037,40.49],[93.286,40.469],[93.577,40.588],[94.011,41.104],[94.581,41.585],[95.058,41.789],[95.492,41.856],[95.772,41.83],[95.864,41.855],[96.036,41.995],[96.018,42.139],[96.044,42.5],[96.091,42.587],[96.373,42.731],[97.206,42.79]]]}},{"type":"Feature","properties":{"name":"Qinghai","admin":"China","iso_a2":"CN","postal":"QH"},"geometry":{"type":"Polygon","coordinates":[[[101.691,33.42],[101.665,33.32],[101.727,33.268],[101.644,33.128],[101.445,33.236],[101.22,33.171],[101.164,33.128],[101.131,32.938],[101.232,32.858],[101.237,32.808],[101.171,32.688],[100.902,32.63],[100.697,32.686],[100.643,32.594],[100.603,32.451],[100.531,32.403],[100.473,32.485],[100.561,32.563],[100.498,32.669],[100.399,32.758],[100.255,32.726],[100.223,32.637],[100.119,32.671],[100.159,32.782],[100.137,32.848],[100.047,32.935],[99.841,32.957],[99.769,32.922],[99.729,32.758],[99.699,32.745],[99.509,32.835],[99.289,32.887],[99.225,32.999],[98.852,33.175],[98.773,33.303],[98.736,33.49],[98.633,33.608],[98.646,33.676],[98.458,33.84],[98.302,33.846],[98.212,33.939],[98.035,33.96],[97.819,33.864],[97.745,33.865],[97.696,34.005],[97.61,33.931],[97.384,33.87],[97.391,33.611],[97.477,33.562],[97.539,33.454],[97.724,33.406],[97.616,33.328],[97.501,33.194],[97.476,33.12],[97.504,33.046],[97.469,32.983],[97.361,32.897],[97.384,32.779],[97.431,32.7],[97.716,32.544],[97.631,32.444],[97.562,32.484],[97.361,32.5],[97.326,32.424],[97.393,32.385],[97.36,32.26],[97.254,32.204],[97.255,32.076],[97.124,32.009],[97.018,32.023],[96.754,31.974],[96.786,31.91],[96.753,31.839],[96.795,31.715],[96.737,31.68],[96.664,31.721],[96.483,31.753],[96.278,31.909],[96.183,31.871],[96.148,31.78],[96.213,31.735],[96.215,31.607],[96.167,31.548],[96.094,31.701],[95.849,31.714],[95.774,31.698],[95.725,31.746],[95.593,31.762],[95.497,31.742],[95.407,31.811],[95.354,31.954],[95.425,32.095],[95.382,32.17],[95.259,32.244],[95.062,32.261],[94.951,32.337],[94.939,32.428],[94.852,32.5],[94.755,32.535],[94.722,32.593],[94.582,32.672],[94.317,32.541],[94.178,32.522],[94.111,32.478],[93.877,32.495],[93.734,32.572],[93.597,32.565],[93.51,32.516],[93.443,32.563],[93.345,32.578],[93.219,32.66],[93.031,32.664],[93.006,32.735],[92.85,32.729],[92.727,32.761],[92.65,32.74],[92.466,32.769],[92.221,32.745],[92.196,32.869],[92.086,32.886],[91.977,32.849],[91.813,32.968],[91.72,32.983],[91.543,33.08],[91.376,33.271],[91.362,33.337],[91.189,33.337],[91.128,33.254],[90.95,33.239],[90.804,33.141],[90.66,33.156],[90.436,33.282],[90.323,33.289],[90.206,33.402],[90.203,33.5],[90.141,33.578],[89.975,33.631],[89.877,33.823],[89.742,33.91],[89.637,34.093],[89.787,34.199],[89.84,34.383],[89.796,34.408],[89.791,34.554],[89.724,34.74],[89.825,34.846],[89.788,34.926],[89.584,34.941],[89.572,35.073],[89.455,35.213],[89.484,35.342],[89.73,35.444],[89.69,35.509],[89.715,35.642],[89.789,35.776],[89.789,35.827],[89.581,35.84],[89.485,35.88],[89.435,35.988],[89.515,36.053],[89.678,36.082],[89.867,36.066],[89.972,36.105],[90.014,36.253],[90.166,36.129],[90.623,36.111],[90.829,36.01],[90.915,36.013],[91.111,36.074],[91.136,36.141],[91.007,36.503],[90.805,36.559],[90.71,36.636],[90.688,36.698],[90.712,36.822],[90.808,36.911],[90.891,36.939],[91.055,36.945],[91.191,37.001],[91.288,37.014],[91.316,37.119],[91.235,37.195],[91.074,37.488],[90.957,37.519],[90.834,37.608],[90.436,37.779],[90.41,37.847],[90.439,37.996],[90.193,38.326],[90.151,38.433],[90.312,38.466],[90.478,38.533],[90.636,38.624],[90.654,38.674],[91.012,38.699],[91.294,38.745],[91.492,38.817],[91.629,38.826],[92.123,38.941],[92.333,39.05],[92.936,39.153],[93.036,39.152],[93.14,39.199],[93.276,39.189],[93.405,39.217],[93.502,39.272],[93.722,39.307],[93.909,39.286],[94.117,39.322],[94.479,39.318],[94.631,39.295],[94.725,39.237],[95.057,39.147],[95.305,39.183],[95.461,39.047],[95.566,39.015],[95.722,38.875],[95.788,38.862],[95.892,38.784],[96.008,38.752],[96.055,38.679],[96.315,38.627],[96.503,38.549],[96.51,38.47],[96.845,38.356],[96.945,38.358],[96.971,38.567],[96.942,38.639],[96.981,38.744],[96.991,38.997],[96.963,39.103],[97.026,39.196],[97.137,39.203],[97.363,39.15],[98.069,38.802],[98.263,38.932],[98.324,39.023],[98.445,38.957],[98.602,38.948],[98.782,39.068],[98.902,39.036],[98.962,38.982],[99.095,38.958],[99.099,38.89],[99.496,38.601],[99.557,38.515],[99.8,38.366],[100.079,38.278],[100.156,38.303],[100.083,38.395],[100.141,38.486],[100.358,38.307],[100.497,38.289],[100.554,38.252],[100.636,38.105],[101.05,37.964],[101.766,37.525],[101.937,37.731],[101.996,37.615],[102.067,37.548],[102.033,37.479],[102.427,37.278],[102.551,37.164],[102.496,37.089],[102.46,36.956],[102.675,36.802],[102.615,36.729],[102.611,36.657],[102.698,36.609],[102.77,36.498],[102.819,36.326],[102.894,36.309],[103.04,36.216],[102.933,36.086],[103.0,35.991],[102.976,35.833],[102.838,35.861],[102.7,35.839],[102.68,35.757],[102.721,35.619],[102.702,35.524],[102.535,35.536],[102.426,35.435],[102.289,35.407],[102.318,35.275],[102.376,35.204],[102.267,35.056],[102.009,34.942],[101.913,34.845],[101.923,34.787],[101.755,34.704],[101.793,34.632],[101.914,34.661],[101.932,34.591],[102.013,34.536],[102.15,34.495],[102.212,34.352],[102.077,34.267],[102.012,34.178],[101.863,34.141],[101.78,34.068],[101.647,34.136],[101.612,34.191],[101.324,34.26],[101.256,34.3],[101.036,34.339],[100.935,34.386],[100.815,34.295],[100.792,34.155],[100.948,33.93],[101.009,33.881],[101.129,33.851],[101.166,33.756],[101.16,33.664],[101.4,33.645],[101.496,33.705],[101.577,33.631],[101.613,33.512],[101.778,33.53],[101.691,33.42]]]}},{"type":"Feature","properties":{"name":"Guangxi","admin":"China","iso_a2":"CN","postal":"GX"},"geometry":{"type":"Polygon","coordinates":[[[105.619,23.285],[105.629,23.347],[105.702,23.359],[105.848,23.519],[105.983,23.469],[106.128,23.541],[106.152,23.75],[106.134,23.797],[106.194,23.869],[106.157,23.974],[105.971,24.088],[105.872,24.025],[105.788,24.021],[105.641,24.082],[105.608,24.14],[105.532,24.126],[105.447,24.038],[105.32,24.118],[105.253,24.086],[105.17,24.167],[105.176,24.31],[105.061,24.431],[104.961,24.416],[104.753,24.468],[104.729,24.364],[104.667,24.34],[104.599,24.403],[104.502,24.578],[104.495,24.698],[104.54,24.742],[104.729,24.631],[104.852,24.706],[104.877,24.755],[105.012,24.797],[105.1,24.954],[105.206,25.004],[105.289,24.933],[105.381,24.957],[105.444,24.924],[105.509,24.817],[105.675,24.79],[105.788,24.716],[105.916,24.729],[106.001,24.648],[106.176,24.782],[106.199,24.877],[106.156,24.96],[106.307,24.981],[106.587,25.104],[106.667,25.174],[106.886,25.197],[106.909,25.248],[106.996,25.255],[107.015,25.353],[106.975,25.44],[107.022,25.498],[107.244,25.559],[107.398,25.387],[107.424,25.303],[107.499,25.214],[107.642,25.268],[107.776,25.153],[107.862,25.146],[107.967,25.209],[108.068,25.213],[108.129,25.269],[108.132,25.386],[108.293,25.539],[108.405,25.515],[108.568,25.416],[108.695,25.602],[108.768,25.599],[108.774,25.522],[108.941,25.549],[109.024,25.595],[109.044,25.709],[108.953,25.691],[108.953,25.776],[109.085,25.805],[109.149,25.751],[109.3,25.743],[109.399,25.999],[109.457,26.039],[109.603,26.053],[109.672,25.985],[109.677,25.889],[109.772,25.908],[109.781,26.024],[109.838,26.045],[109.912,26.181],[110.062,26.15],[110.034,26.036],[110.138,26.052],[110.247,25.978],[110.342,26.113],[110.485,26.172],[110.537,26.225],[110.577,26.351],[110.689,26.332],[110.724,26.274],[110.879,26.275],[110.935,26.382],[111.252,26.28],[111.202,25.93],[111.256,25.869],[111.408,25.908],[111.411,25.803],[111.324,25.73],[111.305,25.639],[111.316,25.503],[111.254,25.399],[111.164,25.365],[111.114,25.239],[110.993,25.151],[110.955,25.025],[111.006,24.935],[111.079,24.944],[111.126,25.044],[111.274,25.148],[111.427,25.106],[111.462,25.019],[111.43,24.943],[111.474,24.793],[111.428,24.681],[111.517,24.643],[111.616,24.707],[111.667,24.78],[111.797,24.76],[111.926,24.775],[111.997,24.736],[111.932,24.698],[111.933,24.601],[112.006,24.553],[111.991,24.466],[112.047,24.381],[111.976,24.277],[111.869,24.232],[111.899,23.991],[111.808,23.909],[111.793,23.849],[111.658,23.842],[111.614,23.76],[111.601,23.658],[111.471,23.613],[111.469,23.558],[111.391,23.431],[111.363,23.273],[111.37,23.139],[111.411,23.053],[111.351,22.908],[111.181,22.749],[111.066,22.741],[111.024,22.639],[110.755,22.58],[110.697,22.369],[110.775,22.284],[110.671,22.268],[110.642,22.183],[110.467,22.151],[110.414,22.198],[110.334,22.19],[110.355,22.101],[110.356,21.889],[110.216,21.875],[110.142,21.897],[109.967,21.867],[109.917,21.687],[109.743,21.528],[109.687,21.525],[109.594,21.672],[109.521,21.693],[109.544,21.538],[109.347,21.454],[109.149,21.426],[109.082,21.44],[109.133,21.544],[109.102,21.59],[109.031,21.627],[108.772,21.63],[108.616,21.77],[108.589,21.816],[108.616,21.869],[108.594,21.901],[108.48,21.905],[108.493,21.739],[108.526,21.671],[108.502,21.633],[108.444,21.607],[108.383,21.679],[108.325,21.694],[108.302,21.622],[108.246,21.558],[108.146,21.565],[107.973,21.508],[107.802,21.645],[107.759,21.655],[107.641,21.614],[107.471,21.598],[107.433,21.642],[107.351,21.609],[107.272,21.711],[107.179,21.717],[107.062,21.794],[106.971,21.924],[106.925,21.92],[106.73,22.0],[106.664,21.979],[106.654,22.241],[106.637,22.289],[106.554,22.342],[106.536,22.395],[106.55,22.501],[106.582,22.573],[106.702,22.638],[106.78,22.779],[106.542,22.908],[106.279,22.857],[106.148,22.97],[106.001,22.975],[105.962,22.937],[105.843,22.923],[105.691,23.03],[105.548,23.073],[105.512,23.152],[105.619,23.285]]]}},{"type":"Feature","properties":{"name":"Guizhou","admin":"China","iso_a2":"CN","postal":"GZ"},"geometry":{"type":"Polygon","coordinates":[[[106.489,28.541],[106.562,28.767],[106.626,28.637],[106.562,28.511],[106.75,28.502],[106.762,28.591],[106.829,28.609],[106.835,28.731],[106.889,28.801],[106.973,28.805],[107.031,28.888],[107.161,28.881],[107.297,28.808],[107.437,28.877],[107.5,28.993],[107.424,29.077],[107.43,29.183],[107.496,29.246],[107.557,29.187],[107.783,29.137],[107.79,29.04],[107.875,28.984],[108.055,29.065],[108.286,29.077],[108.367,28.777],[108.33,28.689],[108.582,28.601],[108.583,28.374],[108.73,28.475],[108.784,28.426],[108.728,28.242],[108.943,28.2],[109.095,28.205],[109.155,28.436],[109.258,28.506],[109.264,28.322],[109.354,28.265],[109.299,28.095],[109.363,28.03],[109.31,27.97],[109.328,27.808],[109.413,27.739],[109.447,27.65],[109.418,27.56],[109.318,27.501],[109.277,27.439],[109.206,27.445],[109.015,27.262],[108.9,27.189],[108.897,27.147],[108.791,27.083],[108.874,27.018],[108.95,27.027],[109.008,27.094],[109.095,27.134],[109.156,27.08],[109.231,27.152],[109.438,27.131],[109.499,27.062],[109.507,26.976],[109.444,26.901],[109.505,26.825],[109.397,26.755],[109.294,26.727],[109.377,26.646],[109.403,26.537],[109.315,26.426],[109.297,26.313],[109.399,26.27],[109.457,26.039],[109.399,25.999],[109.3,25.743],[109.149,25.751],[109.085,25.805],[108.953,25.776],[108.953,25.691],[109.044,25.709],[109.024,25.595],[108.941,25.549],[108.774,25.522],[108.768,25.599],[108.695,25.602],[108.568,25.416],[108.405,25.515],[108.293,25.539],[108.132,25.386],[108.129,25.269],[108.068,25.213],[107.967,25.209],[107.862,25.146],[107.776,25.153],[107.642,25.268],[107.499,25.214],[107.424,25.303],[107.398,25.387],[107.244,25.559],[107.022,25.498],[106.975,25.44],[107.015,25.353],[106.996,25.255],[106.909,25.248],[106.886,25.197],[106.667,25.174],[106.587,25.104],[106.307,24.981],[106.156,24.96],[106.199,24.877],[106.176,24.782],[106.001,24.648],[105.916,24.729],[105.788,24.716],[105.675,24.79],[105.509,24.817],[105.444,24.924],[105.381,24.957],[105.289,24.933],[105.206,25.004],[105.1,24.954],[105.012,24.797],[104.877,24.755],[104.852,24.706],[104.729,24.631],[104.54,24.742],[104.546,24.813],[104.707,25.017],[104.689,25.101],[104.72,25.211],[104.669,25.297],[104.566,25.381],[104.554,25.485],[104.433,25.507],[104.422,25.579],[104.306,25.665],[104.421,25.857],[104.393,25.948],[104.499,26.031],[104.505,26.147],[104.545,26.27],[104.676,26.379],[104.627,26.498],[104.559,26.585],[104.466,26.613],[104.43,26.713],[104.359,26.648],[104.218,26.627],[104.153,26.651],[104.02,26.514],[103.829,26.547],[103.758,26.629],[103.775,26.732],[103.717,26.799],[103.778,26.88],[103.778,26.956],[103.701,27.052],[103.596,27.076],[103.695,27.152],[103.911,27.39],[103.981,27.4],[104.174,27.272],[104.344,27.441],[104.444,27.347],[104.594,27.314],[104.783,27.332],[104.871,27.31],[105.083,27.413],[105.197,27.399],[105.297,27.722],[105.361,27.76],[105.524,27.775],[105.647,27.678],[105.876,27.745],[106.039,27.757],[106.104,27.788],[106.248,27.775],[106.345,27.835],[106.299,28.0],[106.215,28.056],[106.199,28.124],[106.109,28.175],[106.009,28.14],[105.906,28.151],[105.847,28.269],[105.667,28.318],[105.656,28.441],[105.621,28.482],[105.683,28.583],[105.892,28.609],[105.984,28.754],[106.189,28.585],[106.269,28.557],[106.339,28.48],[106.382,28.572],[106.489,28.541]]]}},{"type":"Feature","properties":{"name":"Chongqing","admin":"China","iso_a2":"CN","postal":"CQ"},"geometry":{"type":"Polygon","coordinates":[[[109.155,28.436],[109.095,28.205],[108.943,28.2],[108.728,28.242],[108.784,28.426],[108.73,28.475],[108.583,28.374],[108.582,28.601],[108.33,28.689],[108.367,28.777],[108.286,29.077],[108.055,29.065],[107.875,28.984],[107.79,29.04],[107.783,29.137],[107.557,29.187],[107.496,29.246],[107.43,29.183],[107.424,29.077],[107.5,28.993],[107.437,28.877],[107.297,28.808],[107.161,28.881],[107.031,28.888],[106.973,28.805],[106.889,28.801],[106.835,28.731],[106.829,28.609],[106.762,28.591],[106.75,28.502],[106.562,28.511],[106.626,28.637],[106.562,28.767],[106.489,28.541],[106.382,28.572],[106.298,28.672],[106.257,28.794],[106.26,28.869],[106.008,28.973],[105.878,28.92],[105.795,28.937],[105.745,28.995],[105.701,29.224],[105.645,29.27],[105.506,29.291],[105.422,29.334],[105.405,29.43],[105.315,29.47],[105.291,29.585],[105.412,29.703],[105.551,29.748],[105.558,29.804],[105.71,29.868],[105.739,30.033],[105.557,30.148],[105.709,30.274],[105.792,30.423],[106.125,30.342],[106.239,30.22],[106.385,30.264],[106.449,30.324],[106.532,30.338],[106.618,30.269],[106.717,30.059],[106.77,30.037],[107.033,30.058],[107.229,30.238],[107.372,30.5],[107.478,30.61],[107.457,30.761],[107.508,30.822],[107.736,30.883],[107.769,30.827],[107.85,30.81],[107.93,30.873],[107.932,30.949],[108.007,31.039],[108.033,31.222],[108.194,31.331],[108.223,31.468],[108.323,31.499],[108.407,31.566],[108.516,31.708],[108.501,31.791],[108.287,31.922],[108.268,31.973],[108.345,32.074],[108.419,32.1],[108.389,32.184],[108.518,32.198],[108.789,32.045],[109.056,31.941],[109.189,31.84],[109.253,31.744],[109.336,31.705],[109.594,31.738],[109.659,31.718],[109.724,31.636],[109.733,31.561],[109.929,31.519],[110.108,31.398],[110.147,31.331],[110.175,31.189],[110.108,31.122],[110.138,31.0],[110.128,30.906],[110.066,30.828],[109.997,30.826],[109.871,30.889],[109.749,30.835],[109.64,30.718],[109.394,30.584],[109.248,30.597],[109.179,30.567],[108.965,30.607],[108.868,30.551],[108.71,30.523],[108.67,30.574],[108.573,30.498],[108.433,30.487],[108.381,30.4],[108.532,30.315],[108.538,29.885],[108.4,29.831],[108.447,29.736],[108.513,29.722],[108.613,29.858],[108.658,29.817],[108.696,29.698],[108.872,29.639],[108.872,29.502],[108.921,29.349],[109.014,29.307],[109.077,29.214],[109.275,29.049],[109.246,28.931],[109.247,28.786],[109.281,28.729],[109.213,28.629],[109.285,28.573],[109.258,28.506],[109.155,28.436]]]}},{"type":"Feature","properties":{"name":"Beijing","admin":"China","iso_a2":"CN","postal":"BJ"},"geometry":{"type":"Polygon","coordinates":[[[116.604,39.611],[116.428,39.521],[116.387,39.442],[116.25,39.506],[116.21,39.572],[116.001,39.558],[115.945,39.575],[115.756,39.509],[115.618,39.604],[115.463,39.643],[115.437,39.749],[115.511,39.838],[115.496,39.924],[115.427,39.963],[115.578,40.096],[115.82,40.152],[115.945,40.294],[115.728,40.54],[115.874,40.61],[115.995,40.596],[116.13,40.658],[116.207,40.75],[116.291,40.74],[116.459,40.792],[116.438,40.9],[116.653,41.031],[116.676,40.94],[116.91,40.749],[117.058,40.677],[117.199,40.69],[117.303,40.662],[117.429,40.669],[117.412,40.597],[117.243,40.57],[117.184,40.497],[117.238,40.45],[117.251,40.338],[117.357,40.257],[117.372,40.201],[117.311,40.11],[116.988,40.034],[116.829,40.037],[116.744,39.959],[116.781,39.89],[116.922,39.774],[116.876,39.686],[116.793,39.602],[116.604,39.611]]]}},{"type":"Feature","properties":{"name":"Fujian","admin":"China","iso_a2":"CN","postal":"FJ"},"geometry":{"type":"MultiPolygon","coordinates":[[[[120.279,27.097],[120.139,26.886],[120.097,26.781],[120.087,26.672],[119.968,26.586],[119.882,26.61],[119.879,26.683],[119.842,26.689],[119.821,26.737],[119.824,26.846],[119.789,26.831],[119.767,26.775],[119.71,26.729],[119.588,26.785],[119.638,26.621],[119.726,26.609],[119.785,26.547],[119.881,26.334],[119.693,26.236],[119.463,26.055],[119.313,26.063],[119.139,26.122],[119.264,25.975],[119.332,25.949],[119.418,25.954],[119.501,26.009],[119.619,26.004],[119.648,25.919],[119.553,25.699],[119.539,25.591],[119.622,25.391],[119.593,25.368],[119.422,25.46],[119.18,25.45],[119.146,25.414],[119.169,25.356],[119.244,25.307],[119.286,25.232],[119.236,25.206],[118.978,25.209],[118.914,25.127],[118.956,25.005],[118.909,24.929],[118.637,24.836],[118.64,24.809],[118.719,24.746],[118.657,24.621],[118.56,24.58],[118.412,24.601],[118.295,24.573],[118.195,24.626],[118.087,24.627],[118.014,24.56],[118.006,24.482],[117.843,24.474],[117.879,24.396],[118.024,24.38],[118.056,24.246],[117.904,24.106],[117.839,24.012],[117.742,24.015],[117.668,23.939],[117.628,23.837],[117.579,23.857],[117.466,23.841],[117.433,23.792],[117.462,23.736],[117.417,23.621],[117.368,23.589],[117.331,23.709],[117.291,23.714],[117.175,23.616],[117.037,23.738],[116.925,24.078],[116.968,24.185],[116.882,24.394],[116.749,24.551],[116.745,24.671],[116.604,24.656],[116.53,24.615],[116.372,24.841],[116.115,24.846],[116.036,24.894],[115.888,24.917],[115.843,25.195],[115.908,25.238],[115.979,25.351],[116.0,25.497],[116.045,25.575],[116.028,25.636],[116.124,25.764],[116.135,25.866],[116.18,25.907],[116.323,25.955],[116.397,26.061],[116.419,26.153],[116.399,26.288],[116.502,26.407],[116.594,26.395],[116.619,26.492],[116.542,26.563],[116.505,26.689],[116.545,26.868],[116.67,26.987],[116.923,27.021],[117.04,27.11],[117.154,27.276],[117.101,27.347],[117.125,27.43],[117.112,27.568],[117.225,27.723],[117.287,27.773],[117.284,27.857],[117.544,27.967],[117.605,27.866],[117.746,27.813],[117.823,27.937],[118.061,27.979],[118.131,28.041],[118.368,28.1],[118.349,28.22],[118.446,28.289],[118.499,28.262],[118.735,28.326],[118.797,28.213],[118.766,28.178],[118.748,27.973],[118.82,27.91],[118.889,27.722],[118.923,27.55],[119.005,27.48],[119.186,27.42],[119.266,27.424],[119.39,27.513],[119.467,27.525],[119.512,27.637],[119.616,27.666],[119.687,27.511],[119.693,27.411],[119.77,27.316],[120.064,27.344],[120.148,27.4],[120.249,27.41],[120.344,27.38],[120.406,27.297],[120.424,27.203],[120.279,27.097]]],[[[118.104,24.552],[118.183,24.496],[118.15,24.436],[118.091,24.446],[118.077,24.501],[118.104,24.552]]],[[[119.838,25.591],[119.809,25.508],[119.832,25.48],[119.747,25.411],[119.7,25.433],[119.723,25.551],[119.696,25.591],[119.723,25.639],[119.778,25.653],[119.838,25.591]]]]}},{"type":"Feature","properties":{"name":"Anhui","admin":"China","iso_a2":"CN","postal":"AH"},"geometry":{"type":"Polygon","coordinates":[[[116.126,29.905],[116.078,29.969],[116.04,30.221],[115.912,30.316],[115.877,30.39],[115.947,30.488],[115.768,30.688],[115.775,30.755],[115.862,30.785],[115.859,30.861],[116.036,30.989],[115.946,31.034],[115.877,31.129],[115.768,31.144],[115.669,31.217],[115.55,31.183],[115.374,31.418],[115.39,31.512],[115.532,31.736],[115.663,31.784],[115.901,31.794],[115.928,32.025],[115.888,32.394],[115.79,32.471],[115.694,32.492],[115.647,32.402],[115.565,32.402],[115.457,32.507],[115.367,32.56],[115.199,32.591],[115.185,32.859],[114.88,32.993],[114.887,33.083],[114.969,33.124],[115.143,33.084],[115.251,33.121],[115.345,33.251],[115.316,33.374],[115.346,33.453],[115.443,33.548],[115.635,33.592],[115.574,33.75],[115.63,33.839],[115.561,33.898],[115.586,33.98],[115.654,34.048],[115.733,34.066],[115.841,34.007],[115.961,34.0],[115.971,33.905],[116.08,33.778],[116.182,33.718],[116.421,33.791],[116.445,33.845],[116.641,33.953],[116.543,34.121],[116.575,34.192],[116.552,34.287],[116.401,34.275],[116.157,34.447],[116.151,34.567],[116.267,34.577],[116.377,34.64],[116.428,34.64],[116.625,34.485],[116.77,34.452],[116.802,34.4],[116.949,34.389],[116.97,34.275],[117.034,34.156],[117.159,34.091],[117.321,34.079],[117.392,34.031],[117.503,34.05],[117.572,33.99],[117.651,33.982],[117.688,33.888],[117.746,33.882],[117.752,33.724],[118.124,33.766],[118.177,33.693],[117.932,33.235],[117.996,33.168],[118.081,33.15],[118.218,33.18],[118.248,33.013],[118.239,32.924],[118.3,32.777],[118.399,32.731],[118.72,32.732],[118.748,32.839],[118.798,32.865],[118.857,32.972],[118.993,32.962],[119.009,32.91],[119.11,32.834],[119.19,32.711],[119.199,32.594],[119.081,32.446],[118.891,32.596],[118.752,32.613],[118.552,32.574],[118.612,32.478],[118.668,32.453],[118.684,32.339],[118.65,32.238],[118.514,32.2],[118.499,32.138],[118.383,32.054],[118.352,31.947],[118.481,31.859],[118.477,31.79],[118.684,31.701],[118.681,31.647],[118.86,31.627],[118.881,31.522],[118.827,31.398],[118.751,31.358],[118.756,31.281],[118.816,31.226],[119.075,31.239],[119.163,31.287],[119.317,31.267],[119.363,31.192],[119.63,31.133],[119.575,30.847],[119.501,30.769],[119.443,30.639],[119.351,30.675],[119.242,30.551],[119.321,30.518],[119.363,30.404],[119.211,30.314],[119.058,30.312],[118.935,30.352],[118.881,30.324],[118.909,30.222],[118.853,30.159],[118.894,29.983],[118.82,29.88],[118.741,29.828],[118.724,29.73],[118.648,29.658],[118.557,29.625],[118.373,29.453],[118.175,29.408],[118.113,29.519],[117.986,29.572],[117.899,29.549],[117.708,29.556],[117.649,29.606],[117.527,29.622],[117.402,29.773],[117.406,29.831],[117.274,29.829],[117.226,29.907],[117.125,29.911],[117.067,29.841],[117.107,29.786],[117.079,29.71],[116.955,29.654],[116.888,29.561],[116.749,29.545],[116.648,29.627],[116.675,29.708],[116.798,29.756],[116.887,29.92],[116.791,30.022],[116.65,30.051],[116.493,29.885],[116.39,29.876],[116.236,29.781],[116.147,29.789],[116.126,29.905]]]}},{"type":"Feature","properties":{"name":"Guangdong","admin":"China","iso_a2":"CN","postal":"GD"},"geometry":{"type":"MultiPolygon","coordinates":[[[[113.555,22.804],[113.564,22.758],[113.426,22.859],[113.404,22.903],[113.465,22.905],[113.555,22.804]]],[[[112.863,21.753],[112.801,21.695],[112.771,21.582],[112.713,21.698],[112.782,21.772],[112.863,21.753]]],[[[112.648,21.71],[112.644,21.64],[112.525,21.623],[112.559,21.675],[112.648,21.71]]],[[[110.539,21.018],[110.504,20.968],[110.422,21.007],[110.281,21.001],[110.265,21.025],[110.31,21.075],[110.385,21.093],[110.422,21.059],[110.522,21.083],[110.539,21.018]]],[[[109.917,21.687],[109.967,21.867],[110.142,21.897],[110.216,21.875],[110.356,21.889],[110.355,22.101],[110.334,22.19],[110.414,22.198],[110.467,22.151],[110.642,22.183],[110.671,22.268],[110.775,22.284],[110.697,22.369],[110.755,22.58],[111.024,22.639],[111.066,22.741],[111.181,22.749],[111.351,22.908],[111.411,23.053],[111.37,23.139],[111.363,23.273],[111.391,23.431],[111.469,23.558],[111.471,23.613],[111.601,23.658],[111.614,23.76],[111.658,23.842],[111.793,23.849],[111.808,23.909],[111.899,23.991],[111.869,24.232],[111.976,24.277],[112.047,24.381],[111.991,24.466],[112.006,24.553],[111.933,24.601],[111.932,24.698],[112.066,24.797],[112.145,24.794],[112.165,24.912],[112.121,24.949],[112.214,25.2],[112.663,25.113],[112.714,25.0],[112.808,24.943],[112.989,24.964],[112.959,25.056],[112.969,25.181],[112.889,25.241],[112.917,25.325],[113.217,25.506],[113.422,25.384],[113.523,25.386],[113.582,25.326],[113.714,25.361],[113.828,25.357],[113.928,25.448],[114.012,25.435],[114.026,25.268],[114.115,25.308],[114.279,25.292],[114.384,25.335],[114.429,25.386],[114.569,25.407],[114.58,25.36],[114.707,25.29],[114.683,25.163],[114.729,25.119],[114.414,24.98],[114.384,24.885],[114.302,24.759],[114.192,24.695],[114.425,24.5],[114.498,24.556],[114.642,24.585],[114.712,24.555],[114.74,24.625],[114.863,24.588],[114.945,24.67],[115.047,24.707],[115.139,24.684],[115.24,24.746],[115.421,24.785],[115.599,24.609],[115.706,24.546],[115.799,24.573],[115.749,24.748],[115.787,24.861],[115.888,24.917],[116.036,24.894],[116.115,24.846],[116.372,24.841],[116.53,24.615],[116.604,24.656],[116.745,24.671],[116.749,24.551],[116.882,24.394],[116.968,24.185],[116.925,24.078],[117.037,23.738],[117.175,23.616],[117.083,23.579],[117.033,23.623],[116.911,23.647],[116.861,23.453],[116.712,23.36],[116.629,23.354],[116.682,23.327],[116.699,23.278],[116.669,23.228],[116.586,23.218],[116.538,23.18],[116.52,23.007],[116.471,22.946],[116.346,22.941],[116.252,22.981],[116.157,22.887],[116.063,22.879],[115.852,22.802],[115.64,22.853],[115.561,22.825],[115.498,22.719],[115.383,22.719],[115.196,22.817],[115.092,22.782],[115.012,22.709],[114.914,22.685],[114.896,22.64],[114.854,22.617],[114.75,22.626],[114.711,22.739],[114.652,22.755],[114.544,22.621],[114.554,22.529],[114.496,22.527],[114.42,22.583],[114.341,22.593],[114.266,22.541],[114.123,22.565],[114.015,22.512],[113.931,22.531],[113.828,22.607],[113.754,22.734],[113.62,22.861],[113.586,23.02],[113.621,23.127],[113.52,23.102],[113.445,23.055],[113.46,22.996],[113.442,22.941],[113.331,22.912],[113.345,22.865],[113.432,22.789],[113.45,22.726],[113.553,22.594],[113.551,22.404],[113.589,22.35],[113.548,22.223],[113.527,22.246],[113.494,22.242],[113.479,22.196],[113.328,22.145],[113.266,22.089],[113.149,22.075],[113.089,22.208],[113.008,22.119],[112.984,21.938],[112.954,21.907],[112.904,21.881],[112.809,21.945],[112.661,21.859],[112.586,21.777],[112.421,21.881],[112.429,21.958],[112.36,21.978],[112.39,21.801],[112.305,21.742],[112.193,21.763],[112.025,21.843],[111.944,21.85],[111.926,21.776],[111.873,21.717],[111.776,21.719],[111.682,21.608],[111.603,21.559],[111.392,21.535],[111.319,21.486],[111.101,21.485],[111.017,21.512],[110.997,21.43],[110.771,21.387],[110.567,21.214],[110.504,21.207],[110.458,21.231],[110.435,21.327],[110.411,21.338],[110.375,21.172],[110.194,21.038],[110.154,20.945],[110.18,20.859],[110.365,20.838],[110.388,20.791],[110.313,20.672],[110.512,20.518],[110.518,20.46],[110.45,20.355],[110.345,20.295],[110.123,20.264],[109.938,20.295],[109.883,20.364],[109.886,20.413],[109.984,20.403],[109.968,20.448],[109.861,20.514],[109.792,20.622],[109.805,20.711],[109.663,20.917],[109.704,21.053],[109.681,21.132],[109.76,21.228],[109.78,21.337],[109.921,21.376],[109.931,21.481],[109.83,21.484],[109.759,21.56],[109.917,21.687]]]]}},{"type":"Feature","properties":{"name":"Xizang","admin":"China","iso_a2":"CN","postal":"XZ"},"geometry":{"type":"Polygon","coordinates":[[[79.204,34.439],[79.338,34.431],[79.513,34.472],[79.717,34.413],[79.794,34.431],[79.956,34.685],[79.884,34.92],[80.047,35.018],[80.014,35.086],[80.176,35.253],[80.319,35.509],[80.486,35.404],[80.656,35.384],[80.766,35.343],[80.858,35.347],[80.979,35.293],[81.061,35.389],[81.21,35.317],[81.357,35.332],[81.462,35.31],[81.545,35.252],[81.711,35.246],[82.002,35.319],[82.086,35.448],[82.289,35.545],[82.319,35.634],[82.428,35.69],[82.71,35.65],[82.785,35.685],[82.936,35.674],[82.978,35.601],[82.972,35.49],[83.099,35.413],[83.246,35.421],[83.565,35.361],[83.871,35.375],[83.984,35.416],[84.133,35.378],[84.215,35.389],[84.563,35.559],[84.778,35.6],[84.924,35.689],[85.15,35.75],[85.26,35.73],[85.389,35.757],[85.62,35.675],[85.717,35.759],[85.93,35.762],[86.087,35.876],[86.212,36.116],[86.4,36.17],[86.459,36.219],[86.714,36.231],[86.787,36.26],[87.194,36.304],[87.346,36.374],[87.571,36.334],[87.925,36.383],[88.0,36.428],[88.459,36.449],[88.712,36.368],[88.828,36.374],[88.958,36.287],[89.224,36.264],[89.678,36.082],[89.515,36.053],[89.435,35.988],[89.485,35.88],[89.581,35.84],[89.789,35.827],[89.789,35.776],[89.715,35.642],[89.69,35.509],[89.73,35.444],[89.484,35.342],[89.455,35.213],[89.572,35.073],[89.584,34.941],[89.788,34.926],[89.825,34.846],[89.724,34.74],[89.791,34.554],[89.796,34.408],[89.84,34.383],[89.787,34.199],[89.637,34.093],[89.742,33.91],[89.877,33.823],[89.975,33.631],[90.141,33.578],[90.203,33.5],[90.206,33.402],[90.323,33.289],[90.436,33.282],[90.66,33.156],[90.804,33.141],[90.95,33.239],[91.128,33.254],[91.189,33.337],[91.362,33.337],[91.376,33.271],[91.543,33.08],[91.72,32.983],[91.813,32.968],[91.977,32.849],[92.086,32.886],[92.196,32.869],[92.221,32.745],[92.466,32.769],[92.65,32.74],[92.727,32.761],[92.85,32.729],[93.006,32.735],[93.031,32.664],[93.219,32.66],[93.345,32.578],[93.443,32.563],[93.51,32.516],[93.597,32.565],[93.734,32.572],[93.877,32.495],[94.111,32.478],[94.178,32.522],[94.317,32.541],[94.582,32.672],[94.722,32.593],[94.755,32.535],[94.852,32.5],[94.939,32.428],[94.951,32.337],[95.062,32.261],[95.259,32.244],[95.382,32.17],[95.425,32.095],[95.354,31.954],[95.407,31.811],[95.497,31.742],[95.593,31.762],[95.725,31.746],[95.774,31.698],[95.849,31.714],[96.094,31.701],[96.167,31.548],[96.215,31.607],[96.213,31.735],[96.148,31.78],[96.183,31.871],[96.278,31.909],[96.483,31.753],[96.664,31.721],[96.737,31.68],[96.795,31.715],[96.753,31.839],[96.786,31.91],[96.754,31.974],[97.018,32.023],[97.124,32.009],[97.255,32.076],[97.254,32.204],[97.36,32.26],[97.393,32.385],[97.326,32.424],[97.361,32.5],[97.562,32.484],[97.631,32.444],[97.716,32.544],[98.014,32.465],[98.081,32.405],[98.206,32.356],[98.22,32.252],[98.453,31.984],[98.421,31.878],[98.445,31.804],[98.559,31.677],[98.592,31.599],[98.885,31.354],[98.768,31.23],[98.683,31.316],[98.611,31.256],[98.62,31.188],[98.803,30.991],[98.775,30.902],[98.954,30.748],[98.905,30.664],[98.933,30.491],[98.961,30.46],[98.987,30.144],[99.034,30.055],[99.056,29.915],[99.005,29.82],[98.987,29.651],[99.042,29.562],[99.063,29.308],[99.109,29.224],[98.99,29.202],[99.006,29.073],[98.932,28.986],[98.909,28.912],[98.946,28.842],[98.873,28.812],[98.82,28.886],[98.785,29.0],[98.665,28.974],[98.639,28.879],[98.678,28.757],[98.589,28.67],[98.64,28.424],[98.576,28.318],[98.49,28.248],[98.41,28.251],[98.3,28.355],[98.23,28.203],[98.099,28.14],[97.888,28.356],[97.769,28.356],[97.695,28.469],[97.599,28.517],[97.538,28.51],[97.323,28.218],[97.075,28.369],[96.981,28.338],[96.776,28.367],[96.603,28.46],[96.428,28.406],[96.389,28.368],[96.32,28.387],[96.279,28.428],[96.326,28.469],[96.327,28.525],[96.581,28.764],[96.477,28.959],[96.467,29.022],[96.436,29.051],[96.347,29.027],[96.162,28.91],[96.137,28.923],[96.122,29.082],[96.34,29.21],[96.356,29.249],[96.235,29.246],[96.195,29.272],[96.128,29.381],[96.035,29.447],[95.71,29.314],[95.516,29.206],[95.517,29.151],[95.389,29.037],[95.279,29.05],[94.999,29.149],[94.769,29.176],[94.733,29.252],[94.623,29.312],[94.468,29.216],[94.293,29.145],[94.112,28.976],[94.018,28.96],[94.013,28.908],[93.974,28.861],[93.761,28.73],[93.665,28.69],[93.252,28.629],[93.207,28.591],[93.119,28.402],[92.882,28.228],[92.702,28.147],[92.653,28.093],[92.643,28.062],[92.687,28.026],[92.664,27.949],[92.415,27.825],[92.251,27.841],[92.101,27.808],[91.978,27.73],[91.632,27.76],[91.642,27.923],[91.368,28.022],[91.273,28.078],[91.226,28.071],[91.078,27.974],[91.021,27.97],[90.907,28.027],[90.716,28.072],[90.353,28.08],[90.333,28.094],[90.363,28.216],[90.348,28.244],[89.981,28.311],[89.817,28.256],[89.75,28.188],[89.537,28.107],[89.481,28.06],[89.16,27.711],[89.102,27.593],[88.948,27.464],[88.891,27.316],[88.765,27.43],[88.749,27.522],[88.849,27.869],[88.804,28.007],[88.621,28.092],[88.578,28.093],[88.426,28.012],[88.141,27.949],[88.109,27.933],[88.11,27.871],[87.861,27.886],[87.623,27.815],[87.141,27.838],[87.02,27.929],[86.75,28.022],[86.691,28.095],[86.614,28.103],[86.555,28.085],[86.517,27.964],[86.409,27.929],[86.218,28.022],[86.137,28.114],[86.079,28.084],[86.064,27.935],[85.995,27.91],[85.954,27.928],[85.84,28.135],[85.678,28.277],[85.411,28.276],[85.122,28.316],[85.089,28.372],[85.159,28.592],[85.069,28.61],[84.855,28.554],[84.797,28.56],[84.229,28.912],[84.101,29.22],[83.936,29.28],[83.671,29.188],[83.584,29.184],[83.355,29.439],[83.155,29.613],[83.014,29.618],[82.854,29.683],[82.487,29.941],[82.221,30.064],[82.159,30.115],[82.043,30.327],[81.642,30.388],[81.417,30.338],[81.255,30.093],[81.177,30.04],[81.11,30.037],[81.01,30.165],[80.985,30.237],[80.682,30.415],[80.191,30.568],[80.194,30.759],[80.149,30.79],[80.082,30.782],[79.795,30.968],[79.565,30.949],[79.388,31.064],[79.107,31.403],[79.044,31.426],[79.011,31.414],[78.974,31.329],[78.758,31.302],[78.759,31.437],[78.727,31.472],[78.803,31.618],[78.693,31.74],[78.687,31.806],[78.735,31.958],[78.496,32.216],[78.392,32.545],[78.701,32.597],[78.771,32.468],[78.838,32.412],[78.919,32.358],[78.998,32.365],[79.067,32.388],[79.127,32.476],[79.292,32.507],[79.385,32.57],[79.47,32.643],[79.499,32.73],[79.335,32.976],[79.376,33.146],[79.355,33.17],[79.067,33.25],[78.802,33.5],[78.784,33.809],[78.732,34.056],[78.971,34.228],[78.97,34.303],[78.947,34.336],[79.204,34.439]]]}},{"type":"Feature","properties":{"name":"Sikkim","admin":"India","iso_a2":"IN","postal":"SK"},"geometry":{"type":"Polygon","coordinates":[[[88.76,27.218],[88.739,27.176],[88.756,27.149],[88.518,27.176],[88.448,27.114],[88.357,27.085],[88.233,27.137],[88.118,27.138],[88.001,27.248],[88.068,27.567],[88.147,27.749],[88.15,27.843],[88.11,27.871],[88.109,27.933],[88.426,28.012],[88.578,28.093],[88.804,28.007],[88.849,27.869],[88.749,27.522],[88.765,27.43],[88.891,27.316],[88.76,27.218]]]}},{"type":"Feature","properties":{"name":"Xinjiang","admin":"China","iso_a2":"CN","postal":"XJ"},"geometry":{"type":"Polygon","coordinates":[[[78.671,34.518],[78.327,34.606],[78.282,34.654],[78.012,35.251],[78.043,35.48],[78.009,35.49],[77.895,35.449],[77.799,35.496],[77.447,35.476],[77.09,35.552],[76.879,35.613],[76.632,35.729],[76.563,35.773],[76.551,35.887],[76.386,35.837],[76.178,35.811],[76.148,35.829],[76.071,35.983],[75.945,36.018],[75.912,36.049],[75.905,36.088],[75.969,36.169],[75.974,36.382],[75.933,36.522],[75.84,36.65],[75.667,36.742],[75.574,36.759],[75.46,36.725],[75.424,36.738],[75.377,36.884],[75.347,36.913],[75.054,36.987],[74.889,36.952],[74.692,37.036],[74.541,37.022],[74.376,37.137],[74.372,37.158],[74.727,37.291],[74.767,37.249],[74.891,37.232],[75.119,37.386],[75.098,37.451],[74.894,37.601],[74.938,37.773],[74.9,37.833],[74.891,37.926],[74.842,38.038],[74.79,38.104],[74.775,38.192],[74.772,38.275],[74.836,38.404],[74.812,38.46],[74.745,38.51],[74.514,38.6],[74.277,38.66],[74.131,38.661],[74.065,38.608],[74.026,38.54],[73.869,38.563],[73.802,38.607],[73.696,38.854],[73.73,38.915],[73.794,38.941],[73.805,38.969],[73.607,39.229],[73.632,39.449],[73.823,39.489],[73.907,39.579],[73.883,39.715],[73.835,39.8],[73.992,40.043],[74.412,40.137],[74.68,40.311],[74.831,40.328],[74.842,40.345],[74.801,40.429],[74.835,40.483],[74.866,40.493],[75.005,40.449],[75.111,40.454],[75.241,40.48],[75.521,40.628],[75.556,40.625],[75.617,40.517],[75.677,40.306],[75.872,40.303],[76.004,40.371],[76.157,40.376],[76.258,40.431],[76.319,40.352],[76.48,40.45],[76.578,40.578],[76.661,40.78],[76.824,40.982],[76.908,41.024],[76.987,41.039],[77.582,40.993],[77.815,41.056],[78.123,41.076],[78.346,41.281],[78.362,41.372],[78.743,41.56],[79.294,41.783],[79.354,41.781],[79.766,41.899],[79.84,41.996],[80.235,42.043],[80.209,42.19],[80.259,42.235],[80.255,42.274],[80.206,42.399],[80.165,42.666],[80.25,42.797],[80.539,42.874],[80.544,42.912],[80.383,42.974],[80.39,43.043],[80.617,43.128],[80.751,43.103],[80.786,43.162],[80.73,43.274],[80.668,43.31],[80.704,43.427],[80.651,43.564],[80.496,43.892],[80.432,43.952],[80.355,44.097],[80.365,44.223],[80.336,44.438],[80.355,44.552],[80.391,44.627],[80.381,44.655],[80.482,44.715],[80.455,44.746],[80.255,44.808],[79.997,44.797],[79.875,44.861],[79.872,44.884],[80.059,45.006],[80.635,45.126],[80.853,45.129],[81.692,45.349],[81.759,45.311],[81.79,45.226],[81.945,45.161],[82.267,45.219],[82.479,45.124],[82.521,45.125],[82.597,45.216],[82.621,45.293],[82.612,45.424],[82.327,45.52],[82.315,45.595],[82.43,45.812],[82.555,46.159],[82.692,46.387],[82.975,46.966],[83.029,47.186],[83.09,47.209],[83.714,47.021],[84.016,46.971],[84.339,46.996],[84.667,46.972],[84.72,46.939],[84.746,46.864],[84.786,46.831],[85.012,46.909],[85.233,47.036],[85.485,47.064],[85.657,47.255],[85.67,47.338],[85.587,47.494],[85.526,47.916],[85.562,48.052],[85.692,48.312],[85.749,48.385],[85.83,48.408],[86.266,48.455],[86.549,48.529],[86.718,48.697],[86.758,48.861],[86.729,48.939],[86.753,49.009],[86.886,49.091],[87.23,49.106],[87.417,49.077],[87.516,49.122],[87.814,49.162],[87.816,49.08],[87.872,49.0],[87.86,48.966],[87.755,48.919],[87.743,48.882],[87.832,48.792],[88.028,48.736],[88.06,48.707],[87.972,48.603],[87.98,48.555],[88.31,48.472],[88.414,48.403],[88.517,48.384],[88.567,48.317],[88.576,48.22],[88.838,48.102],[88.918,48.089],[89.048,48.003],[89.196,47.981],[89.33,48.025],[89.479,48.029],[89.561,48.004],[89.638,47.909],[89.778,47.827],[89.91,47.844],[89.959,47.886],[90.028,47.878],[90.103,47.745],[90.313,47.676],[90.425,47.504],[90.496,47.285],[90.716,47.004],[90.87,46.954],[90.986,46.749],[91.004,46.596],[91.029,46.566],[91.034,46.529],[90.918,46.324],[90.912,46.271],[90.997,46.105],[91.002,46.036],[90.796,45.854],[90.71,45.731],[90.662,45.525],[90.853,45.263],[90.877,45.196],[91.05,45.217],[91.312,45.118],[91.441,45.125],[91.584,45.077],[92.03,45.069],[92.424,45.009],[92.788,45.036],[93.516,44.944],[93.656,44.901],[93.958,44.675],[94.199,44.645],[94.365,44.52],[94.712,44.351],[95.05,44.259],[95.35,44.278],[95.367,44.262],[95.326,44.039],[95.356,44.006],[95.526,43.954],[95.842,43.384],[95.86,43.276],[95.913,43.207],[96.299,42.929],[96.342,42.849],[96.352,42.747],[96.373,42.731],[96.091,42.587],[96.044,42.5],[96.018,42.139],[96.036,41.995],[95.864,41.855],[95.772,41.83],[95.492,41.856],[95.058,41.789],[94.581,41.585],[94.011,41.104],[93.577,40.588],[93.286,40.469],[93.037,40.49],[92.926,40.423],[92.92,40.118],[92.777,39.906],[92.772,39.811],[92.948,39.452],[92.936,39.153],[92.333,39.05],[92.123,38.941],[91.629,38.826],[91.492,38.817],[91.294,38.745],[91.012,38.699],[90.654,38.674],[90.636,38.624],[90.478,38.533],[90.312,38.466],[90.151,38.433],[90.193,38.326],[90.439,37.996],[90.41,37.847],[90.436,37.779],[90.834,37.608],[90.957,37.519],[91.074,37.488],[91.235,37.195],[91.316,37.119],[91.288,37.014],[91.191,37.001],[91.055,36.945],[90.891,36.939],[90.808,36.911],[90.712,36.822],[90.688,36.698],[90.71,36.636],[90.805,36.559],[91.007,36.503],[91.136,36.141],[91.111,36.074],[90.915,36.013],[90.829,36.01],[90.623,36.111],[90.166,36.129],[90.014,36.253],[89.972,36.105],[89.867,36.066],[89.678,36.082],[89.224,36.264],[88.958,36.287],[88.828,36.374],[88.712,36.368],[88.459,36.449],[88.0,36.428],[87.925,36.383],[87.571,36.334],[87.346,36.374],[87.194,36.304],[86.787,36.26],[86.714,36.231],[86.459,36.219],[86.4,36.17],[86.212,36.116],[86.087,35.876],[85.93,35.762],[85.717,35.759],[85.62,35.675],[85.389,35.757],[85.26,35.73],[85.15,35.75],[84.924,35.689],[84.778,35.6],[84.563,35.559],[84.215,35.389],[84.133,35.378],[83.984,35.416],[83.871,35.375],[83.565,35.361],[83.246,35.421],[83.099,35.413],[82.972,35.49],[82.978,35.601],[82.936,35.674],[82.785,35.685],[82.71,35.65],[82.428,35.69],[82.319,35.634],[82.289,35.545],[82.086,35.448],[82.002,35.319],[81.711,35.246],[81.545,35.252],[81.462,35.31],[81.357,35.332],[81.21,35.317],[81.061,35.389],[80.979,35.293],[80.858,35.347],[80.766,35.343],[80.656,35.384],[80.486,35.404],[80.319,35.509],[80.176,35.253],[80.014,35.086],[80.047,35.018],[79.884,34.92],[79.956,34.685],[79.794,34.431],[79.717,34.413],[79.513,34.472],[79.338,34.431],[79.204,34.439],[78.947,34.336],[78.671,34.518]]]}},{"type":"Feature","properties":{"name":"Hainan","admin":"China","iso_a2":"CN","postal":"HA"},"geometry":{"type":"Polygon","coordinates":[[[111.014,19.655],[110.913,19.586],[110.822,19.558],[110.641,19.291],[110.572,19.172],[110.451,18.748],[110.4,18.698],[110.252,18.656],[110.049,18.505],[110.067,18.448],[110.02,18.416],[109.816,18.397],[109.703,18.259],[109.519,18.218],[109.341,18.3],[109.03,18.368],[108.702,18.535],[108.636,18.908],[108.666,19.304],[108.791,19.418],[109.277,19.761],[109.177,19.768],[109.263,19.883],[109.315,19.904],[109.418,19.889],[109.514,19.904],[109.584,19.97],[109.651,19.984],[109.906,19.963],[110.083,19.993],[110.172,20.054],[110.344,20.039],[110.392,19.976],[110.394,20.059],[110.588,19.976],[110.598,20.098],[110.652,20.138],[110.679,20.137],[110.809,20.014],[110.889,19.992],[110.971,19.883],[111.014,19.655]]]}},{"type":"Feature","properties":{"name":"Ningxia","admin":"China","iso_a2":"CN","postal":"NX"},"geometry":{"type":"Polygon","coordinates":[[[107.607,37.766],[107.509,37.764],[107.436,37.663],[107.317,37.59],[107.322,37.528],[107.238,37.301],[107.325,37.164],[107.285,37.068],[107.188,37.117],[106.933,37.107],[106.791,37.19],[106.644,37.182],[106.634,36.998],[106.575,36.931],[106.649,36.834],[106.602,36.726],[106.502,36.707],[106.494,36.56],[106.44,36.515],[106.495,36.437],[106.497,36.268],[106.604,36.278],[106.745,36.207],[106.814,36.212],[106.945,36.077],[106.915,35.907],[106.843,35.882],[106.913,35.789],[106.767,35.707],[106.47,35.727],[106.429,35.699],[106.495,35.553],[106.465,35.332],[106.378,35.261],[106.313,35.274],[106.211,35.395],[106.112,35.425],[106.065,35.488],[105.936,35.525],[105.829,35.494],[105.687,35.66],[105.432,35.756],[105.318,35.933],[105.351,36.058],[105.437,36.107],[105.446,36.255],[105.393,36.384],[105.269,36.55],[105.22,36.693],[105.322,36.781],[105.18,36.972],[104.922,37.097],[104.855,37.218],[104.765,37.25],[104.709,37.215],[104.621,37.249],[104.722,37.339],[104.69,37.412],[104.465,37.44],[104.359,37.401],[104.425,37.499],[104.522,37.53],[104.647,37.507],[104.944,37.546],[105.085,37.661],[105.354,37.753],[105.534,37.725],[105.659,37.74],[105.788,37.805],[105.825,38.005],[105.756,38.136],[105.828,38.227],[105.841,38.571],[105.897,38.736],[106.06,38.979],[106.113,39.121],[106.283,39.157],[106.276,39.269],[106.347,39.294],[106.497,39.286],[106.614,39.358],[106.789,39.361],[106.808,39.199],[106.912,39.069],[106.978,39.036],[106.932,38.921],[106.704,38.637],[106.645,38.459],[106.47,38.291],[106.829,38.15],[107.061,38.115],[107.163,38.139],[107.324,38.066],[107.405,37.922],[107.658,37.853],[107.607,37.766]]]}},{"type":"Feature","properties":{"name":"Shaanxi","admin":"China","iso_a2":"CN","postal":"SA"},"geometry":{"type":"Polygon","coordinates":[[[107.325,37.164],[107.238,37.301],[107.322,37.528],[107.317,37.59],[107.436,37.663],[107.509,37.764],[107.607,37.766],[107.658,37.853],[107.885,37.802],[107.991,37.726],[108.039,37.633],[108.333,37.634],[108.496,37.669],[108.764,37.682],[108.791,37.942],[108.863,37.988],[108.954,37.926],[109.001,37.988],[109.028,38.111],[108.953,38.199],[108.986,38.335],[109.16,38.542],[109.313,38.62],[109.424,38.769],[109.538,38.785],[109.635,38.906],[109.674,39.011],[109.821,39.054],[109.963,39.181],[110.177,39.285],[110.109,39.428],[110.225,39.424],[110.338,39.318],[110.494,39.374],[110.603,39.267],[110.685,39.264],[110.846,39.465],[111.013,39.565],[111.137,39.565],[111.041,39.423],[111.225,39.311],[111.118,39.067],[110.995,39.004],[110.98,38.817],[110.872,38.621],[110.899,38.545],[110.86,38.468],[110.774,38.426],[110.671,38.317],[110.58,38.287],[110.511,38.202],[110.515,37.955],[110.589,37.919],[110.653,37.813],[110.753,37.746],[110.789,37.561],[110.746,37.48],[110.63,37.397],[110.687,37.357],[110.665,37.282],[110.46,37.051],[110.389,37.022],[110.398,36.781],[110.483,36.593],[110.496,36.484],[110.459,36.349],[110.473,36.264],[110.447,36.142],[110.511,35.887],[110.56,35.849],[110.576,35.713],[110.62,35.597],[110.425,35.294],[110.335,35.198],[110.237,34.801],[110.252,34.663],[110.336,34.616],[110.328,34.48],[110.374,34.404],[110.479,34.326],[110.434,34.261],[110.607,34.17],[110.594,34.065],[110.642,33.98],[110.594,33.88],[110.749,33.803],[110.792,33.705],[110.968,33.599],[111.011,33.5],[111.016,33.374],[110.975,33.266],[110.9,33.205],[110.823,33.199],[110.711,33.108],[110.604,33.154],[110.547,33.245],[110.432,33.173],[110.234,33.156],[110.094,33.213],[109.96,33.214],[109.875,33.243],[109.66,33.264],[109.516,33.237],[109.491,33.145],[109.757,33.08],[109.781,33.045],[109.74,32.93],[109.836,32.896],[109.899,32.914],[110.096,32.841],[110.155,32.73],[110.168,32.622],[110.074,32.617],[110.001,32.552],[109.88,32.592],[109.635,32.591],[109.579,32.541],[109.561,32.405],[109.487,32.336],[109.548,32.234],[109.619,32.189],[109.666,32.043],[109.61,31.927],[109.594,31.738],[109.336,31.705],[109.253,31.744],[109.189,31.84],[109.056,31.941],[108.789,32.045],[108.518,32.198],[108.479,32.25],[108.237,32.263],[108.052,32.227],[107.96,32.158],[107.844,32.228],[107.773,32.311],[107.659,32.389],[107.46,32.409],[107.448,32.522],[107.371,32.52],[107.284,32.453],[107.202,32.453],[107.07,32.523],[107.096,32.669],[107.065,32.708],[106.713,32.738],[106.604,32.676],[106.364,32.639],[106.229,32.592],[106.115,32.649],[106.057,32.714],[106.082,32.874],[105.875,32.845],[105.813,32.762],[105.724,32.76],[105.633,32.707],[105.568,32.73],[105.499,32.907],[105.639,32.885],[105.886,32.978],[105.911,33.032],[105.913,33.234],[105.747,33.294],[105.718,33.389],[105.785,33.406],[105.832,33.498],[105.952,33.553],[105.993,33.611],[106.073,33.618],[106.171,33.562],[106.393,33.619],[106.496,33.544],[106.559,33.599],[106.482,33.701],[106.455,33.803],[106.48,33.868],[106.43,33.942],[106.514,34.107],[106.587,34.137],[106.554,34.281],[106.656,34.254],[106.674,34.385],[106.614,34.459],[106.498,34.52],[106.368,34.52],[106.318,34.583],[106.492,34.741],[106.55,34.863],[106.501,34.926],[106.491,35.03],[106.565,35.08],[106.915,35.089],[107.052,35.038],[107.211,34.892],[107.321,34.942],[107.497,34.926],[107.57,34.965],[107.71,34.951],[107.83,34.977],[107.67,35.228],[107.742,35.318],[107.923,35.267],[107.979,35.223],[108.155,35.291],[108.277,35.263],[108.493,35.272],[108.617,35.393],[108.604,35.548],[108.51,35.701],[108.523,35.776],[108.493,35.881],[108.677,36.005],[108.7,36.126],[108.65,36.226],[108.704,36.359],[108.607,36.432],[108.441,36.461],[108.356,36.546],[108.042,36.598],[107.887,36.755],[107.695,36.825],[107.549,36.84],[107.501,36.891],[107.3,36.907],[107.285,37.068],[107.325,37.164]]]}},{"type":"Feature","properties":{"name":"Shanxi","admin":"China","iso_a2":"CN","postal":"SX"},"geometry":{"type":"Polygon","coordinates":[[[110.252,34.663],[110.237,34.801],[110.26,34.945],[110.335,35.198],[110.425,35.294],[110.62,35.597],[110.576,35.713],[110.56,35.849],[110.511,35.887],[110.447,36.142],[110.473,36.264],[110.459,36.349],[110.496,36.484],[110.483,36.593],[110.398,36.781],[110.389,37.022],[110.46,37.051],[110.665,37.282],[110.687,37.357],[110.63,37.397],[110.746,37.48],[110.789,37.561],[110.753,37.746],[110.653,37.813],[110.589,37.919],[110.515,37.955],[110.511,38.202],[110.58,38.287],[110.671,38.317],[110.774,38.426],[110.86,38.468],[110.899,38.545],[110.872,38.621],[110.98,38.817],[110.995,39.004],[111.118,39.067],[111.225,39.311],[111.11,39.385],[111.199,39.427],[111.343,39.444],[111.421,39.522],[111.425,39.625],[111.49,39.652],[111.675,39.636],[111.761,39.598],[111.921,39.689],[112.099,40.005],[112.165,40.059],[112.279,40.229],[112.399,40.288],[112.596,40.238],[112.734,40.173],[112.844,40.226],[112.961,40.356],[113.086,40.404],[113.23,40.417],[113.334,40.319],[113.518,40.344],[113.677,40.429],[113.808,40.434],[114.044,40.488],[114.076,40.55],[114.027,40.635],[114.154,40.743],[114.152,40.674],[114.258,40.55],[114.286,40.379],[114.434,40.361],[114.45,40.294],[114.085,40.185],[113.996,40.132],[113.936,40.016],[114.086,39.917],[114.383,39.861],[114.402,39.658],[114.541,39.531],[114.42,39.3],[114.394,39.169],[114.216,39.069],[114.089,39.074],[114.013,39.119],[113.853,39.072],[113.76,38.909],[113.825,38.81],[113.669,38.66],[113.609,38.644],[113.534,38.537],[113.518,38.378],[113.558,38.243],[113.791,38.153],[113.891,37.949],[113.987,37.839],[114.026,37.751],[114.1,37.698],[114.096,37.6],[114.053,37.501],[113.887,37.296],[113.858,37.209],[113.754,37.115],[113.776,36.891],[113.679,36.872],[113.608,36.769],[113.454,36.737],[113.459,36.636],[113.547,36.549],[113.535,36.483],[113.631,36.438],[113.721,36.356],[113.673,36.221],[113.687,36.056],[113.628,35.953],[113.585,35.687],[113.61,35.646],[113.491,35.525],[113.13,35.352],[113.02,35.329],[112.903,35.241],[112.808,35.242],[112.682,35.311],[112.526,35.22],[112.058,35.234],[112.061,35.108],[111.829,35.083],[111.622,34.947],[111.558,34.863],[111.394,34.823],[111.331,34.841],[111.026,34.747],[110.884,34.666],[110.766,34.661],[110.709,34.621],[110.531,34.584],[110.336,34.616],[110.252,34.663]]]}},{"type":"Feature","properties":{"name":"Hubei","admin":"China","iso_a2":"CN","postal":"HU"},"geometry":{"type":"Polygon","coordinates":[[[113.773,29.125],[113.711,29.073],[113.655,29.124],[113.641,29.222],[113.588,29.294],[113.729,29.437],[113.635,29.685],[113.536,29.686],[113.52,29.842],[113.416,29.765],[113.146,29.472],[113.008,29.518],[112.928,29.495],[112.908,29.601],[112.946,29.709],[112.886,29.792],[112.648,29.627],[112.444,29.641],[112.363,29.572],[112.17,29.649],[112.126,29.707],[111.924,29.856],[111.769,29.92],[111.585,29.904],[111.415,29.926],[111.246,30.032],[110.742,30.096],[110.716,30.03],[110.543,30.055],[110.463,30.014],[110.501,29.863],[110.591,29.771],[110.526,29.725],[110.447,29.727],[110.362,29.65],[110.104,29.785],[109.783,29.735],[109.7,29.656],[109.472,29.568],[109.432,29.534],[109.338,29.29],[109.269,29.242],[109.207,29.104],[109.077,29.214],[109.014,29.307],[108.921,29.349],[108.872,29.502],[108.872,29.639],[108.696,29.698],[108.658,29.817],[108.613,29.858],[108.513,29.722],[108.447,29.736],[108.4,29.831],[108.538,29.885],[108.55,30.009],[108.532,30.315],[108.381,30.4],[108.433,30.487],[108.573,30.498],[108.67,30.574],[108.71,30.523],[108.868,30.551],[108.965,30.607],[109.179,30.567],[109.248,30.597],[109.394,30.584],[109.64,30.718],[109.749,30.835],[109.871,30.889],[109.997,30.826],[110.066,30.828],[110.128,30.906],[110.138,31.0],[110.108,31.122],[110.175,31.189],[110.147,31.331],[110.108,31.398],[109.929,31.519],[109.733,31.561],[109.724,31.636],[109.659,31.718],[109.594,31.738],[109.61,31.927],[109.666,32.043],[109.619,32.189],[109.548,32.234],[109.487,32.336],[109.561,32.405],[109.579,32.541],[109.635,32.591],[109.88,32.592],[110.001,32.552],[110.074,32.617],[110.168,32.622],[110.155,32.73],[110.096,32.841],[109.899,32.914],[109.836,32.896],[109.74,32.93],[109.781,33.045],[109.757,33.08],[109.491,33.145],[109.516,33.237],[109.66,33.264],[109.875,33.243],[109.96,33.214],[110.094,33.213],[110.234,33.156],[110.432,33.173],[110.547,33.245],[110.604,33.154],[110.711,33.108],[110.823,33.199],[110.9,33.205],[110.975,33.266],[111.003,33.208],[111.109,33.148],[111.216,32.976],[111.21,32.93],[111.363,32.825],[111.507,32.682],[111.532,32.611],[111.629,32.626],[111.711,32.6],[111.779,32.52],[112.053,32.455],[112.145,32.395],[112.286,32.351],[112.534,32.377],[112.751,32.35],[113.066,32.417],[113.183,32.413],[113.436,32.289],[113.528,32.297],[113.616,32.386],[113.729,32.419],[113.783,32.359],[113.782,32.194],[113.752,32.138],[113.794,31.973],[113.862,31.863],[113.96,31.832],[113.972,31.747],[114.085,31.784],[114.144,31.848],[114.267,31.809],[114.362,31.734],[114.495,31.759],[114.556,31.738],[114.548,31.573],[114.638,31.568],[114.767,31.49],[114.999,31.478],[115.077,31.516],[115.129,31.595],[115.213,31.546],[115.219,31.447],[115.286,31.395],[115.374,31.418],[115.55,31.183],[115.669,31.217],[115.768,31.144],[115.877,31.129],[115.946,31.034],[116.036,30.989],[115.859,30.861],[115.862,30.785],[115.775,30.755],[115.768,30.688],[115.947,30.488],[115.877,30.39],[115.912,30.316],[116.04,30.221],[116.078,29.969],[116.126,29.905],[116.147,29.789],[115.999,29.744],[115.856,29.739],[115.705,29.861],[115.486,29.864],[115.417,29.712],[115.272,29.615],[114.973,29.56],[114.895,29.52],[114.818,29.394],[114.709,29.39],[114.47,29.318],[114.308,29.355],[114.243,29.309],[114.247,29.249],[114.063,29.203],[113.902,29.066],[113.773,29.125]]]}},{"type":"Feature","properties":{"name":"Hunan","admin":"China","iso_a2":"CN","postal":"HN"},"geometry":{"type":"Polygon","coordinates":[[[109.269,29.242],[109.338,29.29],[109.432,29.534],[109.472,29.568],[109.7,29.656],[109.783,29.735],[110.104,29.785],[110.362,29.65],[110.447,29.727],[110.526,29.725],[110.591,29.771],[110.501,29.863],[110.463,30.014],[110.543,30.055],[110.716,30.03],[110.742,30.096],[111.246,30.032],[111.415,29.926],[111.585,29.904],[111.769,29.92],[111.924,29.856],[112.126,29.707],[112.17,29.649],[112.363,29.572],[112.444,29.641],[112.648,29.627],[112.886,29.792],[112.946,29.709],[112.908,29.601],[112.928,29.495],[113.008,29.518],[113.146,29.472],[113.416,29.765],[113.52,29.842],[113.536,29.686],[113.635,29.685],[113.729,29.437],[113.588,29.294],[113.641,29.222],[113.655,29.124],[113.711,29.073],[113.773,29.125],[113.902,29.066],[113.905,28.956],[114.012,28.913],[114.143,28.789],[114.113,28.616],[114.057,28.564],[114.177,28.507],[114.227,28.409],[114.184,28.293],[114.092,28.258],[114.028,28.184],[114.014,28.106],[113.916,28.021],[113.737,27.982],[113.706,27.938],[113.701,27.819],[113.562,27.591],[113.6,27.368],[113.667,27.33],[113.783,27.371],[113.851,27.346],[113.824,27.229],[113.754,27.142],[113.892,26.945],[113.832,26.827],[113.865,26.656],[114.085,26.577],[114.068,26.454],[114.015,26.385],[113.999,26.283],[113.939,26.209],[114.063,26.178],[114.162,26.221],[114.214,26.17],[114.041,26.069],[114.018,25.935],[113.907,25.75],[113.918,25.66],[113.982,25.582],[113.928,25.448],[113.828,25.357],[113.714,25.361],[113.582,25.326],[113.523,25.386],[113.422,25.384],[113.217,25.506],[112.917,25.325],[112.889,25.241],[112.969,25.181],[112.959,25.056],[112.989,24.964],[112.808,24.943],[112.714,25.0],[112.663,25.113],[112.214,25.2],[112.121,24.949],[112.165,24.912],[112.145,24.794],[112.066,24.797],[111.997,24.736],[111.926,24.775],[111.797,24.76],[111.667,24.78],[111.616,24.707],[111.517,24.643],[111.428,24.681],[111.474,24.793],[111.43,24.943],[111.462,25.019],[111.427,25.106],[111.274,25.148],[111.126,25.044],[111.079,24.944],[111.006,24.935],[110.955,25.025],[110.993,25.151],[111.114,25.239],[111.164,25.365],[111.254,25.399],[111.316,25.503],[111.305,25.639],[111.324,25.73],[111.411,25.803],[111.408,25.908],[111.256,25.869],[111.202,25.93],[111.252,26.28],[110.935,26.382],[110.879,26.275],[110.724,26.274],[110.689,26.332],[110.577,26.351],[110.537,26.225],[110.485,26.172],[110.342,26.113],[110.247,25.978],[110.138,26.052],[110.034,26.036],[110.062,26.15],[109.912,26.181],[109.838,26.045],[109.781,26.024],[109.772,25.908],[109.677,25.889],[109.672,25.985],[109.603,26.053],[109.457,26.039],[109.399,26.27],[109.297,26.313],[109.315,26.426],[109.403,26.537],[109.377,26.646],[109.294,26.727],[109.397,26.755],[109.505,26.825],[109.444,26.901],[109.507,26.976],[109.499,27.062],[109.438,27.131],[109.231,27.152],[109.156,27.08],[109.095,27.134],[109.008,27.094],[108.95,27.027],[108.874,27.018],[108.791,27.083],[108.897,27.147],[108.9,27.189],[109.015,27.262],[109.206,27.445],[109.277,27.439],[109.318,27.501],[109.418,27.56],[109.447,27.65],[109.413,27.739],[109.328,27.808],[109.31,27.97],[109.363,28.03],[109.299,28.095],[109.354,28.265],[109.264,28.322],[109.258,28.506],[109.285,28.573],[109.213,28.629],[109.281,28.729],[109.247,28.786],[109.246,28.931],[109.275,29.049],[109.207,29.104],[109.269,29.242]]]}},{"type":"Feature","properties":{"name":"Sichuan","admin":"China","iso_a2":"CN","postal":"SC"},"geometry":{"type":"Polygon","coordinates":[[[105.568,32.73],[105.633,32.707],[105.724,32.76],[105.813,32.762],[105.875,32.845],[106.082,32.874],[106.057,32.714],[106.115,32.649],[106.229,32.592],[106.364,32.639],[106.604,32.676],[106.713,32.738],[107.065,32.708],[107.096,32.669],[107.07,32.523],[107.202,32.453],[107.284,32.453],[107.371,32.52],[107.448,32.522],[107.46,32.409],[107.659,32.389],[107.773,32.311],[107.844,32.228],[107.96,32.158],[108.052,32.227],[108.237,32.263],[108.479,32.25],[108.518,32.198],[108.389,32.184],[108.419,32.1],[108.345,32.074],[108.268,31.973],[108.287,31.922],[108.501,31.791],[108.516,31.708],[108.407,31.566],[108.323,31.499],[108.223,31.468],[108.194,31.331],[108.033,31.222],[108.007,31.039],[107.932,30.949],[107.93,30.873],[107.85,30.81],[107.769,30.827],[107.736,30.883],[107.508,30.822],[107.457,30.761],[107.478,30.61],[107.372,30.5],[107.229,30.238],[107.033,30.058],[106.77,30.037],[106.717,30.059],[106.618,30.269],[106.532,30.338],[106.449,30.324],[106.385,30.264],[106.239,30.22],[106.125,30.342],[105.792,30.423],[105.709,30.274],[105.557,30.148],[105.739,30.033],[105.71,29.868],[105.558,29.804],[105.551,29.748],[105.412,29.703],[105.291,29.585],[105.315,29.47],[105.405,29.43],[105.422,29.334],[105.506,29.291],[105.645,29.27],[105.701,29.224],[105.745,28.995],[105.795,28.937],[105.878,28.92],[106.008,28.973],[106.26,28.869],[106.257,28.794],[106.298,28.672],[106.382,28.572],[106.339,28.48],[106.269,28.557],[106.189,28.585],[105.984,28.754],[105.892,28.609],[105.683,28.583],[105.621,28.482],[105.656,28.441],[105.667,28.318],[105.847,28.269],[105.906,28.151],[106.009,28.14],[106.109,28.175],[106.199,28.124],[106.215,28.056],[106.299,28.0],[106.345,27.835],[106.248,27.775],[106.104,27.788],[106.039,27.757],[105.876,27.745],[105.647,27.678],[105.524,27.775],[105.361,27.76],[105.297,27.722],[105.228,27.856],[105.282,28.001],[105.203,28.002],[105.172,28.062],[105.056,28.088],[104.966,28.048],[104.958,27.957],[104.897,27.901],[104.702,27.883],[104.605,27.846],[104.375,27.962],[104.334,28.047],[104.445,28.1],[104.377,28.282],[104.268,28.334],[104.25,28.531],[104.44,28.605],[104.414,28.64],[103.837,28.605],[103.795,28.531],[103.88,28.326],[103.709,28.216],[103.666,28.263],[103.572,28.243],[103.459,28.135],[103.435,28.068],[103.514,27.971],[103.509,27.865],[103.415,27.743],[103.218,27.567],[103.121,27.412],[102.977,27.389],[102.889,27.291],[102.914,27.112],[102.878,27.032],[102.901,26.925],[102.975,26.831],[103.058,26.557],[102.996,26.485],[103.003,26.4],[102.951,26.345],[102.878,26.365],[102.72,26.238],[102.61,26.26],[102.626,26.345],[102.568,26.379],[102.401,26.312],[102.358,26.263],[102.252,26.229],[102.113,26.084],[101.922,26.099],[101.85,26.035],[101.776,26.107],[101.764,26.176],[101.677,26.228],[101.595,26.209],[101.58,26.307],[101.644,26.349],[101.544,26.495],[101.412,26.57],[101.495,26.706],[101.503,26.766],[101.371,26.775],[101.342,26.871],[101.141,27.045],[101.173,27.191],[101.004,27.198],[100.992,27.331],[100.941,27.435],[100.867,27.495],[100.872,27.562],[100.661,27.875],[100.625,27.897],[100.533,27.816],[100.41,27.829],[100.349,27.747],[100.296,27.853],[100.202,27.899],[100.059,28.066],[100.047,28.187],[100.162,28.236],[100.143,28.342],[100.001,28.456],[99.934,28.569],[99.846,28.604],[99.828,28.673],[99.732,28.745],[99.705,28.845],[99.629,28.815],[99.534,28.681],[99.503,28.579],[99.393,28.543],[99.389,28.334],[99.416,28.255],[99.382,28.185],[99.275,28.277],[99.163,28.438],[99.169,28.602],[99.118,28.709],[99.099,28.856],[99.121,28.965],[99.109,29.224],[99.063,29.308],[99.042,29.562],[98.987,29.651],[99.005,29.82],[99.056,29.915],[99.034,30.055],[98.987,30.144],[98.961,30.46],[98.933,30.491],[98.905,30.664],[98.954,30.748],[98.775,30.902],[98.803,30.991],[98.62,31.188],[98.611,31.256],[98.683,31.316],[98.768,31.23],[98.885,31.354],[98.592,31.599],[98.559,31.677],[98.445,31.804],[98.421,31.878],[98.453,31.984],[98.22,32.252],[98.206,32.356],[98.081,32.405],[98.014,32.465],[97.664,32.56],[97.431,32.7],[97.384,32.779],[97.361,32.897],[97.469,32.983],[97.504,33.046],[97.476,33.12],[97.501,33.194],[97.616,33.328],[97.724,33.406],[97.539,33.454],[97.477,33.562],[97.391,33.611],[97.384,33.87],[97.61,33.931],[97.696,34.005],[97.745,33.865],[97.819,33.864],[98.035,33.96],[98.212,33.939],[98.302,33.846],[98.458,33.84],[98.646,33.676],[98.633,33.608],[98.736,33.49],[98.773,33.303],[98.852,33.175],[99.225,32.999],[99.289,32.887],[99.509,32.835],[99.699,32.745],[99.729,32.758],[99.769,32.922],[99.841,32.957],[100.047,32.935],[100.137,32.848],[100.159,32.782],[100.119,32.671],[100.223,32.637],[100.255,32.726],[100.399,32.758],[100.498,32.669],[100.561,32.563],[100.473,32.485],[100.531,32.403],[100.603,32.451],[100.643,32.594],[100.697,32.686],[100.902,32.63],[101.171,32.688],[101.237,32.808],[101.232,32.858],[101.131,32.938],[101.164,33.128],[101.22,33.171],[101.445,33.236],[101.644,33.128],[101.727,33.268],[101.665,33.32],[101.691,33.42],[101.778,33.53],[101.884,33.546],[101.923,33.406],[101.832,33.269],[101.864,33.123],[102.004,33.219],[102.099,33.222],[102.131,33.285],[102.279,33.378],[102.482,33.465],[102.482,33.54],[102.356,33.609],[102.343,33.725],[102.171,33.942],[102.319,33.987],[102.372,33.976],[102.441,34.06],[102.618,34.084],[102.598,34.165],[102.782,34.274],[102.931,34.296],[103.001,34.214],[103.12,34.169],[103.152,34.109],[103.142,33.962],[103.193,33.884],[103.184,33.822],[103.272,33.765],[103.351,33.756],[103.559,33.807],[103.523,33.714],[103.659,33.711],[103.745,33.676],[104.093,33.669],[104.156,33.624],[104.175,33.49],[104.293,33.364],[104.281,33.272],[104.328,33.14],[104.406,33.063],[104.378,32.959],[104.321,32.953],[104.289,32.848],[104.406,32.809],[104.558,32.688],[104.898,32.612],[105.032,32.639],[105.147,32.608],[105.27,32.642],[105.435,32.774],[105.386,32.823],[105.431,32.911],[105.499,32.907],[105.568,32.73]]]}},{"type":"Feature","properties":{"name":"Yunnan","admin":"China","iso_a2":"CN","postal":"YN"},"geometry":{"type":"Polygon","coordinates":[[[98.23,28.203],[98.3,28.355],[98.41,28.251],[98.49,28.248],[98.576,28.318],[98.64,28.424],[98.589,28.67],[98.678,28.757],[98.639,28.879],[98.665,28.974],[98.785,29.0],[98.82,28.886],[98.873,28.812],[98.946,28.842],[98.909,28.912],[98.932,28.986],[99.006,29.073],[98.99,29.202],[99.109,29.224],[99.121,28.965],[99.099,28.856],[99.118,28.709],[99.169,28.602],[99.163,28.438],[99.275,28.277],[99.382,28.185],[99.416,28.255],[99.389,28.334],[99.393,28.543],[99.503,28.579],[99.534,28.681],[99.629,28.815],[99.705,28.845],[99.732,28.745],[99.828,28.673],[99.846,28.604],[99.934,28.569],[100.001,28.456],[100.143,28.342],[100.162,28.236],[100.047,28.187],[100.059,28.066],[100.202,27.899],[100.296,27.853],[100.349,27.747],[100.41,27.829],[100.533,27.816],[100.625,27.897],[100.661,27.875],[100.872,27.562],[100.867,27.495],[100.941,27.435],[100.992,27.331],[101.004,27.198],[101.173,27.191],[101.141,27.045],[101.342,26.871],[101.371,26.775],[101.503,26.766],[101.495,26.706],[101.412,26.57],[101.544,26.495],[101.644,26.349],[101.58,26.307],[101.595,26.209],[101.677,26.228],[101.764,26.176],[101.776,26.107],[101.85,26.035],[101.922,26.099],[102.113,26.084],[102.252,26.229],[102.358,26.263],[102.401,26.312],[102.568,26.379],[102.626,26.345],[102.61,26.26],[102.72,26.238],[102.878,26.365],[102.951,26.345],[103.003,26.4],[102.996,26.485],[103.058,26.557],[102.975,26.831],[102.901,26.925],[102.878,27.032],[102.914,27.112],[102.889,27.291],[102.977,27.389],[103.121,27.412],[103.218,27.567],[103.415,27.743],[103.509,27.865],[103.514,27.971],[103.435,28.068],[103.459,28.135],[103.572,28.243],[103.666,28.263],[103.709,28.216],[103.88,28.326],[103.795,28.531],[103.837,28.605],[104.414,28.64],[104.44,28.605],[104.25,28.531],[104.268,28.334],[104.377,28.282],[104.445,28.1],[104.334,28.047],[104.375,27.962],[104.605,27.846],[104.702,27.883],[104.897,27.901],[104.958,27.957],[104.966,28.048],[105.056,28.088],[105.172,28.062],[105.203,28.002],[105.282,28.001],[105.228,27.856],[105.297,27.722],[105.197,27.399],[105.083,27.413],[104.871,27.31],[104.783,27.332],[104.594,27.314],[104.444,27.347],[104.344,27.441],[104.174,27.272],[103.981,27.4],[103.911,27.39],[103.695,27.152],[103.596,27.076],[103.701,27.052],[103.778,26.956],[103.778,26.88],[103.717,26.799],[103.775,26.732],[103.758,26.629],[103.829,26.547],[104.02,26.514],[104.153,26.651],[104.218,26.627],[104.359,26.648],[104.43,26.713],[104.466,26.613],[104.559,26.585],[104.627,26.498],[104.676,26.379],[104.545,26.27],[104.505,26.147],[104.499,26.031],[104.393,25.948],[104.421,25.857],[104.306,25.665],[104.422,25.579],[104.433,25.507],[104.554,25.485],[104.566,25.381],[104.669,25.297],[104.72,25.211],[104.689,25.101],[104.707,25.017],[104.546,24.813],[104.54,24.742],[104.495,24.698],[104.502,24.578],[104.599,24.403],[104.667,24.34],[104.729,24.364],[104.753,24.468],[104.961,24.416],[105.061,24.431],[105.176,24.31],[105.17,24.167],[105.253,24.086],[105.32,24.118],[105.447,24.038],[105.532,24.126],[105.608,24.14],[105.641,24.082],[105.788,24.021],[105.872,24.025],[105.971,24.088],[106.157,23.974],[106.194,23.869],[106.134,23.797],[106.152,23.75],[106.128,23.541],[105.983,23.469],[105.848,23.519],[105.702,23.359],[105.629,23.347],[105.619,23.285],[105.512,23.152],[105.44,23.235],[105.275,23.345],[105.189,23.281],[104.865,23.136],[104.827,23.1],[104.796,22.911],[104.687,22.822],[104.527,22.804],[104.372,22.704],[104.298,22.712],[104.212,22.809],[104.143,22.8],[104.054,22.752],[103.991,22.586],[103.941,22.54],[103.915,22.538],[103.62,22.782],[103.571,22.734],[103.525,22.612],[103.493,22.588],[103.356,22.755],[103.301,22.764],[103.138,22.593],[103.136,22.542],[102.982,22.448],[102.935,22.466],[102.83,22.587],[102.471,22.751],[102.406,22.708],[102.237,22.466],[102.127,22.379],[102.024,22.439],[101.945,22.439],[101.842,22.388],[101.76,22.49],[101.708,22.487],[101.671,22.462],[101.62,22.327],[101.524,22.254],[101.603,21.99],[101.737,21.827],[101.747,21.606],[101.723,21.315],[101.802,21.236],[101.728,21.156],[101.622,21.184],[101.542,21.234],[101.444,21.231],[101.281,21.184],[101.248,21.197],[101.212,21.278],[101.22,21.342],[101.175,21.408],[101.197,21.522],[101.139,21.567],[101.131,21.736],[101.08,21.756],[100.835,21.655],[100.677,21.505],[100.605,21.472],[100.531,21.458],[100.351,21.501],[100.215,21.463],[100.148,21.481],[100.089,21.558],[100.096,21.661],[99.978,21.702],[99.941,21.759],[99.926,21.821],[99.948,21.988],[99.918,22.028],[99.593,22.089],[99.233,22.11],[99.173,22.153],[99.243,22.37],[99.338,22.498],[99.338,22.689],[99.385,22.825],[99.507,22.959],[99.465,23.046],[99.418,23.069],[99.055,23.131],[98.864,23.191],[98.883,23.38],[98.798,23.52],[98.832,23.624],[98.788,23.738],[98.681,23.842],[98.677,23.905],[98.702,23.964],[98.834,24.091],[98.835,24.121],[98.583,24.07],[98.564,24.099],[98.499,24.116],[98.213,24.111],[98.017,24.065],[97.686,23.898],[97.63,23.887],[97.565,23.911],[97.568,23.988],[97.691,24.131],[97.708,24.229],[97.667,24.38],[97.563,24.444],[97.531,24.492],[97.529,24.631],[97.583,24.775],[97.724,24.842],[97.738,24.87],[97.715,25.034],[97.819,25.252],[97.918,25.236],[98.011,25.293],[98.1,25.416],[98.143,25.571],[98.173,25.595],[98.297,25.569],[98.334,25.587],[98.466,25.789],[98.625,25.827],[98.656,25.864],[98.655,25.918],[98.564,26.072],[98.572,26.114],[98.663,26.139],[98.686,26.189],[98.672,26.299],[98.709,26.43],[98.739,26.698],[98.651,27.572],[98.453,27.657],[98.409,27.639],[98.35,27.538],[98.299,27.55],[98.13,27.968],[98.099,28.14],[98.23,28.203]]]}},{"type":"Feature","properties":{"name":"Hebei","admin":"China","iso_a2":"CN","postal":"HB"},"geometry":{"type":"MultiPolygon","coordinates":[[[[116.922,39.774],[116.781,39.89],[116.744,39.959],[116.829,40.037],[116.988,40.034],[117.239,40.093],[117.148,39.948],[117.203,39.762],[117.153,39.618],[116.876,39.686],[116.922,39.774]]],[[[117.656,38.424],[117.767,38.312],[117.839,38.274],[117.78,38.164],[117.687,38.073],[117.569,38.049],[117.421,37.847],[116.84,37.834],[116.744,37.799],[116.609,37.639],[116.411,37.485],[116.35,37.621],[116.22,37.462],[116.256,37.387],[115.975,37.322],[115.852,37.057],[115.773,36.946],[115.626,36.794],[115.478,36.754],[115.342,36.6],[115.276,36.474],[115.343,36.352],[115.449,36.249],[115.46,36.158],[115.35,36.082],[115.245,36.161],[115.106,36.185],[115.034,36.101],[114.931,36.057],[114.893,36.12],[114.707,36.153],[114.548,36.139],[114.343,36.245],[114.156,36.247],[114.063,36.277],[113.989,36.359],[113.808,36.339],[113.721,36.356],[113.631,36.438],[113.535,36.483],[113.547,36.549],[113.459,36.636],[113.454,36.737],[113.608,36.769],[113.679,36.872],[113.776,36.891],[113.754,37.115],[113.858,37.209],[113.887,37.296],[114.053,37.501],[114.096,37.6],[114.1,37.698],[114.026,37.751],[113.987,37.839],[113.891,37.949],[113.791,38.153],[113.558,38.243],[113.518,38.378],[113.534,38.537],[113.609,38.644],[113.669,38.66],[113.825,38.81],[113.76,38.909],[113.853,39.072],[114.013,39.119],[114.089,39.074],[114.216,39.069],[114.394,39.169],[114.42,39.3],[114.541,39.531],[114.402,39.658],[114.383,39.861],[114.086,39.917],[113.936,40.016],[113.996,40.132],[114.085,40.185],[114.45,40.294],[114.434,40.361],[114.286,40.379],[114.258,40.55],[114.152,40.674],[114.154,40.743],[114.06,40.814],[114.019,40.924],[113.908,41.028],[113.881,41.099],[113.964,41.153],[113.985,41.241],[113.909,41.294],[113.928,41.418],[114.027,41.531],[114.197,41.594],[114.214,41.767],[114.256,41.86],[114.42,41.956],[114.481,42.075],[114.596,42.141],[114.752,42.14],[114.805,42.178],[114.92,41.937],[114.931,41.839],[114.876,41.812],[114.889,41.61],[115.097,41.616],[115.226,41.586],[115.347,41.624],[115.34,41.721],[115.528,41.772],[115.859,41.927],[115.937,41.927],[116.038,41.801],[116.13,41.873],[116.207,41.884],[116.378,42.01],[116.466,41.948],[116.6,41.924],[116.858,42.02],[116.879,42.22],[116.827,42.308],[116.887,42.395],[117.056,42.463],[117.244,42.482],[117.412,42.458],[117.45,42.549],[117.594,42.552],[117.743,42.591],[117.8,42.569],[118.024,42.383],[118.04,42.289],[117.989,42.222],[118.086,42.182],[118.134,42.022],[118.268,42.074],[118.322,41.864],[118.278,41.753],[118.159,41.719],[118.244,41.592],[118.314,41.57],[118.37,41.314],[118.478,41.355],[118.728,41.347],[119.153,41.312],[119.231,41.273],[119.164,41.176],[119.048,41.094],[118.965,41.075],[118.855,40.821],[119.068,40.651],[119.191,40.7],[119.19,40.62],[119.294,40.531],[119.564,40.54],[119.6,40.477],[119.58,40.373],[119.635,40.209],[119.743,40.205],[119.738,40.1],[119.849,39.987],[119.591,39.903],[119.391,39.752],[119.261,39.561],[119.225,39.408],[119.04,39.222],[118.912,39.166],[118.626,39.177],[118.298,39.067],[118.148,39.195],[118.01,39.22],[118.008,39.343],[117.897,39.399],[117.893,39.565],[117.631,39.576],[117.623,39.666],[117.533,39.75],[117.501,39.989],[117.766,39.964],[117.75,40.063],[117.357,40.257],[117.251,40.338],[117.238,40.45],[117.184,40.497],[117.243,40.57],[117.412,40.597],[117.429,40.669],[117.303,40.662],[117.199,40.69],[117.058,40.677],[116.91,40.749],[116.676,40.94],[116.653,41.031],[116.438,40.9],[116.459,40.792],[116.291,40.74],[116.207,40.75],[116.13,40.658],[115.995,40.596],[115.874,40.61],[115.728,40.54],[115.945,40.294],[115.82,40.152],[115.578,40.096],[115.427,39.963],[115.496,39.924],[115.511,39.838],[115.437,39.749],[115.463,39.643],[115.618,39.604],[115.756,39.509],[115.945,39.575],[116.001,39.558],[116.21,39.572],[116.25,39.506],[116.387,39.442],[116.428,39.521],[116.604,39.611],[116.793,39.602],[116.791,39.493],[116.853,39.341],[116.826,39.217],[116.892,39.103],[116.712,39.012],[116.681,38.916],[116.711,38.821],[116.881,38.699],[117.021,38.708],[117.095,38.612],[117.189,38.606],[117.271,38.559],[117.558,38.625],[117.656,38.424]]]]}},{"type":"Feature","properties":{"name":"Henan","admin":"China","iso_a2":"CN","postal":"HE"},"geometry":{"type":"Polygon","coordinates":[[[115.286,31.395],[115.219,31.447],[115.213,31.546],[115.129,31.595],[115.077,31.516],[114.999,31.478],[114.767,31.49],[114.638,31.568],[114.548,31.573],[114.556,31.738],[114.495,31.759],[114.362,31.734],[114.267,31.809],[114.144,31.848],[114.085,31.784],[113.972,31.747],[113.96,31.832],[113.862,31.863],[113.794,31.973],[113.752,32.138],[113.782,32.194],[113.783,32.359],[113.729,32.419],[113.616,32.386],[113.528,32.297],[113.436,32.289],[113.183,32.413],[113.066,32.417],[112.751,32.35],[112.534,32.377],[112.286,32.351],[112.145,32.395],[112.053,32.455],[111.779,32.52],[111.711,32.6],[111.629,32.626],[111.532,32.611],[111.507,32.682],[111.363,32.825],[111.21,32.93],[111.216,32.976],[111.109,33.148],[111.003,33.208],[110.975,33.266],[111.016,33.374],[111.011,33.5],[110.968,33.599],[110.792,33.705],[110.749,33.803],[110.594,33.88],[110.642,33.98],[110.594,34.065],[110.607,34.17],[110.434,34.261],[110.479,34.326],[110.374,34.404],[110.328,34.48],[110.336,34.616],[110.531,34.584],[110.709,34.621],[110.766,34.661],[110.884,34.666],[111.026,34.747],[111.331,34.841],[111.394,34.823],[111.558,34.863],[111.622,34.947],[111.829,35.083],[112.061,35.108],[112.058,35.234],[112.526,35.22],[112.682,35.311],[112.808,35.242],[112.903,35.241],[113.02,35.329],[113.13,35.352],[113.491,35.525],[113.61,35.646],[113.585,35.687],[113.628,35.953],[113.687,36.056],[113.673,36.221],[113.721,36.356],[113.808,36.339],[113.989,36.359],[114.063,36.277],[114.156,36.247],[114.343,36.245],[114.548,36.139],[114.707,36.153],[114.893,36.12],[114.931,36.057],[115.034,36.101],[115.106,36.185],[115.245,36.161],[115.35,36.082],[115.46,36.158],[115.424,35.995],[115.334,35.931],[115.318,35.792],[115.416,35.824],[115.468,35.913],[115.739,35.969],[115.829,36.031],[115.927,36.022],[116.077,36.103],[116.034,35.966],[115.966,35.986],[115.863,35.925],[115.874,35.866],[115.761,35.849],[115.655,35.746],[115.504,35.723],[115.395,35.616],[115.345,35.496],[115.227,35.416],[115.068,35.38],[114.942,35.219],[114.864,35.189],[114.834,35.016],[114.998,35.008],[115.175,34.944],[115.216,34.836],[115.318,34.843],[115.429,34.78],[115.436,34.676],[115.542,34.578],[115.646,34.569],[115.707,34.6],[115.816,34.571],[116.044,34.6],[116.151,34.567],[116.157,34.447],[116.401,34.275],[116.552,34.287],[116.575,34.192],[116.543,34.121],[116.641,33.953],[116.445,33.845],[116.421,33.791],[116.182,33.718],[116.08,33.778],[115.971,33.905],[115.961,34.0],[115.841,34.007],[115.733,34.066],[115.654,34.048],[115.586,33.98],[115.561,33.898],[115.63,33.839],[115.574,33.75],[115.635,33.592],[115.443,33.548],[115.346,33.453],[115.316,33.374],[115.345,33.251],[115.251,33.121],[115.143,33.084],[114.969,33.124],[114.887,33.083],[114.88,32.993],[114.925,32.958],[115.185,32.859],[115.199,32.591],[115.367,32.56],[115.457,32.507],[115.565,32.402],[115.647,32.402],[115.694,32.492],[115.79,32.471],[115.888,32.394],[115.928,32.025],[115.901,31.794],[115.663,31.784],[115.532,31.736],[115.39,31.512],[115.374,31.418],[115.286,31.395]]]}},{"type":"Feature","properties":{"name":"Liaoning","admin":"China","iso_a2":"CN","postal":"LN"},"geometry":{"type":"Polygon","coordinates":[[[125.645,40.779],[125.594,40.779],[125.417,40.66],[125.314,40.645],[125.073,40.547],[125.026,40.524],[124.997,40.465],[124.889,40.46],[124.387,40.104],[124.362,40.004],[124.267,39.924],[124.106,39.841],[123.76,39.822],[123.651,39.882],[123.581,39.786],[123.348,39.763],[123.227,39.687],[123.032,39.674],[122.961,39.62],[122.84,39.601],[122.335,39.366],[122.121,39.152],[121.982,39.053],[121.864,38.996],[121.677,39.003],[121.633,38.955],[121.67,38.892],[121.65,38.865],[121.32,38.808],[121.164,38.732],[121.122,38.813],[121.107,38.921],[121.68,39.109],[121.628,39.22],[121.818,39.387],[121.275,39.385],[121.3,39.452],[121.267,39.545],[121.406,39.621],[121.518,39.639],[121.474,39.755],[121.517,39.845],[121.801,39.951],[121.869,40.046],[122.191,40.358],[122.264,40.5],[122.275,40.542],[122.179,40.603],[122.14,40.688],[121.859,40.842],[121.835,40.974],[121.809,40.969],[121.729,40.846],[121.599,40.843],[121.537,40.878],[121.175,40.901],[120.922,40.683],[120.771,40.589],[120.479,40.231],[119.849,39.987],[119.738,40.1],[119.743,40.205],[119.635,40.209],[119.58,40.373],[119.6,40.477],[119.564,40.54],[119.294,40.531],[119.19,40.62],[119.191,40.7],[119.068,40.651],[118.855,40.821],[118.965,41.075],[119.048,41.094],[119.164,41.176],[119.231,41.273],[119.362,41.375],[119.39,41.473],[119.316,41.658],[119.299,41.777],[119.331,41.868],[119.322,41.965],[119.366,42.1],[119.245,42.192],[119.336,42.289],[119.563,42.372],[119.629,42.251],[119.821,42.209],[119.808,42.12],[119.892,41.999],[119.96,41.972],[120.03,41.861],[120.026,41.734],[120.108,41.707],[120.141,41.789],[120.34,41.966],[120.469,42.038],[120.509,42.149],[120.628,42.16],[120.913,42.297],[121.034,42.26],[121.369,42.5],[121.544,42.535],[121.646,42.454],[121.724,42.458],[121.878,42.54],[121.918,42.647],[122.045,42.721],[122.299,42.636],[122.4,42.658],[122.426,42.722],[122.367,42.799],[122.476,42.85],[122.728,42.741],[122.893,42.745],[123.131,42.826],[123.182,42.944],[123.612,43.081],[123.749,43.472],[123.807,43.454],[124.006,43.31],[124.282,43.226],[124.296,43.157],[124.419,43.082],[124.376,42.986],[124.52,42.872],[124.766,43.106],[124.888,43.087],[124.86,42.888],[124.942,42.804],[125.019,42.647],[125.096,42.577],[125.102,42.494],[125.209,42.406],[125.179,42.333],[125.269,42.309],[125.284,42.234],[125.481,42.151],[125.458,42.105],[125.295,41.957],[125.286,41.826],[125.328,41.747],[125.306,41.68],[125.45,41.68],[125.47,41.575],[125.651,41.286],[125.738,41.245],[125.766,41.139],[125.692,41.004],[125.576,40.913],[125.709,40.853],[125.645,40.779]]]}},{"type":"Feature","properties":{"name":"Shandong","admin":"China","iso_a2":"CN","postal":"SD"},"geometry":{"type":"Polygon","coordinates":[[[118.015,38.183],[118.543,38.095],[118.667,38.126],[118.8,38.127],[118.94,38.043],[119.028,37.904],[119.038,37.777],[119.089,37.701],[118.991,37.641],[118.955,37.494],[118.953,37.331],[119.112,37.201],[119.287,37.138],[119.45,37.125],[119.761,37.155],[119.888,37.253],[119.883,37.351],[120.156,37.495],[120.312,37.623],[120.257,37.679],[120.75,37.834],[121.049,37.725],[121.22,37.6],[121.388,37.579],[121.64,37.46],[121.965,37.445],[122.057,37.529],[122.11,37.522],[122.169,37.456],[122.338,37.405],[122.602,37.426],[122.667,37.403],[122.573,37.318],[122.587,37.181],[122.447,37.068],[122.523,37.003],[122.52,36.947],[122.341,36.832],[122.242,36.85],[122.162,36.959],[121.933,36.959],[121.67,36.836],[121.144,36.66],[121.054,36.611],[120.99,36.598],[120.879,36.635],[120.811,36.633],[120.797,36.607],[120.883,36.539],[120.896,36.444],[120.847,36.426],[120.776,36.456],[120.712,36.413],[120.682,36.341],[120.681,36.168],[120.638,36.13],[120.393,36.054],[120.33,36.11],[120.328,36.228],[120.183,36.202],[120.094,36.119],[120.181,36.017],[120.265,36.007],[120.285,35.984],[120.055,35.861],[119.979,35.74],[119.866,35.644],[119.72,35.589],[119.526,35.359],[119.43,35.301],[119.353,35.114],[119.295,35.071],[119.176,35.106],[119.076,35.05],[118.867,35.036],[118.759,34.749],[118.681,34.684],[118.596,34.707],[118.477,34.689],[118.391,34.444],[118.165,34.399],[118.05,34.651],[117.915,34.677],[117.79,34.651],[117.773,34.527],[117.653,34.526],[117.591,34.472],[117.469,34.475],[117.337,34.589],[117.274,34.564],[117.235,34.461],[117.182,34.45],[117.061,34.709],[116.993,34.774],[116.941,34.88],[116.828,34.958],[116.47,34.898],[116.42,34.834],[116.377,34.64],[116.267,34.577],[116.151,34.567],[116.044,34.6],[115.816,34.571],[115.707,34.6],[115.646,34.569],[115.542,34.578],[115.436,34.676],[115.429,34.78],[115.318,34.843],[115.216,34.836],[115.175,34.944],[114.998,35.008],[114.834,35.016],[114.864,35.189],[114.942,35.219],[115.068,35.38],[115.227,35.416],[115.345,35.496],[115.395,35.616],[115.504,35.723],[115.655,35.746],[115.761,35.849],[115.874,35.866],[115.863,35.925],[115.966,35.986],[116.034,35.966],[116.077,36.103],[115.927,36.022],[115.829,36.031],[115.739,35.969],[115.468,35.913],[115.416,35.824],[115.318,35.792],[115.334,35.931],[115.424,35.995],[115.46,36.158],[115.449,36.249],[115.343,36.352],[115.276,36.474],[115.342,36.6],[115.478,36.754],[115.626,36.794],[115.773,36.946],[115.852,37.057],[115.975,37.322],[116.256,37.387],[116.22,37.462],[116.35,37.621],[116.411,37.485],[116.609,37.639],[116.744,37.799],[116.84,37.834],[117.421,37.847],[117.569,38.049],[117.687,38.073],[117.78,38.164],[117.839,38.274],[118.015,38.183]]]}},{"type":"Feature","properties":{"name":"Tianjin","admin":"China","iso_a2":"CN","postal":"TJ"},"geometry":{"type":"Polygon","coordinates":[[[117.866,39.191],[117.785,39.134],[117.617,38.853],[117.554,38.691],[117.558,38.625],[117.271,38.559],[117.189,38.606],[117.095,38.612],[117.021,38.708],[116.881,38.699],[116.711,38.821],[116.681,38.916],[116.712,39.012],[116.892,39.103],[116.826,39.217],[116.853,39.341],[116.791,39.493],[116.793,39.602],[116.876,39.686],[117.153,39.618],[117.203,39.762],[117.148,39.948],[117.239,40.093],[117.311,40.11],[117.372,40.201],[117.357,40.257],[117.75,40.063],[117.766,39.964],[117.501,39.989],[117.533,39.75],[117.623,39.666],[117.631,39.576],[117.893,39.565],[117.897,39.399],[118.008,39.343],[118.01,39.22],[117.866,39.191]]]}},{"type":"Feature","properties":{"name":"Jiangxi","admin":"China","iso_a2":"CN","postal":"JX"},"geometry":{"type":"Polygon","coordinates":[[[113.982,25.582],[113.918,25.66],[113.907,25.75],[114.018,25.935],[114.041,26.069],[114.214,26.17],[114.162,26.221],[114.063,26.178],[113.939,26.209],[113.999,26.283],[114.015,26.385],[114.068,26.454],[114.085,26.577],[113.865,26.656],[113.832,26.827],[113.892,26.945],[113.754,27.142],[113.824,27.229],[113.851,27.346],[113.783,27.371],[113.667,27.33],[113.6,27.368],[113.562,27.591],[113.701,27.819],[113.706,27.938],[113.737,27.982],[113.916,28.021],[114.014,28.106],[114.028,28.184],[114.092,28.258],[114.184,28.293],[114.227,28.409],[114.177,28.507],[114.057,28.564],[114.113,28.616],[114.143,28.789],[114.012,28.913],[113.905,28.956],[113.902,29.066],[114.063,29.203],[114.247,29.249],[114.243,29.309],[114.308,29.355],[114.47,29.318],[114.709,29.39],[114.818,29.394],[114.895,29.52],[114.973,29.56],[115.272,29.615],[115.417,29.712],[115.486,29.864],[115.705,29.861],[115.856,29.739],[115.999,29.744],[116.147,29.789],[116.236,29.781],[116.39,29.876],[116.493,29.885],[116.65,30.051],[116.791,30.022],[116.887,29.92],[116.798,29.756],[116.675,29.708],[116.648,29.627],[116.749,29.545],[116.888,29.561],[116.955,29.654],[117.079,29.71],[117.107,29.786],[117.067,29.841],[117.125,29.911],[117.226,29.907],[117.274,29.829],[117.406,29.831],[117.402,29.773],[117.527,29.622],[117.649,29.606],[117.708,29.556],[117.899,29.549],[117.986,29.572],[118.113,29.519],[118.175,29.408],[118.132,29.298],[118.052,29.275],[118.001,29.144],[118.064,29.051],[118.229,28.955],[118.303,28.836],[118.372,28.799],[118.426,28.695],[118.416,28.604],[118.458,28.517],[118.476,28.332],[118.349,28.22],[118.368,28.1],[118.131,28.041],[118.061,27.979],[117.823,27.937],[117.746,27.813],[117.605,27.866],[117.544,27.967],[117.284,27.857],[117.287,27.773],[117.225,27.723],[117.112,27.568],[117.125,27.43],[117.101,27.347],[117.154,27.276],[117.04,27.11],[116.923,27.021],[116.67,26.987],[116.545,26.868],[116.505,26.689],[116.542,26.563],[116.619,26.492],[116.594,26.395],[116.502,26.407],[116.399,26.288],[116.419,26.153],[116.397,26.061],[116.323,25.955],[116.18,25.907],[116.135,25.866],[116.124,25.764],[116.028,25.636],[116.045,25.575],[116.0,25.497],[115.979,25.351],[115.908,25.238],[115.843,25.195],[115.888,24.917],[115.787,24.861],[115.749,24.748],[115.799,24.573],[115.706,24.546],[115.599,24.609],[115.421,24.785],[115.24,24.746],[115.139,24.684],[115.047,24.707],[114.945,24.67],[114.863,24.588],[114.74,24.625],[114.712,24.555],[114.642,24.585],[114.498,24.556],[114.425,24.5],[114.192,24.695],[114.302,24.759],[114.384,24.885],[114.414,24.98],[114.729,25.119],[114.683,25.163],[114.707,25.29],[114.58,25.36],[114.569,25.407],[114.429,25.386],[114.384,25.335],[114.279,25.292],[114.115,25.308],[114.026,25.268],[114.012,25.435],[113.928,25.448],[113.982,25.582]]]}},{"type":"Feature","properties":{"name":"Jiangsu","admin":"China","iso_a2":"CN","postal":"JS"},"geometry":{"type":"Polygon","coordinates":[[[119.216,35.012],[119.165,34.849],[119.201,34.748],[119.351,34.749],[119.427,34.714],[119.583,34.582],[119.77,34.496],[119.964,34.448],[120.267,34.274],[120.5,33.716],[120.505,33.638],[120.616,33.491],[120.734,33.237],[120.871,33.017],[120.897,32.843],[120.853,32.764],[120.853,32.661],[120.99,32.567],[121.342,32.425],[121.401,32.372],[121.404,32.206],[121.491,32.121],[121.674,32.051],[121.751,31.993],[121.832,31.9],[121.856,31.816],[121.866,31.704],[121.681,31.712],[121.352,31.859],[121.146,31.842],[120.974,31.869],[120.792,32.032],[120.52,32.106],[120.184,31.966],[120.099,31.976],[120.036,31.936],[120.192,31.906],[120.497,32.02],[120.716,31.984],[120.788,31.82],[121.055,31.719],[121.205,31.628],[121.351,31.485],[121.187,31.458],[121.136,31.374],[121.126,31.277],[121.059,31.248],[121.035,31.144],[120.883,31.14],[120.909,31.012],[120.692,30.977],[120.709,30.891],[120.578,30.846],[120.491,30.764],[120.447,30.89],[120.362,30.939],[120.213,30.921],[120.129,30.943],[119.943,31.087],[119.932,31.15],[119.74,31.176],[119.63,31.133],[119.363,31.192],[119.317,31.267],[119.163,31.287],[119.075,31.239],[118.816,31.226],[118.756,31.281],[118.751,31.358],[118.827,31.398],[118.881,31.522],[118.86,31.627],[118.681,31.647],[118.684,31.701],[118.477,31.79],[118.481,31.859],[118.352,31.947],[118.383,32.054],[118.499,32.138],[118.514,32.2],[118.65,32.238],[118.684,32.339],[118.668,32.453],[118.612,32.478],[118.552,32.574],[118.752,32.613],[118.891,32.596],[119.081,32.446],[119.199,32.594],[119.19,32.711],[119.11,32.834],[119.009,32.91],[118.993,32.962],[118.857,32.972],[118.798,32.865],[118.748,32.839],[118.72,32.732],[118.399,32.731],[118.3,32.777],[118.239,32.924],[118.248,33.013],[118.218,33.18],[118.081,33.15],[117.996,33.168],[117.932,33.235],[118.177,33.693],[118.124,33.766],[117.752,33.724],[117.746,33.882],[117.688,33.888],[117.651,33.982],[117.572,33.99],[117.503,34.05],[117.392,34.031],[117.321,34.079],[117.159,34.091],[117.034,34.156],[116.97,34.275],[116.949,34.389],[116.802,34.4],[116.77,34.452],[116.625,34.485],[116.428,34.64],[116.377,34.64],[116.42,34.834],[116.47,34.898],[116.828,34.958],[116.941,34.88],[116.993,34.774],[117.061,34.709],[117.182,34.45],[117.235,34.461],[117.274,34.564],[117.337,34.589],[117.469,34.475],[117.591,34.472],[117.653,34.526],[117.773,34.527],[117.79,34.651],[117.915,34.677],[118.05,34.651],[118.165,34.399],[118.391,34.444],[118.477,34.689],[118.596,34.707],[118.681,34.684],[118.759,34.749],[118.867,35.036],[119.076,35.05],[119.176,35.106],[119.295,35.071],[119.216,35.012]]]}},{"type":"Feature","properties":{"name":"Shanghai","admin":"China","iso_a2":"CN","postal":"SH"},"geometry":{"type":"MultiPolygon","coordinates":[[[[121.661,31.32],[121.786,31.163],[121.878,30.917],[121.769,30.87],[121.528,30.841],[121.278,30.685],[121.256,30.744],[121.104,30.834],[120.981,30.832],[120.969,31.009],[120.909,31.012],[120.883,31.14],[121.035,31.144],[121.059,31.248],[121.126,31.277],[121.136,31.374],[121.187,31.458],[121.351,31.485],[121.661,31.32]]],[[[121.808,31.552],[121.863,31.492],[121.78,31.464],[121.52,31.55],[121.336,31.644],[121.227,31.758],[121.211,31.805],[121.339,31.797],[121.464,31.756],[121.492,31.694],[121.577,31.637],[121.808,31.552]]]]}},{"type":"Feature","properties":{"name":"Zhejiang","admin":"China","iso_a2":"CN","postal":"ZJ"},"geometry":{"type":"MultiPolygon","coordinates":[[[[121.251,28.145],[121.251,28.086],[121.132,28.063],[121.134,28.135],[121.205,28.204],[121.251,28.145]]],[[[120.998,30.558],[120.897,30.393],[120.821,30.355],[120.63,30.391],[120.45,30.388],[120.195,30.241],[120.261,30.263],[120.353,30.247],[120.495,30.303],[120.633,30.133],[120.904,30.161],[121.159,30.302],[121.258,30.304],[121.433,30.227],[121.678,29.979],[122.083,29.87],[121.906,29.78],[121.677,29.584],[121.506,29.485],[121.69,29.511],[121.888,29.628],[121.941,29.606],[121.968,29.491],[121.918,29.135],[121.854,29.129],[121.791,29.226],[121.717,29.256],[121.534,29.237],[121.448,29.131],[121.521,29.118],[121.665,29.011],[121.68,28.953],[121.641,28.916],[121.54,28.932],[121.663,28.851],[121.63,28.768],[121.519,28.714],[121.475,28.641],[121.602,28.367],[121.61,28.292],[121.51,28.324],[121.355,28.23],[121.272,28.222],[121.217,28.346],[121.146,28.327],[121.098,28.291],[120.959,28.037],[120.892,28.004],[120.748,28.01],[120.833,27.938],[120.833,27.891],[120.685,27.745],[120.665,27.639],[120.588,27.581],[120.629,27.482],[120.608,27.412],[120.424,27.203],[120.406,27.297],[120.344,27.38],[120.249,27.41],[120.148,27.4],[120.064,27.344],[119.77,27.316],[119.693,27.411],[119.687,27.511],[119.616,27.666],[119.512,27.637],[119.467,27.525],[119.39,27.513],[119.266,27.424],[119.186,27.42],[119.005,27.48],[118.923,27.55],[118.889,27.722],[118.82,27.91],[118.748,27.973],[118.766,28.178],[118.797,28.213],[118.735,28.326],[118.499,28.262],[118.446,28.289],[118.476,28.332],[118.458,28.517],[118.416,28.604],[118.426,28.695],[118.372,28.799],[118.303,28.836],[118.229,28.955],[118.064,29.051],[118.001,29.144],[118.052,29.275],[118.132,29.298],[118.175,29.408],[118.373,29.453],[118.557,29.625],[118.648,29.658],[118.724,29.73],[118.741,29.828],[118.82,29.88],[118.894,29.983],[118.853,30.159],[118.909,30.222],[118.881,30.324],[118.935,30.352],[119.058,30.312],[119.211,30.314],[119.363,30.404],[119.321,30.518],[119.242,30.551],[119.351,30.675],[119.443,30.639],[119.501,30.769],[119.575,30.847],[119.63,31.133],[119.74,31.176],[119.932,31.15],[119.943,31.087],[120.129,30.943],[120.213,30.921],[120.362,30.939],[120.447,30.89],[120.491,30.764],[120.578,30.846],[120.709,30.891],[120.692,30.977],[120.969,31.009],[120.981,30.832],[121.104,30.834],[121.256,30.744],[121.278,30.685],[120.998,30.558]]],[[[122.404,29.892],[122.394,29.846],[122.368,29.853],[122.332,29.935],[122.351,29.955],[122.402,29.95],[122.404,29.892]]],[[[122.322,30.031],[122.282,29.944],[122.158,30.001],[122.024,30.013],[121.978,30.064],[121.969,30.143],[122.111,30.14],[122.284,30.068],[122.322,30.031]]],[[[122.165,29.701],[122.169,29.66],[122.043,29.736],[122.062,29.773],[122.12,29.782],[122.165,29.701]]]]}},{"type":"Feature","properties":{"name":"Jilin","admin":"China","iso_a2":"CN","postal":"JL"},"geometry":{"type":"Polygon","coordinates":[[[131.257,43.378],[131.176,43.142],[131.086,43.038],[131.069,42.902],[130.943,42.852],[130.803,42.857],[130.577,42.812],[130.453,42.755],[130.42,42.7],[130.521,42.674],[130.577,42.623],[130.584,42.567],[130.527,42.535],[130.498,42.571],[130.361,42.631],[130.247,42.745],[130.24,42.892],[130.151,42.918],[130.083,42.974],[130.022,42.963],[129.898,42.998],[129.861,42.965],[129.779,42.777],[129.698,42.448],[129.604,42.436],[129.568,42.392],[129.524,42.385],[129.424,42.436],[129.314,42.414],[129.218,42.313],[129.195,42.218],[128.923,42.038],[128.427,42.011],[128.308,42.026],[128.045,41.988],[128.033,41.898],[128.182,41.7],[128.258,41.655],[128.289,41.607],[128.291,41.563],[128.149,41.388],[128.013,41.449],[127.688,41.44],[127.18,41.531],[127.137,41.555],[127.128,41.607],[127.007,41.742],[126.904,41.781],[126.788,41.718],[126.722,41.717],[126.601,41.641],[126.49,41.358],[126.412,41.321],[126.254,41.138],[126.144,41.078],[125.989,40.905],[125.709,40.853],[125.576,40.913],[125.692,41.004],[125.766,41.139],[125.738,41.245],[125.651,41.286],[125.47,41.575],[125.45,41.68],[125.306,41.68],[125.328,41.747],[125.286,41.826],[125.295,41.957],[125.458,42.105],[125.481,42.151],[125.284,42.234],[125.269,42.309],[125.179,42.333],[125.209,42.406],[125.102,42.494],[125.096,42.577],[125.019,42.647],[124.942,42.804],[124.86,42.888],[124.888,43.087],[124.766,43.106],[124.52,42.872],[124.376,42.986],[124.419,43.082],[124.296,43.157],[124.282,43.226],[124.006,43.31],[123.807,43.454],[123.749,43.472],[123.696,43.353],[123.606,43.365],[123.378,43.453],[123.361,43.54],[123.49,43.591],[123.522,43.697],[123.322,44.042],[123.359,44.151],[123.258,44.204],[123.168,44.367],[123.117,44.406],[123.124,44.494],[123.045,44.513],[122.955,44.447],[122.715,44.336],[122.377,44.22],[122.254,44.246],[122.282,44.429],[122.088,44.62],[122.046,44.695],[122.011,45.118],[122.192,45.201],[122.234,45.287],[122.136,45.449],[122.027,45.485],[121.964,45.568],[121.934,45.69],[121.785,45.676],[121.666,45.716],[121.815,45.914],[121.774,46.01],[121.996,45.98],[122.24,45.813],[122.399,45.949],[122.498,45.825],[122.647,45.725],[122.773,45.788],[122.801,45.913],[122.799,46.089],[123.069,46.109],[123.162,46.22],[123.258,46.265],[123.356,46.235],[123.919,46.272],[124.034,46.018],[123.979,45.978],[124.062,45.872],[124.018,45.782],[124.141,45.632],[124.224,45.636],[124.332,45.547],[124.396,45.451],[124.563,45.415],[124.612,45.448],[124.872,45.449],[125.028,45.498],[125.104,45.395],[125.307,45.417],[125.432,45.477],[125.521,45.471],[125.699,45.511],[125.705,45.36],[125.841,45.235],[126.15,45.141],[126.421,45.228],[126.559,45.247],[126.789,45.149],[126.953,45.134],[127.077,44.934],[126.978,44.826],[127.032,44.731],[127.045,44.598],[127.147,44.655],[127.233,44.616],[127.375,44.649],[127.559,44.574],[127.493,44.411],[127.618,44.272],[127.61,44.22],[127.715,44.161],[127.744,44.086],[127.85,44.056],[128.052,44.126],[128.043,44.341],[128.155,44.353],[128.207,44.44],[128.359,44.502],[128.419,44.45],[128.451,44.316],[128.446,44.154],[128.529,44.08],[128.632,43.912],[128.747,43.802],[128.764,43.709],[128.883,43.556],[129.015,43.54],[129.229,43.608],[129.216,43.738],[129.249,43.786],[129.535,43.87],[129.752,43.874],[129.802,43.965],[129.913,44.022],[130.0,43.984],[130.033,43.856],[130.104,43.845],[130.28,43.964],[130.333,43.928],[130.414,43.669],[130.589,43.628],[130.917,43.45],[130.995,43.508],[131.149,43.436],[131.245,43.467],[131.257,43.378]]]}},{"type":"Feature","properties":{"name":"Inner Mongol","admin":"China","iso_a2":"CN","postal":"NM"},"geometry":{"type":"Polygon","coordinates":[[[99.468,42.568],[99.984,42.677],[101.092,42.551],[101.495,42.539],[101.66,42.5],[101.973,42.216],[102.157,42.158],[103.073,42.006],[103.711,41.751],[104.498,41.877],[104.498,41.659],[104.86,41.644],[104.982,41.596],[105.051,41.616],[105.197,41.738],[105.868,41.994],[106.77,42.289],[108.171,42.447],[108.687,42.416],[109.443,42.456],[110.4,42.774],[111.007,43.341],[111.547,43.496],[111.771,43.665],[111.933,43.711],[111.932,43.815],[111.837,43.935],[111.603,44.107],[111.402,44.367],[111.411,44.419],[111.489,44.512],[111.621,44.827],[111.751,44.97],[111.898,45.064],[112.033,45.082],[112.411,45.058],[112.499,45.011],[112.597,44.918],[112.707,44.883],[113.049,44.81],[113.587,44.746],[113.877,44.896],[114.08,44.971],[114.167,45.05],[114.419,45.203],[114.487,45.272],[114.517,45.365],[114.56,45.39],[114.739,45.42],[114.919,45.378],[115.163,45.39],[115.681,45.458],[115.934,45.626],[116.198,45.739],[116.241,45.796],[116.213,45.887],[116.358,46.097],[116.517,46.209],[116.563,46.29],[116.859,46.388],[116.979,46.362],[117.333,46.362],[117.406,46.571],[117.438,46.586],[117.547,46.588],[117.671,46.522],[117.741,46.518],[117.814,46.538],[117.91,46.619],[118.071,46.667],[118.309,46.717],[118.723,46.692],[118.844,46.76],[118.957,46.735],[119.162,46.639],[119.332,46.614],[119.474,46.627],[119.707,46.606],[119.867,46.672],[119.896,46.733],[119.898,46.858],[119.789,46.979],[119.757,47.09],[119.711,47.15],[119.527,47.256],[119.326,47.41],[119.291,47.473],[119.162,47.525],[119.123,47.558],[119.082,47.654],[118.76,47.758],[118.498,47.984],[118.24,47.999],[118.147,48.029],[117.768,47.988],[117.351,47.652],[117.286,47.666],[117.07,47.806],[116.761,47.87],[116.513,47.84],[116.231,47.858],[116.075,47.79],[115.994,47.711],[115.898,47.687],[115.616,47.875],[115.558,47.945],[115.525,48.131],[115.786,48.248],[115.792,48.456],[115.821,48.577],[116.026,48.782],[116.034,48.84],[116.683,49.824],[117.246,49.625],[117.477,49.609],[117.698,49.536],[117.873,49.513],[118.452,49.845],[118.756,49.963],[118.98,49.979],[119.147,50.013],[119.26,50.066],[119.326,50.155],[119.346,50.279],[119.302,50.354],[119.164,50.406],[119.217,50.433],[119.344,50.634],[119.446,50.703],[119.502,50.779],[119.512,50.863],[119.746,51.108],[119.757,51.179],[119.813,51.267],[119.967,51.422],[120.067,51.601],[120.237,51.723],[120.511,51.849],[120.682,51.973],[120.75,52.097],[120.744,52.205],[120.665,52.3],[120.65,52.396],[120.699,52.494],[120.656,52.567],[120.521,52.615],[120.36,52.627],[120.173,52.602],[120.068,52.633],[120.044,52.718],[120.095,52.787],[120.218,52.84],[120.704,53.172],[120.985,53.285],[121.405,53.317],[121.607,53.241],[121.8,53.024],[121.692,52.908],[121.503,52.775],[121.174,52.595],[121.491,52.445],[121.692,52.389],[121.831,52.269],[122.018,52.283],[122.174,52.48],[122.339,52.454],[122.492,52.295],[122.731,52.249],[122.775,52.2],[122.638,52.095],[122.754,51.847],[122.714,51.702],[122.836,51.568],[122.839,51.511],[122.956,51.386],[123.088,51.312],[123.272,51.267],[123.438,51.273],[123.57,51.204],[123.789,51.233],[123.866,51.313],[124.004,51.302],[124.162,51.328],[124.351,51.279],[124.502,51.361],[124.666,51.335],[124.821,51.366],[125.061,51.534],[125.128,51.616],[125.333,51.583],[125.487,51.507],[125.719,51.254],[125.843,51.206],[125.871,51.145],[125.984,51.104],[126.056,50.98],[126.001,50.902],[125.824,50.767],[125.809,50.562],[125.531,50.393],[125.418,50.195],[125.264,50.106],[125.295,50.014],[125.188,49.942],[125.235,49.848],[125.22,49.668],[125.131,49.637],[125.236,49.554],[125.267,49.438],[125.223,49.22],[125.158,49.151],[124.864,49.175],[124.822,49.061],[124.622,48.742],[124.616,48.668],[124.538,48.572],[124.521,48.369],[124.562,48.236],[124.52,48.129],[124.426,48.174],[124.327,48.332],[124.301,48.492],[124.234,48.531],[124.078,48.448],[123.727,48.191],[123.578,48.054],[123.293,47.946],[123.207,47.814],[122.565,47.531],[122.495,47.41],[122.405,47.332],[122.574,47.131],[122.797,47.034],[122.996,46.84],[123.187,46.762],[123.33,46.833],[123.38,46.898],[123.489,46.817],[123.609,46.775],[123.536,46.692],[123.397,46.598],[123.292,46.586],[123.094,46.622],[123.02,46.612],[122.989,46.407],[123.162,46.22],[123.069,46.109],[122.799,46.089],[122.801,45.913],[122.773,45.788],[122.647,45.725],[122.498,45.825],[122.399,45.949],[122.24,45.813],[121.996,45.98],[121.774,46.01],[121.815,45.914],[121.666,45.716],[121.785,45.676],[121.934,45.69],[121.964,45.568],[122.027,45.485],[122.136,45.449],[122.234,45.287],[122.192,45.201],[122.011,45.118],[122.046,44.695],[122.088,44.62],[122.282,44.429],[122.254,44.246],[122.377,44.22],[122.715,44.336],[122.955,44.447],[123.045,44.513],[123.124,44.494],[123.117,44.406],[123.168,44.367],[123.258,44.204],[123.359,44.151],[123.322,44.042],[123.522,43.697],[123.49,43.591],[123.361,43.54],[123.378,43.453],[123.606,43.365],[123.696,43.353],[123.612,43.081],[123.182,42.944],[123.131,42.826],[122.893,42.745],[122.728,42.741],[122.476,42.85],[122.367,42.799],[122.426,42.722],[122.4,42.658],[122.299,42.636],[122.045,42.721],[121.918,42.647],[121.878,42.54],[121.724,42.458],[121.646,42.454],[121.544,42.535],[121.369,42.5],[121.034,42.26],[120.913,42.297],[120.628,42.16],[120.509,42.149],[120.469,42.038],[120.34,41.966],[120.141,41.789],[120.108,41.707],[120.026,41.734],[120.03,41.861],[119.96,41.972],[119.892,41.999],[119.808,42.12],[119.821,42.209],[119.629,42.251],[119.563,42.372],[119.336,42.289],[119.245,42.192],[119.366,42.1],[119.322,41.965],[119.331,41.868],[119.299,41.777],[119.316,41.658],[119.39,41.473],[119.362,41.375],[119.231,41.273],[119.153,41.312],[118.728,41.347],[118.478,41.355],[118.37,41.314],[118.314,41.57],[118.244,41.592],[118.159,41.719],[118.278,41.753],[118.322,41.864],[118.268,42.074],[118.134,42.022],[118.086,42.182],[117.989,42.222],[118.04,42.289],[118.024,42.383],[117.8,42.569],[117.743,42.591],[117.594,42.552],[117.45,42.549],[117.412,42.458],[117.244,42.482],[117.056,42.463],[116.887,42.395],[116.827,42.308],[116.879,42.22],[116.858,42.02],[116.6,41.924],[116.466,41.948],[116.378,42.01],[116.207,41.884],[116.13,41.873],[116.038,41.801],[115.937,41.927],[115.859,41.927],[115.528,41.772],[115.34,41.721],[115.347,41.624],[115.226,41.586],[115.097,41.616],[114.889,41.61],[114.876,41.812],[114.931,41.839],[114.92,41.937],[114.805,42.178],[114.752,42.14],[114.596,42.141],[114.481,42.075],[114.42,41.956],[114.256,41.86],[114.214,41.767],[114.197,41.594],[114.027,41.531],[113.928,41.418],[113.909,41.294],[113.985,41.241],[113.964,41.153],[113.881,41.099],[113.908,41.028],[114.019,40.924],[114.06,40.814],[114.154,40.743],[114.027,40.635],[114.076,40.55],[114.044,40.488],[113.808,40.434],[113.677,40.429],[113.518,40.344],[113.334,40.319],[113.23,40.417],[113.086,40.404],[112.961,40.356],[112.844,40.226],[112.734,40.173],[112.596,40.238],[112.399,40.288],[112.279,40.229],[112.165,40.059],[112.099,40.005],[111.921,39.689],[111.761,39.598],[111.675,39.636],[111.49,39.652],[111.425,39.625],[111.421,39.522],[111.343,39.444],[111.199,39.427],[111.11,39.385],[111.041,39.423],[111.137,39.565],[111.013,39.565],[110.846,39.465],[110.685,39.264],[110.603,39.267],[110.494,39.374],[110.338,39.318],[110.225,39.424],[110.109,39.428],[110.177,39.285],[109.963,39.181],[109.821,39.054],[109.674,39.011],[109.635,38.906],[109.538,38.785],[109.424,38.769],[109.313,38.62],[109.16,38.542],[108.986,38.335],[108.953,38.199],[109.028,38.111],[109.001,37.988],[108.954,37.926],[108.863,37.988],[108.791,37.942],[108.764,37.682],[108.496,37.669],[108.333,37.634],[108.039,37.633],[107.991,37.726],[107.885,37.802],[107.405,37.922],[107.324,38.066],[107.163,38.139],[107.061,38.115],[106.829,38.15],[106.47,38.291],[106.645,38.459],[106.704,38.637],[106.932,38.921],[106.978,39.036],[106.912,39.069],[106.808,39.199],[106.789,39.361],[106.614,39.358],[106.497,39.286],[106.347,39.294],[106.276,39.269],[106.283,39.157],[106.113,39.121],[106.06,38.979],[105.897,38.736],[105.841,38.571],[105.828,38.227],[105.756,38.136],[105.825,38.005],[105.788,37.805],[105.659,37.74],[105.534,37.725],[105.354,37.753],[105.085,37.661],[104.944,37.546],[104.647,37.507],[104.522,37.53],[104.425,37.499],[104.359,37.401],[104.262,37.39],[104.109,37.462],[103.679,37.775],[103.438,37.842],[103.387,37.999],[103.388,38.102],[103.522,38.14],[103.471,38.436],[103.794,38.591],[103.98,38.759],[104.043,38.874],[104.172,38.96],[104.225,39.091],[104.06,39.308],[104.024,39.441],[103.749,39.425],[103.464,39.357],[103.284,39.293],[102.965,39.119],[102.593,39.178],[102.393,39.237],[101.825,39.064],[102.023,38.893],[102.02,38.857],[101.831,38.69],[101.58,38.688],[101.414,38.749],[101.32,38.758],[101.328,38.826],[101.248,38.87],[101.18,39.021],[101.049,39.001],[100.889,39.105],[100.852,39.167],[100.833,39.38],[100.79,39.408],[100.543,39.409],[100.455,39.496],[100.307,39.55],[100.287,39.627],[100.189,39.695],[100.043,39.728],[99.686,39.876],[99.431,39.879],[99.533,40.001],[99.627,40.069],[99.899,40.205],[100.014,40.402],[100.14,40.518],[100.204,40.617],[100.176,40.735],[100.075,40.859],[100.011,40.896],[99.665,40.901],[99.496,40.843],[99.157,40.836],[98.826,40.727],[98.646,40.568],[98.515,40.534],[98.235,40.542],[98.327,40.856],[98.294,40.917],[98.204,40.951],[97.951,41.12],[97.708,41.349],[97.648,41.456],[97.68,41.502],[97.847,41.619],[97.206,42.79],[99.468,42.568]]]}},{"type":"Feature","properties":{"name":"Heilongjiang","admin":"China","iso_a2":"CN","postal":"HL"},"geometry":{"type":"Polygon","coordinates":[[[122.338,53.485],[122.38,53.463],[122.516,53.457],[122.958,53.498],[123.154,53.545],[123.31,53.556],[123.535,53.526],[123.608,53.547],[124.154,53.359],[124.22,53.37],[124.466,53.23],[124.64,53.211],[124.812,53.134],[124.882,53.13],[124.907,53.173],[125.075,53.204],[125.546,53.048],[125.649,53.042],[125.692,53.004],[125.681,52.931],[125.728,52.891],[125.872,52.872],[126.048,52.739],[126.06,52.692],[126.016,52.61],[126.046,52.573],[126.194,52.519],[126.238,52.445],[126.342,52.362],[126.324,52.332],[126.384,52.286],[126.395,52.173],[126.456,52.126],[126.511,51.926],[126.701,51.703],[126.689,51.61],[126.709,51.566],[126.775,51.545],[126.805,51.506],[126.802,51.448],[126.848,51.374],[126.834,51.315],[126.888,51.23],[126.925,51.1],[127.307,50.708],[127.347,50.621],[127.347,50.55],[127.306,50.454],[127.341,50.428],[127.337,50.35],[127.395,50.299],[127.59,50.209],[127.512,50.072],[127.492,49.975],[127.502,49.873],[127.551,49.802],[127.69,49.717],[127.711,49.672],[128.0,49.569],[128.237,49.559],[128.704,49.6],[128.769,49.577],[128.791,49.542],[128.77,49.495],[128.819,49.464],[129.02,49.419],[129.065,49.375],[129.248,49.379],[129.31,49.354],[129.385,49.389],[129.498,49.389],[129.534,49.323],[129.591,49.287],[129.671,49.278],[129.793,49.199],[130.037,48.972],[130.196,48.892],[130.553,48.861],[130.617,48.773],[130.566,48.68],[130.552,48.603],[130.659,48.483],[130.747,48.43],[130.804,48.341],[130.787,48.255],[130.712,48.128],[130.733,48.019],[130.849,47.929],[130.915,47.843],[130.962,47.709],[131.003,47.691],[131.319,47.728],[131.464,47.723],[131.557,47.682],[132.38,47.729],[132.476,47.715],[132.562,47.769],[132.637,47.89],[132.707,47.947],[132.773,47.94],[132.877,47.979],[133.02,48.064],[133.144,48.106],[133.468,48.097],[133.842,48.274],[134.293,48.373],[134.564,48.322],[134.665,48.254],[134.669,48.153],[134.566,48.022],[134.752,47.715],[134.696,47.625],[134.542,47.485],[134.484,47.447],[134.291,47.414],[134.168,47.302],[134.202,47.128],[134.137,47.069],[134.071,46.951],[134.023,46.713],[133.867,46.499],[133.903,46.367],[133.861,46.248],[133.701,46.14],[133.711,46.07],[133.648,45.955],[133.513,45.879],[133.449,45.705],[133.466,45.651],[133.436,45.605],[133.186,45.495],[133.113,45.321],[133.097,45.22],[133.113,45.131],[132.936,45.03],[131.978,45.244],[131.852,45.327],[131.654,45.205],[131.579,45.084],[131.447,44.984],[131.228,44.92],[131.082,44.91],[130.982,44.844],[130.968,44.8],[131.087,44.596],[131.255,44.072],[131.213,44.003],[131.174,43.705],[131.182,43.506],[131.245,43.467],[131.149,43.436],[130.995,43.508],[130.917,43.45],[130.589,43.628],[130.414,43.669],[130.333,43.928],[130.28,43.964],[130.104,43.845],[130.033,43.856],[130.0,43.984],[129.913,44.022],[129.802,43.965],[129.752,43.874],[129.535,43.87],[129.249,43.786],[129.216,43.738],[129.229,43.608],[129.015,43.54],[128.883,43.556],[128.764,43.709],[128.747,43.802],[128.632,43.912],[128.529,44.08],[128.446,44.154],[128.451,44.316],[128.419,44.45],[128.359,44.502],[128.207,44.44],[128.155,44.353],[128.043,44.341],[128.052,44.126],[127.85,44.056],[127.744,44.086],[127.715,44.161],[127.61,44.22],[127.618,44.272],[127.493,44.411],[127.559,44.574],[127.375,44.649],[127.233,44.616],[127.147,44.655],[127.045,44.598],[127.032,44.731],[126.978,44.826],[127.077,44.934],[126.953,45.134],[126.789,45.149],[126.559,45.247],[126.421,45.228],[126.15,45.141],[125.841,45.235],[125.705,45.36],[125.699,45.511],[125.521,45.471],[125.432,45.477],[125.307,45.417],[125.104,45.395],[125.028,45.498],[124.872,45.449],[124.612,45.448],[124.563,45.415],[124.396,45.451],[124.332,45.547],[124.224,45.636],[124.141,45.632],[124.018,45.782],[124.062,45.872],[123.979,45.978],[124.034,46.018],[123.919,46.272],[123.356,46.235],[123.258,46.265],[123.162,46.22],[122.989,46.407],[123.02,46.612],[123.094,46.622],[123.292,46.586],[123.397,46.598],[123.536,46.692],[123.609,46.775],[123.489,46.817],[123.38,46.898],[123.33,46.833],[123.187,46.762],[122.996,46.84],[122.797,47.034],[122.574,47.131],[122.405,47.332],[122.495,47.41],[122.565,47.531],[123.207,47.814],[123.293,47.946],[123.578,48.054],[123.727,48.191],[124.078,48.448],[124.234,48.531],[124.301,48.492],[124.327,48.332],[124.426,48.174],[124.52,48.129],[124.562,48.236],[124.521,48.369],[124.538,48.572],[124.616,48.668],[124.622,48.742],[124.822,49.061],[124.864,49.175],[125.158,49.151],[125.223,49.22],[125.267,49.438],[125.236,49.554],[125.131,49.637],[125.22,49.668],[125.235,49.848],[125.188,49.942],[125.295,50.014],[125.264,50.106],[125.418,50.195],[125.531,50.393],[125.809,50.562],[125.824,50.767],[126.001,50.902],[126.056,50.98],[125.984,51.104],[125.871,51.145],[125.843,51.206],[125.719,51.254],[125.487,51.507],[125.333,51.583],[125.128,51.616],[125.061,51.534],[124.821,51.366],[124.666,51.335],[124.502,51.361],[124.351,51.279],[124.162,51.328],[124.004,51.302],[123.866,51.313],[123.789,51.233],[123.57,51.204],[123.438,51.273],[123.272,51.267],[123.088,51.312],[122.956,51.386],[122.839,51.511],[122.836,51.568],[122.714,51.702],[122.754,51.847],[122.638,52.095],[122.775,52.2],[122.731,52.249],[122.492,52.295],[122.339,52.454],[122.174,52.48],[122.018,52.283],[121.831,52.269],[121.692,52.389],[121.491,52.445],[121.174,52.595],[121.503,52.775],[121.692,52.908],[121.8,53.024],[121.607,53.241],[121.405,53.317],[122.338,53.485]]]}},{"type":"Feature","properties":{"name":"Aceh","admin":"Indonesia","iso_a2":"ID","postal":"AC"},"geometry":{"type":"MultiPolygon","coordinates":[[[[95.359,5.877],[95.343,5.784],[95.283,5.799],[95.218,5.89],[95.242,5.907],[95.359,5.877]]],[[[97.329,2.149],[97.328,2.053],[97.225,2.158],[97.108,2.217],[97.157,2.232],[97.291,2.201],[97.329,2.149]]],[[[96.464,2.36],[96.401,2.351],[96.022,2.596],[95.938,2.598],[95.88,2.641],[95.809,2.656],[95.717,2.826],[95.772,2.855],[95.806,2.916],[95.896,2.889],[95.998,2.781],[96.102,2.741],[96.18,2.661],[96.417,2.515],[96.464,2.36]]],[[[98.005,2.238],[97.795,2.283],[97.701,2.359],[97.591,2.847],[97.391,2.975],[96.894,3.654],[96.801,3.709],[96.525,3.767],[96.445,3.816],[96.23,4.073],[95.988,4.263],[95.579,4.662],[95.432,4.865],[95.207,5.284],[95.247,5.411],[95.228,5.565],[95.396,5.629],[95.629,5.609],[95.737,5.579],[95.841,5.515],[96.027,5.351],[96.133,5.294],[96.493,5.229],[96.615,5.22],[96.843,5.274],[96.968,5.269],[97.19,5.207],[97.5,5.228],[97.908,4.88],[98.0,4.662],[98.248,4.415],[98.273,4.322],[98.265,4.288],[98.188,4.295],[98.063,4.24],[98.001,3.98],[97.89,3.915],[97.893,3.848],[97.784,3.745],[97.844,3.58],[97.914,3.484],[97.907,3.433],[97.99,3.33],[97.864,3.257],[97.936,3.141],[97.896,3.083],[97.923,2.909],[98.057,2.812],[98.069,2.677],[98.025,2.576],[98.063,2.444],[98.128,2.327],[98.087,2.195],[98.005,2.238]]]]}},{"type":"Feature","properties":{"name":"Kalimantan Timur","admin":"Indonesia","iso_a2":"ID","postal":"KI"},"geometry":{"type":"MultiPolygon","coordinates":[[[[117.637,3.436],[117.681,3.408],[117.646,3.248],[117.56,3.328],[117.538,3.386],[117.548,3.432],[117.637,3.436]]],[[[117.885,4.186],[117.923,4.054],[117.737,4.004],[117.625,4.121],[117.649,4.169],[117.885,4.186]]],[[[114.387,1.5],[114.513,1.452],[114.546,1.467],[114.661,1.686],[114.704,1.851],[114.8,1.894],[114.831,1.98],[114.759,2.162],[114.786,2.251],[114.969,2.351],[115.179,2.523],[115.181,2.567],[115.081,2.634],[115.086,2.841],[115.247,3.026],[115.31,2.994],[115.454,3.034],[115.493,3.128],[115.514,3.342],[115.566,3.446],[115.545,3.634],[115.568,3.939],[115.679,4.193],[115.782,4.254],[115.861,4.348],[116.022,4.291],[116.134,4.355],[116.236,4.363],[116.32,4.354],[116.415,4.308],[116.515,4.371],[116.589,4.338],[116.698,4.355],[117.101,4.337],[117.278,4.299],[117.451,4.193],[117.574,4.171],[117.497,4.133],[117.465,4.076],[117.559,3.988],[117.566,3.93],[117.728,3.797],[117.777,3.689],[117.714,3.645],[117.63,3.636],[117.51,3.73],[117.495,3.666],[117.45,3.629],[117.056,3.623],[117.166,3.592],[117.346,3.427],[117.385,3.365],[117.322,3.244],[117.352,3.194],[117.611,3.064],[117.638,2.951],[117.569,2.929],[117.698,2.887],[117.639,2.825],[117.786,2.747],[117.805,2.669],[117.886,2.542],[118.067,2.318],[118.042,2.215],[117.957,2.16],[117.881,2.061],[117.789,2.027],[117.865,1.968],[118.08,1.702],[118.639,1.319],[118.853,1.096],[118.963,1.044],[118.985,0.982],[118.892,0.887],[118.757,0.839],[118.535,0.814],[118.196,0.874],[118.096,0.929],[118.016,1.039],[117.912,1.099],[117.977,0.964],[117.964,0.89],[117.923,0.831],[117.745,0.73],[117.522,0.236],[117.463,-0.324],[117.549,-0.554],[117.563,-0.771],[117.241,-0.926],[117.003,-1.188],[116.914,-1.224],[116.849,-1.218],[116.797,-1.184],[116.74,-1.044],[116.729,-1.151],[116.771,-1.267],[116.753,-1.327],[116.715,-1.376],[116.554,-1.474],[116.518,-1.598],[116.332,-1.712],[116.275,-1.785],[116.424,-1.785],[116.452,-1.923],[116.424,-2.053],[116.314,-2.14],[116.528,-2.208],[116.565,-2.3],[116.557,-2.359],[116.39,-2.314],[115.994,-2.271],[115.874,-2.351],[115.814,-2.184],[115.829,-2.047],[115.749,-2.001],[115.741,-1.784],[115.607,-1.467],[115.72,-1.426],[115.802,-1.294],[115.805,-1.085],[115.74,-1.104],[115.629,-0.978],[115.518,-0.938],[115.46,-0.886],[115.415,-0.774],[115.381,-0.582],[115.33,-0.511],[115.274,-0.311],[115.277,-0.22],[115.347,0.002],[115.275,0.031],[115.187,0.005],[115.086,-0.118],[115.003,-0.178],[114.967,-0.098],[115.018,0.058],[114.953,0.284],[114.968,0.364],[115.076,0.533],[115.057,0.637],[114.976,0.735],[114.735,0.673],[114.663,0.621],[114.378,0.589],[114.184,0.65],[114.036,0.647],[113.97,0.604],[113.776,0.559],[113.918,0.736],[113.948,0.862],[113.863,0.902],[113.864,0.976],[114.192,1.214],[114.211,1.463],[114.387,1.5]]]]}},{"type":"Feature","properties":{"name":"Jawa Barat","admin":"Indonesia","iso_a2":"ID","postal":"JR"},"geometry":{"type":"Polygon","coordinates":[[[107.046,-5.904],[107.162,-5.957],[107.332,-5.978],[107.475,-6.122],[107.563,-6.183],[107.667,-6.216],[107.884,-6.233],[108.138,-6.297],[108.254,-6.267],[108.33,-6.286],[108.516,-6.471],[108.604,-6.729],[108.678,-6.791],[108.899,-6.808],[108.801,-6.935],[108.789,-7.061],[108.695,-7.14],[108.595,-7.142],[108.547,-7.279],[108.705,-7.391],[108.742,-7.537],[108.734,-7.605],[108.799,-7.667],[108.571,-7.707],[108.452,-7.797],[108.221,-7.782],[107.804,-7.688],[107.547,-7.542],[107.285,-7.472],[106.631,-7.416],[106.455,-7.369],[106.411,-7.312],[106.417,-7.239],[106.52,-7.054],[106.401,-7.007],[106.451,-6.836],[106.506,-6.783],[106.427,-6.697],[106.405,-6.524],[106.434,-6.439],[106.421,-6.37],[106.56,-6.355],[106.631,-6.384],[106.739,-6.386],[106.763,-6.301],[106.924,-6.382],[106.985,-6.235],[106.989,-6.027],[107.046,-5.904]]]}},{"type":"Feature","properties":{"name":"Jawa Tengah","admin":"Indonesia","iso_a2":"ID","postal":"JT"},"geometry":{"type":"Polygon","coordinates":[[[110.843,-8.204],[110.799,-8.122],[110.787,-7.874],[110.753,-7.833],[110.579,-7.821],[110.507,-7.783],[110.441,-7.569],[110.301,-7.669],[110.137,-7.677],[110.117,-7.762],[110.039,-7.891],[109.853,-7.828],[109.282,-7.705],[108.987,-7.704],[108.799,-7.667],[108.734,-7.605],[108.742,-7.537],[108.705,-7.391],[108.547,-7.279],[108.595,-7.142],[108.695,-7.14],[108.789,-7.061],[108.801,-6.935],[108.899,-6.808],[109.294,-6.867],[109.404,-6.86],[109.501,-6.81],[109.821,-6.902],[109.936,-6.916],[110.198,-6.895],[110.426,-6.947],[110.521,-6.897],[110.584,-6.806],[110.701,-6.518],[110.737,-6.472],[110.835,-6.424],[110.972,-6.436],[111.182,-6.687],[111.342,-6.7],[111.54,-6.648],[111.676,-6.73],[111.629,-6.8],[111.598,-6.961],[111.608,-7.154],[111.46,-7.274],[111.444,-7.311],[111.22,-7.251],[111.197,-7.309],[111.185,-7.529],[111.217,-7.613],[111.191,-7.707],[111.265,-7.732],[111.308,-7.838],[111.228,-7.938],[110.965,-8.117],[110.945,-8.221],[110.843,-8.204]]]}},{"type":"Feature","properties":{"name":"Bengkulu","admin":"Indonesia","iso_a2":"ID","postal":"BE"},"geometry":{"type":"MultiPolygon","coordinates":[[[[102.405,-5.405],[102.367,-5.479],[102.286,-5.483],[102.111,-5.323],[102.154,-5.286],[102.198,-5.289],[102.372,-5.366],[102.405,-5.405]]],[[[103.332,-4.765],[103.139,-4.596],[102.919,-4.471],[102.538,-4.152],[102.372,-3.969],[102.128,-3.599],[101.649,-3.244],[101.579,-3.167],[101.306,-2.729],[101.119,-2.588],[101.036,-2.473],[101.171,-2.367],[101.436,-2.236],[101.517,-2.305],[101.564,-2.45],[101.737,-2.636],[101.9,-2.74],[101.963,-2.735],[102.067,-2.782],[102.224,-2.954],[102.241,-3.059],[102.431,-3.088],[102.489,-3.151],[102.462,-3.25],[102.563,-3.344],[102.631,-3.373],[102.766,-3.279],[102.87,-3.376],[102.975,-3.396],[103.017,-3.485],[102.993,-3.584],[102.897,-3.631],[102.702,-3.791],[102.63,-3.814],[102.768,-3.961],[102.845,-4.0],[102.908,-3.991],[102.981,-4.035],[103.107,-4.02],[103.142,-4.047],[103.186,-4.243],[103.616,-4.418],[103.622,-4.505],[103.694,-4.639],[103.723,-4.757],[103.765,-4.805],[103.592,-4.927],[103.332,-4.765]]]]}},{"type":"Feature","properties":{"name":"Banten","admin":"Indonesia","iso_a2":"ID","postal":"BT"},"geometry":{"type":"MultiPolygon","coordinates":[[[[105.192,-6.546],[105.261,-6.524],[105.277,-6.561],[105.253,-6.64],[105.19,-6.662],[105.121,-6.615],[105.192,-6.546]]],[[[105.944,-6.859],[105.478,-6.854],[105.362,-6.826],[105.303,-6.841],[105.255,-6.835],[105.243,-6.778],[105.273,-6.729],[105.371,-6.664],[105.387,-6.751],[105.484,-6.782],[105.581,-6.671],[105.655,-6.47],[105.706,-6.498],[105.787,-6.457],[105.868,-6.116],[105.936,-6.017],[106.075,-5.914],[106.166,-5.965],[106.73,-6.06],[106.684,-6.102],[106.702,-6.21],[106.763,-6.301],[106.739,-6.386],[106.631,-6.384],[106.56,-6.355],[106.421,-6.37],[106.434,-6.439],[106.405,-6.524],[106.427,-6.697],[106.506,-6.783],[106.451,-6.836],[106.401,-7.007],[105.944,-6.859]]]]}},{"type":"Feature","properties":{"name":"Jakarta Raya","admin":"Indonesia","iso_a2":"ID","postal":"JK"},"geometry":{"type":"Polygon","coordinates":[[[106.825,-6.098],[106.878,-6.092],[106.989,-6.027],[106.985,-6.235],[106.924,-6.382],[106.763,-6.301],[106.702,-6.21],[106.684,-6.102],[106.73,-6.06],[106.825,-6.098]]]}},{"type":"Feature","properties":{"name":"Kalimantan Barat","admin":"Indonesia","iso_a2":"ID","postal":"KB"},"geometry":{"type":"MultiPolygon","coordinates":[[[[108.957,-1.564],[108.953,-1.62],[108.838,-1.662],[108.804,-1.568],[108.877,-1.54],[108.957,-1.564]]],[[[109.743,-1.039],[109.751,-1.145],[109.511,-1.283],[109.464,-1.278],[109.428,-1.241],[109.476,-0.985],[109.615,-0.979],[109.743,-1.039]]],[[[114.192,1.214],[113.864,0.976],[113.863,0.902],[113.948,0.862],[113.918,0.736],[113.647,0.41],[113.623,0.311],[113.532,0.261],[113.416,0.275],[113.325,0.245],[113.453,0.066],[113.479,-0.048],[113.429,-0.19],[113.326,-0.252],[113.249,-0.361],[113.301,-0.423],[113.256,-0.551],[113.161,-0.47],[113.084,-0.518],[113.004,-0.519],[112.578,-0.704],[112.497,-0.702],[112.38,-0.755],[112.119,-0.735],[112.059,-0.796],[111.969,-0.823],[111.651,-1.015],[111.587,-1.102],[111.577,-1.187],[111.416,-1.269],[111.327,-1.373],[111.242,-1.421],[111.134,-1.53],[111.012,-1.526],[110.92,-1.613],[111.017,-1.66],[111.025,-1.867],[110.995,-1.985],[111.012,-2.127],[111.138,-2.405],[111.138,-2.733],[110.703,-3.021],[110.574,-2.891],[110.378,-2.934],[110.303,-2.985],[110.256,-2.966],[110.233,-2.925],[110.224,-2.689],[110.124,-2.234],[110.097,-2.001],[110.075,-1.946],[109.96,-1.863],[109.964,-1.743],[110.023,-1.643],[110.036,-1.526],[109.983,-1.275],[109.938,-1.181],[109.787,-1.011],[109.682,-0.944],[109.454,-0.869],[109.333,-0.875],[109.259,-0.807],[109.271,-0.732],[109.312,-0.68],[109.366,-0.667],[109.373,-0.638],[109.161,-0.495],[109.121,-0.391],[109.122,-0.265],[109.195,-0.009],[109.258,0.031],[109.075,0.253],[108.945,0.356],[108.906,0.794],[108.959,1.135],[109.031,1.204],[109.132,1.254],[109.01,1.24],[109.076,1.496],[109.273,1.705],[109.379,1.923],[109.629,2.028],[109.539,1.896],[109.571,1.806],[109.636,1.777],[109.654,1.615],[110.041,1.236],[110.506,0.862],[110.615,0.878],[110.938,1.017],[111.101,1.051],[111.287,1.043],[111.483,0.996],[111.607,1.023],[111.809,1.012],[111.923,1.113],[112.078,1.143],[112.167,1.338],[112.186,1.439],[112.476,1.559],[112.943,1.567],[112.988,1.548],[113.007,1.434],[113.069,1.432],[113.458,1.302],[113.513,1.308],[113.622,1.236],[113.76,1.311],[113.902,1.434],[114.211,1.463],[114.192,1.214]]]]}},{"type":"Feature","properties":{"name":"Lampung","admin":"Indonesia","iso_a2":"ID","postal":"LA"},"geometry":{"type":"Polygon","coordinates":[[[105.887,-4.554],[105.887,-5.01],[105.816,-5.677],[105.748,-5.818],[105.619,-5.8],[105.523,-5.673],[105.349,-5.55],[105.081,-5.746],[104.64,-5.52],[104.618,-5.642],[104.684,-5.893],[104.602,-5.905],[104.067,-5.386],[103.831,-5.08],[103.592,-4.927],[103.765,-4.805],[103.855,-4.854],[103.889,-4.934],[104.081,-4.947],[104.21,-4.893],[104.298,-4.892],[104.337,-4.814],[104.265,-4.708],[104.309,-4.628],[104.293,-4.495],[104.309,-4.44],[104.527,-4.32],[104.674,-4.297],[105.009,-4.169],[105.111,-4.06],[105.129,-3.956],[105.266,-3.886],[105.31,-3.756],[105.513,-3.868],[105.709,-4.15],[105.831,-4.163],[105.887,-4.554]]]}},{"type":"Feature","properties":{"name":"Sumatera Selatan","admin":"Indonesia","iso_a2":"ID","postal":"SL"},"geometry":{"type":"Polygon","coordinates":[[[104.516,-1.819],[104.569,-1.922],[104.791,-2.041],[104.845,-2.093],[104.826,-2.234],[104.647,-2.43],[104.631,-2.543],[104.651,-2.595],[104.698,-2.598],[104.878,-2.419],[104.971,-2.371],[105.287,-2.356],[105.397,-2.38],[105.582,-2.492],[105.899,-2.888],[106.044,-3.106],[106.058,-3.217],[105.901,-3.41],[105.844,-3.614],[105.852,-3.731],[105.93,-3.833],[105.831,-4.163],[105.709,-4.15],[105.513,-3.868],[105.31,-3.756],[105.266,-3.886],[105.129,-3.956],[105.111,-4.06],[105.009,-4.169],[104.674,-4.297],[104.527,-4.32],[104.309,-4.44],[104.293,-4.495],[104.309,-4.628],[104.265,-4.708],[104.337,-4.814],[104.298,-4.892],[104.21,-4.893],[104.081,-4.947],[103.889,-4.934],[103.855,-4.854],[103.723,-4.757],[103.694,-4.639],[103.622,-4.505],[103.616,-4.418],[103.186,-4.243],[103.142,-4.047],[103.107,-4.02],[102.981,-4.035],[102.908,-3.991],[102.845,-4.0],[102.768,-3.961],[102.63,-3.814],[102.702,-3.791],[102.897,-3.631],[102.993,-3.584],[103.017,-3.485],[102.975,-3.396],[102.87,-3.376],[102.766,-3.279],[102.631,-3.373],[102.563,-3.344],[102.462,-3.25],[102.489,-3.151],[102.431,-3.088],[102.241,-3.059],[102.224,-2.954],[102.067,-2.782],[102.233,-2.684],[102.26,-2.64],[102.487,-2.73],[102.596,-2.71],[102.619,-2.672],[102.792,-2.568],[102.864,-2.462],[102.862,-2.354],[103.123,-2.398],[103.205,-2.361],[103.17,-2.286],[103.216,-2.186],[103.272,-2.209],[103.304,-2.285],[103.419,-2.394],[103.463,-2.352],[103.46,-2.238],[103.524,-2.225],[103.535,-1.968],[103.886,-1.795],[104.126,-1.831],[104.322,-1.804],[104.376,-1.714],[104.428,-1.694],[104.518,-1.729],[104.516,-1.819]]]}},{"type":"Feature","properties":{"name":"Bangka-Belitung","admin":"Indonesia","iso_a2":"ID","postal":"BB"},"geometry":{"type":"MultiPolygon","coordinates":[[[[107.402,-2.873],[107.419,-2.838],[107.5,-2.845],[107.433,-2.925],[107.402,-2.873]]],[[[106.911,-2.934],[106.87,-3.025],[106.814,-3.014],[106.749,-2.96],[106.743,-2.933],[106.797,-2.899],[106.911,-2.934]]],[[[108.291,-2.83],[108.207,-2.998],[108.167,-3.143],[108.055,-3.227],[107.977,-3.222],[107.941,-3.129],[107.858,-3.086],[107.822,-3.161],[107.614,-3.209],[107.637,-3.125],[107.595,-3.058],[107.584,-2.941],[107.563,-2.92],[107.605,-2.863],[107.598,-2.8],[107.642,-2.732],[107.666,-2.566],[107.838,-2.53],[107.875,-2.56],[108.074,-2.597],[108.215,-2.697],[108.291,-2.83]]],[[[106.818,-2.573],[106.707,-2.658],[106.612,-2.896],[106.667,-3.072],[106.547,-3.056],[106.25,-2.894],[105.999,-2.825],[105.937,-2.744],[105.908,-2.643],[105.939,-2.493],[105.862,-2.415],[105.807,-2.307],[105.786,-2.181],[105.553,-2.079],[105.343,-2.125],[105.293,-2.114],[105.133,-2.043],[105.138,-1.973],[105.191,-1.917],[105.375,-1.813],[105.373,-1.657],[105.46,-1.575],[105.585,-1.527],[105.701,-1.731],[105.754,-1.659],[105.72,-1.534],[105.91,-1.505],[105.981,-1.539],[106.027,-1.593],[106.046,-1.669],[106.162,-1.867],[106.209,-2.189],[106.366,-2.465],[106.818,-2.573]]]]}},{"type":"Feature","properties":{"name":"Bali","admin":"Indonesia","iso_a2":"ID","postal":"BA"},"geometry":{"type":"MultiPolygon","coordinates":[[[[115.561,-8.67],[115.613,-8.713],[115.61,-8.77],[115.582,-8.804],[115.48,-8.715],[115.561,-8.67]]],[[[115.691,-8.364],[115.704,-8.407],[115.56,-8.514],[115.334,-8.616],[115.22,-8.82],[115.145,-8.849],[115.092,-8.829],[115.14,-8.769],[115.142,-8.697],[115.055,-8.573],[114.842,-8.429],[114.613,-8.378],[114.502,-8.261],[114.468,-8.166],[114.475,-8.119],[114.504,-8.117],[114.938,-8.187],[114.998,-8.174],[115.154,-8.066],[115.34,-8.115],[115.549,-8.208],[115.691,-8.364]]]]}},{"type":"Feature","properties":{"name":"Jawa Timur","admin":"Indonesia","iso_a2":"ID","postal":"JI"},"geometry":{"type":"MultiPolygon","coordinates":[[[[112.649,-5.731],[112.69,-5.726],[112.727,-5.753],[112.698,-5.846],[112.602,-5.844],[112.586,-5.804],[112.649,-5.731]]],[[[113.975,-6.873],[114.083,-6.989],[113.885,-7.049],[113.826,-7.12],[113.656,-7.112],[113.546,-7.193],[113.471,-7.218],[113.142,-7.208],[113.127,-7.224],[112.764,-7.14],[112.726,-7.073],[112.868,-6.9],[113.067,-6.88],[113.975,-6.873]]],[[[114.384,-7.081],[114.413,-7.133],[114.398,-7.173],[114.347,-7.163],[114.299,-7.098],[114.384,-7.081]]],[[[111.738,-6.773],[111.99,-6.806],[112.087,-6.893],[112.137,-6.905],[112.312,-6.894],[112.539,-6.926],[112.649,-7.221],[112.794,-7.304],[112.795,-7.552],[113.014,-7.658],[113.248,-7.718],[113.498,-7.724],[113.747,-7.703],[114.071,-7.633],[114.383,-7.771],[114.444,-7.896],[114.443,-8.005],[114.385,-8.263],[114.387,-8.405],[114.482,-8.604],[114.595,-8.685],[114.584,-8.77],[114.383,-8.705],[114.339,-8.647],[114.277,-8.615],[114.16,-8.626],[113.94,-8.568],[113.253,-8.287],[113.019,-8.313],[112.679,-8.409],[112.115,-8.324],[111.51,-8.305],[111.339,-8.262],[110.945,-8.221],[110.965,-8.117],[111.228,-7.938],[111.308,-7.838],[111.265,-7.732],[111.191,-7.707],[111.217,-7.613],[111.185,-7.529],[111.197,-7.309],[111.22,-7.251],[111.444,-7.311],[111.46,-7.274],[111.608,-7.154],[111.598,-6.961],[111.629,-6.8],[111.676,-6.73],[111.738,-6.773]]]]}},{"type":"Feature","properties":{"name":"Kalimantan Selatan","admin":"Indonesia","iso_a2":"ID","postal":"KS"},"geometry":{"type":"MultiPolygon","coordinates":[[[[116.395,-3.423],[116.427,-3.4],[116.388,-3.637],[116.327,-3.539],[116.395,-3.423]]],[[[116.319,-3.763],[116.289,-3.821],[116.303,-3.868],[116.093,-4.054],[116.059,-4.007],[116.077,-3.817],[116.018,-3.7],[116.022,-3.612],[116.117,-3.34],[116.27,-3.251],[116.319,-3.763]]],[[[116.529,-2.511],[116.45,-2.538],[116.353,-2.522],[116.317,-2.552],[116.307,-2.603],[116.375,-2.578],[116.331,-2.902],[116.289,-2.959],[116.226,-2.977],[116.166,-2.935],[116.154,-2.984],[116.257,-3.126],[116.167,-3.183],[116.058,-3.348],[115.956,-3.595],[114.694,-4.17],[114.653,-4.152],[114.625,-4.112],[114.606,-3.703],[114.536,-3.494],[114.526,-3.377],[114.446,-3.482],[114.316,-3.42],[114.504,-2.881],[114.631,-2.822],[114.675,-2.759],[114.785,-2.689],[114.822,-2.562],[114.908,-2.419],[114.879,-2.326],[114.905,-2.263],[115.131,-2.208],[115.33,-2.037],[115.308,-1.992],[115.358,-1.904],[115.338,-1.765],[115.427,-1.434],[115.68,-1.361],[115.678,-1.426],[115.607,-1.467],[115.741,-1.784],[115.749,-2.001],[115.829,-2.047],[115.814,-2.184],[115.874,-2.351],[115.994,-2.271],[116.39,-2.314],[116.557,-2.359],[116.529,-2.511]]]]}},{"type":"Feature","properties":{"name":"Nusa Tenggara Timur","admin":"Indonesia","iso_a2":"ID","postal":"NT"},"geometry":{"type":"MultiPolygon","coordinates":[[[[123.089,-8.44],[123.153,-8.476],[123.03,-8.495],[122.946,-8.604],[122.888,-8.587],[122.933,-8.497],[123.011,-8.448],[123.089,-8.44]]],[[[123.336,-8.269],[123.297,-8.399],[123.025,-8.396],[123.033,-8.338],[123.133,-8.254],[123.217,-8.235],[123.336,-8.269]]],[[[119.547,-8.483],[119.555,-8.553],[119.444,-8.672],[119.464,-8.741],[119.425,-8.75],[119.386,-8.736],[119.402,-8.647],[119.379,-8.587],[119.42,-8.539],[119.446,-8.429],[119.547,-8.483]]],[[[125.05,-8.18],[125.125,-8.205],[125.132,-8.326],[125.097,-8.353],[124.444,-8.445],[124.356,-8.386],[124.426,-8.296],[124.394,-8.253],[124.431,-8.183],[124.509,-8.135],[124.576,-8.141],[124.6,-8.202],[124.752,-8.16],[125.05,-8.18]]],[[[124.304,-8.229],[124.287,-8.329],[124.147,-8.531],[124.066,-8.552],[124.017,-8.444],[123.928,-8.449],[123.971,-8.354],[124.014,-8.319],[124.069,-8.318],[124.111,-8.364],[124.24,-8.203],[124.304,-8.229]]],[[[123.371,-10.475],[123.418,-10.651],[123.311,-10.698],[123.215,-10.806],[122.949,-10.909],[122.826,-10.899],[122.818,-10.811],[122.846,-10.762],[123.061,-10.698],[123.265,-10.518],[123.371,-10.475]]],[[[121.867,-10.439],[121.998,-10.447],[121.981,-10.528],[121.883,-10.59],[121.833,-10.602],[121.705,-10.556],[121.867,-10.439]]],[[[123.459,-10.14],[123.497,-10.194],[123.405,-10.227],[123.416,-10.303],[123.326,-10.337],[123.326,-10.264],[123.395,-10.171],[123.459,-10.14]]],[[[120.784,-9.957],[120.833,-10.037],[120.804,-10.108],[120.698,-10.207],[120.562,-10.236],[120.439,-10.294],[120.395,-10.263],[120.145,-10.2],[120.052,-10.123],[119.931,-9.967],[119.813,-9.917],[119.601,-9.774],[119.363,-9.772],[119.085,-9.707],[119.008,-9.621],[118.959,-9.519],[119.031,-9.44],[119.186,-9.384],[119.615,-9.352],[119.795,-9.38],[119.942,-9.301],[120.058,-9.42],[120.221,-9.506],[120.291,-9.648],[120.444,-9.646],[120.504,-9.674],[120.7,-9.903],[120.784,-9.957]]],[[[123.006,-8.329],[122.811,-8.481],[122.847,-8.562],[122.82,-8.596],[122.47,-8.725],[122.094,-8.745],[121.839,-8.86],[121.651,-8.899],[121.585,-8.821],[121.415,-8.815],[121.328,-8.917],[121.191,-8.896],[121.035,-8.935],[120.781,-8.849],[120.55,-8.802],[120.32,-8.82],[120.121,-8.777],[119.909,-8.858],[119.808,-8.698],[119.818,-8.571],[119.875,-8.42],[119.918,-8.445],[119.964,-8.436],[120.231,-8.29],[120.354,-8.258],[120.486,-8.266],[120.61,-8.24],[120.751,-8.321],[120.886,-8.327],[121.009,-8.366],[121.277,-8.478],[121.445,-8.578],[121.548,-8.575],[121.61,-8.526],[121.863,-8.494],[121.967,-8.455],[122.263,-8.625],[122.323,-8.628],[122.433,-8.601],[122.556,-8.432],[122.85,-8.304],[122.919,-8.222],[122.759,-8.186],[122.792,-8.127],[122.846,-8.093],[122.917,-8.106],[122.978,-8.152],[123.006,-8.329]]],[[[124.116,-9.423],[124.319,-9.414],[124.413,-9.314],[124.444,-9.19],[124.575,-9.155],[124.922,-8.943],[124.915,-9.032],[124.937,-9.053],[124.973,-9.064],[125.1,-9.004],[125.149,-9.043],[125.149,-9.123],[125.101,-9.19],[124.978,-9.195],[124.96,-9.214],[124.968,-9.294],[125.034,-9.382],[125.068,-9.512],[124.998,-9.565],[124.963,-9.666],[124.842,-9.76],[124.708,-9.914],[124.428,-10.149],[124.176,-10.183],[123.858,-10.344],[123.747,-10.347],[123.644,-10.311],[123.605,-10.27],[123.614,-10.215],[123.716,-10.079],[123.599,-10.015],[123.589,-9.967],[123.709,-9.615],[123.877,-9.453],[124.036,-9.342],[124.116,-9.423]]]]}},{"type":"Feature","properties":{"name":"Sulawesi Selatan","admin":"Indonesia","iso_a2":"ID","postal":"SE"},"geometry":{"type":"MultiPolygon","coordinates":[[[[120.782,-7.063],[120.774,-7.119],[120.641,-7.116],[120.633,-7.018],[120.782,-7.063]]],[[[120.549,-5.969],[120.528,-6.298],[120.487,-6.465],[120.436,-6.18],[120.446,-5.876],[120.477,-5.775],[120.549,-5.969]]],[[[121.052,-2.752],[120.99,-2.67],[120.765,-2.642],[120.654,-2.668],[120.544,-2.733],[120.261,-2.949],[120.254,-3.053],[120.392,-3.348],[120.437,-3.707],[120.383,-3.852],[120.363,-4.086],[120.42,-4.617],[120.405,-4.727],[120.31,-4.963],[120.279,-5.146],[120.391,-5.393],[120.43,-5.591],[120.312,-5.542],[119.952,-5.578],[119.818,-5.662],[119.717,-5.693],[119.557,-5.611],[119.376,-5.425],[119.36,-5.314],[119.52,-4.877],[119.516,-4.742],[119.594,-4.523],[119.624,-4.034],[119.48,-3.73],[119.495,-3.554],[119.467,-3.513],[119.453,-3.281],[119.412,-3.215],[119.639,-3.121],[119.543,-2.907],[119.56,-2.746],[119.661,-2.758],[119.786,-2.695],[119.739,-2.565],[119.707,-2.354],[119.624,-2.294],[119.646,-2.176],[119.825,-2.046],[119.873,-1.955],[120.048,-1.861],[120.157,-1.86],[120.292,-1.9],[120.448,-1.866],[120.625,-2.104],[120.804,-2.239],[121.35,-2.348],[121.449,-2.388],[121.638,-2.558],[121.742,-2.61],[121.787,-2.67],[121.772,-2.801],[121.598,-2.973],[121.475,-3.02],[121.278,-2.879],[121.164,-2.873],[121.068,-2.918],[121.052,-2.752]]]]}},{"type":"Feature","properties":{"name":"Sulawesi Barat","admin":"Indonesia","iso_a2":"ID","postal":"SR"},"geometry":{"type":"Polygon","coordinates":[[[119.362,-3.459],[118.995,-3.538],[118.922,-3.483],[118.868,-3.398],[118.833,-3.28],[118.813,-3.157],[118.858,-2.929],[118.783,-2.721],[119.092,-2.483],[119.135,-2.382],[119.138,-2.258],[119.172,-2.14],[119.322,-1.93],[119.348,-1.825],[119.308,-1.66],[119.324,-1.584],[119.309,-1.408],[119.508,-0.907],[119.566,-0.835],[119.572,-1.052],[119.602,-1.151],[119.527,-1.224],[119.494,-1.329],[119.642,-1.394],[119.693,-1.461],[119.725,-1.613],[119.822,-1.729],[119.846,-1.792],[119.823,-1.872],[119.873,-1.955],[119.825,-2.046],[119.646,-2.176],[119.624,-2.294],[119.707,-2.354],[119.739,-2.565],[119.786,-2.695],[119.661,-2.758],[119.56,-2.746],[119.543,-2.907],[119.639,-3.121],[119.412,-3.215],[119.453,-3.281],[119.467,-3.513],[119.362,-3.459]]]}},{"type":"Feature","properties":{"name":"Kepulauan Riau","admin":"Indonesia","iso_a2":"ID","postal":"KR"},"geometry":{"type":"MultiPolygon","coordinates":[[[[106.201,3.205],[106.224,3.23],[106.271,3.216],[106.284,3.088],[106.215,3.129],[106.201,3.205]]],[[[105.837,2.977],[105.809,2.904],[105.76,2.863],[105.719,2.859],[105.692,3.063],[105.837,2.977]]],[[[108.867,2.992],[108.886,2.999],[108.888,2.905],[108.839,2.853],[108.787,2.886],[108.867,2.992]]],[[[108.394,3.836],[108.316,3.69],[108.18,3.653],[108.1,3.705],[108.236,3.785],[108.243,3.81],[108.088,3.852],[108.045,3.889],[108.002,3.983],[108.004,4.043],[108.248,4.217],[108.256,4.152],[108.393,3.986],[108.394,3.836]]],[[[105.005,-0.283],[104.951,-0.284],[104.914,-0.323],[104.702,-0.209],[104.567,-0.246],[104.447,-0.189],[104.497,-0.126],[104.543,0.018],[104.636,-0.018],[104.653,-0.076],[104.808,-0.192],[104.843,-0.141],[105.005,-0.283]]],[[[104.474,-0.335],[104.59,-0.467],[104.507,-0.597],[104.485,-0.613],[104.414,-0.584],[104.363,-0.659],[104.33,-0.539],[104.257,-0.463],[104.302,-0.386],[104.364,-0.403],[104.474,-0.335]]],[[[104.227,0.88],[104.239,0.834],[104.177,0.805],[104.101,0.917],[104.123,0.944],[104.171,0.897],[104.227,0.88]]],[[[104.66,0.103],[104.698,0.035],[104.604,0.095],[104.499,0.232],[104.544,0.223],[104.66,0.103]]],[[[103.807,0.846],[103.834,0.772],[103.742,0.83],[103.752,0.891],[103.807,0.846]]],[[[104.088,1.137],[104.14,1.166],[104.127,1.092],[104.066,0.99],[103.964,1.013],[103.932,1.071],[103.955,1.137],[104.0,1.137],[104.025,1.181],[104.088,1.137]]],[[[103.424,1.048],[103.43,0.993],[103.363,1.007],[103.315,1.071],[103.38,1.134],[103.424,1.048]]],[[[103.497,0.723],[103.43,0.651],[103.344,0.778],[103.386,0.87],[103.497,0.723]]]]}},{"type":"Feature","properties":{"name":"Gorontalo","admin":"Indonesia","iso_a2":"ID","postal":"GO"},"geometry":{"type":"Polygon","coordinates":[[[122.437,1.018],[122.657,0.941],[122.838,0.846],[122.892,0.85],[122.96,0.923],[123.075,0.941],[123.205,0.837],[123.247,0.733],[123.325,0.664],[123.439,0.611],[123.481,0.557],[123.5,0.43],[123.457,0.306],[123.265,0.327],[123.083,0.486],[122.997,0.494],[122.281,0.481],[121.842,0.437],[121.516,0.498],[121.333,0.483],[121.334,0.576],[121.257,0.587],[121.16,0.686],[121.235,0.725],[121.303,0.826],[121.378,0.861],[121.508,0.847],[121.84,0.97],[121.993,0.935],[122.046,0.944],[122.197,1.028],[122.437,1.018]]]}},{"type":"Feature","properties":{"name":"Jambi","admin":"Indonesia","iso_a2":"ID","postal":"JA"},"geometry":{"type":"Polygon","coordinates":[[[103.721,-0.887],[103.94,-0.979],[104.199,-1.054],[104.361,-1.038],[104.426,-1.251],[104.518,-1.729],[104.428,-1.694],[104.376,-1.714],[104.322,-1.804],[104.126,-1.831],[103.886,-1.795],[103.535,-1.968],[103.524,-2.225],[103.46,-2.238],[103.463,-2.352],[103.419,-2.394],[103.304,-2.285],[103.272,-2.209],[103.216,-2.186],[103.17,-2.286],[103.205,-2.361],[103.123,-2.398],[102.862,-2.354],[102.864,-2.462],[102.792,-2.568],[102.619,-2.672],[102.596,-2.71],[102.487,-2.73],[102.26,-2.64],[102.233,-2.684],[102.067,-2.782],[101.963,-2.735],[101.9,-2.74],[101.737,-2.636],[101.564,-2.45],[101.517,-2.305],[101.436,-2.236],[101.336,-2.297],[101.26,-2.081],[101.142,-1.92],[101.114,-1.705],[101.226,-1.728],[101.476,-1.702],[101.675,-1.5],[101.678,-1.289],[101.794,-1.239],[101.841,-1.166],[101.783,-1.132],[101.77,-1.038],[101.882,-1.0],[101.935,-0.927],[102.013,-0.88],[102.189,-0.856],[102.261,-0.88],[102.356,-1.01],[102.452,-1.068],[102.541,-1.085],[102.682,-0.904],[102.804,-0.793],[102.917,-0.763],[103.1,-0.772],[103.525,-0.739],[103.721,-0.887]]]}},{"type":"Feature","properties":{"name":"Kalimantan Tengah","admin":"Indonesia","iso_a2":"ID","postal":"KT"},"geometry":{"type":"Polygon","coordinates":[[[114.302,-3.365],[114.344,-3.235],[114.236,-3.361],[114.178,-3.354],[114.082,-3.279],[113.959,-3.394],[113.796,-3.456],[113.705,-3.455],[113.634,-3.42],[113.61,-3.196],[113.526,-3.184],[113.343,-3.246],[113.034,-2.933],[112.971,-3.187],[112.758,-3.322],[112.6,-3.4],[112.285,-3.321],[112.127,-3.381],[111.955,-3.53],[111.858,-3.552],[111.822,-3.533],[111.823,-3.057],[111.76,-2.939],[111.695,-2.889],[111.625,-2.975],[111.495,-2.973],[111.368,-2.934],[111.259,-2.956],[111.044,-3.056],[110.93,-3.071],[110.869,-3.049],[110.83,-2.995],[110.852,-2.946],[111.067,-2.765],[111.138,-2.733],[111.138,-2.405],[111.012,-2.127],[110.995,-1.985],[111.025,-1.867],[111.017,-1.66],[110.92,-1.613],[111.012,-1.526],[111.134,-1.53],[111.242,-1.421],[111.327,-1.373],[111.416,-1.269],[111.577,-1.187],[111.587,-1.102],[111.651,-1.015],[111.969,-0.823],[112.059,-0.796],[112.119,-0.735],[112.38,-0.755],[112.497,-0.702],[112.578,-0.704],[113.004,-0.519],[113.084,-0.518],[113.161,-0.47],[113.256,-0.551],[113.301,-0.423],[113.249,-0.361],[113.326,-0.252],[113.429,-0.19],[113.479,-0.048],[113.453,0.066],[113.325,0.245],[113.416,0.275],[113.532,0.261],[113.623,0.311],[113.647,0.41],[113.776,0.559],[113.97,0.604],[114.036,0.647],[114.184,0.65],[114.378,0.589],[114.663,0.621],[114.735,0.673],[114.976,0.735],[115.057,0.637],[115.076,0.533],[114.968,0.364],[114.953,0.284],[115.018,0.058],[114.967,-0.098],[115.003,-0.178],[115.086,-0.118],[115.187,0.005],[115.275,0.031],[115.347,0.002],[115.277,-0.22],[115.274,-0.311],[115.33,-0.511],[115.381,-0.582],[115.415,-0.774],[115.46,-0.886],[115.518,-0.938],[115.629,-0.978],[115.74,-1.104],[115.805,-1.085],[115.802,-1.294],[115.72,-1.426],[115.678,-1.426],[115.68,-1.361],[115.427,-1.434],[115.338,-1.765],[115.358,-1.904],[115.308,-1.992],[115.33,-2.037],[115.131,-2.208],[114.905,-2.263],[114.879,-2.326],[114.908,-2.419],[114.822,-2.562],[114.785,-2.689],[114.675,-2.759],[114.631,-2.822],[114.504,-2.881],[114.316,-3.42],[114.302,-3.365]]]}},{"type":"Feature","properties":{"name":"Papua Barat","admin":"Indonesia","iso_a2":"ID","postal":"IB"},"geometry":{"type":"MultiPolygon","coordinates":[[[[130.684,-0.469],[130.627,-0.529],[130.569,-0.53],[130.465,-0.487],[130.616,-0.417],[130.684,-0.469]]],[[[131.34,-0.29],[131.258,-0.366],[131.218,-0.374],[131.098,-0.33],[131.005,-0.361],[130.946,-0.338],[130.897,-0.268],[130.808,-0.226],[130.683,-0.081],[130.622,-0.086],[130.638,-0.143],[130.691,-0.181],[130.761,-0.291],[130.843,-0.298],[130.899,-0.344],[130.896,-0.416],[130.75,-0.444],[130.7,-0.392],[130.689,-0.297],[130.551,-0.366],[130.496,-0.267],[130.341,-0.262],[130.237,-0.21],[130.288,-0.155],[130.295,-0.101],[130.363,-0.073],[130.431,-0.098],[130.5,-0.06],[130.548,-0.07],[130.584,-0.045],[130.813,-0.004],[131.026,-0.04],[131.277,-0.15],[131.34,-0.29]]],[[[131.074,-0.968],[131.046,-1.188],[131.002,-1.316],[130.967,-1.343],[130.845,-1.317],[130.739,-1.173],[130.673,-0.96],[130.897,-0.89],[130.939,-0.915],[131.033,-0.918],[131.074,-0.968]]],[[[130.905,-0.777],[130.832,-0.863],[130.402,-0.924],[130.484,-0.833],[130.813,-0.814],[130.807,-0.765],[130.905,-0.777]]],[[[133.571,-4.246],[133.622,-4.299],[133.333,-4.17],[133.321,-4.111],[133.571,-4.246]]],[[[130.404,-1.89],[130.381,-1.903],[130.419,-1.971],[130.339,-1.982],[130.248,-2.048],[130.133,-2.064],[130.093,-2.028],[129.887,-1.986],[129.738,-1.867],[129.994,-1.759],[130.2,-1.732],[130.318,-1.692],[130.353,-1.691],[130.365,-1.75],[130.425,-1.805],[130.404,-1.89]]],[[[134.419,-2.052],[134.345,-2.139],[134.335,-2.095],[134.351,-2.037],[134.419,-2.052]]],[[[134.754,-4.195],[134.68,-4.079],[134.707,-3.955],[134.887,-3.938],[134.76,-3.922],[134.547,-3.979],[134.391,-3.91],[134.266,-3.946],[134.147,-3.797],[133.974,-3.818],[133.904,-3.72],[133.723,-3.578],[133.678,-3.479],[133.697,-3.248],[133.842,-3.055],[133.767,-3.044],[133.672,-3.132],[133.653,-3.364],[133.599,-3.416],[133.518,-3.412],[133.542,-3.516],[133.509,-3.616],[133.415,-3.732],[133.422,-3.843],[133.401,-3.899],[133.249,-4.062],[132.969,-4.095],[132.914,-4.057],[132.837,-3.949],[132.754,-3.704],[132.87,-3.551],[132.83,-3.413],[132.751,-3.295],[132.348,-2.975],[132.054,-2.915],[131.971,-2.789],[132.231,-2.68],[132.575,-2.727],[132.725,-2.789],[132.897,-2.658],[133.034,-2.487],[133.191,-2.438],[133.411,-2.514],[133.609,-2.547],[133.7,-2.625],[133.753,-2.451],[133.905,-2.391],[133.899,-2.304],[133.791,-2.294],[133.902,-2.184],[133.922,-2.102],[133.71,-2.189],[133.488,-2.226],[133.225,-2.214],[132.963,-2.273],[132.503,-2.218],[132.308,-2.242],[132.207,-2.176],[132.023,-1.99],[131.936,-1.715],[131.93,-1.56],[131.731,-1.541],[131.294,-1.393],[131.241,-1.43],[131.118,-1.455],[130.996,-1.425],[131.046,-1.284],[131.152,-1.219],[131.191,-1.166],[131.254,-1.007],[131.257,-0.855],[131.462,-0.782],[131.804,-0.704],[131.891,-0.657],[132.128,-0.454],[132.394,-0.355],[132.508,-0.347],[132.856,-0.417],[133.473,-0.726],[133.975,-0.744],[134.112,-0.847],[134.072,-1.002],[134.26,-1.363],[134.217,-1.529],[134.145,-1.621],[134.106,-1.721],[134.156,-2.195],[134.46,-2.832],[134.491,-2.714],[134.483,-2.583],[134.567,-2.51],[134.627,-2.537],[134.679,-2.836],[134.445,-3.024],[134.451,-3.078],[134.332,-3.19],[134.255,-3.308],[134.258,-3.399],[135.265,-3.76],[134.869,-4.262],[134.754,-4.195]]]]}},{"type":"Feature","properties":{"name":"Sumatera Utara","admin":"Indonesia","iso_a2":"ID","postal":"SU"},"geometry":{"type":"MultiPolygon","coordinates":[[[[97.932,0.974],[97.902,0.884],[97.876,0.628],[97.82,0.564],[97.684,0.596],[97.604,0.834],[97.461,0.941],[97.405,0.947],[97.297,1.187],[97.079,1.425],[97.244,1.424],[97.324,1.482],[97.356,1.54],[97.482,1.465],[97.698,1.184],[97.786,1.146],[97.932,0.974]]],[[[98.544,-0.258],[98.459,-0.53],[98.4,-0.577],[98.31,-0.532],[98.427,-0.226],[98.323,-0.001],[98.375,0.007],[98.415,-0.018],[98.544,-0.258]]],[[[99.112,0.459],[99.06,0.686],[98.796,1.495],[98.703,1.702],[98.564,1.902],[98.087,2.195],[98.128,2.327],[98.063,2.444],[98.025,2.576],[98.069,2.677],[98.057,2.812],[97.923,2.909],[97.896,3.083],[97.936,3.141],[97.864,3.257],[97.99,3.33],[97.907,3.433],[97.914,3.484],[97.844,3.58],[97.784,3.745],[97.893,3.848],[97.89,3.915],[98.001,3.98],[98.063,4.24],[98.188,4.295],[98.265,4.288],[98.241,4.195],[98.307,4.093],[98.659,3.928],[98.706,3.835],[98.778,3.759],[99.151,3.581],[99.732,3.183],[99.907,2.988],[100.127,2.648],[100.3,2.474],[100.279,2.355],[100.313,2.177],[100.304,1.881],[100.376,1.814],[100.441,1.599],[100.35,1.525],[100.105,1.415],[100.071,1.359],[100.13,1.3],[100.148,1.225],[100.225,1.146],[100.21,0.866],[100.173,0.758],[99.826,0.868],[99.71,0.849],[99.794,0.78],[99.915,0.569],[99.908,0.504],[99.814,0.468],[99.685,0.501],[99.584,0.563],[99.342,0.474],[99.199,0.308],[99.112,0.459]]]]}},{"type":"Feature","properties":{"name":"Riau","admin":"Indonesia","iso_a2":"ID","postal":"RI"},"geometry":{"type":"MultiPolygon","coordinates":[[[[103.166,0.87],[103.137,0.842],[103.087,0.848],[102.886,0.997],[102.702,1.054],[102.726,1.159],[102.79,1.165],[103.068,1.015],[103.166,0.87]]],[[[103.295,0.614],[103.284,0.542],[103.14,0.549],[103.153,0.643],[103.187,0.7],[103.238,0.699],[103.295,0.614]]],[[[102.499,1.331],[102.274,1.453],[102.079,1.499],[102.021,1.558],[102.024,1.608],[102.042,1.625],[102.47,1.51],[102.499,1.331]]],[[[103.002,0.859],[103.028,0.747],[103.009,0.708],[102.971,0.737],[102.542,0.832],[102.454,0.89],[102.507,1.089],[102.549,1.13],[102.78,0.959],[103.002,0.859]]],[[[101.708,2.078],[101.762,1.997],[101.774,1.943],[101.734,1.883],[101.719,1.789],[101.603,1.716],[101.501,1.733],[101.468,1.759],[101.403,1.901],[101.41,2.022],[101.45,2.068],[101.545,2.061],[101.641,2.127],[101.708,2.078]]],[[[102.359,1.346],[102.443,1.234],[102.427,0.99],[102.381,0.96],[102.325,1.007],[102.255,1.147],[102.229,1.348],[102.256,1.397],[102.359,1.346]]],[[[103.724,-0.277],[103.764,-0.318],[103.737,-0.348],[103.606,-0.383],[103.461,-0.358],[103.479,-0.297],[103.549,-0.228],[103.724,-0.277]]],[[[103.1,-0.772],[102.917,-0.763],[102.804,-0.793],[102.682,-0.904],[102.541,-1.085],[102.452,-1.068],[102.356,-1.01],[102.261,-0.88],[102.189,-0.856],[102.013,-0.88],[101.935,-0.927],[101.882,-1.0],[101.77,-1.038],[101.674,-0.967],[101.525,-0.932],[101.236,-0.703],[101.0,-0.401],[100.856,-0.322],[100.79,-0.206],[100.749,-0.064],[100.846,-0.03],[100.847,0.186],[100.51,0.444],[100.369,0.411],[100.265,0.45],[100.163,0.648],[100.207,0.711],[100.173,0.758],[100.21,0.866],[100.225,1.146],[100.148,1.225],[100.13,1.3],[100.071,1.359],[100.105,1.415],[100.35,1.525],[100.441,1.599],[100.376,1.814],[100.304,1.881],[100.313,2.177],[100.279,2.355],[100.3,2.474],[100.524,2.189],[100.604,2.137],[100.685,2.12],[100.888,1.948],[100.877,2.051],[100.817,2.14],[100.828,2.243],[100.877,2.283],[100.936,2.295],[101.046,2.257],[101.301,2.012],[101.405,1.757],[101.477,1.693],[101.684,1.661],[101.785,1.621],[102.02,1.442],[102.157,1.259],[102.239,0.99],[102.39,0.842],[102.469,0.779],[102.566,0.749],[102.849,0.715],[102.949,0.664],[103.032,0.579],[103.067,0.492],[103.008,0.415],[102.786,0.298],[102.55,0.216],[102.896,0.279],[103.339,0.514],[103.479,0.48],[103.579,0.387],[103.743,0.174],[103.787,0.047],[103.429,-0.192],[103.412,-0.24],[103.444,-0.272],[103.405,-0.362],[103.495,-0.418],[103.509,-0.466],[103.431,-0.534],[103.439,-0.576],[103.525,-0.739],[103.1,-0.772]]]]}},{"type":"Feature","properties":{"name":"Sulawesi Utara","admin":"Indonesia","iso_a2":"ID","postal":"SW"},"geometry":{"type":"MultiPolygon","coordinates":[[[[125.658,3.436],[125.633,3.405],[125.512,3.461],[125.518,3.55],[125.455,3.684],[125.469,3.733],[125.543,3.67],[125.658,3.436]]],[[[125.446,2.763],[125.404,2.707],[125.397,2.63],[125.36,2.747],[125.391,2.805],[125.446,2.763]]],[[[126.74,3.918],[126.722,3.833],[126.661,3.928],[126.638,4.042],[126.74,3.918]]],[[[126.779,3.843],[126.804,3.858],[126.858,3.787],[126.836,3.757],[126.8,3.784],[126.779,3.843]]],[[[126.921,4.291],[126.848,4.18],[126.817,4.033],[126.776,4.013],[126.711,4.02],[126.704,4.071],[126.814,4.258],[126.722,4.344],[126.757,4.548],[126.813,4.537],[126.865,4.48],[126.921,4.291]]],[[[123.847,0.838],[123.931,0.85],[124.274,1.022],[124.411,1.185],[124.534,1.23],[124.6,1.392],[124.788,1.468],[124.861,1.576],[124.989,1.701],[125.111,1.686],[125.165,1.644],[125.234,1.502],[125.117,1.379],[124.967,1.083],[124.698,0.826],[124.514,0.557],[124.428,0.471],[124.217,0.38],[123.754,0.306],[123.457,0.306],[123.5,0.43],[123.481,0.557],[123.439,0.611],[123.325,0.664],[123.247,0.733],[123.205,0.837],[123.075,0.941],[123.847,0.838]]]]}},{"type":"Feature","properties":{"name":"Maluku Utara","admin":"Indonesia","iso_a2":"ID","postal":"LA"},"geometry":{"type":"MultiPolygon","coordinates":[[[[127.88,-0.809],[127.761,-0.884],[127.668,-0.832],[127.624,-0.766],[127.463,-0.806],[127.438,-0.739],[127.469,-0.643],[127.381,-0.6],[127.3,-0.5],[127.325,-0.336],[127.371,-0.332],[127.455,-0.406],[127.527,-0.307],[127.567,-0.319],[127.682,-0.468],[127.605,-0.61],[127.659,-0.689],[127.804,-0.694],[127.88,-0.809]]],[[[128.149,-1.604],[128.153,-1.661],[128.061,-1.712],[127.914,-1.685],[127.741,-1.691],[127.562,-1.729],[127.458,-1.697],[127.392,-1.645],[127.457,-1.454],[127.592,-1.351],[127.647,-1.332],[127.905,-1.439],[128.149,-1.604]]],[[[127.25,-0.495],[127.119,-0.521],[127.104,-0.414],[127.126,-0.279],[127.19,-0.256],[127.29,-0.284],[127.253,-0.319],[127.281,-0.391],[127.25,-0.495]]],[[[127.301,-0.758],[127.289,-0.802],[127.156,-0.761],[127.209,-0.619],[127.258,-0.623],[127.301,-0.758]]],[[[127.449,0.069],[127.449,-0.037],[127.397,0.017],[127.431,0.143],[127.449,0.069]]],[[[127.374,0.635],[127.383,0.744],[127.443,0.733],[127.446,0.683],[127.42,0.642],[127.374,0.635]]],[[[129.542,-0.139],[129.549,-0.187],[129.506,-0.19],[129.469,-0.131],[129.37,-0.066],[129.309,0.045],[129.542,-0.139]]],[[[128.688,2.474],[128.623,2.224],[128.548,2.097],[128.454,2.052],[128.296,2.035],[128.26,2.083],[128.218,2.297],[128.33,2.469],[128.472,2.571],[128.602,2.598],[128.688,2.474]]],[[[125.198,-1.78],[125.258,-1.771],[125.32,-1.81],[125.314,-1.877],[125.135,-1.889],[125.007,-1.943],[124.834,-1.894],[124.639,-1.978],[124.418,-2.005],[124.33,-1.859],[124.381,-1.687],[124.483,-1.644],[124.664,-1.636],[125.063,-1.741],[125.096,-1.741],[125.146,-1.693],[125.188,-1.713],[125.198,-1.78]]],[[[126.066,-2.366],[126.038,-2.469],[125.978,-2.415],[125.863,-2.077],[125.923,-1.975],[125.963,-1.976],[125.993,-2.012],[125.976,-2.168],[126.066,-2.366]]],[[[126.332,-1.823],[126.288,-1.859],[125.956,-1.917],[125.839,-1.906],[125.479,-1.94],[125.433,-1.938],[125.426,-1.882],[125.387,-1.843],[125.445,-1.809],[125.521,-1.801],[125.72,-1.814],[126.024,-1.79],[126.332,-1.823]]],[[[127.338,0.758],[127.306,0.769],[127.293,0.842],[127.32,0.862],[127.354,0.847],[127.373,0.791],[127.338,0.758]]],[[[127.685,0.149],[127.709,0.288],[127.616,0.383],[127.555,0.49],[127.537,0.611],[127.542,0.681],[127.608,0.848],[127.52,0.924],[127.429,1.14],[127.42,1.252],[127.537,1.467],[127.535,1.572],[127.632,1.844],[127.9,2.137],[128.036,2.199],[128.031,2.12],[127.907,1.946],[127.887,1.833],[128.011,1.701],[128.012,1.332],[127.885,1.163],[127.653,1.014],[127.634,0.936],[127.733,0.848],[127.881,0.832],[127.919,0.877],[127.967,1.043],[128.055,1.116],[128.161,1.158],[128.157,1.317],[128.222,1.401],[128.424,1.518],[128.539,1.559],[128.688,1.573],[128.705,1.528],[128.688,1.464],[128.717,1.367],[128.703,1.106],[128.515,0.979],[128.299,0.877],[128.257,0.805],[128.261,0.734],[128.398,0.639],[128.611,0.55],[128.655,0.508],[128.692,0.36],[128.815,0.305],[128.9,0.216],[128.54,0.338],[128.446,0.392],[128.221,0.414],[128.106,0.461],[127.983,0.472],[127.924,0.438],[127.887,0.298],[127.915,0.206],[127.889,0.05],[127.978,-0.248],[128.089,-0.485],[128.254,-0.732],[128.425,-0.893],[128.278,-0.87],[128.233,-0.788],[128.046,-0.706],[127.889,-0.424],[127.692,-0.242],[127.685,0.149]]]]}},{"type":"Feature","properties":{"name":"Sumatera Barat","admin":"Indonesia","iso_a2":"ID","postal":"SB"},"geometry":{"type":"MultiPolygon","coordinates":[[[[100.425,-3.183],[100.465,-3.329],[100.346,-3.229],[100.332,-3.113],[100.204,-2.987],[100.179,-2.82],[100.199,-2.786],[100.246,-2.783],[100.455,-3.002],[100.464,-3.117],[100.425,-3.183]]],[[[99.267,-1.628],[99.271,-1.738],[99.072,-1.783],[98.874,-1.664],[98.828,-1.61],[98.816,-1.538],[98.627,-1.261],[98.602,-1.198],[98.676,-0.971],[98.869,-0.916],[98.933,-0.954],[98.955,-1.056],[99.129,-1.384],[99.131,-1.442],[99.267,-1.628]]],[[[100.202,-2.68],[100.204,-2.741],[100.133,-2.821],[100.015,-2.82],[99.992,-2.77],[99.997,-2.649],[99.969,-2.594],[100.012,-2.51],[100.202,-2.68]]],[[[99.816,-2.284],[99.848,-2.37],[99.607,-2.258],[99.537,-2.162],[99.572,-2.026],[99.622,-2.017],[99.686,-2.063],[99.735,-2.178],[99.816,-2.284]]],[[[100.944,-2.345],[100.848,-2.144],[100.855,-1.934],[100.487,-1.299],[100.394,-1.101],[100.308,-0.827],[99.86,-0.314],[99.67,0.045],[99.598,0.102],[99.335,0.209],[99.199,0.308],[99.342,0.474],[99.584,0.563],[99.685,0.501],[99.814,0.468],[99.908,0.504],[99.915,0.569],[99.794,0.78],[99.71,0.849],[99.826,0.868],[100.173,0.758],[100.207,0.711],[100.163,0.648],[100.265,0.45],[100.369,0.411],[100.51,0.444],[100.847,0.186],[100.846,-0.03],[100.749,-0.064],[100.79,-0.206],[100.856,-0.322],[101.0,-0.401],[101.04,-0.474],[101.331,-0.787],[101.525,-0.932],[101.674,-0.967],[101.77,-1.038],[101.783,-1.132],[101.841,-1.166],[101.794,-1.239],[101.678,-1.289],[101.675,-1.5],[101.476,-1.702],[101.226,-1.728],[101.114,-1.705],[101.142,-1.92],[101.26,-2.081],[101.336,-2.297],[101.171,-2.367],[101.036,-2.473],[100.944,-2.345]]]]}},{"type":"Feature","properties":{"name":"Yogyakarta","admin":"Indonesia","iso_a2":"ID","postal":"YO"},"geometry":{"type":"Polygon","coordinates":[[[110.607,-8.149],[110.039,-7.891],[110.117,-7.762],[110.137,-7.677],[110.301,-7.669],[110.441,-7.569],[110.507,-7.783],[110.579,-7.821],[110.753,-7.833],[110.787,-7.874],[110.799,-8.122],[110.843,-8.204],[110.607,-8.149]]]}},{"type":"Feature","properties":{"name":"Maluku","admin":"Indonesia","iso_a2":"ID","postal":"MA"},"geometry":{"type":"MultiPolygon","coordinates":[[[[127.938,-2.952],[127.988,-2.937],[127.938,-3.02],[127.834,-3.004],[127.938,-2.952]]],[[[127.606,-3.315],[127.629,-3.359],[127.531,-3.331],[127.488,-3.288],[127.554,-3.254],[127.606,-3.315]]],[[[134.852,-6.325],[134.886,-6.324],[134.795,-6.442],[134.795,-6.393],[134.852,-6.325]]],[[[134.698,-6.626],[134.736,-6.623],[134.657,-6.765],[134.629,-6.713],[134.698,-6.626]]],[[[126.801,-7.668],[126.813,-7.738],[126.693,-7.754],[126.577,-7.808],[126.472,-7.95],[126.04,-7.886],[125.798,-7.985],[125.808,-7.881],[125.843,-7.817],[125.975,-7.663],[126.214,-7.707],[126.359,-7.677],[126.463,-7.608],[126.61,-7.572],[126.726,-7.662],[126.801,-7.668]]],[[[128.099,-8.135],[128.119,-8.171],[128.024,-8.255],[127.821,-8.19],[127.786,-8.12],[127.823,-8.099],[127.998,-8.139],[128.099,-8.135]]],[[[127.475,-7.531],[127.474,-7.579],[127.355,-7.646],[127.371,-7.513],[127.475,-7.531]]],[[[129.813,-7.82],[129.844,-7.889],[129.839,-7.955],[129.78,-8.046],[129.713,-8.041],[129.592,-7.917],[129.609,-7.803],[129.813,-7.82]]],[[[128.673,-7.113],[128.67,-7.183],[128.625,-7.209],[128.53,-7.135],[128.577,-7.083],[128.628,-7.069],[128.673,-7.113]]],[[[131.087,-8.125],[131.176,-8.131],[131.044,-8.212],[130.908,-8.246],[130.862,-8.319],[130.775,-8.35],[131.02,-8.091],[131.087,-8.125]]],[[[131.736,-7.197],[131.644,-7.267],[131.691,-7.439],[131.624,-7.626],[131.377,-7.869],[131.326,-8.0],[131.114,-7.997],[131.123,-7.922],[131.087,-7.865],[131.137,-7.782],[131.138,-7.685],[131.19,-7.672],[131.26,-7.471],[131.349,-7.425],[131.483,-7.251],[131.535,-7.221],[131.531,-7.165],[131.561,-7.136],[131.643,-7.113],[131.701,-7.14],[131.736,-7.197]]],[[[134.729,-6.506],[134.716,-6.549],[134.661,-6.559],[134.634,-6.477],[134.679,-6.456],[134.729,-6.506]]],[[[128.722,-3.547],[128.713,-3.603],[128.62,-3.589],[128.585,-3.512],[128.595,-3.495],[128.722,-3.547]]],[[[128.536,-3.541],[128.563,-3.585],[128.392,-3.638],[128.452,-3.515],[128.536,-3.541]]],[[[133.115,-5.311],[133.138,-5.318],[133.173,-5.348],[133.12,-5.576],[132.971,-5.736],[132.926,-5.902],[132.845,-5.988],[132.938,-5.683],[133.009,-5.621],[133.115,-5.311]]],[[[132.804,-5.789],[132.807,-5.851],[132.746,-5.947],[132.681,-5.913],[132.681,-5.739],[132.63,-5.607],[132.698,-5.609],[132.804,-5.789]]],[[[134.714,-6.295],[134.638,-6.365],[134.441,-6.335],[134.155,-6.063],[134.153,-6.02],[134.302,-6.01],[134.343,-5.833],[134.205,-5.707],[134.247,-5.682],[134.341,-5.713],[134.49,-5.525],[134.506,-5.438],[134.617,-5.439],[134.658,-5.539],[134.646,-5.581],[134.701,-5.603],[134.747,-5.707],[134.755,-5.883],[134.712,-5.95],[134.752,-6.05],[134.744,-6.202],[134.714,-6.295]]],[[[134.504,-6.591],[134.413,-6.68],[134.323,-6.849],[134.2,-6.909],[134.091,-6.834],[134.059,-6.769],[134.107,-6.472],[134.185,-6.479],[134.195,-6.46],[134.125,-6.426],[134.115,-6.191],[134.168,-6.176],[134.415,-6.387],[134.537,-6.442],[134.504,-6.591]]],[[[131.982,-7.202],[131.97,-7.251],[131.884,-7.167],[131.778,-7.144],[131.751,-7.117],[131.922,-7.104],[131.982,-7.202]]],[[[127.227,-3.391],[127.244,-3.471],[127.23,-3.633],[127.085,-3.671],[126.941,-3.765],[126.686,-3.824],[126.411,-3.711],[126.178,-3.579],[126.057,-3.421],[126.026,-3.171],[126.088,-3.105],[126.22,-3.148],[126.306,-3.103],[126.555,-3.065],[126.808,-3.069],[127.025,-3.166],[127.092,-3.278],[127.227,-3.391]]],[[[130.86,-3.57],[130.805,-3.858],[130.27,-3.579],[130.02,-3.475],[129.953,-3.392],[129.844,-3.327],[129.512,-3.329],[129.522,-3.434],[129.468,-3.453],[128.967,-3.326],[128.958,-3.241],[128.863,-3.235],[128.751,-3.3],[128.639,-3.433],[128.517,-3.449],[128.419,-3.416],[128.28,-3.241],[128.132,-3.157],[128.082,-3.184],[128.03,-3.341],[127.92,-3.506],[127.902,-3.496],[127.928,-3.341],[127.878,-3.222],[128.113,-2.935],[128.199,-2.866],[128.57,-2.842],[128.791,-2.857],[128.991,-2.829],[129.058,-2.838],[129.116,-2.937],[129.174,-2.933],[129.427,-2.791],[129.484,-2.786],[129.6,-2.806],[129.984,-2.977],[130.379,-2.989],[130.57,-3.131],[130.626,-3.228],[130.671,-3.392],[130.773,-3.419],[130.86,-3.57]]]]}},{"type":"Feature","properties":{"name":"Nusa Tenggara Barat","admin":"Indonesia","iso_a2":"ID","postal":"NB"},"geometry":{"type":"MultiPolygon","coordinates":[[[[117.665,-8.148],[117.669,-8.189],[117.556,-8.367],[117.534,-8.368],[117.49,-8.349],[117.506,-8.307],[117.482,-8.239],[117.491,-8.183],[117.546,-8.152],[117.665,-8.148]]],[[[119.098,-8.139],[119.135,-8.197],[119.074,-8.239],[119.03,-8.24],[119.037,-8.158],[119.098,-8.139]]],[[[116.688,-8.304],[116.734,-8.387],[116.641,-8.614],[116.514,-8.821],[116.587,-8.886],[116.377,-8.929],[116.027,-8.873],[115.875,-8.826],[115.869,-8.743],[116.032,-8.765],[116.076,-8.745],[116.061,-8.437],[116.22,-8.295],[116.402,-8.204],[116.688,-8.304]]],[[[119.042,-8.561],[119.13,-8.668],[119.079,-8.73],[119.006,-8.75],[118.903,-8.703],[118.746,-8.735],[118.756,-8.774],[118.837,-8.809],[118.833,-8.833],[118.728,-8.805],[118.427,-8.855],[118.398,-8.813],[118.4,-8.704],[118.379,-8.675],[118.19,-8.841],[118.071,-8.851],[117.861,-8.931],[117.732,-8.92],[117.388,-9.032],[117.21,-9.034],[117.061,-9.099],[116.788,-9.006],[116.768,-8.955],[116.807,-8.811],[116.783,-8.665],[116.835,-8.532],[116.953,-8.503],[117.165,-8.367],[117.357,-8.429],[117.567,-8.426],[117.622,-8.46],[117.643,-8.536],[117.712,-8.583],[117.806,-8.711],[117.893,-8.704],[117.97,-8.728],[118.104,-8.65],[118.206,-8.652],[118.235,-8.592],[118.174,-8.528],[118.1,-8.475],[117.979,-8.459],[117.815,-8.342],[117.766,-8.279],[117.738,-8.205],[117.755,-8.15],[117.921,-8.089],[118.117,-8.122],[118.203,-8.267],[118.292,-8.357],[118.491,-8.271],[118.552,-8.27],[118.612,-8.281],[118.671,-8.323],[118.714,-8.415],[118.748,-8.331],[118.846,-8.293],[118.926,-8.298],[118.988,-8.338],[119.044,-8.457],[119.042,-8.561]]]]}},{"type":"Feature","properties":{"name":"Sulawesi Tenggara","admin":"Indonesia","iso_a2":"ID","postal":"SG"},"geometry":{"type":"MultiPolygon","coordinates":[[[[124.051,-5.974],[124.042,-6.022],[123.972,-5.939],[123.976,-5.88],[124.023,-5.902],[124.051,-5.974]]],[[[123.543,-5.271],[123.561,-5.25],[123.627,-5.272],[123.623,-5.373],[123.55,-5.332],[123.543,-5.271]]],[[[123.202,-5.273],[123.187,-5.333],[123.121,-5.393],[123.043,-5.419],[122.986,-5.394],[122.969,-5.406],[122.909,-5.477],[122.916,-5.519],[122.85,-5.638],[122.812,-5.671],[122.733,-5.635],[122.645,-5.663],[122.585,-5.545],[122.586,-5.489],[122.642,-5.426],[122.67,-5.331],[122.767,-5.21],[122.849,-4.831],[122.853,-4.618],[122.947,-4.443],[123.075,-4.387],[123.069,-4.434],[123.18,-4.551],[123.203,-4.766],[123.196,-4.823],[123.119,-4.723],[123.055,-4.748],[123.018,-4.832],[122.972,-5.138],[122.981,-5.186],[123.051,-5.156],[123.202,-5.273]]],[[[122.76,-4.934],[122.614,-5.139],[122.645,-5.269],[122.619,-5.336],[122.564,-5.387],[122.474,-5.381],[122.392,-5.335],[122.371,-5.383],[122.307,-5.381],[122.283,-5.32],[122.329,-5.138],[122.396,-5.07],[122.334,-4.847],[122.369,-4.767],[122.702,-4.619],[122.74,-4.675],[122.76,-4.934]]],[[[122.062,-5.221],[122.043,-5.438],[121.98,-5.465],[121.859,-5.35],[121.808,-5.256],[121.821,-5.203],[121.874,-5.145],[121.866,-5.096],[121.914,-5.072],[121.966,-5.076],[122.0,-5.141],[122.041,-5.159],[122.062,-5.221]]],[[[123.025,-3.981],[123.212,-3.998],[123.247,-4.041],[123.242,-4.113],[123.145,-4.233],[123.076,-4.227],[122.995,-4.148],[122.969,-4.03],[123.025,-3.981]]],[[[122.317,-3.275],[122.313,-3.383],[122.253,-3.62],[122.329,-3.694],[122.435,-3.74],[122.579,-3.882],[122.61,-3.923],[122.607,-3.985],[122.69,-4.084],[122.75,-4.1],[122.798,-4.054],[122.848,-4.065],[122.894,-4.166],[122.897,-4.349],[122.872,-4.392],[122.818,-4.39],[122.72,-4.341],[122.722,-4.411],[122.471,-4.422],[122.114,-4.54],[122.054,-4.62],[122.073,-4.792],[122.038,-4.832],[121.917,-4.848],[121.589,-4.76],[121.514,-4.681],[121.487,-4.581],[121.541,-4.283],[121.612,-4.156],[121.618,-4.093],[121.537,-4.015],[121.416,-3.984],[121.313,-3.919],[120.892,-3.521],[120.907,-3.404],[121.054,-3.167],[121.068,-2.918],[121.164,-2.873],[121.278,-2.879],[121.475,-3.02],[121.598,-2.973],[121.781,-2.986],[122.058,-3.093],[122.207,-3.111],[122.349,-3.246],[122.317,-3.275]]]]}},{"type":"Feature","properties":{"name":"Sulawesi Tengah","admin":"Indonesia","iso_a2":"ID","postal":"ST"},"geometry":{"type":"MultiPolygon","coordinates":[[[[123.616,-1.627],[123.598,-1.704],[123.529,-1.711],[123.483,-1.681],[123.487,-1.535],[123.549,-1.508],[123.616,-1.627]]],[[[121.864,-0.407],[121.907,-0.451],[121.881,-0.503],[121.756,-0.491],[121.655,-0.526],[121.672,-0.479],[121.749,-0.407],[121.864,-0.407]]],[[[123.527,-1.286],[123.547,-1.337],[123.512,-1.447],[123.449,-1.499],[123.367,-1.507],[123.329,-1.443],[123.275,-1.437],[123.237,-1.577],[123.173,-1.616],[123.123,-1.556],[123.183,-1.493],[123.15,-1.304],[122.984,-1.511],[122.89,-1.587],[122.858,-1.548],[122.811,-1.432],[122.832,-1.283],[122.908,-1.182],[123.158,-1.158],[123.212,-1.171],[123.234,-1.234],[123.198,-1.288],[123.238,-1.389],[123.339,-1.254],[123.435,-1.237],[123.527,-1.286]]],[[[123.106,-1.787],[123.138,-1.773],[123.153,-1.817],[123.079,-1.899],[123.071,-1.855],[123.106,-1.787]]],[[[123.848,-1.955],[123.866,-1.996],[123.804,-1.994],[123.783,-1.878],[123.848,-1.955]]],[[[119.711,-0.681],[119.844,-0.862],[119.722,-0.088],[119.736,-0.051],[119.787,-0.057],[119.838,-0.022],[119.866,0.04],[119.809,0.239],[119.913,0.445],[120.035,0.567],[120.056,0.693],[120.23,0.861],[120.27,0.971],[120.294,0.979],[120.322,0.983],[120.367,0.888],[120.416,0.849],[120.517,0.818],[120.603,0.854],[120.755,1.036],[120.868,1.253],[120.965,1.312],[121.082,1.328],[121.208,1.263],[121.404,1.244],[121.513,1.105],[121.592,1.068],[121.867,1.089],[122.197,1.028],[122.046,0.944],[121.993,0.935],[121.84,0.97],[121.508,0.847],[121.378,0.861],[121.303,0.826],[121.235,0.725],[121.16,0.686],[121.257,0.587],[121.334,0.576],[121.333,0.483],[121.013,0.442],[120.909,0.447],[120.7,0.515],[120.579,0.528],[120.46,0.51],[120.349,0.449],[120.192,0.269],[120.078,0.04],[120.013,-0.196],[120.012,-0.307],[120.063,-0.556],[120.097,-0.65],[120.241,-0.868],[120.425,-0.961],[120.518,-1.039],[120.667,-1.37],[120.797,-1.364],[121.034,-1.407],[121.149,-1.339],[121.277,-1.118],[121.431,-0.939],[121.576,-0.829],[121.633,-0.84],[121.738,-0.926],[121.853,-0.946],[121.97,-0.933],[122.094,-0.875],[122.175,-0.794],[122.28,-0.757],[122.889,-0.755],[122.829,-0.659],[123.171,-0.571],[123.281,-0.592],[123.38,-0.649],[123.434,-0.778],[123.378,-1.004],[123.3,-1.026],[123.226,-1.002],[123.153,-0.907],[123.049,-0.872],[122.903,-0.901],[122.807,-0.966],[122.507,-1.348],[122.251,-1.555],[121.859,-1.693],[121.719,-1.863],[121.651,-1.895],[121.573,-1.906],[121.395,-1.834],[121.355,-1.878],[121.349,-1.946],[121.502,-2.045],[121.575,-2.151],[121.77,-2.241],[121.848,-2.332],[122.083,-2.75],[122.292,-2.908],[122.307,-3.052],[122.381,-3.142],[122.399,-3.201],[122.349,-3.246],[122.207,-3.111],[122.058,-3.093],[121.781,-2.986],[121.598,-2.973],[121.772,-2.801],[121.787,-2.67],[121.742,-2.61],[121.638,-2.558],[121.449,-2.388],[121.35,-2.348],[120.804,-2.239],[120.625,-2.104],[120.448,-1.866],[120.292,-1.9],[120.157,-1.86],[120.048,-1.861],[119.873,-1.955],[119.823,-1.872],[119.846,-1.792],[119.822,-1.729],[119.725,-1.613],[119.693,-1.461],[119.642,-1.394],[119.494,-1.329],[119.527,-1.224],[119.602,-1.151],[119.572,-1.052],[119.566,-0.835],[119.711,-0.681]]]]}},{"type":"Feature","properties":{"name":"Papua","admin":"Indonesia","iso_a2":"ID","postal":"PA"},"geometry":{"type":"MultiPolygon","coordinates":[[[[138.898,-8.337],[138.895,-8.389],[138.846,-8.402],[138.594,-8.371],[138.563,-8.309],[138.677,-8.199],[138.796,-8.174],[138.898,-8.337]]],[[[136.817,-1.754],[136.893,-1.8],[136.622,-1.873],[136.461,-1.89],[136.326,-1.872],[136.228,-1.894],[136.193,-1.859],[135.866,-1.752],[135.488,-1.668],[135.47,-1.616],[135.474,-1.592],[135.869,-1.642],[136.202,-1.655],[136.39,-1.722],[136.817,-1.754]]],[[[134.996,-1.034],[134.965,-1.116],[134.917,-1.134],[134.862,-1.114],[134.809,-1.038],[134.828,-0.979],[134.889,-0.938],[134.941,-0.979],[134.957,-1.031],[134.996,-1.034]]],[[[136.375,-1.094],[136.305,-1.173],[136.11,-1.217],[136.003,-1.17],[135.915,-1.178],[135.839,-1.119],[135.747,-0.823],[135.646,-0.882],[135.524,-0.787],[135.483,-0.801],[135.432,-0.769],[135.388,-0.705],[135.383,-0.651],[135.673,-0.688],[135.749,-0.733],[135.841,-0.712],[135.894,-0.726],[136.155,-0.978],[136.283,-1.065],[136.375,-1.094]]],[[[138.963,-7.588],[138.989,-7.696],[138.786,-8.059],[138.535,-8.274],[138.296,-8.405],[137.872,-8.38],[137.688,-8.412],[137.65,-8.386],[137.833,-7.932],[138.008,-7.642],[138.082,-7.566],[138.296,-7.438],[138.544,-7.38],[138.77,-7.39],[138.963,-7.588]]],[[[135.265,-3.76],[134.258,-3.399],[134.255,-3.308],[134.332,-3.19],[134.451,-3.078],[134.445,-3.024],[134.679,-2.836],[134.702,-2.934],[134.77,-2.944],[134.843,-2.909],[134.853,-3.108],[134.887,-3.21],[135.037,-3.333],[135.372,-3.375],[135.487,-3.345],[135.628,-3.186],[135.859,-2.995],[136.013,-2.734],[136.243,-2.583],[136.39,-2.273],[136.843,-2.198],[137.072,-2.105],[137.171,-2.025],[137.176,-1.973],[137.123,-1.841],[137.381,-1.686],[137.806,-1.483],[137.911,-1.484],[138.111,-1.616],[138.65,-1.791],[138.811,-1.918],[139.149,-2.039],[139.79,-2.348],[140.155,-2.35],[140.251,-2.412],[140.623,-2.446],[140.721,-2.508],[140.747,-2.607],[140.973,-2.61],[140.975,-6.346],[140.875,-6.611],[140.862,-6.74],[140.975,-6.905],[140.976,-9.119],[140.662,-8.847],[140.49,-8.62],[140.003,-8.196],[139.993,-8.139],[140.117,-7.924],[139.935,-8.101],[139.649,-8.125],[139.519,-8.173],[139.386,-8.189],[139.319,-8.166],[139.279,-8.107],[139.249,-7.982],[139.193,-8.086],[138.933,-8.262],[138.891,-8.238],[138.856,-8.145],[138.936,-7.913],[139.003,-7.838],[139.088,-7.587],[139.049,-7.528],[138.938,-7.472],[138.886,-7.373],[138.748,-7.251],[138.865,-7.201],[139.063,-7.227],[139.177,-7.19],[139.049,-7.201],[138.846,-7.136],[138.72,-7.07],[138.601,-6.937],[138.6,-6.911],[138.865,-6.858],[138.727,-6.731],[138.698,-6.626],[138.439,-6.343],[138.296,-5.949],[138.314,-5.887],[138.375,-5.844],[138.2,-5.807],[138.244,-5.724],[138.34,-5.676],[138.087,-5.709],[138.066,-5.676],[138.061,-5.465],[137.887,-5.349],[137.84,-5.35],[137.759,-5.256],[137.307,-5.014],[137.28,-4.945],[137.196,-4.99],[137.089,-4.924],[136.857,-4.893],[136.619,-4.819],[135.98,-4.531],[135.45,-4.443],[135.196,-4.451],[134.869,-4.262],[135.265,-3.76]]]]}},{"type":"Feature","properties":{"name":"Telangana","admin":"India","iso_a2":"IN","postal":"TG"},"geometry":{"type":"Polygon","coordinates":[[[77.484,16.002],[77.491,16.262],[77.533,16.361],[77.294,16.407],[77.257,16.449],[77.432,16.594],[77.411,16.721],[77.465,17.043],[77.374,17.223],[77.599,17.487],[77.583,17.579],[77.493,17.578],[77.412,17.631],[77.464,17.713],[77.525,17.746],[77.5,17.812],[77.62,17.926],[77.621,17.987],[77.563,18.071],[77.6,18.115],[77.551,18.308],[77.503,18.382],[77.592,18.548],[77.68,18.57],[77.703,18.669],[77.781,18.704],[77.839,18.81],[77.912,18.835],[77.752,19.046],[77.834,19.121],[77.855,19.228],[77.92,19.332],[77.992,19.323],[78.064,19.264],[78.168,19.264],[78.174,19.375],[78.24,19.46],[78.303,19.483],[78.333,19.643],[78.384,19.685],[78.322,19.863],[78.383,19.866],[78.478,19.799],[78.534,19.825],[78.712,19.774],[78.78,19.777],[78.848,19.725],[78.873,19.65],[79.024,19.542],[79.059,19.547],[79.198,19.462],[79.266,19.59],[79.42,19.536],[79.539,19.534],[79.735,19.603],[79.796,19.594],[79.865,19.509],[79.931,19.483],[79.965,19.402],[79.931,19.212],[79.944,19.169],[79.862,19.081],[79.934,19.053],[79.96,18.867],[80.002,18.786],[80.091,18.697],[80.27,18.714],[80.32,18.642],[80.409,18.589],[80.503,18.6],[80.583,18.541],[80.696,18.412],[80.772,18.233],[80.852,18.196],[80.938,18.086],[80.979,17.964],[80.986,17.84],[81.045,17.776],[81.148,17.837],[81.245,17.804],[81.578,17.797],[81.759,17.909],[81.776,17.833],[81.629,17.763],[81.535,17.638],[81.47,17.42],[81.408,17.371],[81.214,17.324],[81.144,17.25],[80.99,17.218],[80.893,17.156],[80.83,17.046],[80.67,17.08],[80.591,17.14],[80.502,17.108],[80.384,16.976],[80.474,16.937],[80.586,16.934],[80.506,16.792],[80.351,16.862],[80.281,16.997],[80.22,17.033],[80.078,16.973],[80.002,16.871],[80.073,16.823],[80.043,16.739],[79.958,16.63],[79.882,16.703],[79.752,16.724],[79.721,16.689],[79.504,16.642],[79.406,16.587],[79.266,16.57],[79.213,16.493],[79.233,16.331],[79.215,16.244],[79.161,16.219],[79.022,16.247],[78.839,16.125],[78.839,16.067],[78.734,16.03],[78.5,16.094],[78.4,16.083],[78.256,16.006],[78.235,15.95],[78.087,15.833],[77.888,15.919],[77.85,15.894],[77.641,15.901],[77.446,15.953],[77.484,16.002]]]}},{"type":"Feature","properties":{"name":"Ladakh","admin":"India","iso_a2":"IN","postal":"LA"},"geometry":{"type":"Polygon","coordinates":[[[77.895,35.449],[78.009,35.49],[78.043,35.48],[78.012,35.251],[78.282,34.654],[78.327,34.606],[78.671,34.518],[78.936,34.352],[78.97,34.303],[78.971,34.228],[78.732,34.056],[78.784,33.809],[78.802,33.5],[79.067,33.25],[79.355,33.17],[79.376,33.146],[79.335,32.976],[79.499,32.73],[79.47,32.643],[79.385,32.57],[79.292,32.507],[79.127,32.476],[79.067,32.388],[78.919,32.358],[78.771,32.468],[78.701,32.597],[78.413,32.558],[78.39,32.527],[78.27,32.504],[78.304,32.596],[78.375,32.649],[78.367,32.765],[78.254,32.698],[78.115,32.668],[78.009,32.61],[77.939,32.695],[77.929,32.762],[77.858,32.873],[77.721,33.013],[77.539,32.918],[77.349,32.867],[77.136,32.927],[76.956,33.025],[76.74,33.197],[76.647,33.352],[76.488,33.502],[76.246,33.574],[76.236,33.729],[76.166,33.873],[76.024,33.982],[75.88,33.964],[75.742,34.066],[75.663,34.199],[75.585,34.21],[75.375,34.371],[75.348,34.573],[75.606,34.503],[75.709,34.503],[75.862,34.56],[76.041,34.67],[76.172,34.668],[76.457,34.756],[76.594,34.736],[76.696,34.787],[76.783,34.9],[77.001,34.992],[77.049,35.11],[77.799,35.496],[77.895,35.449]]]}},{"type":"Feature","properties":{"name":"Chandigarh","admin":"India","iso_a2":"IN","postal":"CH"},"geometry":{"type":"Polygon","coordinates":[[[76.827,30.681],[76.776,30.677],[76.704,30.781],[76.815,30.789],[76.827,30.681]]]}},{"type":"Feature","properties":{"name":"Delhi","admin":"India","iso_a2":"IN","postal":"DL"},"geometry":{"type":"Polygon","coordinates":[[[77.27,28.51],[77.194,28.433],[77.101,28.476],[77.071,28.529],[76.873,28.519],[76.837,28.587],[76.947,28.696],[76.937,28.815],[77.068,28.882],[77.201,28.877],[77.227,28.784],[77.307,28.721],[77.338,28.626],[77.327,28.52],[77.27,28.51]]]}},{"type":"Feature","properties":{"name":"Himachal Pradesh","admin":"India","iso_a2":"IN","postal":"HP"},"geometry":{"type":"Polygon","coordinates":[[[78.496,32.216],[78.735,31.958],[78.687,31.806],[78.693,31.74],[78.803,31.618],[78.727,31.472],[78.759,31.437],[78.743,31.324],[78.792,31.294],[78.869,31.315],[78.993,31.163],[78.87,31.122],[78.793,31.207],[78.501,31.22],[78.369,31.29],[78.284,31.29],[78.04,31.172],[77.941,31.173],[77.806,31.051],[77.789,30.931],[77.706,30.791],[77.813,30.521],[77.585,30.383],[77.303,30.46],[77.148,30.539],[77.15,30.664],[77.115,30.722],[77.002,30.777],[76.906,30.899],[76.768,30.908],[76.645,30.999],[76.561,31.277],[76.434,31.318],[76.374,31.419],[76.275,31.31],[76.158,31.339],[76.071,31.564],[75.923,31.806],[75.964,31.849],[75.88,31.972],[75.707,32.05],[75.602,32.069],[75.639,32.147],[75.623,32.259],[75.693,32.272],[75.912,32.431],[75.847,32.517],[75.923,32.617],[75.909,32.773],[75.805,32.899],[75.826,32.938],[75.972,32.911],[76.101,33.013],[76.216,33.051],[76.294,33.148],[76.397,33.198],[76.559,33.231],[76.626,33.189],[76.74,33.197],[76.956,33.025],[77.136,32.927],[77.349,32.867],[77.539,32.918],[77.721,33.013],[77.858,32.873],[77.929,32.762],[77.939,32.695],[78.009,32.61],[78.115,32.668],[78.254,32.698],[78.367,32.765],[78.375,32.649],[78.304,32.596],[78.27,32.504],[78.39,32.527],[78.496,32.216]]]}},{"type":"Feature","properties":{"name":"Haryana","admin":"India","iso_a2":"IN","postal":"HR"},"geometry":{"type":"Polygon","coordinates":[[[77.068,28.882],[76.937,28.815],[76.947,28.696],[76.837,28.587],[76.873,28.519],[77.071,28.529],[77.101,28.476],[77.194,28.433],[77.27,28.51],[77.327,28.52],[77.497,28.393],[77.467,28.315],[77.529,28.253],[77.468,28.047],[77.526,27.974],[77.48,27.898],[77.424,27.891],[77.281,27.809],[77.041,27.807],[76.973,27.679],[76.901,27.734],[76.941,27.852],[76.921,28.034],[76.941,28.123],[76.857,28.229],[76.647,28.086],[76.658,28.017],[76.553,27.971],[76.453,28.163],[76.368,28.156],[76.267,28.077],[76.163,28.058],[76.18,27.91],[76.215,27.842],[76.0,27.843],[75.932,27.918],[75.993,28.051],[75.962,28.139],[76.032,28.188],[76.026,28.262],[75.887,28.404],[75.699,28.521],[75.594,28.643],[75.486,28.927],[75.515,28.996],[75.452,29.024],[75.393,29.106],[75.392,29.253],[75.328,29.296],[75.25,29.256],[75.107,29.238],[74.97,29.284],[74.907,29.378],[74.821,29.403],[74.759,29.364],[74.613,29.333],[74.537,29.441],[74.602,29.47],[74.575,29.59],[74.603,29.726],[74.506,29.737],[74.466,29.799],[74.547,29.861],[74.517,29.947],[74.651,29.914],[74.711,29.968],[74.823,29.985],[74.903,29.955],[74.996,29.873],[75.073,29.891],[75.105,29.821],[75.188,29.835],[75.238,29.749],[75.172,29.688],[75.235,29.562],[75.295,29.575],[75.312,29.656],[75.446,29.806],[75.604,29.765],[75.718,29.778],[75.786,29.831],[75.887,29.749],[75.957,29.739],[76.226,29.869],[76.178,29.955],[76.267,30.114],[76.43,30.14],[76.531,30.084],[76.625,30.143],[76.606,30.274],[76.714,30.337],[76.753,30.431],[76.905,30.384],[76.887,30.634],[76.827,30.681],[76.815,30.789],[76.833,30.842],[76.768,30.908],[76.906,30.899],[77.002,30.777],[77.115,30.722],[77.15,30.664],[77.148,30.539],[77.303,30.46],[77.585,30.383],[77.57,30.278],[77.23,29.977],[77.18,29.804],[77.088,29.659],[77.065,29.57],[77.15,29.403],[77.131,29.281],[77.141,29.13],[77.196,28.998],[77.201,28.877],[77.068,28.882]]]}},{"type":"Feature","properties":{"name":"Jammu and Kashmir","admin":"India","iso_a2":"IN","postal":"JK"},"geometry":{"type":"Polygon","coordinates":[[[75.375,34.371],[75.585,34.21],[75.663,34.199],[75.742,34.066],[75.88,33.964],[76.024,33.982],[76.166,33.873],[76.236,33.729],[76.246,33.574],[76.488,33.502],[76.647,33.352],[76.74,33.197],[76.626,33.189],[76.559,33.231],[76.397,33.198],[76.294,33.148],[76.216,33.051],[76.101,33.013],[75.972,32.911],[75.826,32.938],[75.805,32.899],[75.909,32.773],[75.923,32.617],[75.847,32.517],[75.743,32.464],[75.683,32.4],[75.612,32.395],[75.502,32.301],[75.39,32.335],[75.293,32.326],[75.234,32.372],[74.987,32.462],[74.789,32.458],[74.686,32.494],[74.658,32.519],[74.643,32.608],[74.663,32.758],[74.355,32.769],[74.306,32.81],[74.33,32.861],[74.304,32.992],[74.126,33.075],[73.99,33.221],[74.118,33.384],[74.15,33.507],[74.131,33.545],[74.004,33.632],[73.976,33.721],[74.001,33.788],[74.216,33.887],[74.251,33.946],[74.247,33.99],[73.95,34.019],[73.904,34.108],[73.979,34.191],[73.972,34.237],[73.925,34.288],[73.81,34.325],[73.794,34.378],[73.961,34.653],[74.3,34.765],[74.952,34.646],[75.188,34.639],[75.348,34.573],[75.375,34.371]]]}},{"type":"Feature","properties":{"name":"Andhra Pradesh","admin":"India","iso_a2":"IN","postal":"AP"},"geometry":{"type":"Polygon","coordinates":[[[80.098,13.464],[79.962,13.417],[79.957,13.366],[79.816,13.295],[79.785,13.224],[79.697,13.236],[79.668,13.291],[79.572,13.284],[79.544,13.324],[79.45,13.331],[79.42,13.22],[79.315,13.132],[79.251,13.148],[79.162,13.045],[79.078,13.036],[78.944,13.093],[78.736,13.061],[78.645,12.992],[78.583,12.778],[78.419,12.633],[78.353,12.642],[78.23,12.76],[78.286,12.843],[78.416,12.948],[78.516,13.089],[78.568,13.275],[78.381,13.323],[78.35,13.376],[78.375,13.58],[78.184,13.602],[78.068,13.699],[78.097,13.809],[78.033,13.885],[77.921,13.83],[77.879,13.917],[77.499,13.704],[77.443,13.702],[77.384,13.847],[77.292,13.848],[77.152,13.904],[77.103,13.85],[77.133,13.785],[77.032,13.746],[76.959,13.782],[77.01,13.905],[76.936,14.011],[76.943,14.061],[76.873,14.137],[76.974,14.156],[76.995,14.066],[77.112,14.005],[77.289,14.011],[77.332,13.908],[77.388,13.963],[77.328,14.052],[77.369,14.163],[77.468,14.192],[77.461,14.29],[77.384,14.262],[77.278,14.296],[77.257,14.334],[77.111,14.33],[77.045,14.232],[76.908,14.258],[76.862,14.347],[76.932,14.458],[76.83,14.479],[76.753,14.566],[76.762,14.764],[76.8,14.795],[76.822,14.921],[76.719,14.99],[76.764,15.094],[76.948,15.022],[77.08,15.037],[77.128,15.132],[77.105,15.308],[77.026,15.351],[77.0,15.614],[77.085,15.667],[77.025,15.781],[77.034,15.874],[77.144,15.961],[77.226,15.976],[77.446,15.953],[77.641,15.901],[77.85,15.894],[77.888,15.919],[78.087,15.833],[78.235,15.95],[78.256,16.006],[78.4,16.083],[78.5,16.094],[78.734,16.03],[78.839,16.067],[78.839,16.125],[79.022,16.247],[79.161,16.219],[79.215,16.244],[79.233,16.331],[79.213,16.493],[79.266,16.57],[79.406,16.587],[79.504,16.642],[79.721,16.689],[79.752,16.724],[79.882,16.703],[79.958,16.63],[80.043,16.739],[80.073,16.823],[80.002,16.871],[80.078,16.973],[80.22,17.033],[80.281,16.997],[80.351,16.862],[80.506,16.792],[80.586,16.934],[80.474,16.937],[80.384,16.976],[80.502,17.108],[80.591,17.14],[80.67,17.08],[80.83,17.046],[80.893,17.156],[80.99,17.218],[81.144,17.25],[81.214,17.324],[81.408,17.371],[81.47,17.42],[81.535,17.638],[81.629,17.763],[81.776,17.833],[81.759,17.909],[82.042,18.043],[82.132,18.039],[82.24,17.993],[82.33,18.044],[82.353,18.155],[82.31,18.195],[82.361,18.292],[82.368,18.414],[82.449,18.522],[82.503,18.511],[82.511,18.422],[82.597,18.325],[82.587,18.244],[82.781,18.358],[82.78,18.417],[82.878,18.409],[82.904,18.355],[83.039,18.39],[83.037,18.469],[83.084,18.525],[83.028,18.641],[83.127,18.758],[83.202,18.742],[83.394,18.869],[83.327,18.93],[83.341,19.005],[83.424,18.964],[83.49,19.052],[83.573,19.07],[83.613,19.13],[83.706,19.001],[83.802,19.0],[83.854,18.86],[83.902,18.806],[84.071,18.818],[84.153,18.788],[84.318,18.809],[84.525,19.033],[84.641,19.101],[84.695,19.161],[84.77,19.121],[84.691,18.965],[84.104,18.293],[83.654,18.07],[83.198,17.609],[82.977,17.462],[82.593,17.274],[82.36,17.096],[82.282,16.936],[82.36,16.783],[82.327,16.664],[82.259,16.56],[82.142,16.485],[81.762,16.329],[81.402,16.365],[81.286,16.337],[81.239,16.264],[81.132,15.962],[81.03,15.881],[80.979,15.758],[80.865,15.782],[80.826,15.766],[80.782,15.867],[80.647,15.895],[80.385,15.793],[80.293,15.711],[80.101,15.324],[80.053,15.074],[80.179,14.478],[80.17,14.349],[80.112,14.212],[80.144,14.059],[80.224,13.858],[80.293,13.529],[80.266,13.521],[80.156,13.714],[80.062,13.606],[80.114,13.529],[80.231,13.468],[80.098,13.464]]]}},{"type":"Feature","properties":{"name":"Kerala","admin":"India","iso_a2":"IN","postal":"KL"},"geometry":{"type":"Polygon","coordinates":[[[75.102,12.679],[75.312,12.469],[75.389,12.295],[75.426,12.292],[75.629,12.102],[75.761,12.069],[75.776,12.01],[75.846,11.951],[75.961,11.929],[76.056,11.964],[76.115,11.857],[76.177,11.857],[76.317,11.747],[76.389,11.744],[76.416,11.667],[76.339,11.591],[76.241,11.604],[76.256,11.478],[76.409,11.437],[76.495,11.385],[76.534,11.313],[76.466,11.205],[76.641,11.209],[76.719,11.139],[76.69,10.933],[76.82,10.876],[76.89,10.78],[76.876,10.678],[76.821,10.633],[76.809,10.437],[76.842,10.311],[76.928,10.236],[76.986,10.231],[77.065,10.296],[77.191,10.351],[77.277,10.21],[77.224,10.058],[77.26,9.962],[77.226,9.859],[77.235,9.765],[77.188,9.613],[77.263,9.557],[77.341,9.58],[77.399,9.5],[77.255,9.122],[77.165,9.001],[77.203,8.894],[77.249,8.859],[77.235,8.784],[77.179,8.695],[77.204,8.612],[77.279,8.526],[77.166,8.337],[77.11,8.284],[76.967,8.407],[76.553,8.903],[76.472,9.161],[76.403,9.237],[76.325,9.452],[76.242,9.927],[76.285,9.91],[76.343,9.827],[76.372,9.707],[76.376,9.54],[76.42,9.52],[76.459,9.536],[76.346,9.922],[76.223,10.024],[76.196,10.086],[76.201,10.201],[76.123,10.327],[75.923,10.784],[75.845,11.058],[75.724,11.362],[75.525,11.703],[75.315,11.958],[75.197,12.058],[74.946,12.565],[74.894,12.751],[75.102,12.679]]]}},{"type":"Feature","properties":{"name":"Lakshadweep","admin":"India","iso_a2":"IN","postal":"LD"},"geometry":{"type":"MultiPolygon","coordinates":[[[[73.029,8.254],[73.026,8.275],[73.056,8.275],[73.079,8.317],[73.053,8.257],[73.029,8.254]]],[[[72.773,11.196],[72.793,11.263],[72.796,11.26],[72.773,11.196]]]]}},{"type":"Feature","properties":{"name":"Odisha","admin":"India","iso_a2":"IN","postal":"OR"},"geometry":{"type":"Polygon","coordinates":[[[87.201,21.545],[87.101,21.501],[86.954,21.365],[86.86,21.237],[86.842,21.106],[86.896,20.966],[86.939,20.745],[86.975,20.7],[86.763,20.419],[86.75,20.313],[86.499,20.172],[86.377,20.007],[86.294,20.054],[86.245,20.053],[86.312,19.988],[86.279,19.919],[85.575,19.693],[85.497,19.697],[85.56,19.753],[85.555,19.867],[85.46,19.896],[85.249,19.758],[85.163,19.621],[85.181,19.595],[85.229,19.601],[85.371,19.679],[85.437,19.657],[85.442,19.627],[85.226,19.508],[84.77,19.121],[84.695,19.161],[84.641,19.101],[84.525,19.033],[84.318,18.809],[84.153,18.788],[84.071,18.818],[83.902,18.806],[83.854,18.86],[83.802,19.0],[83.706,19.001],[83.613,19.13],[83.573,19.07],[83.49,19.052],[83.424,18.964],[83.341,19.005],[83.327,18.93],[83.394,18.869],[83.202,18.742],[83.127,18.758],[83.028,18.641],[83.084,18.525],[83.037,18.469],[83.039,18.39],[82.904,18.355],[82.878,18.409],[82.78,18.417],[82.781,18.358],[82.587,18.244],[82.597,18.325],[82.511,18.422],[82.503,18.511],[82.449,18.522],[82.368,18.414],[82.361,18.292],[82.31,18.195],[82.353,18.155],[82.33,18.044],[82.24,17.993],[82.132,18.039],[82.042,18.043],[81.924,18.0],[81.578,17.797],[81.394,17.807],[81.444,17.88],[81.543,18.262],[81.644,18.292],[81.741,18.358],[81.792,18.438],[81.913,18.545],[81.904,18.622],[81.969,18.686],[82.139,18.747],[82.169,18.879],[82.224,18.922],[82.225,19.015],[82.145,19.244],[82.169,19.387],[82.029,19.518],[82.029,19.776],[81.824,19.913],[81.868,20.047],[81.94,20.105],[82.046,20.018],[82.096,20.051],[82.228,19.959],[82.29,19.836],[82.381,19.886],[82.682,19.823],[82.695,20.001],[82.611,19.988],[82.416,20.067],[82.434,20.159],[82.422,20.428],[82.34,20.556],[82.367,20.657],[82.342,20.861],[82.454,20.847],[82.562,20.954],[82.668,21.155],[82.965,21.179],[83.078,21.115],[83.198,21.173],[83.279,21.359],[83.361,21.337],[83.381,21.4],[83.328,21.499],[83.352,21.577],[83.444,21.719],[83.473,21.807],[83.557,21.835],[83.571,21.923],[83.515,21.964],[83.546,22.102],[83.605,22.196],[83.841,22.349],[83.946,22.371],[83.996,22.441],[83.97,22.539],[84.067,22.5],[84.148,22.387],[84.311,22.324],[84.421,22.331],[84.53,22.423],[84.734,22.427],[84.801,22.45],[84.908,22.422],[85.066,22.503],[85.1,22.394],[85.088,22.28],[84.985,22.113],[85.109,22.108],[85.232,22.035],[85.324,22.127],[85.425,22.164],[85.679,22.076],[85.792,22.129],[85.785,22.012],[85.834,21.986],[85.916,22.022],[85.974,22.105],[85.965,22.245],[85.987,22.394],[85.939,22.501],[86.04,22.557],[86.102,22.5],[86.268,22.422],[86.366,22.33],[86.487,22.337],[86.834,22.122],[86.987,22.067],[86.994,21.972],[87.059,21.907],[87.113,21.971],[87.191,21.956],[87.232,21.848],[87.275,21.814],[87.409,21.786],[87.479,21.608],[87.201,21.545]]]}},{"type":"Feature","properties":{"name":"Dadra and Nagar Haveli and Daman and Diu","admin":"India","iso_a2":"IN","postal":"DH"},"geometry":{"type":"Polygon","coordinates":[[[73.161,20.047],[72.997,20.04],[72.897,20.222],[73.05,20.33],[73.112,20.255],[73.047,20.221],[73.042,20.158],[73.166,20.115],[73.161,20.047]]]}},{"type":"Feature","properties":{"name":"Karnataka","admin":"India","iso_a2":"IN","postal":"KA"},"geometry":{"type":"Polygon","coordinates":[[[74.771,13.077],[74.682,13.507],[74.671,13.668],[74.608,13.85],[74.499,14.046],[74.382,14.495],[74.097,14.89],[74.241,14.956],[74.293,15.188],[74.241,15.238],[74.304,15.289],[74.237,15.472],[74.258,15.519],[74.227,15.63],[74.101,15.64],[74.186,15.766],[74.224,15.726],[74.331,15.762],[74.354,15.873],[74.429,15.994],[74.416,16.096],[74.47,16.11],[74.452,16.254],[74.366,16.293],[74.292,16.528],[74.353,16.544],[74.43,16.644],[74.525,16.624],[74.557,16.552],[74.666,16.606],[74.685,16.708],[74.867,16.776],[74.845,16.852],[74.922,16.889],[74.96,16.951],[75.043,16.953],[75.167,16.868],[75.243,16.902],[75.256,16.959],[75.371,16.984],[75.453,16.964],[75.554,17.015],[75.617,16.975],[75.647,17.091],[75.605,17.158],[75.622,17.221],[75.553,17.366],[75.613,17.472],[75.784,17.375],[75.87,17.416],[75.936,17.326],[76.095,17.378],[76.21,17.389],[76.344,17.352],[76.322,17.618],[76.391,17.637],[76.513,17.773],[76.593,17.771],[76.676,17.707],[76.756,17.826],[76.741,17.898],[76.839,17.884],[76.885,17.974],[76.893,18.144],[76.95,18.18],[77.088,18.197],[77.118,18.254],[77.231,18.334],[77.233,18.411],[77.302,18.46],[77.347,18.352],[77.461,18.282],[77.551,18.308],[77.6,18.115],[77.563,18.071],[77.621,17.987],[77.62,17.926],[77.5,17.812],[77.525,17.746],[77.464,17.713],[77.412,17.631],[77.493,17.578],[77.583,17.579],[77.599,17.487],[77.374,17.223],[77.465,17.043],[77.411,16.721],[77.432,16.594],[77.257,16.449],[77.294,16.407],[77.533,16.361],[77.491,16.262],[77.484,16.002],[77.446,15.953],[77.226,15.976],[77.144,15.961],[77.034,15.874],[77.025,15.781],[77.085,15.667],[77.0,15.614],[77.026,15.351],[77.105,15.308],[77.128,15.132],[77.08,15.037],[76.948,15.022],[76.764,15.094],[76.719,14.99],[76.822,14.921],[76.8,14.795],[76.762,14.764],[76.753,14.566],[76.83,14.479],[76.932,14.458],[76.862,14.347],[76.908,14.258],[77.045,14.232],[77.111,14.33],[77.257,14.334],[77.278,14.296],[77.384,14.262],[77.461,14.29],[77.468,14.192],[77.369,14.163],[77.328,14.052],[77.388,13.963],[77.332,13.908],[77.289,14.011],[77.112,14.005],[76.995,14.066],[76.974,14.156],[76.873,14.137],[76.943,14.061],[76.936,14.011],[77.01,13.905],[76.959,13.782],[77.032,13.746],[77.133,13.785],[77.103,13.85],[77.152,13.904],[77.292,13.848],[77.384,13.847],[77.443,13.702],[77.499,13.704],[77.879,13.917],[77.921,13.83],[78.033,13.885],[78.097,13.809],[78.068,13.699],[78.184,13.602],[78.375,13.58],[78.35,13.376],[78.381,13.323],[78.568,13.275],[78.516,13.089],[78.416,12.948],[78.286,12.843],[78.23,12.76],[78.056,12.846],[78.002,12.807],[77.895,12.873],[77.801,12.857],[77.765,12.719],[77.609,12.673],[77.569,12.56],[77.619,12.467],[77.561,12.34],[77.472,12.274],[77.492,12.205],[77.668,12.204],[77.769,12.12],[77.671,11.971],[77.49,11.926],[77.434,11.812],[77.354,11.784],[77.259,11.817],[77.122,11.793],[77.083,11.757],[76.997,11.826],[76.908,11.8],[76.821,11.626],[76.605,11.631],[76.532,11.709],[76.465,11.715],[76.416,11.667],[76.389,11.744],[76.317,11.747],[76.177,11.857],[76.115,11.857],[76.056,11.964],[75.961,11.929],[75.846,11.951],[75.776,12.01],[75.761,12.069],[75.629,12.102],[75.426,12.292],[75.389,12.295],[75.312,12.469],[75.102,12.679],[74.894,12.751],[74.771,13.077]]]}},{"type":"Feature","properties":{"name":"Goa","admin":"India","iso_a2":"IN","postal":"GA"},"geometry":{"type":"Polygon","coordinates":[[[73.808,15.775],[73.908,15.721],[73.942,15.634],[73.992,15.611],[74.104,15.645],[74.227,15.63],[74.258,15.519],[74.237,15.472],[74.304,15.289],[74.241,15.238],[74.293,15.188],[74.241,14.956],[74.097,14.89],[74.041,14.949],[73.949,15.075],[73.884,15.306],[73.801,15.397],[73.932,15.397],[73.772,15.573],[73.833,15.659],[73.733,15.657],[73.679,15.711],[73.808,15.775]]]}},{"type":"Feature","properties":{"name":"Andaman and Nicobar","admin":"India","iso_a2":"IN","postal":"AN"},"geometry":{"type":"MultiPolygon","coordinates":[[[[93.074,13.252],[93.066,13.222],[93.005,13.089],[92.951,13.063],[92.886,12.942],[92.965,12.85],[92.99,12.539],[92.933,12.453],[92.864,12.436],[92.879,12.228],[92.748,11.993],[92.797,11.918],[92.798,11.875],[92.767,11.765],[92.765,11.639],[92.701,11.513],[92.576,11.718],[92.534,11.873],[92.567,11.931],[92.608,11.95],[92.676,12.192],[92.695,12.215],[92.788,12.226],[92.778,12.303],[92.719,12.357],[92.721,12.541],[92.759,12.669],[92.74,12.78],[92.807,12.879],[92.831,13.003],[92.809,13.04],[92.86,13.231],[92.857,13.358],[92.925,13.486],[93.062,13.545],[93.077,13.401],[93.016,13.336],[93.074,13.252]]],[[[93.062,11.899],[92.955,12.002],[93.017,12.037],[93.062,11.899]]],[[[92.711,12.962],[92.731,12.949],[92.686,12.8],[92.68,12.939],[92.711,12.962]]],[[[92.574,10.704],[92.473,10.521],[92.37,10.547],[92.377,10.651],[92.353,10.751],[92.448,10.866],[92.51,10.897],[92.574,10.704]]],[[[92.693,11.381],[92.645,11.361],[92.596,11.386],[92.634,11.427],[92.64,11.509],[92.69,11.463],[92.693,11.381]]],[[[93.434,7.948],[93.443,7.878],[93.365,7.877],[93.309,7.964],[93.334,8.007],[93.375,8.018],[93.434,7.948]]],[[[92.786,9.241],[92.809,9.173],[92.788,9.137],[92.744,9.131],[92.713,9.205],[92.786,9.241]]],[[[93.692,7.411],[93.734,7.356],[93.638,7.262],[93.597,7.319],[93.692,7.411]]],[[[93.141,8.25],[93.171,8.212],[93.115,8.219],[93.064,8.275],[93.097,8.349],[93.141,8.25]]],[[[93.93,6.973],[93.89,6.831],[93.829,6.749],[93.709,7.001],[93.658,7.016],[93.656,7.136],[93.684,7.184],[93.822,7.237],[93.859,7.207],[93.93,6.973]]]]}},{"type":"Feature","properties":{"name":"Assam","admin":"India","iso_a2":"IN","postal":"AS"},"geometry":{"type":"Polygon","coordinates":[[[90.123,26.755],[90.206,26.848],[90.346,26.89],[90.56,26.797],[90.74,26.772],[91.134,26.803],[91.287,26.79],[91.427,26.867],[91.456,26.867],[91.518,26.807],[91.672,26.802],[91.842,26.853],[91.998,26.855],[92.05,26.875],[92.073,26.921],[92.21,26.912],[92.626,27.018],[92.699,27.066],[92.815,27.051],[93.02,26.953],[93.375,26.989],[93.461,26.947],[93.695,27.006],[93.827,27.096],[93.847,27.199],[94.243,27.526],[94.243,27.648],[94.353,27.593],[94.475,27.594],[95.313,27.896],[95.408,27.871],[95.544,27.902],[95.717,27.99],[95.964,27.993],[95.901,27.865],[95.776,27.717],[95.804,27.619],[95.887,27.557],[95.88,27.463],[95.978,27.45],[96.007,27.365],[95.904,27.276],[95.8,27.286],[95.644,27.23],[95.546,27.274],[95.493,27.25],[95.424,27.141],[95.261,27.049],[95.176,27.033],[95.031,26.933],[94.917,26.951],[94.799,26.814],[94.69,26.741],[94.487,26.677],[94.358,26.498],[94.207,26.484],[94.177,26.372],[94.008,26.184],[93.973,26.04],[93.989,25.946],[93.904,25.857],[93.752,25.959],[93.709,25.87],[93.336,25.538],[93.459,25.381],[93.449,25.302],[93.394,25.235],[93.189,24.811],[93.124,24.81],[93.046,24.445],[93.018,24.399],[92.829,24.377],[92.746,24.471],[92.701,24.362],[92.631,24.295],[92.624,24.239],[92.489,24.133],[92.416,24.239],[92.298,24.238],[92.22,24.264],[92.258,24.396],[92.222,24.5],[92.139,24.545],[92.227,24.771],[92.228,24.881],[92.251,24.895],[92.385,24.849],[92.475,24.869],[92.468,24.944],[92.386,25.006],[92.565,25.152],[92.806,25.228],[92.79,25.349],[92.588,25.499],[92.593,25.587],[92.382,25.764],[92.167,25.69],[92.165,25.809],[92.215,25.919],[92.184,25.993],[92.261,26.055],[92.164,26.088],[91.922,26.038],[91.825,26.089],[91.752,26.048],[91.718,25.968],[91.582,26.027],[91.475,25.896],[91.361,25.843],[91.251,25.738],[91.208,25.736],[91.179,25.87],[91.097,25.84],[90.975,25.944],[90.753,25.962],[90.644,25.931],[90.618,25.97],[90.485,26.012],[90.136,25.96],[89.974,25.802],[89.942,25.691],[90.002,25.587],[89.897,25.541],[89.875,25.46],[89.806,25.441],[89.825,25.56],[89.8,25.84],[89.823,25.941],[89.688,26.195],[89.727,26.206],[89.782,26.309],[89.829,26.328],[89.888,26.533],[89.86,26.714],[90.123,26.755]]]}},{"type":"Feature","properties":{"name":"Manipur","admin":"India","iso_a2":"IN","postal":"MN"},"geometry":{"type":"Polygon","coordinates":[[[94.58,25.32],[94.553,25.216],[94.675,25.139],[94.708,25.049],[94.584,24.767],[94.399,24.514],[94.293,24.322],[94.128,23.876],[94.075,23.872],[93.683,24.007],[93.494,23.973],[93.356,24.074],[93.312,24.033],[93.249,24.057],[93.106,24.045],[92.995,24.095],[93.018,24.399],[93.046,24.445],[93.124,24.81],[93.189,24.811],[93.394,25.235],[93.449,25.302],[93.605,25.206],[93.679,25.328],[93.809,25.446],[93.803,25.544],[94.027,25.554],[94.209,25.495],[94.325,25.512],[94.565,25.684],[94.553,25.49],[94.655,25.445],[94.58,25.32]]]}},{"type":"Feature","properties":{"name":"Nagaland","admin":"India","iso_a2":"IN","postal":"NL"},"geometry":{"type":"Polygon","coordinates":[[[95.129,26.597],[95.06,26.474],[95.069,26.191],[95.132,26.041],[95.015,25.913],[94.992,25.77],[94.946,25.7],[94.786,25.519],[94.655,25.445],[94.553,25.49],[94.565,25.684],[94.325,25.512],[94.209,25.495],[94.027,25.554],[93.803,25.544],[93.809,25.446],[93.679,25.328],[93.605,25.206],[93.449,25.302],[93.459,25.381],[93.336,25.538],[93.709,25.87],[93.752,25.959],[93.904,25.857],[93.989,25.946],[93.973,26.04],[94.008,26.184],[94.177,26.372],[94.207,26.484],[94.358,26.498],[94.487,26.677],[94.69,26.741],[94.799,26.814],[94.917,26.951],[95.031,26.933],[95.176,27.033],[95.225,26.974],[95.202,26.867],[95.235,26.791],[95.246,26.655],[95.129,26.597]]]}},{"type":"Feature","properties":{"name":"Meghalaya","admin":"India","iso_a2":"IN","postal":"ML"},"geometry":{"type":"Polygon","coordinates":[[[92.205,25.111],[92.05,25.169],[91.48,25.142],[91.293,25.178],[90.439,25.158],[90.25,25.185],[89.833,25.293],[89.801,25.336],[89.806,25.441],[89.875,25.46],[89.897,25.541],[90.002,25.587],[89.942,25.691],[89.974,25.802],[90.136,25.96],[90.485,26.012],[90.618,25.97],[90.644,25.931],[90.753,25.962],[90.975,25.944],[91.097,25.84],[91.179,25.87],[91.208,25.736],[91.251,25.738],[91.361,25.843],[91.475,25.896],[91.582,26.027],[91.718,25.968],[91.752,26.048],[91.825,26.089],[91.922,26.038],[92.164,26.088],[92.261,26.055],[92.184,25.993],[92.215,25.919],[92.165,25.809],[92.167,25.69],[92.382,25.764],[92.593,25.587],[92.588,25.499],[92.79,25.349],[92.806,25.228],[92.565,25.152],[92.386,25.006],[92.205,25.111]]]}},{"type":"Feature","properties":{"name":"Punjab","admin":"India","iso_a2":"IN","postal":"PB"},"geometry":{"type":"Polygon","coordinates":[[[75.39,32.335],[75.502,32.301],[75.612,32.395],[75.683,32.4],[75.743,32.464],[75.847,32.517],[75.912,32.431],[75.693,32.272],[75.623,32.259],[75.639,32.147],[75.602,32.069],[75.707,32.05],[75.88,31.972],[75.964,31.849],[75.923,31.806],[76.071,31.564],[76.158,31.339],[76.275,31.31],[76.374,31.419],[76.434,31.318],[76.561,31.277],[76.645,30.999],[76.833,30.842],[76.815,30.789],[76.704,30.781],[76.776,30.677],[76.827,30.681],[76.887,30.634],[76.905,30.384],[76.753,30.431],[76.714,30.337],[76.606,30.274],[76.625,30.143],[76.531,30.084],[76.43,30.14],[76.267,30.114],[76.178,29.955],[76.226,29.869],[75.957,29.739],[75.887,29.749],[75.786,29.831],[75.718,29.778],[75.604,29.765],[75.446,29.806],[75.312,29.656],[75.295,29.575],[75.235,29.562],[75.172,29.688],[75.238,29.749],[75.188,29.835],[75.105,29.821],[75.073,29.891],[74.996,29.873],[74.903,29.955],[74.823,29.985],[74.711,29.968],[74.651,29.914],[74.517,29.947],[73.916,29.98],[73.898,30.035],[73.97,30.137],[73.883,30.352],[73.899,30.435],[74.009,30.52],[74.339,30.894],[74.38,30.893],[74.633,31.035],[74.61,31.113],[74.54,31.133],[74.518,31.186],[74.594,31.465],[74.51,31.713],[74.556,31.819],[74.739,31.949],[75.072,32.089],[75.254,32.14],[75.325,32.215],[75.334,32.279],[75.293,32.326],[75.39,32.335]]]}},{"type":"Feature","properties":{"name":"Rajasthan","admin":"India","iso_a2":"IN","postal":"RJ"},"geometry":{"type":"Polygon","coordinates":[[[70.878,25.063],[70.652,25.423],[70.648,25.667],[70.57,25.706],[70.449,25.681],[70.265,25.707],[70.1,25.91],[70.078,26.072],[70.133,26.215],[70.148,26.506],[70.059,26.579],[69.736,26.627],[69.481,26.771],[69.47,26.804],[69.537,27.123],[69.622,27.228],[69.896,27.474],[70.145,27.849],[70.404,28.025],[70.489,28.023],[70.629,27.937],[70.649,27.835],[70.692,27.769],[70.798,27.71],[70.875,27.714],[71.185,27.832],[71.543,27.87],[71.87,27.963],[71.948,28.177],[72.129,28.346],[72.292,28.697],[72.342,28.752],[72.903,29.029],[73.231,29.551],[73.382,29.934],[73.809,30.093],[73.933,30.222],[73.97,30.137],[73.898,30.035],[73.916,29.98],[74.517,29.947],[74.547,29.861],[74.466,29.799],[74.506,29.737],[74.603,29.726],[74.575,29.59],[74.602,29.47],[74.537,29.441],[74.613,29.333],[74.759,29.364],[74.821,29.403],[74.907,29.378],[74.97,29.284],[75.107,29.238],[75.25,29.256],[75.328,29.296],[75.392,29.253],[75.393,29.106],[75.452,29.024],[75.515,28.996],[75.486,28.927],[75.594,28.643],[75.699,28.521],[75.887,28.404],[76.026,28.262],[76.032,28.188],[75.962,28.139],[75.993,28.051],[75.932,27.918],[76.0,27.843],[76.215,27.842],[76.18,27.91],[76.163,28.058],[76.267,28.077],[76.368,28.156],[76.453,28.163],[76.553,27.971],[76.658,28.017],[76.647,28.086],[76.857,28.229],[76.941,28.123],[76.921,28.034],[76.941,27.852],[76.901,27.734],[76.973,27.679],[77.041,27.807],[77.281,27.809],[77.346,27.542],[77.46,27.385],[77.606,27.324],[77.657,27.203],[77.591,27.131],[77.513,27.109],[77.628,26.973],[77.461,26.904],[77.511,26.833],[77.705,26.93],[77.977,26.904],[78.107,26.947],[78.223,26.937],[78.2,26.824],[78.101,26.795],[78.079,26.683],[78.013,26.696],[77.903,26.664],[77.831,26.576],[77.715,26.506],[77.617,26.483],[77.431,26.374],[77.323,26.352],[77.21,26.242],[77.125,26.238],[77.082,26.185],[76.908,26.099],[76.727,25.916],[76.652,25.923],[76.546,25.848],[76.478,25.72],[76.551,25.46],[76.652,25.379],[76.78,25.332],[76.913,25.309],[77.081,25.353],[77.202,25.356],[77.255,25.434],[77.359,25.407],[77.363,25.262],[77.399,25.212],[77.341,25.114],[77.187,25.128],[76.861,25.034],[76.883,24.897],[76.781,24.837],[76.848,24.76],[76.967,24.737],[77.037,24.67],[77.035,24.538],[76.943,24.5],[76.881,24.562],[76.806,24.556],[76.815,24.36],[76.892,24.241],[76.87,24.182],[76.767,24.16],[76.573,24.273],[76.543,24.215],[76.456,24.265],[76.23,24.278],[76.133,24.329],[76.117,24.134],[75.999,24.051],[75.998,23.984],[75.899,23.918],[75.776,23.883],[75.7,23.793],[75.597,23.818],[75.578,23.876],[75.49,23.94],[75.539,24.041],[75.622,23.995],[75.73,24.001],[75.805,24.119],[75.748,24.19],[75.795,24.252],[75.734,24.424],[75.792,24.494],[75.875,24.514],[75.869,24.599],[75.759,24.777],[75.448,24.703],[75.204,24.725],[75.172,24.763],[75.318,24.955],[75.235,25.04],[75.133,25.04],[75.084,24.889],[74.981,24.863],[74.876,24.919],[74.815,24.917],[74.838,24.797],[74.974,24.786],[74.965,24.694],[74.87,24.666],[74.807,24.736],[74.712,24.524],[74.847,24.436],[74.766,24.359],[74.759,24.257],[74.87,24.236],[74.893,24.134],[74.968,24.033],[74.908,23.897],[74.907,23.791],[74.939,23.687],[74.823,23.5],[74.648,23.431],[74.57,23.368],[74.536,23.251],[74.658,23.226],[74.716,23.179],[74.476,23.062],[74.323,23.036],[74.233,23.156],[74.109,23.191],[74.106,23.248],[73.96,23.359],[73.904,23.333],[73.812,23.435],[73.711,23.415],[73.619,23.452],[73.621,23.583],[73.362,23.784],[73.364,23.889],[73.424,23.941],[73.354,24.105],[73.246,24.016],[73.079,24.204],[73.137,24.336],[73.095,24.504],[73.0,24.493],[72.959,24.39],[72.897,24.361],[72.747,24.381],[72.668,24.461],[72.556,24.507],[72.501,24.496],[72.275,24.568],[72.262,24.608],[72.099,24.657],[72.051,24.708],[71.948,24.663],[71.751,24.678],[71.652,24.658],[71.546,24.688],[71.251,24.637],[71.048,24.688],[70.878,25.063]]]}},{"type":"Feature","properties":{"name":"Uttar Pradesh","admin":"India","iso_a2":"IN","postal":"UP"},"geometry":{"type":"Polygon","coordinates":[[[80.419,28.612],[80.479,28.605],[80.518,28.665],[80.587,28.65],[80.751,28.54],[81.169,28.335],[81.311,28.176],[81.853,27.867],[81.988,27.914],[82.451,27.672],[82.677,27.673],[82.733,27.519],[83.29,27.371],[83.447,27.465],[83.829,27.378],[83.942,27.222],[83.938,27.164],[84.023,27.06],[84.071,26.924],[84.149,26.876],[84.241,26.874],[84.246,26.757],[84.306,26.744],[84.383,26.642],[84.099,26.65],[84.054,26.565],[83.92,26.533],[83.955,26.454],[84.026,26.469],[84.178,26.404],[84.187,26.293],[83.993,26.241],[84.065,26.104],[84.15,26.066],[84.261,25.931],[84.374,25.94],[84.42,25.89],[84.532,25.862],[84.606,25.8],[84.601,25.747],[84.487,25.701],[84.373,25.765],[84.315,25.742],[84.324,25.659],[84.239,25.648],[84.213,25.728],[84.143,25.736],[83.904,25.529],[83.384,25.236],[83.334,25.173],[83.323,25.068],[83.36,25.009],[83.36,24.863],[83.509,24.762],[83.531,24.704],[83.523,24.53],[83.402,24.498],[83.454,24.362],[83.206,23.944],[83.089,23.911],[82.964,23.914],[82.801,23.999],[82.679,24.167],[82.733,24.214],[82.767,24.386],[82.734,24.42],[82.734,24.552],[82.808,24.566],[82.772,24.668],[82.692,24.72],[82.624,24.692],[82.427,24.719],[82.424,24.648],[82.303,24.638],[82.319,24.702],[81.881,24.922],[81.817,25.036],[81.585,25.08],[81.537,25.2],[81.361,25.157],[81.243,25.17],[81.239,25.098],[81.185,24.973],[81.098,24.909],[80.999,24.966],[80.893,24.984],[80.779,24.971],[80.859,25.188],[80.806,25.212],[80.718,25.082],[80.647,25.07],[80.58,25.148],[80.515,25.041],[80.458,25.015],[80.288,25.016],[80.265,25.064],[80.422,25.181],[80.395,25.247],[80.326,25.282],[80.284,25.414],[80.191,25.413],[80.125,25.351],[80.015,25.331],[79.852,25.248],[79.863,25.153],[79.661,25.148],[79.542,25.177],[79.468,25.104],[79.339,25.147],[79.425,25.257],[79.295,25.259],[79.269,25.164],[79.109,25.195],[79.024,25.175],[78.983,25.237],[78.885,25.266],[78.955,25.386],[78.919,25.505],[78.853,25.434],[78.749,25.426],[78.728,25.346],[78.597,25.414],[78.516,25.266],[78.61,25.136],[78.64,24.964],[78.732,24.815],[78.715,24.685],[78.75,24.63],[78.879,24.613],[78.955,24.393],[78.826,24.23],[78.747,24.279],[78.656,24.295],[78.489,24.411],[78.386,24.301],[78.33,24.342],[78.35,24.408],[78.278,24.453],[78.229,24.533],[78.265,24.583],[78.261,24.693],[78.169,24.865],[78.337,25.023],[78.366,25.186],[78.262,25.412],[78.33,25.465],[78.371,25.553],[78.558,25.576],[78.715,25.626],[78.754,25.674],[78.74,25.79],[78.808,25.842],[78.954,26.11],[78.963,26.278],[79.061,26.355],[79.028,26.498],[78.974,26.572],[78.936,26.694],[78.842,26.712],[78.693,26.798],[78.564,26.758],[78.371,26.851],[78.2,26.824],[78.223,26.937],[78.107,26.947],[77.977,26.904],[77.705,26.93],[77.511,26.833],[77.461,26.904],[77.628,26.973],[77.513,27.109],[77.591,27.131],[77.657,27.203],[77.606,27.324],[77.46,27.385],[77.346,27.542],[77.281,27.809],[77.424,27.891],[77.48,27.898],[77.526,27.974],[77.468,28.047],[77.529,28.253],[77.467,28.315],[77.497,28.393],[77.327,28.52],[77.338,28.626],[77.307,28.721],[77.227,28.784],[77.196,28.998],[77.141,29.13],[77.131,29.281],[77.15,29.403],[77.065,29.57],[77.088,29.659],[77.18,29.804],[77.23,29.977],[77.57,30.278],[77.585,30.383],[77.662,30.395],[77.751,30.326],[77.929,30.244],[77.746,29.977],[77.747,29.878],[77.831,29.66],[77.983,29.719],[78.107,29.655],[78.189,29.707],[78.155,29.925],[78.228,29.947],[78.381,29.762],[78.479,29.722],[78.643,29.538],[78.907,29.388],[78.722,29.284],[78.868,29.215],[78.95,29.127],[79.056,29.152],[79.296,28.972],[79.371,28.97],[79.444,28.85],[79.526,28.878],[79.699,28.85],[79.743,28.885],[79.841,28.855],[79.844,28.805],[80.001,28.737],[80.071,28.83],[80.419,28.612]]]}},{"type":"Feature","properties":{"name":"Uttarakhand","admin":"India","iso_a2":"IN","postal":"UT"},"geometry":{"type":"Polygon","coordinates":[[[80.908,30.172],[80.848,30.14],[80.549,29.9],[80.402,29.73],[80.255,29.423],[80.233,29.195],[80.13,29.1],[80.052,28.87],[80.071,28.83],[80.001,28.737],[79.844,28.805],[79.841,28.855],[79.743,28.885],[79.699,28.85],[79.526,28.878],[79.444,28.85],[79.371,28.97],[79.296,28.972],[79.056,29.152],[78.95,29.127],[78.868,29.215],[78.722,29.284],[78.907,29.388],[78.643,29.538],[78.479,29.722],[78.381,29.762],[78.228,29.947],[78.155,29.925],[78.189,29.707],[78.107,29.655],[77.983,29.719],[77.831,29.66],[77.747,29.878],[77.746,29.977],[77.929,30.244],[77.751,30.326],[77.662,30.395],[77.585,30.383],[77.813,30.521],[77.706,30.791],[77.789,30.931],[77.806,31.051],[77.941,31.173],[78.04,31.172],[78.284,31.29],[78.369,31.29],[78.501,31.22],[78.793,31.207],[78.87,31.122],[78.993,31.163],[78.869,31.315],[78.974,31.329],[79.011,31.414],[79.044,31.426],[79.107,31.403],[79.339,31.106],[79.493,30.994],[79.565,30.949],[79.795,30.968],[80.082,30.782],[80.149,30.79],[80.194,30.759],[80.191,30.568],[80.682,30.415],[80.985,30.237],[81.01,30.165],[80.908,30.172]]]}},{"type":"Feature","properties":{"name":"Jharkhand","admin":"India","iso_a2":"IN","postal":"JH"},"geometry":{"type":"Polygon","coordinates":[[[83.996,22.593],[84.191,22.701],[84.228,22.783],[84.352,22.886],[84.292,22.997],[84.115,22.999],[84.089,23.085],[84.029,23.146],[84.039,23.309],[84.015,23.383],[83.947,23.37],[83.952,23.475],[84.015,23.554],[83.991,23.632],[83.906,23.565],[83.781,23.586],[83.721,23.676],[83.735,23.738],[83.697,23.819],[83.557,23.936],[83.522,24.066],[83.442,24.122],[83.337,24.14],[83.454,24.362],[83.402,24.498],[83.523,24.53],[83.696,24.506],[83.788,24.537],[83.918,24.544],[84.044,24.624],[84.096,24.504],[84.305,24.531],[84.312,24.451],[84.472,24.307],[84.519,24.308],[84.588,24.394],[84.798,24.497],[84.889,24.373],[84.961,24.348],[85.281,24.487],[85.391,24.509],[85.526,24.502],[85.578,24.558],[85.662,24.569],[85.647,24.649],[85.746,24.77],[85.831,24.771],[85.912,24.698],[86.033,24.712],[86.098,24.69],[86.155,24.556],[86.29,24.552],[86.276,24.435],[86.439,24.34],[86.494,24.48],[86.586,24.561],[86.702,24.548],[86.755,24.588],[86.89,24.532],[86.925,24.614],[87.05,24.597],[87.119,24.851],[87.117,24.971],[87.186,25.062],[87.266,25.072],[87.292,25.174],[87.407,25.181],[87.523,25.324],[87.599,25.267],[87.726,25.252],[87.784,25.214],[87.781,25.09],[87.844,25.042],[87.877,24.939],[87.853,24.758],[87.895,24.67],[87.877,24.589],[87.791,24.562],[87.8,24.501],[87.721,24.318],[87.631,24.269],[87.662,24.186],[87.572,24.118],[87.487,24.124],[87.489,24.047],[87.338,24.002],[87.302,24.057],[87.241,23.851],[87.166,23.81],[87.08,23.815],[86.877,23.913],[86.81,23.818],[86.8,23.726],[86.459,23.639],[86.348,23.568],[86.336,23.508],[86.214,23.449],[86.121,23.501],[86.135,23.559],[86.056,23.603],[85.996,23.512],[85.829,23.483],[85.895,23.416],[85.83,23.261],[85.888,23.163],[86.02,23.153],[86.142,23.028],[86.45,23.004],[86.415,22.943],[86.399,22.785],[86.587,22.681],[86.611,22.604],[86.749,22.545],[86.718,22.469],[86.79,22.416],[86.78,22.287],[86.687,22.218],[86.487,22.337],[86.366,22.33],[86.268,22.422],[86.102,22.5],[86.04,22.557],[85.939,22.501],[85.987,22.394],[85.965,22.245],[85.974,22.105],[85.916,22.022],[85.834,21.986],[85.785,22.012],[85.792,22.129],[85.679,22.076],[85.425,22.164],[85.324,22.127],[85.232,22.035],[85.109,22.108],[84.985,22.113],[85.088,22.28],[85.1,22.394],[85.066,22.503],[84.908,22.422],[84.801,22.45],[84.734,22.427],[84.53,22.423],[84.421,22.331],[84.311,22.324],[84.148,22.387],[84.067,22.5],[83.97,22.539],[83.996,22.593]]]}},{"type":"Feature","properties":{"name":"West Bengal","admin":"India","iso_a2":"IN","postal":"WB"},"geometry":{"type":"Polygon","coordinates":[[[88.835,27.066],[88.858,26.961],[89.148,26.816],[89.332,26.849],[89.586,26.779],[89.609,26.762],[89.61,26.719],[89.86,26.714],[89.888,26.533],[89.829,26.328],[89.782,26.309],[89.727,26.206],[89.619,26.216],[89.586,26.186],[89.573,26.132],[89.591,26.072],[89.55,26.005],[89.467,25.984],[89.289,26.038],[89.186,26.106],[89.108,26.202],[89.102,26.308],[89.067,26.377],[89.019,26.41],[88.952,26.412],[88.924,26.375],[88.982,26.286],[88.97,26.251],[88.828,26.252],[88.683,26.292],[88.681,26.353],[88.62,26.431],[88.418,26.572],[88.37,26.564],[88.351,26.483],[88.437,26.437],[88.44,26.37],[88.151,26.087],[88.085,25.888],[88.147,25.811],[88.253,25.79],[88.363,25.698],[88.502,25.537],[88.593,25.495],[88.769,25.49],[88.82,25.366],[88.944,25.291],[88.952,25.259],[88.89,25.194],[88.817,25.176],[88.456,25.188],[88.373,24.962],[88.313,24.882],[88.15,24.915],[88.023,24.628],[88.145,24.486],[88.225,24.461],[88.287,24.48],[88.397,24.389],[88.499,24.347],[88.642,24.326],[88.724,24.275],[88.7,24.003],[88.567,23.674],[88.616,23.573],[88.741,23.437],[88.704,23.293],[88.724,23.255],[88.928,23.187],[88.851,23.041],[88.9,22.843],[88.921,22.632],[89.05,22.275],[89.028,21.937],[88.949,21.938],[89.02,21.834],[89.052,21.654],[88.907,21.653],[88.858,21.745],[88.834,21.661],[88.745,21.584],[88.695,21.662],[88.691,21.733],[88.74,22.005],[88.708,22.056],[88.66,22.067],[88.642,22.122],[88.567,21.832],[88.6,21.714],[88.585,21.66],[88.446,21.614],[88.288,21.758],[88.254,21.622],[88.122,21.636],[88.057,21.694],[88.181,22.033],[88.196,22.14],[87.994,22.266],[87.941,22.374],[87.962,22.255],[88.159,22.122],[88.051,22.001],[87.948,21.825],[87.824,21.727],[87.678,21.654],[87.479,21.608],[87.409,21.786],[87.275,21.814],[87.232,21.848],[87.191,21.956],[87.113,21.971],[87.059,21.907],[86.994,21.972],[86.987,22.067],[86.834,22.122],[86.687,22.218],[86.78,22.287],[86.79,22.416],[86.718,22.469],[86.749,22.545],[86.611,22.604],[86.587,22.681],[86.399,22.785],[86.415,22.943],[86.45,23.004],[86.142,23.028],[86.02,23.153],[85.888,23.163],[85.83,23.261],[85.895,23.416],[85.829,23.483],[85.996,23.512],[86.056,23.603],[86.135,23.559],[86.121,23.501],[86.214,23.449],[86.336,23.508],[86.348,23.568],[86.459,23.639],[86.8,23.726],[86.81,23.818],[86.877,23.913],[87.08,23.815],[87.166,23.81],[87.241,23.851],[87.302,24.057],[87.338,24.002],[87.489,24.047],[87.487,24.124],[87.572,24.118],[87.662,24.186],[87.631,24.269],[87.721,24.318],[87.8,24.501],[87.791,24.562],[87.877,24.589],[87.895,24.67],[87.853,24.758],[87.877,24.939],[87.844,25.042],[87.781,25.09],[87.784,25.214],[87.838,25.278],[87.768,25.436],[87.956,25.534],[88.043,25.547],[88.046,25.669],[87.805,25.874],[87.831,26.011],[87.979,26.146],[88.08,26.193],[88.18,26.286],[88.297,26.336],[88.282,26.428],[88.195,26.501],[88.094,26.537],[88.162,26.725],[88.157,26.807],[88.111,26.928],[87.993,27.086],[88.001,27.248],[88.118,27.138],[88.233,27.137],[88.357,27.085],[88.448,27.114],[88.518,27.176],[88.756,27.149],[88.835,27.066]]]}},{"type":"Feature","properties":{"name":"Bihar","admin":"India","iso_a2":"IN","postal":"BR"},"geometry":{"type":"Polygon","coordinates":[[[83.897,27.435],[84.091,27.491],[84.61,27.299],[84.655,27.204],[84.654,27.092],[84.685,27.041],[85.02,26.879],[85.125,26.861],[85.174,26.782],[85.24,26.75],[85.293,26.741],[85.568,26.84],[85.648,26.829],[85.7,26.782],[85.737,26.64],[85.795,26.604],[85.856,26.6],[86.007,26.649],[86.366,26.574],[86.701,26.435],[86.762,26.442],[87.016,26.555],[87.09,26.433],[87.287,26.36],[87.414,26.423],[87.633,26.399],[87.849,26.437],[87.995,26.382],[88.055,26.43],[88.094,26.537],[88.195,26.501],[88.282,26.428],[88.297,26.336],[88.18,26.286],[88.08,26.193],[87.979,26.146],[87.831,26.011],[87.805,25.874],[88.046,25.669],[88.043,25.547],[87.956,25.534],[87.768,25.436],[87.838,25.278],[87.784,25.214],[87.726,25.252],[87.599,25.267],[87.523,25.324],[87.407,25.181],[87.292,25.174],[87.266,25.072],[87.186,25.062],[87.117,24.971],[87.119,24.851],[87.05,24.597],[86.925,24.614],[86.89,24.532],[86.755,24.588],[86.702,24.548],[86.586,24.561],[86.494,24.48],[86.439,24.34],[86.276,24.435],[86.29,24.552],[86.155,24.556],[86.098,24.69],[86.033,24.712],[85.912,24.698],[85.831,24.771],[85.746,24.77],[85.647,24.649],[85.662,24.569],[85.578,24.558],[85.526,24.502],[85.391,24.509],[85.281,24.487],[84.961,24.348],[84.889,24.373],[84.798,24.497],[84.588,24.394],[84.519,24.308],[84.472,24.307],[84.312,24.451],[84.305,24.531],[84.096,24.504],[84.044,24.624],[83.918,24.544],[83.788,24.537],[83.696,24.506],[83.523,24.53],[83.531,24.704],[83.509,24.762],[83.36,24.863],[83.36,25.009],[83.323,25.068],[83.334,25.173],[83.384,25.236],[83.904,25.529],[84.143,25.736],[84.213,25.728],[84.239,25.648],[84.324,25.659],[84.315,25.742],[84.373,25.765],[84.487,25.701],[84.601,25.747],[84.606,25.8],[84.532,25.862],[84.42,25.89],[84.374,25.94],[84.261,25.931],[84.15,26.066],[84.065,26.104],[83.993,26.241],[84.187,26.293],[84.178,26.404],[84.026,26.469],[83.955,26.454],[83.92,26.533],[84.054,26.565],[84.099,26.65],[84.383,26.642],[84.306,26.744],[84.246,26.757],[84.241,26.874],[84.149,26.876],[84.071,26.924],[84.023,27.06],[83.938,27.164],[83.942,27.222],[83.829,27.378],[83.897,27.435]]]}},{"type":"Feature","properties":{"name":"Chhattisgarh","admin":"India","iso_a2":"IN","postal":"CT"},"geometry":{"type":"Polygon","coordinates":[[[80.275,18.777],[80.344,18.851],[80.272,18.979],[80.367,19.117],[80.397,19.234],[80.576,19.392],[80.617,19.319],[80.717,19.263],[80.832,19.345],[80.894,19.484],[80.831,19.547],[80.713,19.593],[80.676,19.677],[80.566,19.74],[80.538,19.811],[80.425,19.893],[80.531,19.921],[80.557,20.048],[80.531,20.135],[80.426,20.146],[80.424,20.234],[80.622,20.326],[80.622,20.601],[80.503,20.633],[80.573,20.698],[80.552,20.919],[80.481,20.932],[80.435,20.999],[80.485,21.168],[80.626,21.243],[80.721,21.473],[80.731,21.714],[80.805,21.774],[80.838,21.846],[80.835,21.951],[80.919,22.097],[80.987,22.108],[81.024,22.194],[81.119,22.295],[81.123,22.401],[81.178,22.478],[81.235,22.444],[81.373,22.493],[81.418,22.437],[81.54,22.52],[81.642,22.551],[81.67,22.609],[81.766,22.664],[81.789,22.853],[81.94,22.946],[81.946,23.043],[82.071,23.1],[82.129,23.096],[82.19,23.289],[82.098,23.372],[81.991,23.401],[81.907,23.505],[81.745,23.543],[81.644,23.482],[81.591,23.561],[81.686,23.69],[81.622,23.834],[81.682,23.885],[81.778,23.802],[81.937,23.841],[82.077,23.801],[82.532,23.775],[82.651,23.845],[82.658,23.885],[82.768,23.929],[82.801,23.999],[82.964,23.914],[83.089,23.911],[83.206,23.944],[83.337,24.14],[83.442,24.122],[83.522,24.066],[83.557,23.936],[83.697,23.819],[83.735,23.738],[83.721,23.676],[83.781,23.586],[83.906,23.565],[83.991,23.632],[84.015,23.554],[83.952,23.475],[83.947,23.37],[84.015,23.383],[84.039,23.309],[84.029,23.146],[84.089,23.085],[84.115,22.999],[84.292,22.997],[84.352,22.886],[84.228,22.783],[84.191,22.701],[83.996,22.593],[83.97,22.539],[83.996,22.441],[83.946,22.371],[83.841,22.349],[83.605,22.196],[83.546,22.102],[83.515,21.964],[83.571,21.923],[83.557,21.835],[83.473,21.807],[83.328,21.499],[83.381,21.4],[83.361,21.337],[83.279,21.359],[83.198,21.173],[83.078,21.115],[82.965,21.179],[82.668,21.155],[82.562,20.954],[82.454,20.847],[82.342,20.861],[82.367,20.657],[82.34,20.556],[82.422,20.428],[82.434,20.159],[82.416,20.067],[82.611,19.988],[82.695,20.001],[82.682,19.823],[82.381,19.886],[82.29,19.836],[82.228,19.959],[82.096,20.051],[82.046,20.018],[81.94,20.105],[81.868,20.047],[81.824,19.913],[82.029,19.776],[82.029,19.518],[82.169,19.387],[82.145,19.244],[82.225,19.015],[82.224,18.922],[82.169,18.879],[82.139,18.747],[81.969,18.686],[81.904,18.622],[81.913,18.545],[81.792,18.438],[81.741,18.358],[81.644,18.292],[81.543,18.262],[81.444,17.88],[81.394,17.807],[81.245,17.804],[81.148,17.837],[81.045,17.776],[80.986,17.84],[80.979,17.964],[80.938,18.086],[80.852,18.196],[80.772,18.233],[80.696,18.412],[80.503,18.6],[80.409,18.589],[80.32,18.642],[80.27,18.714],[80.275,18.777]]]}},{"type":"Feature","properties":{"name":"Madhya Pradesh","admin":"India","iso_a2":"IN","postal":"MP"},"geometry":{"type":"Polygon","coordinates":[[[80.626,21.326],[80.418,21.447],[80.31,21.58],[80.187,21.639],[80.005,21.548],[79.84,21.534],[79.798,21.588],[79.65,21.582],[79.552,21.55],[79.533,21.619],[79.413,21.69],[79.24,21.713],[79.216,21.655],[78.922,21.572],[78.904,21.509],[78.696,21.475],[78.514,21.527],[78.428,21.508],[78.413,21.606],[78.193,21.551],[78.029,21.438],[77.871,21.398],[77.788,21.423],[77.713,21.38],[77.578,21.384],[77.482,21.424],[77.433,21.499],[77.457,21.549],[77.555,21.542],[77.552,21.697],[77.461,21.77],[77.333,21.774],[77.219,21.701],[77.116,21.724],[76.794,21.577],[76.786,21.502],[76.73,21.413],[76.633,21.341],[76.654,21.251],[76.614,21.202],[76.498,21.18],[76.437,21.108],[76.287,21.075],[76.187,21.086],[76.109,21.153],[76.143,21.193],[76.083,21.368],[75.878,21.4],[75.535,21.372],[75.312,21.381],[75.13,21.438],[75.048,21.554],[74.894,21.612],[74.708,21.611],[74.512,21.727],[74.486,21.946],[74.408,22.023],[74.284,21.945],[74.205,21.925],[74.129,21.952],[74.142,22.063],[74.071,22.198],[74.056,22.294],[74.224,22.349],[74.222,22.409],[74.113,22.411],[74.026,22.48],[74.063,22.521],[74.161,22.517],[74.273,22.61],[74.376,22.651],[74.458,22.804],[74.427,22.872],[74.365,22.875],[74.323,23.036],[74.476,23.062],[74.716,23.179],[74.658,23.226],[74.536,23.251],[74.57,23.368],[74.648,23.431],[74.823,23.5],[74.939,23.687],[74.907,23.791],[74.908,23.897],[74.968,24.033],[74.893,24.134],[74.87,24.236],[74.759,24.257],[74.766,24.359],[74.847,24.436],[74.712,24.524],[74.807,24.736],[74.87,24.666],[74.965,24.694],[74.974,24.786],[74.838,24.797],[74.815,24.917],[74.876,24.919],[74.981,24.863],[75.084,24.889],[75.133,25.04],[75.235,25.04],[75.318,24.955],[75.172,24.763],[75.204,24.725],[75.448,24.703],[75.759,24.777],[75.869,24.599],[75.875,24.514],[75.792,24.494],[75.734,24.424],[75.795,24.252],[75.748,24.19],[75.805,24.119],[75.73,24.001],[75.622,23.995],[75.539,24.041],[75.49,23.94],[75.578,23.876],[75.597,23.818],[75.7,23.793],[75.776,23.883],[75.899,23.918],[75.998,23.984],[75.999,24.051],[76.117,24.134],[76.133,24.329],[76.23,24.278],[76.456,24.265],[76.543,24.215],[76.573,24.273],[76.767,24.16],[76.87,24.182],[76.892,24.241],[76.815,24.36],[76.806,24.556],[76.881,24.562],[76.943,24.5],[77.035,24.538],[77.037,24.67],[76.967,24.737],[76.848,24.76],[76.781,24.837],[76.883,24.897],[76.861,25.034],[77.187,25.128],[77.341,25.114],[77.399,25.212],[77.363,25.262],[77.359,25.407],[77.255,25.434],[77.202,25.356],[77.081,25.353],[76.913,25.309],[76.652,25.379],[76.551,25.46],[76.478,25.72],[76.546,25.848],[76.652,25.923],[76.727,25.916],[76.908,26.099],[77.082,26.185],[77.125,26.238],[77.21,26.242],[77.323,26.352],[77.431,26.374],[77.617,26.483],[77.715,26.506],[77.831,26.576],[77.903,26.664],[78.013,26.696],[78.079,26.683],[78.101,26.795],[78.371,26.851],[78.564,26.758],[78.693,26.798],[78.842,26.712],[78.936,26.694],[78.974,26.572],[79.028,26.498],[79.061,26.355],[78.963,26.278],[78.954,26.11],[78.808,25.842],[78.74,25.79],[78.754,25.674],[78.715,25.626],[78.558,25.576],[78.371,25.553],[78.33,25.465],[78.262,25.412],[78.366,25.186],[78.337,25.023],[78.169,24.865],[78.261,24.693],[78.265,24.583],[78.229,24.533],[78.278,24.453],[78.35,24.408],[78.33,24.342],[78.386,24.301],[78.489,24.411],[78.656,24.295],[78.747,24.279],[78.826,24.23],[78.955,24.393],[78.879,24.613],[78.75,24.63],[78.715,24.685],[78.732,24.815],[78.64,24.964],[78.61,25.136],[78.516,25.266],[78.597,25.414],[78.728,25.346],[78.749,25.426],[78.853,25.434],[78.919,25.505],[78.955,25.386],[78.885,25.266],[78.983,25.237],[79.024,25.175],[79.109,25.195],[79.269,25.164],[79.295,25.259],[79.425,25.257],[79.339,25.147],[79.468,25.104],[79.542,25.177],[79.661,25.148],[79.863,25.153],[79.852,25.248],[80.015,25.331],[80.125,25.351],[80.191,25.413],[80.284,25.414],[80.326,25.282],[80.395,25.247],[80.422,25.181],[80.265,25.064],[80.288,25.016],[80.458,25.015],[80.515,25.041],[80.58,25.148],[80.647,25.07],[80.718,25.082],[80.806,25.212],[80.859,25.188],[80.779,24.971],[80.893,24.984],[80.999,24.966],[81.098,24.909],[81.185,24.973],[81.239,25.098],[81.243,25.17],[81.361,25.157],[81.537,25.2],[81.585,25.08],[81.817,25.036],[81.881,24.922],[82.319,24.702],[82.303,24.638],[82.424,24.648],[82.427,24.719],[82.624,24.692],[82.692,24.72],[82.772,24.668],[82.808,24.566],[82.734,24.552],[82.734,24.42],[82.767,24.386],[82.733,24.214],[82.679,24.167],[82.801,23.999],[82.768,23.929],[82.658,23.885],[82.651,23.845],[82.532,23.775],[82.077,23.801],[81.937,23.841],[81.778,23.802],[81.682,23.885],[81.622,23.834],[81.686,23.69],[81.591,23.561],[81.644,23.482],[81.745,23.543],[81.907,23.505],[81.991,23.401],[82.098,23.372],[82.19,23.289],[82.129,23.096],[82.071,23.1],[81.946,23.043],[81.94,22.946],[81.789,22.853],[81.766,22.664],[81.67,22.609],[81.642,22.551],[81.54,22.52],[81.418,22.437],[81.373,22.493],[81.235,22.444],[81.178,22.478],[81.123,22.401],[81.119,22.295],[81.024,22.194],[80.987,22.108],[80.919,22.097],[80.835,21.951],[80.838,21.846],[80.805,21.774],[80.731,21.714],[80.721,21.473],[80.679,21.351],[80.626,21.326]]]}},{"type":"Feature","properties":{"name":"Puducherry","admin":"India","iso_a2":"IN","postal":"PY"},"geometry":{"type":"MultiPolygon","coordinates":[[[[79.813,11.832],[79.727,11.842],[79.686,12.0],[79.791,11.917],[79.848,11.954],[79.813,11.832]]],[[[79.85,10.769],[79.767,10.889],[79.705,10.91],[79.737,10.986],[79.849,10.98],[79.85,10.769]]]]}},{"type":"Feature","properties":{"name":"Tamil Nadu","admin":"India","iso_a2":"IN","postal":"TN"},"geometry":{"type":"Polygon","coordinates":[[[79.838,10.323],[79.667,10.3],[79.532,10.33],[79.391,10.306],[79.315,10.257],[79.254,10.175],[79.258,10.035],[78.996,9.683],[78.94,9.566],[78.919,9.453],[79.02,9.333],[79.275,9.285],[79.356,9.252],[79.411,9.192],[79.213,9.256],[78.98,9.269],[78.421,9.105],[78.275,8.99],[78.192,8.891],[78.136,8.663],[78.126,8.511],[78.06,8.385],[77.77,8.19],[77.587,8.13],[77.518,8.078],[77.301,8.145],[77.11,8.284],[77.166,8.337],[77.279,8.526],[77.204,8.612],[77.179,8.695],[77.235,8.784],[77.249,8.859],[77.203,8.894],[77.165,9.001],[77.255,9.122],[77.399,9.5],[77.341,9.58],[77.263,9.557],[77.188,9.613],[77.235,9.765],[77.226,9.859],[77.26,9.962],[77.224,10.058],[77.277,10.21],[77.191,10.351],[77.065,10.296],[76.986,10.231],[76.928,10.236],[76.842,10.311],[76.809,10.437],[76.821,10.633],[76.876,10.678],[76.89,10.78],[76.82,10.876],[76.69,10.933],[76.719,11.139],[76.641,11.209],[76.466,11.205],[76.534,11.313],[76.495,11.385],[76.409,11.437],[76.256,11.478],[76.241,11.604],[76.339,11.591],[76.465,11.715],[76.532,11.709],[76.605,11.631],[76.821,11.626],[76.908,11.8],[76.997,11.826],[77.083,11.757],[77.122,11.793],[77.259,11.817],[77.354,11.784],[77.434,11.812],[77.49,11.926],[77.671,11.971],[77.769,12.12],[77.668,12.204],[77.492,12.205],[77.472,12.274],[77.561,12.34],[77.619,12.467],[77.569,12.56],[77.609,12.673],[77.765,12.719],[77.801,12.857],[77.895,12.873],[78.002,12.807],[78.056,12.846],[78.23,12.76],[78.353,12.642],[78.419,12.633],[78.583,12.778],[78.645,12.992],[78.736,13.061],[78.944,13.093],[79.078,13.036],[79.162,13.045],[79.251,13.148],[79.315,13.132],[79.42,13.22],[79.45,13.331],[79.544,13.324],[79.572,13.284],[79.668,13.291],[79.697,13.236],[79.785,13.224],[79.816,13.295],[79.957,13.366],[79.962,13.417],[80.098,13.464],[80.231,13.468],[80.29,13.437],[80.342,13.361],[80.229,12.69],[80.143,12.452],[79.982,12.235],[79.848,11.954],[79.791,11.917],[79.686,12.0],[79.727,11.842],[79.813,11.832],[79.754,11.575],[79.793,11.447],[79.693,11.313],[79.799,11.339],[79.849,11.197],[79.849,10.98],[79.737,10.986],[79.705,10.91],[79.767,10.889],[79.85,10.769],[79.838,10.323]]]}},{"type":"Feature","properties":{"name":"Gujarat","admin":"India","iso_a2":"IN"},"geometry":{"type":"Polygon","coordinates":[[[71.251,24.637],[71.546,24.688],[71.652,24.658],[71.751,24.678],[71.948,24.663],[72.051,24.708],[72.099,24.657],[72.262,24.608],[72.275,24.568],[72.501,24.496],[72.556,24.507],[72.668,24.461],[72.747,24.381],[72.897,24.361],[72.959,24.39],[73.0,24.493],[73.095,24.504],[73.137,24.336],[73.079,24.204],[73.246,24.016],[73.354,24.105],[73.424,23.941],[73.364,23.889],[73.362,23.784],[73.621,23.583],[73.619,23.452],[73.711,23.415],[73.812,23.435],[73.904,23.333],[73.96,23.359],[74.106,23.248],[74.109,23.191],[74.233,23.156],[74.323,23.036],[74.365,22.875],[74.427,22.872],[74.458,22.804],[74.376,22.651],[74.273,22.61],[74.161,22.517],[74.063,22.521],[74.026,22.48],[74.113,22.411],[74.222,22.409],[74.224,22.349],[74.056,22.294],[74.071,22.198],[74.142,22.063],[74.129,21.952],[73.809,21.836],[73.829,21.651],[73.752,21.611],[73.821,21.508],[73.996,21.555],[74.192,21.546],[74.292,21.514],[74.109,21.452],[74.053,21.466],[73.96,21.394],[73.919,21.292],[73.8,21.281],[73.777,21.217],[73.695,21.123],[73.868,20.975],[73.903,20.884],[73.909,20.776],[73.811,20.677],[73.792,20.606],[73.7,20.562],[73.476,20.679],[73.404,20.67],[73.459,20.538],[73.361,20.369],[73.394,20.27],[73.364,20.178],[73.272,20.193],[73.243,20.139],[73.166,20.115],[73.042,20.158],[73.047,20.221],[73.112,20.255],[73.05,20.33],[72.897,20.222],[72.947,20.127],[72.709,20.078],[72.881,20.563],[72.894,20.673],[72.814,21.117],[72.752,21.129],[72.692,21.178],[72.624,21.372],[72.735,21.471],[72.613,21.462],[72.811,21.62],[73.113,21.75],[72.84,21.687],[72.543,21.697],[72.592,21.878],[72.7,21.972],[72.522,21.976],[72.553,22.16],[72.628,22.2],[72.809,22.233],[72.59,22.278],[72.456,22.248],[72.183,22.27],[72.306,22.189],[72.274,22.09],[72.244,22.028],[72.094,21.92],[72.037,21.823],[72.171,21.774],[72.21,21.728],[72.257,21.661],[72.254,21.531],[72.077,21.224],[72.015,21.156],[71.571,20.971],[71.396,20.87],[71.025,20.739],[70.88,20.715],[70.719,20.74],[70.485,20.84],[70.127,21.095],[69.748,21.506],[69.192,21.992],[69.009,22.197],[68.97,22.29],[68.983,22.385],[69.052,22.437],[69.131,22.416],[69.194,22.336],[69.277,22.285],[69.549,22.408],[69.655,22.404],[69.728,22.465],[69.819,22.452],[70.006,22.548],[70.177,22.573],[70.44,22.97],[70.513,23.002],[70.489,23.09],[70.435,23.077],[70.339,22.94],[70.251,22.971],[70.118,22.947],[69.85,22.856],[69.74,22.775],[69.665,22.759],[69.236,22.849],[68.817,23.054],[68.641,23.19],[68.417,23.571],[68.454,23.629],[68.777,23.852],[68.497,23.748],[68.343,23.617],[68.235,23.597],[68.165,23.857],[68.283,23.928],[68.381,23.951],[68.724,23.965],[68.728,24.266],[68.759,24.307],[68.8,24.309],[68.828,24.264],[68.901,24.292],[69.12,24.269],[69.559,24.273],[69.716,24.173],[69.934,24.171],[70.021,24.192],[70.098,24.287],[70.547,24.418],[70.579,24.279],[70.659,24.246],[70.767,24.245],[70.886,24.344],[70.983,24.361],[71.044,24.4],[71.045,24.43],[70.973,24.487],[70.97,24.572],[70.976,24.619],[71.048,24.688],[71.251,24.637]]]}},{"type":"Feature","properties":{"name":"Arunachal Pradesh","admin":"India","iso_a2":"IN","postal":"AR"},"geometry":{"type":"Polygon","coordinates":[[[91.978,27.73],[92.101,27.808],[92.251,27.841],[92.415,27.825],[92.547,27.879],[92.664,27.949],[92.688,27.989],[92.687,28.026],[92.643,28.062],[92.702,28.147],[93.035,28.328],[93.119,28.402],[93.207,28.591],[93.252,28.629],[93.665,28.69],[93.761,28.73],[93.974,28.861],[94.013,28.908],[94.018,28.96],[94.112,28.976],[94.293,29.145],[94.468,29.216],[94.623,29.312],[94.733,29.252],[94.769,29.176],[94.999,29.149],[95.279,29.05],[95.389,29.037],[95.517,29.151],[95.516,29.206],[95.71,29.314],[96.035,29.447],[96.128,29.381],[96.195,29.272],[96.235,29.246],[96.356,29.249],[96.34,29.21],[96.122,29.082],[96.137,28.923],[96.162,28.91],[96.347,29.027],[96.436,29.051],[96.467,29.022],[96.477,28.959],[96.581,28.764],[96.396,28.607],[96.327,28.525],[96.326,28.469],[96.281,28.412],[96.389,28.368],[96.428,28.406],[96.603,28.46],[96.776,28.367],[96.981,28.338],[97.075,28.369],[97.323,28.218],[97.303,28.086],[97.344,27.982],[97.306,27.907],[97.226,27.89],[96.963,27.698],[96.9,27.644],[96.877,27.587],[96.902,27.44],[97.104,27.163],[97.102,27.115],[97.038,27.102],[96.953,27.133],[96.88,27.178],[96.798,27.296],[96.732,27.332],[96.666,27.339],[96.191,27.261],[96.061,27.217],[95.905,27.047],[95.464,26.756],[95.246,26.655],[95.235,26.791],[95.202,26.867],[95.225,26.974],[95.176,27.033],[95.261,27.049],[95.424,27.141],[95.493,27.25],[95.546,27.274],[95.644,27.23],[95.8,27.286],[95.904,27.276],[96.007,27.365],[95.978,27.45],[95.88,27.463],[95.887,27.557],[95.804,27.619],[95.776,27.717],[95.901,27.865],[95.964,27.993],[95.717,27.99],[95.544,27.902],[95.408,27.871],[95.313,27.896],[94.475,27.594],[94.353,27.593],[94.243,27.648],[94.243,27.526],[93.847,27.199],[93.827,27.096],[93.695,27.006],[93.461,26.947],[93.375,26.989],[93.02,26.953],[92.815,27.051],[92.699,27.066],[92.626,27.018],[92.21,26.912],[92.073,26.921],[92.068,26.975],[91.992,27.1],[92.083,27.291],[92.045,27.365],[91.991,27.45],[91.743,27.443],[91.658,27.494],[91.595,27.558],[91.579,27.611],[91.632,27.76],[91.978,27.73]]]}},{"type":"Feature","properties":{"name":"Mizoram","admin":"India","iso_a2":"IN","postal":"MZ"},"geometry":{"type":"Polygon","coordinates":[[[93.415,23.682],[93.391,23.339],[93.349,23.085],[93.308,23.03],[93.253,23.015],[93.164,23.032],[93.163,22.908],[93.079,22.718],[93.162,22.36],[93.151,22.231],[93.043,22.184],[92.965,22.004],[92.909,21.989],[92.854,22.01],[92.771,22.105],[92.689,22.131],[92.63,22.011],[92.575,21.978],[92.491,22.685],[92.362,22.929],[92.334,23.324],[92.246,23.684],[92.271,23.829],[92.319,23.851],[92.325,24.188],[92.298,24.238],[92.416,24.239],[92.489,24.133],[92.624,24.239],[92.631,24.295],[92.701,24.362],[92.746,24.471],[92.829,24.377],[93.018,24.399],[92.995,24.095],[93.106,24.045],[93.249,24.057],[93.312,24.033],[93.415,23.682]]]}},{"type":"Feature","properties":{"name":"Tripura","admin":"India","iso_a2":"IN","postal":"TR"},"geometry":{"type":"Polygon","coordinates":[[[92.187,23.676],[92.152,23.722],[92.044,23.678],[91.93,23.686],[91.938,23.505],[91.79,23.361],[91.754,23.287],[91.774,23.106],[91.695,23.005],[91.62,22.98],[91.554,22.992],[91.511,23.034],[91.436,23.2],[91.399,23.214],[91.371,23.198],[91.369,23.075],[91.315,23.104],[91.254,23.374],[91.166,23.581],[91.16,23.661],[91.232,23.92],[91.336,24.019],[91.367,24.094],[91.526,24.091],[91.669,24.19],[91.727,24.205],[91.773,24.211],[91.846,24.175],[91.877,24.195],[91.952,24.357],[92.064,24.374],[92.102,24.408],[92.139,24.545],[92.222,24.5],[92.258,24.396],[92.22,24.264],[92.298,24.238],[92.325,24.188],[92.319,23.851],[92.271,23.829],[92.246,23.684],[92.187,23.676]]]}},{"type":"Feature","properties":{"name":"Tomsk","admin":"Russia","iso_a2":"RU","postal":"TO"},"geometry":{"type":"Polygon","coordinates":[[[88.552,56.787],[88.419,56.829],[87.779,56.548],[87.62,56.64],[87.397,56.616],[87.167,56.676],[87.13,56.54],[86.913,56.556],[86.707,56.632],[86.532,56.569],[86.394,56.549],[86.313,56.627],[86.217,56.624],[86.112,56.497],[85.784,56.406],[85.791,56.361],[85.606,56.324],[85.688,56.239],[85.379,56.213],[85.254,56.245],[85.121,56.216],[85.009,56.133],[84.893,56.17],[84.41,56.044],[84.329,55.988],[84.197,56.055],[83.951,56.005],[83.91,55.913],[83.783,55.882],[83.568,55.693],[83.403,55.735],[83.316,55.692],[83.223,55.737],[83.293,55.851],[83.407,55.893],[83.353,55.969],[83.128,56.132],[83.214,56.212],[83.137,56.276],[83.154,56.382],[83.252,56.456],[83.096,56.549],[82.996,56.508],[82.856,56.533],[82.828,56.441],[82.427,56.394],[82.342,56.356],[81.944,56.339],[81.557,56.258],[81.426,56.373],[81.215,56.508],[81.122,56.533],[80.31,56.439],[80.249,56.455],[79.59,56.929],[78.448,57.122],[78.444,57.161],[76.919,57.188],[76.109,57.25],[75.992,57.385],[75.859,57.399],[75.727,57.599],[75.581,57.675],[75.543,57.941],[75.093,58.11],[75.222,58.222],[75.08,58.354],[75.304,58.451],[75.303,58.487],[75.105,58.581],[75.159,58.65],[75.642,58.982],[75.687,59.04],[75.628,59.238],[75.843,59.323],[75.895,59.426],[76.007,59.428],[76.172,59.543],[76.44,59.545],[76.645,59.585],[76.656,59.693],[76.741,59.758],[76.758,60.057],[76.699,60.117],[76.848,60.266],[76.749,60.347],[76.78,60.452],[77.013,60.527],[77.054,60.578],[76.97,60.649],[77.068,60.726],[77.136,60.856],[77.408,60.811],[77.702,60.825],[77.941,60.749],[78.164,60.803],[78.474,60.777],[78.675,60.828],[78.806,60.78],[79.169,60.837],[79.314,60.792],[79.285,60.726],[79.36,60.664],[79.853,60.692],[80.165,60.664],[80.414,60.761],[80.723,60.797],[81.017,60.757],[81.141,60.637],[81.498,60.615],[81.83,60.645],[82.139,60.532],[82.362,60.601],[82.407,60.723],[83.144,61.028],[83.504,61.047],[83.997,60.826],[84.26,60.856],[84.708,60.459],[84.781,60.356],[84.632,60.206],[84.611,60.059],[84.531,59.975],[84.692,59.905],[85.496,59.892],[85.968,59.956],[86.625,59.95],[87.084,59.883],[87.214,59.685],[87.492,59.674],[87.554,59.641],[87.878,59.289],[87.936,59.266],[88.586,59.299],[88.62,59.199],[88.826,59.035],[88.797,59.01],[88.383,58.909],[87.932,58.526],[87.918,58.5],[88.014,58.268],[88.156,58.107],[88.687,58.037],[88.851,57.961],[89.328,57.95],[89.391,57.878],[89.354,57.796],[89.38,57.637],[89.167,57.616],[89.077,57.515],[88.861,57.432],[88.739,57.233],[88.648,57.212],[88.53,57.096],[88.721,57.055],[88.624,56.833],[88.552,56.787]]]}},{"type":"Feature","properties":{"name":"Adygey","admin":"Russia","iso_a2":"RU","postal":"AD"},"geometry":{"type":"Polygon","coordinates":[[[39.964,45.075],[40.174,45.11],[40.416,45.0],[40.528,44.915],[40.625,44.767],[40.554,44.72],[40.394,44.725],[40.327,44.564],[40.406,44.499],[40.408,44.343],[40.437,44.284],[40.366,44.198],[40.383,44.033],[40.455,43.981],[40.336,43.769],[40.279,43.751],[39.931,43.898],[39.73,43.918],[39.754,44.061],[39.718,44.118],[39.8,44.19],[39.905,44.077],[39.988,44.078],[40.078,44.244],[39.971,44.256],[39.908,44.325],[39.793,44.357],[39.874,44.473],[39.915,44.583],[39.915,44.699],[40.02,44.724],[39.884,45.007],[39.75,44.935],[39.639,45.034],[39.495,45.031],[39.489,44.967],[39.632,44.858],[39.553,44.807],[39.064,44.81],[38.76,44.939],[38.728,45.012],[38.921,45.017],[39.042,44.966],[39.324,45.001],[39.54,45.156],[39.642,45.193],[39.752,45.127],[39.964,45.075]]]}},{"type":"Feature","properties":{"name":"Karachay-Cherkess","admin":"Russia","iso_a2":"RU","postal":"KC"},"geometry":{"type":"Polygon","coordinates":[[[42.05,43.19],[41.581,43.219],[41.358,43.333],[40.942,43.418],[40.689,43.52],[40.723,43.631],[40.724,43.81],[40.782,43.927],[40.951,43.989],[40.985,44.116],[41.256,44.081],[41.282,44.012],[41.449,43.994],[41.538,44.085],[41.633,44.122],[41.711,44.243],[41.704,44.308],[41.602,44.367],[41.729,44.459],[41.905,44.495],[41.945,44.403],[42.038,44.364],[42.499,44.299],[42.555,44.245],[42.303,44.129],[42.306,44.058],[42.378,43.971],[42.497,44.03],[42.66,43.917],[42.683,43.807],[42.671,43.696],[42.46,43.615],[42.479,43.5],[42.405,43.395],[42.404,43.284],[42.362,43.226],[42.05,43.19]]]}},{"type":"Feature","properties":{"name":"Ingush","admin":"Russia","iso_a2":"RU","postal":"IN"},"geometry":{"type":"Polygon","coordinates":[[[44.871,42.756],[44.771,42.617],[44.644,42.735],[44.628,42.883],[44.852,42.836],[44.937,42.92],[44.915,43.071],[44.818,43.163],[44.713,43.218],[44.575,43.24],[44.572,43.392],[44.499,43.392],[44.522,43.564],[44.616,43.61],[44.768,43.62],[45.047,43.494],[45.121,43.204],[45.169,43.127],[45.137,43.075],[45.161,42.946],[45.137,42.835],[45.172,42.792],[45.077,42.693],[44.871,42.756]]]}},{"type":"Feature","properties":{"name":"Kabardin-Balkar","admin":"Russia","iso_a2":"RU","postal":"KB"},"geometry":{"type":"Polygon","coordinates":[[[43.089,42.989],[43.0,43.05],[42.992,43.091],[42.89,43.133],[42.761,43.17],[42.566,43.155],[42.419,43.224],[42.362,43.226],[42.404,43.284],[42.405,43.395],[42.479,43.5],[42.46,43.615],[42.671,43.696],[42.683,43.807],[42.852,43.817],[42.975,43.891],[43.111,43.896],[43.175,43.948],[43.266,43.91],[43.3,43.824],[43.502,43.867],[43.729,43.839],[43.803,43.941],[43.906,43.994],[44.259,43.925],[44.328,43.664],[44.433,43.654],[44.38,43.49],[44.181,43.357],[44.108,43.431],[44.036,43.365],[44.084,43.274],[43.898,43.254],[43.848,43.31],[43.735,43.11],[43.566,42.939],[43.437,42.95],[43.386,42.887],[43.089,42.989]]]}},{"type":"Feature","properties":{"name":"North Ossetia","admin":"Russia","iso_a2":"RU","postal":"NO"},"geometry":{"type":"Polygon","coordinates":[[[44.506,42.749],[43.957,42.567],[43.826,42.572],[43.738,42.617],[43.795,42.703],[43.783,42.747],[43.558,42.844],[43.386,42.887],[43.437,42.95],[43.566,42.939],[43.735,43.11],[43.848,43.31],[43.898,43.254],[44.084,43.274],[44.036,43.365],[44.108,43.431],[44.181,43.357],[44.38,43.49],[44.433,43.654],[44.328,43.664],[44.285,43.819],[44.399,43.795],[44.694,43.83],[44.803,43.802],[44.839,43.584],[44.768,43.62],[44.616,43.61],[44.522,43.564],[44.499,43.392],[44.572,43.392],[44.575,43.24],[44.713,43.218],[44.818,43.163],[44.915,43.071],[44.937,42.92],[44.852,42.836],[44.628,42.883],[44.644,42.735],[44.506,42.749]]]}},{"type":"Feature","properties":{"name":"Stavropol'","admin":"Russia","iso_a2":"RU","postal":"ST"},"geometry":{"type":"Polygon","coordinates":[[[42.15,45.949],[42.177,46.099],[42.34,46.107],[42.317,45.981],[42.533,45.998],[42.671,46.088],[42.835,46.156],[42.905,46.24],[42.991,46.18],[43.237,46.112],[43.393,46.016],[43.878,45.945],[44.097,45.774],[44.148,45.653],[44.207,45.61],[44.421,45.527],[44.706,45.506],[45.586,45.158],[45.712,45.014],[45.706,44.976],[45.621,44.899],[45.614,44.766],[45.435,44.617],[45.271,44.591],[45.237,44.46],[45.398,44.444],[45.444,44.402],[45.404,44.318],[45.131,44.268],[45.124,44.202],[45.506,44.19],[45.509,44.015],[45.459,44.0],[45.432,43.879],[45.237,43.88],[45.19,43.952],[45.083,43.953],[45.08,43.788],[45.0,43.705],[44.839,43.661],[44.803,43.802],[44.694,43.83],[44.399,43.795],[44.285,43.819],[44.259,43.925],[43.906,43.994],[43.803,43.941],[43.729,43.839],[43.502,43.867],[43.3,43.824],[43.266,43.91],[43.175,43.948],[43.111,43.896],[42.975,43.891],[42.852,43.817],[42.683,43.807],[42.66,43.917],[42.497,44.03],[42.378,43.971],[42.306,44.058],[42.303,44.129],[42.555,44.245],[42.499,44.299],[42.038,44.364],[41.945,44.403],[41.905,44.495],[41.729,44.459],[41.702,44.501],[41.567,44.546],[41.417,44.708],[41.538,44.736],[41.651,44.897],[41.642,44.981],[41.469,44.987],[41.347,45.122],[41.36,45.212],[41.038,45.218],[41.008,45.385],[40.925,45.43],[40.841,45.539],[40.87,45.696],[41.172,45.702],[41.274,45.754],[41.261,45.872],[41.162,45.954],[41.375,45.947],[41.42,45.995],[41.658,45.976],[41.713,45.996],[42.15,45.949]]]}},{"type":"Feature","properties":{"name":"Chukchi Autonomous Okrug","admin":"Russia","iso_a2":"RU","postal":"CK"},"geometry":{"type":"MultiPolygon","coordinates":[[[[163.201,69.715],[163.498,69.693],[163.946,69.735],[164.16,69.719],[164.513,69.609],[165.761,69.584],[165.98,69.546],[166.884,69.5],[167.628,69.74],[167.857,69.728],[167.95,69.699],[168.15,69.577],[168.303,69.271],[169.311,69.08],[169.415,68.92],[169.61,68.786],[170.066,68.799],[170.538,68.825],[170.995,69.045],[170.997,69.135],[170.884,69.264],[170.714,69.388],[170.582,69.583],[170.161,69.627],[170.201,69.683],[170.36,69.751],[170.503,69.857],[170.525,69.938],[170.487,70.108],[170.868,70.096],[172.56,69.968],[173.277,69.824],[173.353,69.924],[173.439,69.947],[173.948,69.874],[174.319,69.882],[174.786,69.856],[175.921,69.895],[176.924,69.646],[177.395,69.612],[177.934,69.496],[178.443,69.453],[178.848,69.387],[178.907,69.362],[178.951,69.296],[179.273,69.26],[179.868,69.013],[180.0,68.983],[180.0,65.067],[179.827,65.034],[179.448,64.822],[179.15,64.782],[178.698,64.631],[178.52,64.603],[178.285,64.672],[177.749,64.717],[177.582,64.778],[177.337,64.931],[177.252,64.954],[177.179,65.014],[176.881,65.082],[176.625,65.038],[176.413,65.071],[176.341,65.047],[176.646,65.007],[177.037,65.0],[177.223,64.862],[177.148,64.805],[177.069,64.787],[176.831,64.849],[176.429,64.855],[176.061,64.961],[175.781,64.844],[175.396,64.784],[175.098,64.777],[174.549,64.684],[174.699,64.681],[175.097,64.747],[175.678,64.782],[176.057,64.905],[176.169,64.885],[176.247,64.843],[176.351,64.705],[176.141,64.586],[176.508,64.682],[176.731,64.625],[176.843,64.634],[177.05,64.719],[177.388,64.774],[177.427,64.763],[177.467,64.737],[177.41,64.573],[177.433,64.444],[177.688,64.305],[177.953,64.222],[178.045,64.22],[178.131,64.235],[178.164,64.309],[178.229,64.364],[178.381,64.261],[178.477,64.128],[178.451,64.011],[178.536,63.976],[178.65,63.965],[178.731,63.667],[178.44,63.606],[178.466,63.574],[178.654,63.557],[178.706,63.522],[178.669,63.44],[178.679,63.402],[178.744,63.395],[178.787,63.442],[178.775,63.51],[178.793,63.54],[178.919,63.4],[178.921,63.345],[179.028,63.282],[179.332,63.19],[179.389,63.147],[179.405,63.078],[179.26,63.008],[179.302,62.94],[179.381,62.884],[179.511,62.863],[179.571,62.773],[179.571,62.688],[179.477,62.613],[179.177,62.469],[179.121,62.32],[178.019,62.547],[177.293,62.599],[177.296,62.644],[177.36,62.737],[177.339,62.781],[177.298,62.784],[177.259,62.75],[177.173,62.75],[177.091,62.79],[177.024,62.777],[176.963,62.693],[176.965,62.659],[177.008,62.627],[177.19,62.592],[177.159,62.561],[176.703,62.506],[176.437,62.411],[176.328,62.346],[175.268,62.102],[175.192,62.034],[174.798,61.939],[174.715,61.948],[174.514,61.824],[174.454,61.822],[174.468,61.979],[174.344,62.05],[174.117,62.074],[174.112,62.189],[174.015,62.269],[174.093,62.34],[174.08,62.447],[173.872,62.441],[173.798,62.518],[173.504,62.534],[172.853,62.331],[172.705,62.402],[172.417,62.432],[172.319,62.404],[172.055,62.467],[171.47,62.312],[171.218,62.369],[170.901,62.279],[170.382,62.311],[170.262,62.285],[170.159,62.342],[170.086,62.492],[169.986,62.545],[170.01,62.677],[169.842,62.655],[169.657,62.709],[169.514,62.814],[169.127,62.973],[168.939,62.944],[168.51,63.054],[168.544,63.126],[168.796,63.303],[169.099,63.44],[169.205,63.516],[169.509,63.584],[169.582,63.643],[169.549,63.811],[169.364,63.88],[169.344,63.95],[169.079,63.959],[168.874,64.021],[168.778,64.185],[168.638,64.211],[168.499,64.317],[168.198,64.339],[168.026,64.286],[167.815,64.351],[167.714,64.341],[167.498,64.481],[167.414,64.482],[167.237,64.624],[167.0,64.55],[166.807,64.533],[166.406,64.601],[166.199,64.609],[166.035,64.559],[165.743,64.679],[165.684,64.754],[165.481,64.743],[165.329,64.775],[165.263,64.851],[165.02,64.837],[165.004,64.69],[164.882,64.686],[164.798,64.772],[164.216,64.925],[163.873,64.865],[163.52,64.931],[163.345,64.818],[163.137,64.77],[163.117,64.693],[162.997,64.649],[162.736,64.661],[162.608,64.734],[162.293,64.742],[161.784,64.838],[161.645,65.013],[161.417,65.069],[161.281,65.141],[161.01,65.17],[160.688,65.149],[160.537,65.162],[160.418,65.251],[160.174,65.376],[160.17,65.451],[159.997,65.523],[159.834,65.529],[159.377,65.658],[158.922,65.743],[158.934,65.903],[159.052,66.048],[159.203,66.164],[159.166,66.234],[158.776,66.284],[158.529,66.359],[158.368,66.459],[158.47,66.488],[158.637,66.619],[158.716,66.731],[158.905,66.803],[158.703,67.055],[158.299,67.148],[157.958,67.258],[157.793,67.358],[157.876,67.413],[157.692,67.545],[157.806,67.705],[158.329,67.754],[158.27,67.823],[158.093,67.84],[158.277,68.076],[158.633,68.142],[158.934,68.144],[159.111,68.191],[159.693,68.239],[159.85,68.277],[160.997,68.301],[161.226,68.384],[161.406,68.412],[161.711,68.373],[162.178,68.355],[162.418,68.309],[162.535,68.363],[162.581,68.501],[162.723,68.605],[162.606,68.714],[162.594,68.796],[162.755,68.802],[162.847,68.869],[162.554,68.991],[162.524,69.118],[162.774,69.203],[162.521,69.325],[162.315,69.547],[162.408,69.651],[163.201,69.715]]],[[[179.648,70.899],[179.153,70.88],[178.793,70.822],[178.628,71.047],[178.684,71.106],[178.891,71.231],[179.235,71.325],[179.548,71.448],[180.0,71.538],[180.0,70.993],[179.648,70.899]]],[[[169.375,69.883],[169.434,69.832],[169.418,69.779],[169.332,69.77],[169.299,69.735],[169.246,69.601],[169.201,69.58],[168.916,69.571],[168.348,69.664],[167.789,69.837],[167.865,69.901],[168.06,69.975],[168.358,70.016],[169.375,69.883]]],[[[-179.595,68.906],[-179.471,68.912],[-179.279,68.825],[-178.874,68.754],[-178.539,68.586],[-178.751,68.66],[-178.737,68.593],[-178.693,68.546],[-178.097,68.425],[-178.049,68.388],[-178.019,68.323],[-178.056,68.265],[-177.922,68.287],[-177.797,68.338],[-178.373,68.566],[-177.683,68.363],[-177.527,68.294],[-177.593,68.281],[-177.639,68.241],[-177.589,68.224],[-177.408,68.245],[-177.297,68.223],[-175.345,67.678],[-175.24,67.521],[-175.233,67.447],[-175.375,67.357],[-175.155,67.365],[-175.003,67.438],[-174.918,67.408],[-174.85,67.349],[-174.87,67.269],[-174.93,67.203],[-174.938,67.093],[-174.885,67.0],[-174.784,66.917],[-174.771,66.784],[-174.87,66.725],[-174.925,66.623],[-174.675,66.603],[-174.504,66.538],[-174.394,66.344],[-174.206,66.452],[-174.085,66.473],[-174.018,66.383],[-174.065,66.23],[-174.025,66.23],[-173.9,66.31],[-173.774,66.435],[-173.921,66.522],[-174.102,66.541],[-174.196,66.581],[-174.232,66.632],[-174.061,66.69],[-174.006,66.779],[-174.086,66.943],[-174.154,66.982],[-174.284,67.002],[-174.342,67.04],[-174.519,67.049],[-174.554,67.063],[-174.55,67.091],[-173.884,67.106],[-173.68,67.145],[-173.158,67.069],[-173.324,66.955],[-173.347,66.851],[-173.259,66.84],[-173.175,66.865],[-173.216,66.911],[-173.228,66.969],[-173.193,66.994],[-173.147,66.999],[-173.058,66.956],[-172.963,66.942],[-172.641,66.925],[-172.52,66.952],[-173.002,67.034],[-173.008,67.065],[-172.274,66.966],[-172.031,66.973],[-171.796,66.932],[-171.57,66.819],[-171.36,66.677],[-170.927,66.53],[-170.473,66.32],[-170.604,66.249],[-170.301,66.294],[-170.247,66.272],[-170.192,66.201],[-170.244,66.169],[-169.778,66.143],[-169.729,66.058],[-169.832,65.999],[-170.004,66.033],[-170.159,66.008],[-170.541,65.865],[-170.563,65.824],[-170.541,65.71],[-170.561,65.656],[-170.666,65.622],[-171.001,65.665],[-171.377,65.804],[-171.451,65.794],[-171.303,65.698],[-171.134,65.628],[-171.054,65.55],[-171.106,65.511],[-171.17,65.502],[-171.466,65.533],[-171.907,65.496],[-171.947,65.508],[-171.957,65.542],[-172.282,65.582],[-172.436,65.67],[-172.783,65.681],[-172.557,65.612],[-172.354,65.496],[-172.418,65.45],[-172.233,65.456],[-172.212,65.425],[-172.27,65.303],[-172.309,65.276],[-172.662,65.249],[-172.286,65.206],[-172.224,65.129],[-172.213,65.048],[-172.593,64.908],[-172.999,64.877],[-173.066,64.847],[-173.086,64.817],[-172.998,64.837],[-172.801,64.791],[-172.812,64.761],[-172.924,64.705],[-172.889,64.664],[-172.901,64.629],[-172.487,64.544],[-172.394,64.475],[-172.379,64.432],[-172.401,64.414],[-172.739,64.412],[-172.792,64.499],[-172.903,64.526],[-172.949,64.507],[-172.916,64.369],[-173.009,64.297],[-173.157,64.28],[-173.275,64.29],[-173.376,64.355],[-173.376,64.41],[-173.309,64.443],[-173.327,64.54],[-173.475,64.429],[-173.604,64.365],[-173.73,64.365],[-174.001,64.449],[-174.318,64.638],[-174.571,64.718],[-175.036,64.814],[-175.256,64.794],[-175.442,64.817],[-175.854,65.011],[-175.859,65.054],[-175.83,65.106],[-175.856,65.233],[-175.923,65.352],[-176.093,65.471],[-177.056,65.614],[-177.175,65.602],[-177.489,65.504],[-178.412,65.496],[-178.505,65.537],[-178.526,65.593],[-178.502,65.74],[-178.679,65.795],[-178.791,65.865],[-178.879,65.936],[-178.939,66.033],[-178.747,66.014],[-178.694,66.124],[-178.587,66.198],[-178.534,66.317],[-178.527,66.402],[-178.753,66.237],[-178.868,66.187],[-178.916,66.18],[-179.105,66.232],[-179.107,66.346],[-179.143,66.375],[-179.193,66.313],[-179.34,66.288],[-179.316,66.22],[-179.327,66.163],[-179.616,66.128],[-179.683,66.184],[-179.784,66.018],[-179.79,65.901],[-179.728,65.804],[-179.366,65.639],[-179.352,65.517],[-179.519,65.386],[-179.705,65.187],[-180.0,65.067],[-180.0,68.983],[-179.595,68.906]]],[[[-179.691,71.578],[-179.402,71.567],[-179.112,71.596],[-178.439,71.541],[-178.134,71.465],[-177.975,71.391],[-177.584,71.282],[-177.532,71.263],[-177.498,71.219],[-177.524,71.167],[-177.822,71.068],[-179.507,70.923],[-179.734,70.972],[-180.0,70.993],[-180.0,71.538],[-179.691,71.578]]]]}},{"type":"Feature","properties":{"name":"Kaliningrad","admin":"Russia","iso_a2":"RU","postal":"KN"},"geometry":{"type":"Polygon","coordinates":[[[20.958,55.279],[20.595,54.982],[20.888,54.909],[20.996,54.903],[21.189,54.935],[21.236,55.264],[21.389,55.276],[21.555,55.195],[22.072,55.064],[22.567,55.059],[22.627,54.971],[22.825,54.871],[22.831,54.838],[22.684,54.563],[22.68,54.493],[22.766,54.357],[20.208,54.421],[19.604,54.459],[19.758,54.545],[19.859,54.634],[19.944,54.75],[19.975,54.921],[20.108,54.956],[20.397,54.951],[20.52,54.995],[20.9,55.287],[20.958,55.279]]]}},{"type":"Feature","properties":{"name":"Murmansk","admin":"Russia","iso_a2":"RU","postal":"MM"},"geometry":{"type":"Polygon","coordinates":[[[36.555,63.764],[36.375,63.645],[35.945,63.62],[35.882,63.573],[36.058,63.46],[36.22,63.416],[36.262,63.236],[36.32,63.161],[36.259,63.032],[36.501,62.826],[36.76,62.718],[37.081,62.656],[37.352,62.684],[37.505,62.645],[37.588,62.473],[37.573,62.361],[37.43,62.237],[37.719,62.203],[37.808,61.998],[37.927,61.968],[37.857,61.698],[37.762,61.648],[37.773,61.522],[37.278,61.501],[36.996,61.594],[36.873,61.545],[36.578,61.529],[36.467,61.407],[35.604,61.188],[35.392,61.162],[35.258,61.254],[34.822,61.278],[34.741,61.32],[34.544,61.27],[34.457,61.168],[34.216,61.242],[33.535,61.221],[33.452,61.134],[33.585,61.071],[33.696,61.122],[33.867,61.071],[33.752,60.944],[33.406,60.989],[33.423,60.936],[33.253,60.899],[33.078,60.738],[32.91,60.724],[32.703,60.646],[29.87,61.176],[29.576,61.171],[29.491,61.239],[29.277,61.305],[29.69,61.546],[30.566,62.128],[31.187,62.481],[31.286,62.568],[31.534,62.885],[31.537,62.922],[31.181,63.208],[30.419,63.504],[29.992,63.735],[30.21,63.803],[30.504,64.021],[30.526,64.077],[30.514,64.2],[30.488,64.237],[30.108,64.366],[29.987,64.524],[29.986,64.558],[30.12,64.645],[30.11,64.733],[30.073,64.765],[29.783,64.804],[29.702,64.846],[29.604,64.968],[29.623,65.039],[29.811,65.108],[29.827,65.145],[29.811,65.205],[29.63,65.224],[29.608,65.249],[29.715,65.337],[29.728,65.473],[29.819,65.569],[29.716,65.625],[30.095,65.682],[30.087,65.787],[29.903,66.091],[29.671,66.276],[29.464,66.532],[29.066,66.892],[29.087,66.971],[29.243,67.097],[29.941,67.547],[29.988,67.668],[29.524,67.929],[29.344,68.062],[28.685,68.19],[28.471,68.488],[28.479,68.538],[28.752,68.771],[28.773,68.84],[28.706,68.866],[28.453,68.872],[28.414,68.904],[29.119,69.05],[29.21,69.097],[29.388,69.298],[29.994,69.392],[30.087,69.433],[30.164,69.502],[30.197,69.581],[30.16,69.63],[30.228,69.634],[30.615,69.533],[30.861,69.538],[30.922,69.606],[30.87,69.783],[31.453,69.69],[31.547,69.697],[31.666,69.721],[31.789,69.816],[31.879,69.832],[31.998,69.81],[32.031,69.835],[31.969,69.914],[31.985,69.954],[32.392,69.869],[32.565,69.806],[32.942,69.752],[33.008,69.722],[32.995,69.626],[32.915,69.602],[32.177,69.674],[32.092,69.633],[32.331,69.554],[32.378,69.479],[33.0,69.47],[33.021,69.446],[32.942,69.383],[32.979,69.367],[33.385,69.444],[33.454,69.428],[33.464,69.378],[33.418,69.315],[33.413,69.267],[33.328,69.152],[33.196,69.117],[33.141,69.069],[33.436,69.13],[33.627,69.289],[33.684,69.31],[34.229,69.313],[35.01,69.221],[35.176,69.231],[35.29,69.275],[35.858,69.192],[37.731,68.692],[38.358,68.415],[38.43,68.356],[38.657,68.322],[38.706,68.345],[38.832,68.325],[39.569,68.072],[39.823,68.059],[39.746,68.162],[39.809,68.151],[40.381,67.832],[40.966,67.713],[41.061,67.444],[41.134,67.386],[41.134,67.267],[41.262,67.218],[41.359,67.21],[41.354,67.121],[41.276,66.914],[41.189,66.826],[40.522,66.447],[40.103,66.3],[39.289,66.132],[38.398,66.064],[37.628,66.13],[37.295,66.225],[36.984,66.273],[36.373,66.302],[35.513,66.396],[34.825,66.611],[34.483,66.55],[34.396,66.613],[34.452,66.651],[34.146,66.703],[33.894,66.707],[33.595,66.785],[33.482,66.765],[33.15,66.844],[33.002,66.908],[32.848,67.022],[32.93,67.087],[32.4,67.153],[31.895,67.161],[31.983,67.13],[32.202,67.113],[32.501,67.004],[32.464,66.916],[32.857,66.747],[32.862,66.721],[33.181,66.68],[33.224,66.604],[33.183,66.574],[33.217,66.532],[33.656,66.443],[33.593,66.385],[33.361,66.33],[33.567,66.321],[34.113,66.225],[34.4,66.128],[34.692,65.952],[34.786,65.865],[34.777,65.768],[34.616,65.51],[34.406,65.396],[34.671,65.168],[34.804,64.986],[34.833,64.8],[34.952,64.756],[34.858,64.707],[34.87,64.56],[35.035,64.44],[35.284,64.363],[35.432,64.347],[35.647,64.378],[35.802,64.335],[36.146,64.189],[36.302,64.034],[36.365,64.003],[36.524,63.976],[36.555,63.764]]]}},{"type":"Feature","properties":{"name":"Novgorod","admin":"Russia","iso_a2":"RU","postal":"NG"},"geometry":{"type":"Polygon","coordinates":[[[34.879,59.043],[34.831,58.991],[35.131,58.937],[35.125,58.815],[35.266,58.765],[35.398,58.844],[35.751,58.827],[35.836,58.745],[36.126,58.695],[36.173,58.525],[35.941,58.455],[35.935,58.423],[35.552,58.448],[35.394,58.431],[35.279,58.359],[35.269,58.271],[35.035,58.2],[34.786,58.242],[34.684,58.197],[34.651,58.081],[34.488,58.146],[34.142,58.208],[33.869,58.144],[33.719,58.158],[33.545,58.047],[33.686,58.003],[33.701,57.927],[33.581,57.858],[33.537,57.72],[33.325,57.655],[33.309,57.566],[33.216,57.454],[33.046,57.437],[32.807,57.46],[32.668,57.346],[32.272,57.195],[32.133,57.184],[31.967,57.117],[31.722,57.106],[31.678,57.013],[31.546,56.94],[31.307,56.969],[31.118,56.931],[31.0,56.965],[30.8,56.953],[30.645,56.982],[30.647,57.191],[30.773,57.258],[30.516,57.318],[30.493,57.488],[30.609,57.617],[30.472,57.682],[30.52,57.742],[30.53,57.887],[29.95,57.944],[29.82,58.083],[29.679,58.077],[29.658,58.244],[29.975,58.445],[30.167,58.533],[30.088,58.64],[30.101,58.73],[30.28,58.754],[30.413,58.711],[30.687,58.746],[30.728,58.829],[30.962,58.975],[30.981,59.06],[31.16,59.073],[31.258,58.981],[31.452,59.092],[31.563,59.368],[31.827,59.314],[31.882,59.375],[32.124,59.394],[32.291,59.207],[32.584,59.181],[32.706,59.142],[32.732,59.267],[32.955,59.422],[33.246,59.326],[33.368,59.38],[33.52,59.373],[33.716,59.302],[33.855,59.198],[34.1,59.145],[34.247,59.198],[34.568,59.108],[34.73,59.103],[34.879,59.043]]]}},{"type":"Feature","properties":{"name":"Pskov","admin":"Russia","iso_a2":"RU","postal":"PS"},"geometry":{"type":"Polygon","coordinates":[[[27.873,59.014],[28.131,58.99],[28.272,58.856],[28.552,58.865],[28.946,58.82],[28.975,58.78],[29.232,58.706],[29.449,58.595],[29.539,58.48],[29.786,58.44],[29.975,58.445],[29.658,58.244],[29.679,58.077],[29.82,58.083],[29.95,57.944],[30.53,57.887],[30.52,57.742],[30.472,57.682],[30.609,57.617],[30.493,57.488],[30.516,57.318],[30.773,57.258],[30.647,57.191],[30.645,56.982],[30.8,56.953],[31.0,56.965],[30.896,56.897],[30.89,56.808],[30.817,56.72],[30.913,56.656],[31.08,56.623],[31.017,56.519],[31.215,56.435],[31.231,56.346],[31.492,56.301],[31.474,56.119],[31.498,56.029],[31.345,55.964],[31.413,55.89],[31.467,55.729],[31.187,55.737],[31.047,55.769],[30.903,55.574],[30.856,55.608],[30.801,55.601],[30.626,55.666],[30.456,55.787],[30.234,55.845],[29.937,55.845],[29.482,55.685],[29.353,55.784],[29.398,55.881],[29.375,55.939],[29.032,56.022],[28.795,55.943],[28.741,55.955],[28.637,56.062],[28.564,56.092],[28.407,56.089],[28.284,56.056],[28.148,56.143],[28.202,56.26],[28.103,56.546],[28.008,56.6],[27.992,56.645],[27.892,56.741],[27.882,56.824],[27.849,56.853],[27.806,56.867],[27.639,56.846],[27.711,56.978],[27.717,57.055],[27.763,57.135],[27.83,57.194],[27.829,57.293],[27.539,57.43],[27.511,57.508],[27.352,57.528],[27.4,57.667],[27.492,57.725],[27.542,57.799],[27.777,57.857],[27.769,57.884],[27.673,57.935],[27.571,58.138],[27.502,58.221],[27.488,58.27],[27.531,58.435],[27.427,58.733],[27.464,58.841],[27.669,58.982],[27.873,59.014]]]}},{"type":"Feature","properties":{"name":"Leningrad","admin":"Russia","iso_a2":"RU","postal":"LN"},"geometry":{"type":"Polygon","coordinates":[[[29.491,61.239],[29.576,61.171],[29.87,61.176],[32.703,60.646],[32.91,60.724],[33.078,60.738],[33.253,60.899],[33.423,60.936],[33.406,60.989],[33.752,60.944],[33.867,61.071],[33.696,61.122],[33.585,61.071],[33.452,61.134],[33.535,61.221],[34.216,61.242],[34.457,61.168],[34.544,61.27],[34.741,61.32],[34.822,61.278],[35.258,61.254],[35.392,61.162],[35.604,61.188],[35.686,61.121],[35.489,60.959],[35.44,60.862],[35.281,60.85],[35.154,60.787],[35.259,60.585],[35.231,60.341],[35.147,60.269],[35.157,60.067],[35.238,59.985],[35.404,59.974],[35.382,59.875],[35.424,59.701],[35.497,59.647],[35.496,59.554],[35.324,59.507],[35.449,59.428],[35.301,59.301],[35.135,59.254],[34.901,59.238],[34.73,59.103],[34.568,59.108],[34.247,59.198],[34.1,59.145],[33.855,59.198],[33.716,59.302],[33.52,59.373],[33.368,59.38],[33.246,59.326],[32.955,59.422],[32.732,59.267],[32.706,59.142],[32.584,59.181],[32.291,59.207],[32.124,59.394],[31.882,59.375],[31.827,59.314],[31.563,59.368],[31.452,59.092],[31.258,58.981],[31.16,59.073],[30.981,59.06],[30.962,58.975],[30.728,58.829],[30.687,58.746],[30.413,58.711],[30.28,58.754],[30.101,58.73],[30.088,58.64],[30.167,58.533],[29.975,58.445],[29.786,58.44],[29.539,58.48],[29.449,58.595],[29.232,58.706],[28.975,58.78],[28.946,58.82],[28.552,58.865],[28.272,58.856],[28.131,58.99],[27.873,59.014],[27.669,58.982],[27.758,59.052],[27.898,59.278],[28.016,59.302],[28.061,59.343],[28.151,59.374],[28.013,59.484],[28.064,59.554],[28.014,59.725],[28.058,59.782],[28.131,59.787],[28.213,59.725],[28.335,59.693],[28.424,59.734],[28.454,59.814],[28.518,59.85],[28.604,59.818],[28.748,59.807],[28.947,59.829],[29.147,60.0],[29.67,59.956],[29.68,59.869],[29.85,59.828],[30.113,59.663],[30.259,59.61],[30.502,59.631],[30.556,59.686],[30.748,59.726],[30.756,59.777],[30.512,59.862],[30.527,59.97],[30.374,60.036],[30.39,60.123],[29.633,60.266],[29.459,60.187],[29.069,60.191],[28.813,60.332],[28.643,60.375],[28.522,60.483],[28.492,60.54],[28.622,60.492],[28.651,60.611],[28.513,60.677],[28.179,60.571],[27.798,60.536],[28.407,60.897],[29.277,61.305],[29.491,61.239]]]}},{"type":"Feature","properties":{"name":"City of St. Petersburg","admin":"Russia","iso_a2":"RU","postal":"SP"},"geometry":{"type":"Polygon","coordinates":[[[30.123,59.874],[30.173,59.957],[29.977,60.026],[29.872,60.121],[29.721,60.195],[29.459,60.187],[29.633,60.266],[30.39,60.123],[30.374,60.036],[30.527,59.97],[30.512,59.862],[30.756,59.777],[30.748,59.726],[30.556,59.686],[30.502,59.631],[30.259,59.61],[30.113,59.663],[29.85,59.828],[29.68,59.869],[29.67,59.956],[30.123,59.874]]]}},{"type":"Feature","properties":{"name":"Bryansk","admin":"Russia","iso_a2":"RU","postal":"BR"},"geometry":{"type":"Polygon","coordinates":[[[32.908,53.493],[32.899,53.569],[33.289,53.822],[33.287,53.954],[33.475,53.972],[33.501,54.016],[33.682,54.026],[33.78,53.982],[33.86,53.879],[34.031,53.862],[34.199,53.892],[34.385,53.719],[34.49,53.666],[34.488,53.544],[34.582,53.428],[34.673,53.39],[35.017,53.381],[35.104,53.311],[35.122,53.186],[35.182,53.102],[35.314,53.066],[35.157,52.969],[34.967,52.97],[34.805,52.868],[34.869,52.784],[34.948,52.783],[35.092,52.698],[35.011,52.614],[34.99,52.511],[34.833,52.424],[34.917,52.322],[34.805,52.185],[34.715,52.216],[34.672,52.065],[34.531,52.07],[34.407,52.013],[34.398,51.78],[34.113,51.98],[34.015,52.156],[33.922,52.251],[33.735,52.345],[33.148,52.34],[32.9,52.256],[32.807,52.253],[32.435,52.307],[32.363,52.272],[32.283,52.114],[32.122,52.051],[31.974,52.047],[31.763,52.101],[31.691,52.221],[31.577,52.312],[31.586,52.532],[31.616,52.546],[31.526,52.633],[31.519,52.699],[31.563,52.731],[31.565,52.759],[31.259,53.017],[31.418,53.196],[31.668,53.201],[31.747,53.184],[31.85,53.106],[32.142,53.091],[32.426,53.211],[32.469,53.27],[32.704,53.336],[32.706,53.42],[32.908,53.493]]]}},{"type":"Feature","properties":{"name":"Smolensk","admin":"Russia","iso_a2":"RU","postal":"SM"},"geometry":{"type":"Polygon","coordinates":[[[32.686,53.448],[32.47,53.547],[32.425,53.617],[32.45,53.693],[32.2,53.781],[31.754,53.81],[31.825,53.935],[31.826,54.031],[31.404,54.196],[31.299,54.292],[31.185,54.453],[31.075,54.492],[31.152,54.625],[30.799,54.783],[30.83,54.915],[30.978,55.05],[30.959,55.138],[30.814,55.279],[30.811,55.307],[30.901,55.397],[30.903,55.574],[31.047,55.769],[31.187,55.737],[31.586,55.747],[31.755,55.714],[31.894,55.77],[32.094,55.674],[32.722,55.69],[32.939,55.632],[33.188,55.653],[33.225,55.698],[33.372,55.703],[33.505,55.755],[33.67,55.865],[33.66,55.946],[33.838,55.949],[33.917,56.073],[34.201,56.075],[34.631,55.918],[35.031,55.984],[35.174,55.948],[35.354,55.779],[35.316,55.727],[35.397,55.617],[35.303,55.571],[35.301,55.299],[35.37,55.239],[35.284,55.112],[35.144,55.022],[35.002,54.887],[34.866,54.884],[34.921,54.772],[34.817,54.709],[34.5,54.632],[34.416,54.451],[34.326,54.43],[34.108,54.55],[33.927,54.572],[33.729,54.562],[33.643,54.485],[33.617,54.381],[33.684,54.321],[33.562,54.156],[33.475,53.972],[33.287,53.954],[33.289,53.822],[32.899,53.569],[32.908,53.493],[32.706,53.42],[32.686,53.448]]]}},{"type":"Feature","properties":{"name":"Karelia","admin":"Russia","iso_a2":"RU","postal":"KI"},"geometry":{"type":"Polygon","coordinates":[[[35.827,65.036],[35.842,65.001],[35.779,64.977],[35.68,65.058],[35.621,65.059],[35.559,65.094],[35.529,65.151],[35.729,65.198],[35.816,65.182],[35.848,65.143],[35.858,65.078],[35.827,65.036]]]}},{"type":"Feature","properties":{"name":"Arkhangel'sk","admin":"Russia","iso_a2":"RU","postal":"VO"},"geometry":{"type":"MultiPolygon","coordinates":[[[[37.442,63.813],[37.635,63.893],[37.968,63.949],[38.071,64.026],[38.062,64.091],[37.977,64.207],[37.954,64.32],[37.741,64.397],[37.43,64.374],[37.29,64.378],[37.184,64.408],[36.579,64.791],[36.528,64.847],[36.535,64.939],[36.653,64.935],[36.786,64.987],[36.883,65.172],[37.141,65.194],[37.528,65.108],[38.009,64.879],[38.116,64.855],[38.412,64.857],[38.541,64.791],[39.054,64.714],[39.567,64.571],[39.758,64.577],[39.849,64.691],[40.058,64.771],[40.204,64.784],[40.408,64.755],[40.445,64.779],[40.281,64.998],[40.143,65.063],[39.798,65.35],[39.749,65.448],[39.817,65.598],[40.328,65.752],[40.692,65.963],[41.076,66.021],[41.476,66.123],[41.781,66.259],[42.084,66.466],[42.211,66.52],[42.451,66.482],[42.602,66.423],[43.233,66.416],[43.551,66.321],[43.653,66.251],[43.55,66.173],[43.542,66.123],[43.737,66.158],[43.844,66.142],[44.104,66.009],[44.145,66.113],[44.097,66.235],[44.221,66.407],[44.476,66.37],[44.578,66.307],[45.741,66.068],[45.832,66.088],[46.347,66.028],[47.11,65.821],[47.407,65.836],[47.661,65.808],[47.764,65.861],[47.753,65.941],[48.156,66.13],[49.006,66.119],[48.989,65.269],[49.021,65.238],[49.567,65.292],[49.663,65.255],[50.063,64.89],[50.16,64.847],[50.467,64.792],[50.348,64.538],[50.273,64.513],[49.627,64.592],[49.45,64.463],[48.95,64.491],[48.84,64.357],[48.518,64.356],[48.408,64.224],[48.196,64.239],[48.116,64.348],[46.611,64.327],[46.323,64.265],[45.825,64.284],[45.442,64.188],[45.593,64.064],[45.884,63.964],[46.436,63.888],[46.819,63.747],[46.97,63.64],[47.026,63.531],[46.937,63.352],[47.091,63.246],[47.366,63.167],[47.555,63.148],[47.516,63.037],[47.4,62.955],[47.083,62.84],[47.238,62.636],[47.235,62.351],[47.386,62.32],[47.413,62.193],[47.621,62.185],[47.65,62.297],[47.751,62.322],[48.291,62.322],[48.237,62.473],[48.366,62.729],[48.629,62.706],[48.714,62.816],[48.875,62.829],[49.609,62.77],[49.369,62.149],[49.213,62.091],[49.052,61.691],[49.097,61.658],[49.417,61.618],[49.461,61.586],[49.302,61.176],[49.098,61.175],[48.889,61.141],[48.509,61.048],[48.446,60.984],[48.419,60.854],[47.984,60.896],[47.965,60.999],[47.568,61.059],[47.245,61.056],[47.104,60.956],[47.043,60.854],[46.753,60.907],[46.737,60.986],[46.527,61.051],[46.285,60.968],[45.878,61.016],[45.767,61.055],[45.792,61.154],[45.723,61.179],[45.332,61.189],[45.229,60.904],[44.206,60.972],[44.158,61.082],[43.776,61.021],[43.715,60.885],[43.536,60.853],[43.511,60.767],[43.15,60.806],[43.049,60.74],[42.823,60.855],[42.65,60.863],[42.395,60.769],[41.801,60.899],[41.519,60.899],[41.394,60.858],[41.412,60.791],[41.34,60.676],[41.059,60.65],[40.819,60.711],[40.757,60.774],[40.534,60.725],[39.923,60.652],[39.764,60.737],[39.648,60.746],[39.338,60.684],[39.068,60.714],[38.948,60.803],[38.789,60.713],[38.633,60.723],[38.574,60.799],[38.43,60.805],[38.418,60.874],[38.213,60.924],[38.166,61.133],[37.963,61.16],[37.857,61.285],[37.773,61.522],[37.762,61.648],[37.857,61.698],[37.927,61.968],[37.808,61.998],[37.719,62.203],[37.43,62.237],[37.573,62.361],[37.588,62.473],[37.505,62.645],[37.352,62.684],[37.081,62.656],[36.76,62.718],[36.501,62.826],[36.259,63.032],[36.32,63.161],[36.262,63.236],[36.22,63.416],[36.058,63.46],[35.882,63.573],[35.945,63.62],[36.375,63.645],[36.555,63.764],[36.524,63.976],[37.442,63.813]]],[[[57.965,81.696],[57.909,81.722],[57.985,81.797],[58.135,81.828],[59.262,81.854],[59.408,81.825],[59.356,81.759],[57.965,81.696]]],[[[53.193,71.215],[53.205,71.16],[53.048,71.031],[53.121,70.982],[53.023,70.969],[52.95,71.054],[52.835,71.086],[52.738,71.181],[52.547,71.25],[52.425,71.239],[52.289,71.27],[52.25,71.285],[52.24,71.325],[52.297,71.357],[52.513,71.385],[52.73,71.355],[52.732,71.404],[52.777,71.4],[52.903,71.365],[53.074,71.238],[53.141,71.242],[53.193,71.215]]],[[[58.622,81.042],[58.762,80.991],[58.815,80.934],[58.903,80.898],[58.931,80.832],[58.86,80.779],[58.642,80.768],[58.286,80.765],[57.938,80.793],[57.75,80.889],[57.405,80.915],[57.211,81.017],[57.41,81.047],[57.656,81.032],[58.05,81.118],[58.622,81.042]]],[[[62.573,81.633],[62.515,81.659],[62.106,81.679],[62.284,81.707],[62.795,81.719],[63.71,81.687],[63.782,81.65],[63.529,81.597],[62.573,81.633]]],[[[55.471,81.02],[56.17,81.029],[56.472,80.998],[57.694,80.792],[57.58,80.755],[56.815,80.664],[55.883,80.628],[55.713,80.637],[55.541,80.703],[55.117,80.752],[54.668,80.739],[54.533,80.783],[54.067,80.814],[54.045,80.872],[54.367,80.904],[54.417,80.987],[54.634,81.113],[55.471,81.02]]],[[[50.518,81.046],[50.368,81.123],[50.465,81.126],[50.592,81.169],[50.716,81.171],[50.879,81.151],[50.946,81.108],[50.754,81.047],[50.518,81.046]]],[[[51.435,79.932],[50.454,79.924],[50.091,79.981],[50.936,80.094],[51.254,80.049],[51.243,79.991],[51.435,79.932]]],[[[57.717,81.565],[57.81,81.546],[57.863,81.506],[58.436,81.464],[58.564,81.418],[58.372,81.387],[57.859,81.368],[57.912,81.303],[58.015,81.255],[57.913,81.198],[57.451,81.136],[56.822,81.238],[56.513,81.175],[56.364,81.179],[56.192,81.224],[55.717,81.188],[55.573,81.228],[55.466,81.311],[55.782,81.329],[56.157,81.303],[56.405,81.387],[56.719,81.423],[57.092,81.541],[57.717,81.565]]],[[[42.714,66.702],[42.676,66.688],[42.477,66.735],[42.46,66.77],[42.547,66.796],[42.631,66.782],[42.714,66.702]]],[[[50.072,80.109],[50.052,80.074],[49.971,80.061],[49.556,80.159],[49.884,80.23],[50.251,80.219],[50.319,80.172],[50.072,80.109]]],[[[53.859,80.563],[53.877,80.605],[54.407,80.54],[54.437,80.499],[54.276,80.421],[53.812,80.476],[53.9,80.515],[53.902,80.542],[53.859,80.563]]],[[[61.457,81.104],[61.567,81.05],[61.472,81.011],[61.141,80.95],[60.827,80.93],[60.058,80.985],[60.587,81.088],[61.457,81.104]]],[[[58.634,81.36],[59.075,81.398],[59.281,81.366],[59.375,81.325],[59.097,81.292],[58.61,81.337],[58.634,81.36]]],[[[55.435,80.302],[55.48,80.274],[55.195,80.227],[55.048,80.228],[54.98,80.256],[55.24,80.325],[55.435,80.302]]],[[[58.441,74.129],[57.767,74.014],[57.872,73.85],[57.845,73.805],[57.756,73.769],[57.604,73.775],[57.449,73.826],[57.313,73.838],[57.291,73.815],[57.464,73.746],[57.543,73.658],[57.46,73.61],[57.134,73.504],[56.964,73.367],[56.634,73.304],[56.43,73.297],[56.035,73.346],[55.549,73.357],[55.007,73.454],[54.769,73.449],[54.3,73.351],[54.132,73.481],[54.205,73.542],[53.839,73.697],[53.763,73.766],[54.386,73.936],[54.643,73.96],[54.831,74.096],[55.023,74.187],[55.341,74.42],[56.137,74.496],[55.947,74.542],[55.662,74.556],[55.582,74.628],[55.914,74.796],[56.218,74.898],[56.499,74.957],[56.34,75.013],[55.998,75.003],[55.863,75.059],[55.81,75.125],[56.036,75.194],[56.289,75.164],[56.485,75.096],[56.57,75.098],[56.876,75.244],[56.829,75.278],[56.809,75.328],[56.844,75.351],[57.088,75.384],[57.607,75.341],[57.783,75.507],[58.094,75.593],[58.058,75.663],[58.418,75.72],[58.881,75.855],[60.036,75.984],[60.118,76.067],[60.279,76.096],[60.731,76.104],[60.801,76.069],[60.942,76.071],[61.054,76.12],[61.034,76.233],[61.202,76.282],[61.569,76.298],[62.471,76.23],[62.971,76.237],[63.526,76.31],[64.463,76.378],[64.95,76.484],[65.197,76.5],[65.528,76.568],[65.755,76.579],[65.863,76.613],[66.063,76.746],[66.345,76.821],[66.829,76.924],[67.535,77.008],[68.017,76.991],[68.486,76.934],[68.699,76.871],[68.873,76.79],[68.942,76.708],[68.858,76.61],[68.9,76.573],[68.165,76.285],[67.765,76.238],[67.127,76.108],[66.282,75.984],[64.263,75.72],[63.659,75.669],[62.066,75.428],[61.616,75.32],[61.356,75.315],[60.719,75.069],[60.476,75.055],[60.277,75.008],[60.241,74.971],[60.455,74.946],[60.501,74.905],[60.08,74.756],[59.747,74.746],[59.735,74.695],[59.771,74.664],[59.674,74.61],[59.24,74.693],[59.182,74.666],[59.146,74.552],[59.04,74.486],[58.928,74.463],[58.535,74.499],[58.502,74.464],[58.665,74.289],[58.618,74.227],[58.441,74.129]]],[[[51.885,72.153],[52.252,72.13],[52.407,72.197],[52.462,72.252],[52.622,72.301],[52.706,72.391],[52.749,72.483],[52.864,72.55],[52.823,72.591],[52.917,72.669],[52.683,72.682],[52.529,72.737],[52.551,72.769],[52.913,72.9],[53.37,72.917],[53.247,72.973],[53.189,73.104],[53.198,73.148],[53.358,73.225],[53.753,73.293],[54.202,73.281],[54.804,73.388],[55.121,73.357],[55.32,73.308],[56.35,73.226],[56.43,73.201],[56.397,73.139],[56.189,73.033],[56.167,72.983],[56.193,72.905],[56.171,72.848],[56.122,72.807],[55.723,72.766],[55.701,72.672],[55.616,72.599],[55.441,72.575],[55.403,72.549],[55.417,72.501],[55.356,72.465],[55.36,72.409],[55.39,72.378],[55.399,72.314],[55.518,72.221],[55.403,72.107],[55.375,72.015],[55.298,71.935],[55.471,71.869],[55.614,71.69],[55.819,71.508],[56.043,71.346],[56.454,71.107],[56.895,70.927],[57.484,70.792],[57.625,70.729],[57.447,70.661],[57.264,70.636],[57.247,70.605],[57.146,70.589],[56.649,70.647],[56.51,70.729],[56.26,70.715],[56.561,70.594],[56.435,70.563],[56.142,70.658],[56.087,70.618],[55.942,70.649],[55.797,70.616],[55.707,70.642],[55.687,70.692],[55.052,70.667],[54.867,70.678],[54.645,70.742],[54.601,70.68],[54.333,70.745],[53.384,70.874],[53.614,70.915],[53.588,71.052],[53.671,71.087],[53.857,71.07],[53.834,71.127],[53.922,71.138],[54.094,71.105],[54.156,71.125],[53.591,71.297],[53.622,71.333],[53.41,71.34],[53.319,71.399],[53.333,71.477],[53.412,71.53],[53.364,71.542],[52.909,71.495],[52.419,71.537],[52.18,71.49],[51.938,71.475],[51.692,71.525],[51.59,71.571],[51.511,71.648],[51.429,71.826],[51.444,71.934],[51.583,72.071],[51.885,72.153]]],[[[59.545,80.119],[59.802,80.083],[59.911,79.994],[59.331,79.923],[58.919,79.985],[58.946,80.042],[59.545,80.119]]],[[[52.213,80.264],[52.681,80.319],[52.854,80.402],[53.329,80.402],[53.346,80.366],[53.486,80.323],[53.852,80.268],[53.778,80.228],[53.653,80.223],[53.521,80.185],[52.856,80.173],[52.344,80.213],[52.213,80.264]]],[[[56.012,80.204],[55.99,80.32],[56.024,80.341],[56.655,80.33],[56.707,80.363],[56.945,80.366],[57.079,80.351],[57.123,80.317],[57.119,80.194],[57.073,80.139],[57.08,80.095],[56.987,80.071],[56.201,80.076],[55.724,80.105],[55.942,80.163],[56.012,80.204]]],[[[64.096,80.998],[64.166,81.036],[64.21,81.106],[64.31,81.175],[64.802,81.197],[65.172,81.144],[65.31,81.096],[65.382,81.057],[65.36,81.008],[65.372,80.968],[65.437,80.931],[64.997,80.819],[64.548,80.755],[63.374,80.7],[63.002,80.713],[62.52,80.822],[63.116,80.967],[64.096,80.998]]],[[[57.281,80.194],[57.186,80.396],[57.011,80.468],[57.075,80.494],[58.48,80.465],[58.972,80.416],[59.255,80.343],[58.398,80.319],[58.284,80.298],[58.286,80.248],[58.255,80.202],[57.8,80.104],[57.392,80.139],[57.281,80.194]]],[[[46.678,80.561],[46.514,80.476],[46.141,80.447],[46.06,80.484],[46.024,80.541],[45.969,80.569],[45.641,80.537],[44.905,80.611],[45.125,80.652],[46.799,80.755],[47.021,80.814],[47.352,80.853],[47.9,80.813],[48.345,80.819],[48.547,80.779],[48.687,80.718],[48.684,80.633],[48.625,80.629],[48.044,80.668],[47.705,80.765],[47.6,80.742],[47.512,80.688],[47.414,80.675],[47.304,80.606],[47.145,80.609],[47.011,80.562],[46.678,80.561]]],[[[51.591,80.741],[51.704,80.688],[51.146,80.604],[50.961,80.54],[49.846,80.498],[49.75,80.472],[49.794,80.425],[49.586,80.377],[48.896,80.369],[48.677,80.3],[48.96,80.266],[49.011,80.207],[48.978,80.163],[48.797,80.161],[48.582,80.195],[48.467,80.11],[48.386,80.096],[48.167,80.133],[47.94,80.089],[47.737,80.082],[47.632,80.112],[47.978,80.213],[47.893,80.239],[47.642,80.245],[47.444,80.23],[47.343,80.189],[46.991,80.183],[46.644,80.3],[47.656,80.501],[47.896,80.529],[48.403,80.569],[48.625,80.508],[49.088,80.516],[49.185,80.559],[49.193,80.656],[49.147,80.712],[49.244,80.821],[50.124,80.924],[50.801,80.914],[51.455,80.745],[51.591,80.741]]],[[[62.228,80.794],[62.076,80.617],[61.681,80.586],[61.597,80.535],[61.285,80.505],[61.051,80.419],[60.722,80.435],[60.278,80.494],[59.65,80.431],[59.346,80.505],[59.304,80.522],[59.288,80.573],[59.387,80.713],[59.592,80.817],[59.716,80.836],[60.095,80.849],[60.235,80.838],[60.278,80.801],[61.597,80.893],[62.103,80.867],[62.228,80.794]]]]}},{"type":"Feature","properties":{"name":"Ivanovo","admin":"Russia","iso_a2":"RU","postal":"IV"},"geometry":{"type":"Polygon","coordinates":[[[43.689,57.279],[43.539,57.262],[43.514,57.118],[43.67,57.043],[43.501,56.906],[43.339,56.861],[42.978,56.842],[42.83,56.802],[42.787,56.669],[42.902,56.646],[42.845,56.552],[42.882,56.472],[42.648,56.481],[42.588,56.42],[42.469,56.421],[42.289,56.471],[42.066,56.368],[41.958,56.391],[41.934,56.517],[41.053,56.475],[40.934,56.502],[40.715,56.598],[40.491,56.584],[40.156,56.434],[39.943,56.53],[39.879,56.646],[39.859,56.78],[39.679,56.822],[39.417,56.772],[39.387,56.835],[39.527,56.956],[39.52,57.027],[39.844,57.129],[39.842,57.177],[40.064,57.219],[40.193,57.213],[40.327,57.293],[40.445,57.276],[40.571,57.316],[41.073,57.348],[41.17,57.435],[41.27,57.426],[41.434,57.472],[41.544,57.459],[41.604,57.524],[41.567,57.704],[41.63,57.75],[41.886,57.686],[42.026,57.589],[42.186,57.56],[42.336,57.579],[42.404,57.633],[42.65,57.635],[42.726,57.702],[42.851,57.667],[42.853,57.394],[42.973,57.388],[43.264,57.424],[43.312,57.517],[43.542,57.567],[43.727,57.466],[43.689,57.279]]]}},{"type":"Feature","properties":{"name":"Vologda","admin":"Russia","iso_a2":"RU","postal":"VO"},"geometry":{"type":"Polygon","coordinates":[[[46.875,59.632],[46.757,59.607],[46.406,59.633],[46.356,59.347],[46.182,59.345],[46.004,59.282],[45.918,59.184],[45.091,59.184],[44.991,59.122],[44.207,59.172],[44.103,59.23],[43.96,59.205],[43.742,59.26],[43.582,59.188],[43.498,59.294],[43.371,59.28],[43.294,59.218],[43.151,59.261],[43.026,59.208],[42.8,59.17],[42.671,59.228],[42.632,59.308],[42.197,59.303],[42.188,59.391],[42.058,59.427],[41.959,59.278],[42.09,59.23],[42.012,59.118],[41.687,59.08],[41.522,59.037],[41.245,58.902],[41.146,58.785],[41.218,58.74],[40.926,58.579],[40.565,58.591],[40.293,58.544],[40.161,58.559],[39.969,58.759],[39.62,58.895],[39.5,58.889],[39.119,58.954],[38.94,58.944],[39.0,58.846],[38.916,58.744],[38.55,58.777],[38.478,58.706],[38.048,58.736],[37.941,58.641],[37.717,58.622],[37.626,58.49],[37.188,58.771],[37.122,58.866],[36.864,58.843],[36.816,58.758],[36.669,58.685],[36.521,58.558],[36.324,58.5],[36.173,58.525],[36.126,58.695],[35.836,58.745],[35.751,58.827],[35.398,58.844],[35.266,58.765],[35.125,58.815],[35.131,58.937],[34.831,58.991],[34.879,59.043],[34.73,59.103],[34.901,59.238],[35.135,59.254],[35.301,59.301],[35.449,59.428],[35.324,59.507],[35.496,59.554],[35.497,59.647],[35.424,59.701],[35.382,59.875],[35.404,59.974],[35.238,59.985],[35.157,60.067],[35.147,60.269],[35.231,60.341],[35.259,60.585],[35.154,60.787],[35.281,60.85],[35.44,60.862],[35.489,60.959],[35.686,61.121],[35.604,61.188],[36.467,61.407],[36.578,61.529],[36.873,61.545],[36.996,61.594],[37.278,61.501],[37.773,61.522],[37.857,61.285],[37.963,61.16],[38.166,61.133],[38.213,60.924],[38.418,60.874],[38.43,60.805],[38.574,60.799],[38.633,60.723],[38.789,60.713],[38.948,60.803],[39.068,60.714],[39.338,60.684],[39.648,60.746],[39.764,60.737],[39.923,60.652],[40.534,60.725],[40.757,60.774],[40.819,60.711],[41.059,60.65],[41.34,60.676],[41.412,60.791],[41.394,60.858],[41.519,60.899],[41.801,60.899],[42.395,60.769],[42.65,60.863],[42.823,60.855],[43.049,60.74],[43.15,60.806],[43.511,60.767],[43.536,60.853],[43.715,60.885],[43.776,61.021],[44.158,61.082],[44.206,60.972],[45.229,60.904],[45.332,61.189],[45.723,61.179],[45.792,61.154],[45.767,61.055],[45.878,61.016],[46.285,60.968],[46.527,61.051],[46.737,60.986],[46.753,60.907],[47.043,60.854],[47.084,60.819],[46.959,60.66],[47.049,60.575],[46.862,60.507],[46.807,60.318],[46.75,60.261],[46.441,60.271],[46.349,60.214],[46.404,60.107],[46.608,60.067],[47.036,60.1],[46.923,59.844],[46.935,59.789],[47.113,59.753],[47.114,59.611],[46.875,59.632]]]}},{"type":"Feature","properties":{"name":"Kostroma","admin":"Russia","iso_a2":"RU","postal":"KT"},"geometry":{"type":"Polygon","coordinates":[[[47.056,59.379],[47.252,59.355],[47.239,59.22],[47.571,59.06],[47.602,58.907],[47.452,58.921],[47.282,58.893],[47.313,58.807],[47.26,58.756],[47.12,58.775],[46.947,58.607],[46.687,58.567],[46.554,58.488],[46.541,58.397],[46.424,58.347],[46.407,58.209],[46.341,58.075],[45.817,58.047],[45.706,57.974],[45.557,57.939],[45.462,58.035],[45.294,58.041],[45.155,58.08],[44.863,58.075],[44.793,57.955],[44.865,57.88],[44.728,57.704],[44.612,57.707],[44.483,57.646],[44.303,57.517],[43.995,57.44],[43.846,57.431],[43.727,57.466],[43.542,57.567],[43.312,57.517],[43.264,57.424],[42.973,57.388],[42.853,57.394],[42.851,57.667],[42.726,57.702],[42.65,57.635],[42.404,57.633],[42.336,57.579],[42.186,57.56],[42.026,57.589],[41.886,57.686],[41.63,57.75],[41.567,57.704],[41.604,57.524],[41.544,57.459],[41.434,57.472],[41.27,57.426],[41.17,57.435],[41.073,57.348],[40.571,57.316],[40.445,57.276],[40.448,57.441],[40.385,57.498],[40.499,57.58],[40.663,57.581],[40.623,57.655],[40.626,57.94],[40.744,58.052],[40.885,58.126],[40.889,58.198],[41.164,58.361],[41.065,58.411],[41.034,58.522],[40.926,58.579],[41.218,58.74],[41.146,58.785],[41.245,58.902],[41.522,59.037],[41.687,59.08],[42.012,59.118],[42.09,59.23],[41.959,59.278],[42.058,59.427],[42.188,59.391],[42.197,59.303],[42.632,59.308],[42.671,59.228],[42.8,59.17],[43.026,59.208],[43.151,59.261],[43.294,59.218],[43.371,59.28],[43.498,59.294],[43.582,59.188],[43.742,59.26],[43.96,59.205],[44.103,59.23],[44.207,59.172],[44.991,59.122],[45.091,59.184],[45.918,59.184],[46.004,59.282],[46.182,59.345],[46.356,59.347],[46.406,59.633],[46.757,59.607],[46.875,59.632],[47.114,59.611],[47.056,59.379]]]}},{"type":"Feature","properties":{"name":"Nizhegorod","admin":"Russia","iso_a2":"RU","postal":"NZ"},"geometry":{"type":"Polygon","coordinates":[[[43.846,57.431],[43.995,57.44],[44.303,57.517],[44.483,57.646],[44.612,57.707],[44.728,57.704],[44.865,57.88],[44.793,57.955],[44.863,58.075],[45.155,58.08],[45.294,58.041],[45.462,58.035],[45.557,57.939],[45.706,57.974],[45.817,58.047],[46.341,58.075],[46.43,58.02],[47.354,58.026],[47.452,57.987],[47.703,57.958],[47.762,57.876],[47.572,57.81],[47.521,57.586],[47.471,57.529],[47.249,57.567],[47.054,57.498],[46.75,57.517],[46.695,57.32],[46.79,57.281],[46.742,57.205],[46.763,57.03],[46.715,56.966],[46.601,56.92],[46.336,56.952],[46.313,56.907],[45.959,56.872],[45.859,56.629],[45.651,56.591],[45.663,56.461],[45.789,56.425],[45.949,56.433],[45.946,56.325],[45.874,56.259],[46.068,56.182],[46.092,56.056],[46.214,56.05],[46.099,55.941],[46.094,55.808],[45.92,55.688],[46.048,55.617],[46.14,55.524],[46.244,55.524],[46.384,55.463],[46.254,55.385],[46.229,55.273],[46.098,55.204],[46.056,55.042],[45.954,54.997],[45.815,55.0],[45.74,55.077],[45.71,55.177],[45.605,55.164],[45.439,55.033],[45.424,54.882],[45.266,54.873],[45.209,54.757],[45.124,54.796],[45.041,54.714],[45.091,54.659],[45.029,54.568],[45.114,54.494],[44.917,54.476],[44.74,54.516],[44.597,54.58],[44.54,54.53],[44.376,54.59],[44.107,54.646],[44.091,54.734],[43.939,54.742],[43.949,54.807],[43.689,54.831],[43.61,54.901],[43.369,54.95],[43.155,54.903],[43.098,54.799],[42.636,54.787],[42.467,54.871],[42.44,55.013],[42.167,54.949],[41.783,55.119],[41.87,55.158],[41.859,55.241],[41.933,55.33],[42.117,55.422],[42.068,55.481],[42.056,55.613],[42.281,55.77],[42.38,55.777],[42.486,55.852],[42.565,55.969],[42.694,56.003],[42.686,56.122],[42.906,56.152],[42.755,56.22],[42.761,56.306],[42.588,56.42],[42.648,56.481],[42.882,56.472],[42.845,56.552],[42.902,56.646],[42.787,56.669],[42.83,56.802],[42.978,56.842],[43.339,56.861],[43.501,56.906],[43.67,57.043],[43.514,57.118],[43.539,57.262],[43.689,57.279],[43.727,57.466],[43.846,57.431]]]}},{"type":"Feature","properties":{"name":"Tver'","admin":"Russia","iso_a2":"RU","postal":"TV"},"geometry":{"type":"Polygon","coordinates":[[[37.644,58.429],[37.449,58.408],[37.35,58.239],[37.562,58.165],[37.673,58.083],[37.549,58.053],[37.484,57.981],[37.367,57.977],[37.391,57.828],[37.81,57.608],[37.794,57.443],[37.984,57.359],[38.148,57.337],[38.27,57.371],[38.306,57.276],[38.143,57.197],[38.25,57.129],[38.199,56.894],[38.154,56.832],[38.257,56.77],[38.015,56.774],[37.974,56.854],[37.656,56.944],[37.553,56.906],[37.499,56.785],[37.231,56.773],[37.157,56.683],[37.135,56.56],[37.055,56.518],[36.833,56.583],[36.537,56.475],[36.173,56.408],[36.096,56.347],[35.983,56.387],[35.783,56.392],[35.645,56.474],[35.458,56.448],[35.548,56.371],[35.484,56.242],[35.379,56.174],[35.317,56.054],[35.21,56.019],[35.174,55.948],[35.031,55.984],[34.631,55.918],[34.201,56.075],[33.917,56.073],[33.838,55.949],[33.66,55.946],[33.67,55.865],[33.505,55.755],[33.372,55.703],[33.225,55.698],[33.188,55.653],[32.939,55.632],[32.722,55.69],[32.094,55.674],[31.894,55.77],[31.755,55.714],[31.586,55.747],[31.467,55.729],[31.413,55.89],[31.345,55.964],[31.498,56.029],[31.474,56.119],[31.492,56.301],[31.231,56.346],[31.215,56.435],[31.017,56.519],[31.08,56.623],[30.913,56.656],[30.817,56.72],[30.89,56.808],[30.896,56.897],[31.0,56.965],[31.118,56.931],[31.307,56.969],[31.546,56.94],[31.678,57.013],[31.722,57.106],[31.967,57.117],[32.133,57.184],[32.272,57.195],[32.668,57.346],[32.807,57.46],[33.046,57.437],[33.216,57.454],[33.309,57.566],[33.325,57.655],[33.537,57.72],[33.581,57.858],[33.701,57.927],[33.686,58.003],[33.545,58.047],[33.719,58.158],[33.869,58.144],[34.142,58.208],[34.488,58.146],[34.651,58.081],[34.684,58.197],[34.786,58.242],[35.035,58.2],[35.269,58.271],[35.279,58.359],[35.394,58.431],[35.552,58.448],[35.935,58.423],[35.941,58.455],[36.173,58.525],[36.324,58.5],[36.521,58.558],[36.669,58.685],[36.816,58.758],[36.864,58.843],[37.122,58.866],[37.188,58.771],[37.626,58.49],[37.644,58.429]]]}},{"type":"Feature","properties":{"name":"Yaroslavl'","admin":"Russia","iso_a2":"RU","postal":"YS"},"geometry":{"type":"Polygon","coordinates":[[[37.717,58.622],[37.941,58.641],[38.048,58.736],[38.478,58.706],[38.55,58.777],[38.916,58.744],[39.0,58.846],[38.94,58.944],[39.119,58.954],[39.5,58.889],[39.62,58.895],[39.969,58.759],[40.161,58.559],[40.293,58.544],[40.565,58.591],[40.926,58.579],[41.034,58.522],[41.065,58.411],[41.164,58.361],[40.889,58.198],[40.885,58.126],[40.744,58.052],[40.626,57.94],[40.623,57.655],[40.663,57.581],[40.499,57.58],[40.385,57.498],[40.448,57.441],[40.445,57.276],[40.327,57.293],[40.193,57.213],[40.064,57.219],[39.842,57.177],[39.844,57.129],[39.52,57.027],[39.527,56.956],[39.387,56.835],[39.417,56.772],[39.31,56.684],[39.337,56.609],[39.272,56.538],[39.121,56.594],[39.0,56.543],[38.847,56.598],[38.629,56.581],[38.374,56.697],[38.154,56.832],[38.199,56.894],[38.25,57.129],[38.143,57.197],[38.306,57.276],[38.27,57.371],[38.148,57.337],[37.984,57.359],[37.794,57.443],[37.81,57.608],[37.391,57.828],[37.367,57.977],[37.484,57.981],[37.549,58.053],[37.673,58.083],[37.562,58.165],[37.35,58.239],[37.449,58.408],[37.644,58.429],[37.626,58.49],[37.717,58.622]]]}},{"type":"Feature","properties":{"name":"Kaluga","admin":"Russia","iso_a2":"RU","postal":"KG"},"geometry":{"type":"Polygon","coordinates":[[[37.208,54.688],[37.089,54.549],[36.805,54.61],[36.848,54.472],[36.965,54.396],[36.891,54.283],[36.714,54.317],[36.461,54.288],[36.354,54.223],[36.237,54.229],[36.201,54.098],[36.111,53.961],[35.989,53.916],[35.931,53.786],[36.01,53.618],[35.911,53.644],[35.766,53.519],[35.637,53.543],[35.422,53.404],[35.356,53.284],[35.205,53.272],[35.104,53.311],[35.017,53.381],[34.673,53.39],[34.582,53.428],[34.488,53.544],[34.49,53.666],[34.385,53.719],[34.199,53.892],[34.031,53.862],[33.86,53.879],[33.78,53.982],[33.682,54.026],[33.501,54.016],[33.562,54.156],[33.684,54.321],[33.617,54.381],[33.643,54.485],[33.729,54.562],[33.927,54.572],[34.108,54.55],[34.326,54.43],[34.416,54.451],[34.5,54.632],[34.817,54.709],[34.921,54.772],[34.866,54.884],[35.002,54.887],[35.144,55.022],[35.284,55.112],[35.37,55.239],[35.465,55.22],[35.579,55.29],[35.755,55.287],[35.856,55.238],[36.238,55.194],[36.423,55.319],[36.586,55.309],[36.904,55.229],[37.084,55.096],[37.12,54.991],[37.259,54.836],[37.208,54.688]]]}},{"type":"Feature","properties":{"name":"Kursk","admin":"Russia","iso_a2":"RU","postal":"KS"},"geometry":{"type":"Polygon","coordinates":[[[35.335,51.021],[35.312,51.044],[35.158,51.061],[35.064,51.203],[34.712,51.172],[34.491,51.237],[34.214,51.255],[34.281,51.312],[34.275,51.34],[34.23,51.363],[34.201,51.554],[34.115,51.645],[34.121,51.679],[34.379,51.717],[34.403,51.741],[34.407,52.013],[34.531,52.07],[34.672,52.065],[34.715,52.216],[34.805,52.185],[34.917,52.322],[34.897,52.353],[35.124,52.335],[35.241,52.39],[35.396,52.414],[35.572,52.387],[35.637,52.332],[35.893,52.274],[36.001,52.313],[36.146,52.319],[36.357,52.366],[36.552,52.215],[36.729,52.176],[36.82,52.12],[37.158,52.072],[37.354,51.936],[37.481,52.009],[37.652,51.971],[37.747,52.017],[37.821,51.912],[37.997,51.879],[38.101,51.927],[38.192,51.912],[38.299,51.961],[38.41,51.92],[38.41,51.688],[38.22,51.708],[38.207,51.629],[38.276,51.526],[38.323,51.341],[38.292,51.292],[38.027,51.366],[38.046,51.42],[37.829,51.42],[37.667,51.366],[37.539,51.394],[37.379,51.385],[37.249,51.331],[37.144,51.343],[37.054,51.247],[36.93,51.181],[36.856,51.186],[36.618,51.08],[35.976,51.158],[36.0,51.058],[35.877,51.012],[35.817,50.945],[35.546,50.906],[35.512,50.947],[35.313,50.959],[35.335,51.021]]]}},{"type":"Feature","properties":{"name":"Lipetsk","admin":"Russia","iso_a2":"RU","postal":"LP"},"geometry":{"type":"Polygon","coordinates":[[[39.041,53.55],[39.162,53.395],[39.415,53.414],[39.524,53.462],[39.512,53.525],[39.74,53.588],[39.907,53.499],[39.918,53.416],[40.16,53.342],[40.107,53.276],[40.141,53.072],[40.07,52.925],[40.08,52.804],[39.979,52.769],[39.953,52.654],[40.067,52.561],[40.203,52.512],[40.331,52.403],[40.477,52.374],[40.697,52.27],[40.616,52.129],[40.632,52.066],[40.507,52.022],[40.504,51.954],[39.913,51.98],[39.834,51.92],[39.497,51.973],[39.447,52.082],[39.182,52.098],[38.994,52.001],[38.88,52.093],[38.762,52.052],[38.698,52.098],[38.192,51.912],[38.101,51.927],[37.997,51.879],[37.821,51.912],[37.747,52.017],[37.778,52.161],[37.948,52.246],[38.038,52.345],[37.911,52.473],[37.783,52.508],[37.727,52.597],[37.813,52.648],[37.777,52.719],[37.871,52.772],[37.79,52.845],[37.839,52.891],[37.841,53.009],[37.912,53.073],[38.108,53.059],[38.307,52.974],[38.473,53.041],[38.595,53.049],[38.633,53.123],[38.595,53.24],[38.477,53.31],[38.762,53.382],[38.697,53.5],[38.895,53.565],[39.041,53.55]]]}},{"type":"Feature","properties":{"name":"Moskovskaya","admin":"Russia","iso_a2":"RU","postal":"MS"},"geometry":{"type":"Polygon","coordinates":[[[36.586,55.309],[36.423,55.319],[36.238,55.194],[35.856,55.238],[35.755,55.287],[35.579,55.29],[35.465,55.22],[35.37,55.239],[35.301,55.299],[35.303,55.571],[35.397,55.617],[35.316,55.727],[35.354,55.779],[35.174,55.948],[35.21,56.019],[35.317,56.054],[35.379,56.174],[35.484,56.242],[35.548,56.371],[35.458,56.448],[35.645,56.474],[35.783,56.392],[35.983,56.387],[36.096,56.347],[36.173,56.408],[36.537,56.475],[36.833,56.583],[37.055,56.518],[37.135,56.56],[37.157,56.683],[37.231,56.773],[37.499,56.785],[37.553,56.906],[37.656,56.944],[37.974,56.854],[38.015,56.774],[38.257,56.77],[38.374,56.697],[38.33,56.562],[38.412,56.369],[38.403,56.264],[38.562,56.083],[38.606,55.959],[38.729,55.953],[38.839,55.901],[39.016,55.925],[39.123,55.83],[39.31,55.831],[39.358,55.761],[39.555,55.776],[39.823,55.833],[39.9,55.734],[40.085,55.613],[40.037,55.546],[40.141,55.517],[40.137,55.434],[40.206,55.309],[40.001,55.2],[39.827,55.183],[39.888,55.081],[39.813,54.997],[39.685,55.021],[39.488,54.941],[39.398,54.876],[39.328,54.748],[39.216,54.632],[38.82,54.602],[38.798,54.451],[38.909,54.398],[38.737,54.345],[38.675,54.245],[38.521,54.289],[38.514,54.364],[38.39,54.469],[38.49,54.58],[38.462,54.64],[38.219,54.66],[38.039,54.714],[37.939,54.832],[37.75,54.82],[37.758,54.736],[37.564,54.737],[37.461,54.822],[37.259,54.836],[37.12,54.991],[37.216,55.084],[37.425,55.184],[37.463,55.379],[37.566,55.358],[37.659,55.569],[37.813,55.649],[37.843,55.763],[37.801,55.838],[37.611,55.904],[37.431,55.878],[37.348,55.744],[37.414,55.66],[37.211,55.602],[37.175,55.448],[36.914,55.426],[37.014,55.301],[36.904,55.229],[36.586,55.309]]]}},{"type":"Feature","properties":{"name":"Moskva","admin":"Russia","iso_a2":"RU","postal":"MS"},"geometry":{"type":"Polygon","coordinates":[[[37.084,55.096],[36.904,55.229],[37.014,55.301],[36.914,55.426],[37.175,55.448],[37.211,55.602],[37.414,55.66],[37.348,55.744],[37.431,55.878],[37.611,55.904],[37.801,55.838],[37.843,55.763],[37.813,55.649],[37.659,55.569],[37.566,55.358],[37.463,55.379],[37.425,55.184],[37.216,55.084],[37.12,54.991],[37.084,55.096]]]}},{"type":"Feature","properties":{"name":"Orel","admin":"Russia","iso_a2":"RU","postal":"OL"},"geometry":{"type":"Polygon","coordinates":[[[37.839,52.891],[37.79,52.845],[37.871,52.772],[37.777,52.719],[37.813,52.648],[37.727,52.597],[37.783,52.508],[37.911,52.473],[38.038,52.345],[37.948,52.246],[37.778,52.161],[37.747,52.017],[37.652,51.971],[37.481,52.009],[37.354,51.936],[37.158,52.072],[36.82,52.12],[36.729,52.176],[36.552,52.215],[36.357,52.366],[36.146,52.319],[36.001,52.313],[35.893,52.274],[35.637,52.332],[35.572,52.387],[35.396,52.414],[35.241,52.39],[35.124,52.335],[34.897,52.353],[34.833,52.424],[34.99,52.511],[35.011,52.614],[35.092,52.698],[34.948,52.783],[34.869,52.784],[34.805,52.868],[34.967,52.97],[35.157,52.969],[35.314,53.066],[35.182,53.102],[35.122,53.186],[35.104,53.311],[35.205,53.272],[35.356,53.284],[35.422,53.404],[35.637,53.543],[35.766,53.519],[35.911,53.644],[36.01,53.618],[36.098,53.556],[36.22,53.57],[36.398,53.429],[36.535,53.391],[36.667,53.416],[36.807,53.297],[37.088,53.28],[37.197,53.251],[37.327,53.303],[37.568,53.289],[37.561,53.169],[37.787,53.089],[37.841,53.009],[37.839,52.891]]]}},{"type":"Feature","properties":{"name":"Rostov","admin":"Russia","iso_a2":"RU","postal":"RO"},"geometry":{"type":"Polygon","coordinates":[[[40.17,49.624],[40.411,49.597],[40.885,49.69],[41.029,49.794],[41.056,49.916],[41.179,50.016],[41.341,50.075],[41.288,50.179],[41.362,50.226],[41.492,50.084],[41.595,50.045],[41.617,49.962],[41.876,49.9],[42.115,49.75],[42.178,49.668],[42.072,49.502],[42.053,49.402],[42.092,49.289],[42.037,49.267],[42.095,49.141],[42.344,49.152],[42.411,49.047],[42.644,48.977],[42.74,48.786],[42.651,48.705],[42.701,48.624],[42.634,48.552],[42.442,48.505],[42.277,48.498],[42.165,48.464],[42.074,48.392],[42.147,48.287],[42.051,48.23],[42.096,48.154],[42.03,48.029],[42.283,48.016],[42.343,48.045],[42.492,48.014],[42.728,47.854],[42.785,47.731],[42.955,47.51],[43.054,47.573],[43.263,47.45],[43.482,47.484],[43.732,47.477],[43.799,47.371],[43.802,47.283],[43.939,47.269],[43.953,47.365],[44.11,47.414],[44.117,47.533],[44.228,47.575],[44.334,47.475],[44.328,47.111],[44.262,46.9],[43.93,46.723],[43.817,46.589],[43.928,46.521],[43.918,46.416],[43.786,46.407],[43.646,46.216],[43.559,46.169],[43.356,46.172],[43.08,46.36],[42.912,46.435],[42.787,46.389],[42.597,46.411],[42.409,46.525],[42.181,46.578],[42.034,46.543],[42.1,46.407],[42.202,46.314],[41.995,46.301],[41.915,46.185],[41.84,46.153],[41.726,46.214],[41.656,46.105],[41.713,45.996],[41.658,45.976],[41.42,45.995],[41.375,45.947],[41.162,45.954],[41.126,46.068],[41.0,46.127],[40.954,46.198],[40.757,46.233],[40.735,46.276],[40.339,46.28],[40.234,46.358],[40.284,46.403],[40.214,46.525],[40.059,46.542],[40.045,46.616],[40.132,46.722],[40.023,46.765],[39.577,46.778],[39.444,46.809],[39.18,46.688],[39.099,46.601],[38.884,46.635],[38.849,46.713],[38.883,46.808],[38.69,46.821],[38.666,46.88],[38.801,46.906],[39.127,47.023],[39.271,47.044],[39.293,47.106],[39.196,47.269],[39.024,47.272],[38.928,47.176],[38.668,47.144],[38.552,47.15],[38.762,47.262],[38.577,47.239],[38.485,47.176],[38.214,47.091],[38.201,47.175],[38.281,47.277],[38.208,47.297],[38.201,47.321],[38.257,47.409],[38.287,47.559],[38.369,47.61],[38.511,47.622],[38.641,47.666],[38.719,47.714],[38.822,47.837],[38.9,47.855],[39.658,47.841],[39.736,47.845],[39.779,47.888],[39.776,47.964],[39.885,48.168],[39.961,48.238],[39.958,48.269],[39.847,48.303],[39.85,48.332],[39.89,48.36],[39.836,48.543],[39.645,48.591],[39.705,48.739],[39.793,48.808],[39.904,48.794],[40.004,48.822],[39.989,48.851],[39.753,48.914],[39.687,49.008],[39.89,49.064],[40.109,49.252],[40.126,49.369],[40.058,49.432],[40.058,49.497],[40.095,49.543],[40.081,49.577],[40.17,49.624]]]}},{"type":"Feature","properties":{"name":"Tula","admin":"Russia","iso_a2":"RU","postal":"TL"},"geometry":{"type":"Polygon","coordinates":[[[38.697,53.5],[38.762,53.382],[38.477,53.31],[38.595,53.24],[38.633,53.123],[38.595,53.049],[38.473,53.041],[38.307,52.974],[38.108,53.059],[37.912,53.073],[37.841,53.009],[37.787,53.089],[37.561,53.169],[37.568,53.289],[37.327,53.303],[37.197,53.251],[37.088,53.28],[36.807,53.297],[36.667,53.416],[36.535,53.391],[36.398,53.429],[36.22,53.57],[36.098,53.556],[36.01,53.618],[35.931,53.786],[35.989,53.916],[36.111,53.961],[36.201,54.098],[36.237,54.229],[36.354,54.223],[36.461,54.288],[36.714,54.317],[36.891,54.283],[36.965,54.396],[36.848,54.472],[36.805,54.61],[37.089,54.549],[37.208,54.688],[37.259,54.836],[37.461,54.822],[37.564,54.737],[37.758,54.736],[37.75,54.82],[37.939,54.832],[38.039,54.714],[38.219,54.66],[38.462,54.64],[38.49,54.58],[38.39,54.469],[38.514,54.364],[38.521,54.289],[38.675,54.245],[38.672,54.177],[38.764,54.135],[38.694,54.075],[38.714,54.001],[38.841,53.919],[38.795,53.872],[38.837,53.76],[38.909,53.753],[38.895,53.565],[38.697,53.5]]]}},{"type":"Feature","properties":{"name":"Volgograd","admin":"Russia","iso_a2":"RU","postal":"VG"},"geometry":{"type":"Polygon","coordinates":[[[47.326,50.274],[47.295,50.218],[47.295,50.058],[47.248,50.001],[46.992,49.853],[46.89,49.697],[46.802,49.367],[46.853,49.304],[47.018,49.2],[47.031,49.15],[46.962,49.038],[46.853,48.97],[46.703,48.806],[46.644,48.659],[46.298,48.84],[46.057,48.869],[45.948,48.836],[45.76,48.666],[45.609,48.593],[45.301,48.558],[45.375,48.464],[45.172,48.439],[45.042,48.395],[44.987,48.268],[45.15,48.238],[45.301,48.098],[45.137,48.112],[44.963,48.209],[44.933,48.135],[44.766,48.059],[44.662,48.089],[44.547,48.063],[44.54,48.197],[44.306,48.255],[44.314,48.094],[44.448,48.05],[44.467,47.99],[44.389,47.868],[44.083,47.909],[44.032,47.816],[43.951,47.756],[43.822,47.75],[43.705,47.683],[43.634,47.57],[43.732,47.477],[43.482,47.484],[43.263,47.45],[43.054,47.573],[42.955,47.51],[42.785,47.731],[42.728,47.854],[42.492,48.014],[42.343,48.045],[42.283,48.016],[42.03,48.029],[42.096,48.154],[42.051,48.23],[42.147,48.287],[42.074,48.392],[42.165,48.464],[42.277,48.498],[42.442,48.505],[42.634,48.552],[42.701,48.624],[42.651,48.705],[42.74,48.786],[42.644,48.977],[42.411,49.047],[42.344,49.152],[42.095,49.141],[42.037,49.267],[42.092,49.289],[42.053,49.402],[42.072,49.502],[42.178,49.668],[42.115,49.75],[41.876,49.9],[41.617,49.962],[41.595,50.045],[41.492,50.084],[41.362,50.226],[41.509,50.392],[41.424,50.482],[41.526,50.599],[41.4,50.625],[41.314,50.725],[41.168,50.781],[41.37,50.831],[41.444,50.917],[41.737,51.026],[41.855,51.189],[41.977,51.203],[42.067,51.16],[42.255,51.132],[42.573,51.169],[42.715,51.239],[42.873,51.231],[43.33,51.018],[43.642,51.066],[43.682,51.113],[44.004,51.087],[44.182,51.117],[44.21,51.194],[44.66,51.173],[45.042,51.126],[45.202,51.04],[45.215,50.942],[45.308,50.877],[45.293,50.781],[45.191,50.697],[45.241,50.586],[45.495,50.613],[45.668,50.594],[45.678,50.729],[45.811,50.774],[45.89,50.759],[46.068,50.652],[46.065,50.544],[46.255,50.529],[46.295,50.567],[46.461,50.547],[46.483,50.617],[46.583,50.701],[46.708,50.691],[46.83,50.633],[46.878,50.524],[47.008,50.48],[47.184,50.512],[47.277,50.372],[47.447,50.368],[47.326,50.274]]]}},{"type":"Feature","properties":{"name":"Belgorod","admin":"Russia","iso_a2":"RU","postal":"BL"},"geometry":{"type":"Polygon","coordinates":[[[39.028,49.818],[38.918,49.825],[38.648,49.953],[38.451,49.964],[38.259,50.052],[38.178,50.025],[38.147,49.939],[38.047,49.92],[37.704,50.109],[37.605,50.215],[37.582,50.292],[37.423,50.411],[37.343,50.418],[37.131,50.352],[36.759,50.292],[36.619,50.209],[36.5,50.28],[36.369,50.297],[36.306,50.28],[36.116,50.409],[35.89,50.437],[35.674,50.346],[35.591,50.369],[35.546,50.44],[35.489,50.46],[35.412,50.54],[35.392,50.611],[35.44,50.682],[35.44,50.728],[35.383,50.799],[35.313,50.959],[35.512,50.947],[35.546,50.906],[35.817,50.945],[35.877,51.012],[36.0,51.058],[35.976,51.158],[36.618,51.08],[36.856,51.186],[36.93,51.181],[37.054,51.247],[37.144,51.343],[37.249,51.331],[37.379,51.385],[37.539,51.394],[37.667,51.366],[37.829,51.42],[38.046,51.42],[38.027,51.366],[38.446,51.257],[38.501,51.189],[38.396,51.157],[38.397,51.077],[38.516,51.062],[38.618,50.998],[38.738,51.074],[38.846,51.036],[38.874,50.911],[38.737,50.901],[38.724,50.79],[38.966,50.647],[39.072,50.636],[39.098,50.506],[38.99,50.433],[39.085,50.349],[39.099,50.173],[39.234,50.056],[39.175,49.856],[39.028,49.818]]]}},{"type":"Feature","properties":{"name":"Krasnodar","admin":"Russia","iso_a2":"RU","postal":"KD"},"geometry":{"type":"Polygon","coordinates":[[[40.648,43.534],[40.519,43.512],[40.15,43.57],[40.085,43.553],[39.978,43.42],[39.517,43.728],[39.329,43.897],[38.717,44.288],[38.181,44.42],[37.851,44.699],[37.705,44.661],[37.495,44.695],[37.352,44.788],[37.284,44.905],[37.205,44.972],[36.944,45.07],[36.651,45.126],[36.619,45.185],[36.873,45.252],[36.941,45.29],[36.72,45.372],[36.866,45.427],[37.104,45.303],[37.214,45.272],[37.264,45.311],[37.647,45.377],[37.672,45.488],[37.61,45.5],[37.612,45.565],[37.669,45.654],[37.841,45.8],[37.933,46.002],[38.014,46.048],[38.074,46.017],[38.08,45.935],[38.184,46.095],[38.492,46.091],[38.315,46.242],[38.078,46.394],[37.978,46.383],[37.914,46.406],[37.81,46.532],[37.767,46.636],[37.968,46.618],[38.23,46.701],[38.501,46.664],[38.439,46.813],[38.666,46.88],[38.69,46.821],[38.883,46.808],[38.849,46.713],[38.884,46.635],[39.099,46.601],[39.18,46.688],[39.444,46.809],[39.577,46.778],[40.023,46.765],[40.132,46.722],[40.045,46.616],[40.059,46.542],[40.214,46.525],[40.284,46.403],[40.234,46.358],[40.339,46.28],[40.735,46.276],[40.757,46.233],[40.954,46.198],[41.0,46.127],[41.126,46.068],[41.162,45.954],[41.261,45.872],[41.274,45.754],[41.172,45.702],[40.87,45.696],[40.841,45.539],[40.925,45.43],[41.008,45.385],[41.038,45.218],[41.36,45.212],[41.347,45.122],[41.469,44.987],[41.642,44.981],[41.651,44.897],[41.538,44.736],[41.417,44.708],[41.567,44.546],[41.702,44.501],[41.729,44.459],[41.602,44.367],[41.704,44.308],[41.711,44.243],[41.633,44.122],[41.538,44.085],[41.449,43.994],[41.282,44.012],[41.256,44.081],[40.985,44.116],[40.951,43.989],[40.782,43.927],[40.724,43.81],[40.723,43.631],[40.689,43.52],[40.648,43.534]],[[39.642,45.193],[39.54,45.156],[39.324,45.001],[39.042,44.966],[38.921,45.017],[38.728,45.012],[38.76,44.939],[39.064,44.81],[39.553,44.807],[39.632,44.858],[39.489,44.967],[39.495,45.031],[39.639,45.034],[39.75,44.935],[39.884,45.007],[40.02,44.724],[39.915,44.699],[39.915,44.583],[39.874,44.473],[39.793,44.357],[39.908,44.325],[39.971,44.256],[40.078,44.244],[39.988,44.078],[39.905,44.077],[39.8,44.19],[39.718,44.118],[39.754,44.061],[39.73,43.918],[39.931,43.898],[40.279,43.751],[40.336,43.769],[40.455,43.981],[40.383,44.033],[40.366,44.198],[40.437,44.284],[40.408,44.343],[40.406,44.499],[40.327,44.564],[40.394,44.725],[40.554,44.72],[40.625,44.767],[40.528,44.915],[40.416,45.0],[40.174,45.11],[39.964,45.075],[39.752,45.127],[39.642,45.193]]]}},{"type":"Feature","properties":{"name":"Mordovia","admin":"Russia","iso_a2":"RU","postal":"MR"},"geometry":{"type":"Polygon","coordinates":[[[42.636,54.787],[43.098,54.799],[43.155,54.903],[43.369,54.95],[43.61,54.901],[43.689,54.831],[43.949,54.807],[43.939,54.742],[44.091,54.734],[44.107,54.646],[44.376,54.59],[44.54,54.53],[44.597,54.58],[44.74,54.516],[44.917,54.476],[45.114,54.494],[45.029,54.568],[45.091,54.659],[45.041,54.714],[45.124,54.796],[45.209,54.757],[45.266,54.873],[45.424,54.882],[45.439,55.033],[45.605,55.164],[45.71,55.177],[45.74,55.077],[45.815,55.0],[45.954,54.997],[46.056,55.042],[46.415,54.895],[46.444,54.688],[46.516,54.653],[46.533,54.553],[46.482,54.499],[46.543,54.406],[46.734,54.384],[46.719,54.33],[46.488,54.284],[46.379,54.231],[46.018,54.189],[45.879,54.031],[45.646,53.93],[45.339,53.885],[45.176,53.979],[44.883,53.969],[44.617,53.892],[44.615,53.831],[44.729,53.7],[44.534,53.664],[44.428,53.723],[44.314,53.701],[44.206,53.76],[44.099,53.736],[43.877,53.81],[43.933,53.862],[43.752,53.963],[43.528,54.015],[43.425,53.989],[43.31,54.017],[43.182,54.001],[43.106,53.909],[43.17,53.839],[42.94,53.801],[42.631,53.808],[42.513,53.737],[42.308,53.847],[42.437,54.012],[42.319,54.099],[42.535,54.083],[42.596,54.177],[42.463,54.254],[42.273,54.171],[42.206,54.231],[42.381,54.264],[42.527,54.367],[42.625,54.373],[42.557,54.492],[42.699,54.582],[42.524,54.723],[42.419,54.736],[42.391,54.807],[42.467,54.871],[42.636,54.787]]]}},{"type":"Feature","properties":{"name":"Penza","admin":"Russia","iso_a2":"RU","postal":"PZ"},"geometry":{"type":"Polygon","coordinates":[[[45.957,54.005],[46.212,53.909],[46.193,53.85],[46.468,53.654],[46.494,53.511],[46.795,53.408],[46.906,53.335],[46.954,53.191],[46.913,53.079],[46.935,52.91],[46.983,52.771],[46.852,52.726],[46.831,52.616],[46.713,52.628],[46.516,52.695],[46.289,52.672],[46.276,52.619],[46.147,52.591],[45.971,52.486],[45.981,52.407],[45.717,52.471],[45.644,52.519],[45.528,52.481],[45.431,52.4],[45.264,52.392],[45.14,52.421],[45.072,52.377],[44.91,52.378],[44.873,52.434],[44.5,52.521],[44.539,52.432],[44.422,52.416],[44.347,52.316],[44.044,52.35],[43.747,52.433],[43.532,52.426],[43.353,52.393],[43.193,52.462],[43.08,52.403],[43.011,52.482],[43.042,52.561],[43.237,52.661],[43.095,52.822],[42.905,52.97],[42.748,53.022],[42.354,53.368],[42.312,53.44],[42.094,53.54],[42.134,53.812],[42.308,53.847],[42.513,53.737],[42.631,53.808],[42.94,53.801],[43.17,53.839],[43.106,53.909],[43.182,54.001],[43.31,54.017],[43.425,53.989],[43.528,54.015],[43.752,53.963],[43.933,53.862],[43.877,53.81],[44.099,53.736],[44.206,53.76],[44.314,53.701],[44.428,53.723],[44.534,53.664],[44.729,53.7],[44.615,53.831],[44.617,53.892],[44.883,53.969],[45.176,53.979],[45.339,53.885],[45.646,53.93],[45.792,54.004],[45.957,54.005]]]}},{"type":"Feature","properties":{"name":"Ryazan'","admin":"Russia","iso_a2":"RU","postal":"RZ"},"geometry":{"type":"Polygon","coordinates":[[[39.918,53.416],[39.907,53.499],[39.74,53.588],[39.512,53.525],[39.524,53.462],[39.415,53.414],[39.162,53.395],[39.041,53.55],[38.895,53.565],[38.909,53.753],[38.837,53.76],[38.795,53.872],[38.841,53.919],[38.714,54.001],[38.694,54.075],[38.764,54.135],[38.672,54.177],[38.675,54.245],[38.737,54.345],[38.909,54.398],[38.798,54.451],[38.82,54.602],[39.216,54.632],[39.328,54.748],[39.398,54.876],[39.488,54.941],[39.685,55.021],[39.813,54.997],[39.888,55.081],[39.827,55.183],[40.001,55.2],[40.206,55.309],[40.345,55.34],[40.517,55.328],[40.612,55.207],[40.729,55.204],[40.965,55.26],[41.047,55.183],[41.21,55.221],[41.412,55.131],[41.497,55.157],[41.658,55.109],[41.783,55.119],[42.167,54.949],[42.44,55.013],[42.467,54.871],[42.391,54.807],[42.419,54.736],[42.524,54.723],[42.699,54.582],[42.557,54.492],[42.625,54.373],[42.527,54.367],[42.381,54.264],[42.206,54.231],[42.273,54.171],[42.463,54.254],[42.596,54.177],[42.535,54.083],[42.319,54.099],[42.437,54.012],[42.308,53.847],[42.134,53.812],[41.748,53.823],[41.4,53.783],[41.349,53.741],[41.354,53.556],[41.174,53.434],[41.021,53.49],[40.84,53.487],[40.738,53.56],[40.317,53.356],[40.16,53.342],[39.918,53.416]]]}},{"type":"Feature","properties":{"name":"Tambov","admin":"Russia","iso_a2":"RU","postal":"TB"},"geometry":{"type":"Polygon","coordinates":[[[42.094,53.54],[42.312,53.44],[42.354,53.368],[42.748,53.022],[42.905,52.97],[43.095,52.822],[43.237,52.661],[43.042,52.561],[43.011,52.482],[43.08,52.403],[42.996,52.365],[42.752,52.174],[42.751,52.078],[42.806,52.012],[42.694,51.966],[42.643,51.804],[42.49,51.693],[42.489,51.608],[42.403,51.633],[42.274,51.6],[42.248,51.694],[41.952,51.656],[41.556,51.767],[41.311,51.794],[41.268,51.735],[41.066,51.71],[40.892,51.743],[40.938,51.89],[40.735,51.94],[40.504,51.954],[40.507,52.022],[40.632,52.066],[40.616,52.129],[40.697,52.27],[40.477,52.374],[40.331,52.403],[40.203,52.512],[40.067,52.561],[39.953,52.654],[39.979,52.769],[40.08,52.804],[40.07,52.925],[40.141,53.072],[40.107,53.276],[40.16,53.342],[40.317,53.356],[40.738,53.56],[40.84,53.487],[41.021,53.49],[41.174,53.434],[41.354,53.556],[41.349,53.741],[41.4,53.783],[41.748,53.823],[42.134,53.812],[42.094,53.54]]]}},{"type":"Feature","properties":{"name":"Vladimir","admin":"Russia","iso_a2":"RU","postal":"VL"},"geometry":{"type":"Polygon","coordinates":[[[40.137,55.434],[40.141,55.517],[40.037,55.546],[40.085,55.613],[39.9,55.734],[39.823,55.833],[39.555,55.776],[39.358,55.761],[39.31,55.831],[39.123,55.83],[39.016,55.925],[38.839,55.901],[38.729,55.953],[38.606,55.959],[38.562,56.083],[38.403,56.264],[38.412,56.369],[38.33,56.562],[38.374,56.697],[38.629,56.581],[38.847,56.598],[39.0,56.543],[39.121,56.594],[39.272,56.538],[39.337,56.609],[39.31,56.684],[39.417,56.772],[39.679,56.822],[39.859,56.78],[39.879,56.646],[39.943,56.53],[40.156,56.434],[40.491,56.584],[40.715,56.598],[40.934,56.502],[41.053,56.475],[41.934,56.517],[41.958,56.391],[42.066,56.368],[42.289,56.471],[42.469,56.421],[42.588,56.42],[42.761,56.306],[42.755,56.22],[42.906,56.152],[42.686,56.122],[42.694,56.003],[42.565,55.969],[42.486,55.852],[42.38,55.777],[42.281,55.77],[42.056,55.613],[42.068,55.481],[42.117,55.422],[41.933,55.33],[41.859,55.241],[41.87,55.158],[41.783,55.119],[41.658,55.109],[41.497,55.157],[41.412,55.131],[41.21,55.221],[41.047,55.183],[40.965,55.26],[40.729,55.204],[40.612,55.207],[40.517,55.328],[40.345,55.34],[40.206,55.309],[40.137,55.434]]]}},{"type":"Feature","properties":{"name":"Voronezh","admin":"Russia","iso_a2":"RU","postal":"VR"},"geometry":{"type":"Polygon","coordinates":[[[40.031,49.597],[39.781,49.572],[39.463,49.728],[39.303,49.742],[39.175,49.856],[39.234,50.056],[39.099,50.173],[39.085,50.349],[38.99,50.433],[39.098,50.506],[39.072,50.636],[38.966,50.647],[38.724,50.79],[38.737,50.901],[38.874,50.911],[38.846,51.036],[38.738,51.074],[38.618,50.998],[38.516,51.062],[38.397,51.077],[38.396,51.157],[38.501,51.189],[38.446,51.257],[38.292,51.292],[38.323,51.341],[38.276,51.526],[38.207,51.629],[38.22,51.708],[38.41,51.688],[38.41,51.92],[38.299,51.961],[38.529,52.024],[38.698,52.098],[38.762,52.052],[38.88,52.093],[38.994,52.001],[39.182,52.098],[39.447,52.082],[39.497,51.973],[39.834,51.92],[39.913,51.98],[40.088,51.985],[40.735,51.94],[40.938,51.89],[40.892,51.743],[41.066,51.71],[41.268,51.735],[41.311,51.794],[41.556,51.767],[41.952,51.656],[42.248,51.694],[42.274,51.6],[42.403,51.633],[42.489,51.608],[42.734,51.479],[42.861,51.381],[42.873,51.231],[42.715,51.239],[42.573,51.169],[42.255,51.132],[42.067,51.16],[41.977,51.203],[41.855,51.189],[41.737,51.026],[41.444,50.917],[41.37,50.831],[41.168,50.781],[41.314,50.725],[41.4,50.625],[41.526,50.599],[41.424,50.482],[41.509,50.392],[41.362,50.226],[41.288,50.179],[41.341,50.075],[41.179,50.016],[41.056,49.916],[41.029,49.794],[40.885,49.69],[40.411,49.597],[40.17,49.624],[40.081,49.577],[40.031,49.597]]]}},{"type":"Feature","properties":{"name":"Bashkortostan","admin":"Russia","iso_a2":"RU","postal":"BK"},"geometry":{"type":"Polygon","coordinates":[[[53.777,55.97],[53.838,56.039],[54.047,56.058],[54.117,56.158],[54.346,56.253],[54.352,56.359],[54.43,56.343],[54.532,56.515],[54.918,56.392],[54.968,56.32],[55.448,56.341],[55.548,56.4],[55.876,56.437],[56.073,56.289],[56.275,56.305],[56.402,56.387],[56.655,56.22],[56.73,56.224],[56.864,56.108],[57.213,56.182],[57.274,56.305],[57.408,56.329],[57.411,56.235],[57.537,56.1],[57.802,56.151],[57.907,56.115],[58.079,56.141],[58.308,56.105],[58.543,56.163],[58.747,56.063],[58.944,56.066],[59.026,56.169],[59.188,56.127],[59.269,56.048],[59.178,55.99],[59.228,55.911],[59.165,55.79],[59.296,55.78],[59.255,55.614],[59.447,55.632],[59.565,55.5],[59.201,55.45],[59.159,55.332],[58.981,55.303],[58.872,55.323],[58.797,55.203],[58.674,55.188],[58.816,55.025],[58.62,54.95],[58.364,55.084],[58.288,55.171],[58.147,55.117],[58.089,55.02],[57.965,55.159],[58.144,55.209],[58.03,55.275],[57.675,55.3],[57.518,55.334],[57.264,55.262],[57.234,55.15],[57.137,55.092],[57.243,54.957],[57.165,54.819],[57.386,54.72],[57.497,54.701],[57.594,54.629],[57.742,54.583],[57.743,54.501],[57.971,54.393],[58.206,54.515],[58.364,54.547],[58.614,54.47],[58.825,54.572],[59.061,54.632],[59.228,54.611],[59.404,54.703],[59.614,54.867],[59.806,54.846],[59.903,54.867],[59.975,54.801],[59.86,54.603],[59.679,54.498],[59.746,54.447],[59.667,54.34],[59.801,54.242],[59.694,54.129],[59.544,54.196],[59.344,54.185],[59.263,54.14],[59.162,53.993],[59.014,53.958],[58.906,53.862],[58.873,53.758],[58.907,53.666],[58.821,53.596],[58.868,53.502],[58.865,53.32],[58.829,53.2],[58.891,53.188],[58.9,53.066],[58.749,52.835],[58.778,52.704],[58.724,52.645],[58.812,52.587],[58.777,52.525],[58.828,52.433],[58.857,52.263],[58.691,52.265],[58.606,52.181],[58.694,52.049],[58.639,52.016],[58.576,51.793],[58.494,51.762],[58.236,51.738],[58.092,51.795],[57.981,51.786],[57.882,51.846],[57.784,51.826],[57.653,51.863],[57.621,51.759],[57.432,51.726],[57.374,51.639],[57.207,51.575],[57.036,51.66],[56.999,51.728],[56.876,51.699],[56.89,51.625],[56.78,51.592],[56.715,51.721],[56.748,51.773],[56.608,51.829],[56.685,52.045],[56.627,52.118],[56.495,52.162],[56.217,52.132],[56.194,52.189],[56.451,52.309],[56.445,52.42],[56.365,52.523],[56.078,52.604],[55.919,52.499],[55.889,52.399],[55.778,52.344],[55.546,52.385],[55.545,52.542],[55.412,52.658],[55.407,52.837],[55.264,52.862],[55.162,52.823],[54.955,53.11],[54.927,53.22],[54.802,53.271],[54.664,53.236],[54.559,53.27],[54.52,53.36],[54.302,53.41],[54.247,53.375],[54.108,53.417],[53.878,53.658],[53.656,53.752],[53.598,53.883],[53.47,54.046],[53.348,54.382],[53.426,54.499],[53.414,54.552],[53.515,54.616],[53.607,54.728],[53.579,54.822],[53.422,54.982],[53.269,55.012],[53.141,55.099],[53.147,55.147],[53.327,55.166],[53.418,55.222],[53.591,55.212],[53.723,55.338],[53.891,55.381],[53.997,55.544],[54.175,55.624],[54.177,55.707],[53.976,55.853],[53.759,55.866],[53.632,55.907],[53.777,55.97]]]}},{"type":"Feature","properties":{"name":"Chelyabinsk","admin":"Russia","iso_a2":"RU","postal":"CL"},"geometry":{"type":"Polygon","coordinates":[[[63.191,54.171],[63.074,54.105],[62.633,54.069],[62.499,54.013],[62.04,54.003],[61.986,53.954],[61.929,53.946],[61.334,54.049],[61.144,53.964],[61.113,53.882],[61.113,53.753],[60.986,53.657],[60.979,53.622],[61.248,53.551],[61.474,53.58],[61.535,53.523],[61.499,53.485],[61.401,53.456],[61.312,53.466],[61.229,53.446],[61.186,53.406],[61.163,53.337],[61.199,53.287],[61.437,53.239],[61.66,53.228],[61.766,53.174],[62.015,53.108],[62.081,53.057],[62.083,53.005],[61.974,52.944],[61.401,52.996],[61.047,52.972],[60.802,52.745],[60.774,52.676],[60.821,52.57],[60.979,52.395],[60.995,52.337],[60.938,52.281],[60.67,52.151],[60.425,52.126],[60.234,52.024],[60.064,51.975],[59.914,52.1],[59.975,52.182],[60.14,52.267],[60.149,52.421],[59.946,52.428],[59.781,52.492],[59.509,52.435],[59.398,52.495],[59.249,52.487],[59.175,52.277],[58.828,52.433],[58.777,52.525],[58.812,52.587],[58.724,52.645],[58.778,52.704],[58.749,52.835],[58.9,53.066],[58.891,53.188],[58.829,53.2],[58.865,53.32],[58.868,53.502],[58.821,53.596],[58.907,53.666],[58.873,53.758],[58.906,53.862],[59.014,53.958],[59.162,53.993],[59.263,54.14],[59.344,54.185],[59.544,54.196],[59.694,54.129],[59.801,54.242],[59.667,54.34],[59.746,54.447],[59.679,54.498],[59.86,54.603],[59.975,54.801],[59.903,54.867],[59.806,54.846],[59.614,54.867],[59.404,54.703],[59.228,54.611],[59.061,54.632],[58.825,54.572],[58.614,54.47],[58.364,54.547],[58.206,54.515],[57.971,54.393],[57.743,54.501],[57.742,54.583],[57.594,54.629],[57.497,54.701],[57.386,54.72],[57.165,54.819],[57.243,54.957],[57.137,55.092],[57.234,55.15],[57.264,55.262],[57.518,55.334],[57.675,55.3],[58.03,55.275],[58.144,55.209],[57.965,55.159],[58.089,55.02],[58.147,55.117],[58.288,55.171],[58.364,55.084],[58.62,54.95],[58.816,55.025],[58.674,55.188],[58.797,55.203],[58.872,55.323],[58.981,55.303],[59.159,55.332],[59.201,55.45],[59.565,55.5],[59.447,55.632],[59.255,55.614],[59.296,55.78],[59.165,55.79],[59.228,55.911],[59.178,55.99],[59.269,56.048],[59.188,56.127],[59.026,56.169],[59.135,56.206],[59.122,56.317],[59.194,56.352],[59.349,56.318],[59.701,56.306],[59.789,56.233],[59.921,56.265],[60.24,56.209],[60.315,56.238],[60.585,56.214],[60.751,56.237],[60.909,56.188],[61.15,56.217],[61.084,56.326],[61.15,56.376],[61.267,56.331],[61.385,56.367],[61.537,56.297],[61.642,56.319],[61.816,56.239],[61.864,56.181],[62.072,56.134],[62.132,56.065],[62.305,55.979],[62.343,55.905],[62.517,55.738],[62.516,55.564],[62.579,55.517],[62.304,55.403],[62.234,55.341],[62.049,55.311],[62.165,55.242],[62.244,55.079],[61.989,55.035],[61.98,54.934],[62.123,54.815],[62.025,54.717],[62.147,54.644],[62.379,54.672],[62.424,54.723],[62.711,54.626],[62.903,54.694],[63.192,54.686],[63.295,54.564],[63.238,54.478],[63.13,54.448],[63.128,54.306],[63.25,54.247],[63.319,54.173],[63.191,54.171]]]}},{"type":"Feature","properties":{"name":"Kurgan","admin":"Russia","iso_a2":"RU","postal":"KU"},"geometry":{"type":"Polygon","coordinates":[[[68.525,55.205],[68.206,55.161],[68.244,55.052],[68.156,54.977],[67.83,54.944],[67.693,54.872],[67.257,54.829],[67.098,54.788],[66.223,54.667],[65.955,54.66],[65.914,54.693],[65.708,54.619],[65.477,54.623],[65.237,54.516],[65.158,54.364],[65.088,54.34],[64.927,54.397],[64.65,54.352],[64.461,54.384],[64.199,54.347],[64.004,54.267],[63.847,54.236],[63.701,54.243],[63.319,54.173],[63.25,54.247],[63.128,54.306],[63.13,54.448],[63.238,54.478],[63.295,54.564],[63.192,54.686],[62.903,54.694],[62.711,54.626],[62.424,54.723],[62.379,54.672],[62.147,54.644],[62.025,54.717],[62.123,54.815],[61.98,54.934],[61.989,55.035],[62.244,55.079],[62.165,55.242],[62.049,55.311],[62.234,55.341],[62.304,55.403],[62.579,55.517],[62.516,55.564],[62.517,55.738],[62.343,55.905],[62.305,55.979],[62.132,56.065],[62.072,56.134],[62.083,56.291],[62.253,56.363],[62.333,56.469],[62.542,56.578],[62.59,56.524],[63.001,56.598],[63.098,56.569],[63.359,56.563],[63.448,56.61],[63.766,56.508],[64.173,56.468],[64.237,56.519],[64.219,56.601],[64.357,56.653],[64.337,56.753],[64.484,56.76],[64.542,56.808],[64.826,56.841],[64.995,56.768],[65.016,56.649],[64.967,56.501],[65.088,56.448],[65.117,56.325],[65.667,56.274],[65.708,56.195],[65.861,56.065],[66.028,55.99],[66.186,56.068],[66.298,56.058],[66.463,55.95],[66.761,56.045],[66.802,55.967],[66.989,55.989],[67.299,55.897],[67.447,55.735],[67.591,55.711],[67.825,55.721],[67.912,55.665],[68.189,55.7],[68.174,55.596],[68.317,55.555],[68.487,55.401],[68.591,55.424],[68.772,55.331],[68.525,55.205]]]}},{"type":"Feature","properties":{"name":"Nenets","admin":"Russia","iso_a2":"RU","postal":"NN"},"geometry":{"type":"MultiPolygon","coordinates":[[[[44.489,66.672],[44.437,66.795],[44.404,67.004],[44.292,67.1],[44.074,67.167],[43.855,67.189],[43.782,67.254],[43.796,67.33],[43.856,67.439],[44.036,67.671],[44.225,67.996],[44.205,68.254],[44.169,68.327],[43.404,68.609],[43.333,68.673],[43.472,68.68],[44.048,68.549],[45.078,68.578],[45.519,68.547],[45.892,68.48],[46.684,67.97],[46.69,67.849],[45.529,67.758],[44.939,67.477],[44.902,67.413],[44.939,67.351],[45.562,67.186],[45.753,66.989],[45.885,66.891],[45.986,66.853],[46.298,66.843],[46.492,66.8],[47.496,66.93],[47.656,66.976],[47.709,67.045],[47.768,67.276],[47.908,67.455],[47.875,67.584],[48.654,67.695],[48.833,67.681],[48.878,67.731],[48.696,67.874],[48.754,67.896],[48.954,67.854],[49.155,67.87],[49.931,68.065],[50.699,68.318],[51.336,68.402],[51.617,68.476],[51.995,68.539],[52.129,68.532],[52.285,68.459],[52.183,68.374],[52.322,68.34],[52.397,68.352],[52.67,68.427],[52.723,68.484],[52.648,68.506],[52.55,68.592],[52.344,68.608],[52.684,68.731],[53.802,68.996],[54.491,68.992],[53.798,68.907],[53.798,68.885],[53.971,68.844],[53.891,68.802],[53.759,68.634],[53.918,68.537],[53.931,68.436],[53.829,68.383],[53.69,68.403],[53.343,68.343],[53.261,68.267],[53.968,68.227],[54.476,68.294],[54.561,68.273],[54.718,68.184],[54.861,68.202],[54.923,68.374],[55.151,68.48],[55.418,68.568],[55.675,68.576],[56.044,68.649],[56.62,68.619],[56.909,68.567],[57.127,68.554],[58.173,68.89],[58.237,68.834],[58.354,68.916],[58.919,69.004],[59.057,69.006],[59.11,68.896],[59.22,68.85],[59.371,68.738],[59.223,68.691],[59.112,68.616],[59.099,68.444],[59.604,68.351],[59.726,68.352],[59.859,68.396],[59.923,68.471],[59.941,68.51],[59.865,68.605],[59.896,68.706],[60.16,68.7],[60.489,68.729],[60.638,68.787],[60.934,68.987],[60.859,69.146],[60.665,69.11],[60.337,69.457],[60.171,69.591],[60.276,69.653],[60.559,69.692],[60.813,69.821],[60.909,69.847],[61.771,69.763],[62.631,69.743],[63.361,69.675],[64.19,69.535],[64.592,69.436],[64.929,69.325],[64.896,69.248],[65.036,69.269],[64.99,69.205],[64.545,69.032],[64.554,68.871],[64.904,68.871],[65.064,68.814],[65.315,68.803],[65.326,68.73],[65.517,68.588],[65.654,68.556],[65.48,68.43],[64.745,68.404],[64.523,68.344],[64.53,68.2],[63.829,68.017],[63.944,67.884],[63.69,67.762],[63.445,67.771],[63.161,67.691],[62.871,67.58],[62.821,67.388],[61.851,67.126],[61.695,67.03],[61.432,67.0],[53.772,66.999],[52.246,67.089],[51.836,66.995],[51.811,66.954],[51.495,66.907],[51.51,66.783],[49.006,66.119],[48.156,66.13],[47.753,65.941],[47.764,65.861],[47.661,65.808],[47.407,65.836],[47.11,65.821],[46.347,66.028],[45.832,66.088],[45.741,66.068],[44.578,66.307],[44.476,66.37],[44.221,66.407],[44.489,66.672]]],[[[50.167,69.257],[50.265,69.186],[50.283,69.089],[50.164,69.038],[50.141,69.098],[50.094,69.126],[49.921,69.053],[49.84,68.974],[49.626,68.86],[48.91,68.743],[48.667,68.733],[48.439,68.805],[48.316,68.942],[48.279,69.04],[48.296,69.184],[48.32,69.269],[48.414,69.346],[48.845,69.495],[49.225,69.511],[50.167,69.257]]],[[[60.45,69.935],[60.481,69.885],[60.477,69.794],[60.44,69.726],[60.216,69.688],[60.026,69.717],[59.92,69.697],[59.725,69.706],[59.578,69.739],[59.581,69.791],[59.503,69.866],[59.144,69.922],[59.004,69.883],[58.953,69.893],[58.68,70.051],[58.473,70.267],[58.52,70.318],[58.678,70.36],[58.794,70.433],[59.048,70.46],[59.426,70.311],[59.636,70.197],[60.45,69.935]]]]}},{"type":"Feature","properties":{"name":"Yamal-Nenets","admin":"Russia","iso_a2":"RU","postal":"YN"},"geometry":{"type":"MultiPolygon","coordinates":[[[[70.11,66.569],[70.059,66.518],[69.845,66.49],[69.651,66.565],[69.469,66.716],[69.503,66.751],[70.077,66.696],[70.057,66.599],[70.11,66.569]]],[[[65.736,69.132],[65.813,69.077],[66.085,69.036],[66.416,68.948],[67.002,68.874],[67.149,68.754],[67.64,68.579],[67.731,68.514],[68.157,68.404],[68.371,68.314],[68.504,68.348],[68.829,68.567],[69.141,68.951],[68.924,68.956],[68.763,68.917],[68.543,68.967],[68.355,69.068],[68.117,69.236],[68.073,69.421],[68.006,69.48],[67.624,69.584],[67.064,69.694],[66.964,69.656],[66.897,69.554],[66.804,69.659],[66.803,69.74],[66.832,69.842],[66.926,70.014],[67.069,70.006],[67.144,70.031],[67.239,70.108],[67.146,70.22],[67.157,70.295],[67.247,70.5],[67.285,70.739],[67.143,70.838],[66.822,70.797],[66.702,70.819],[66.666,70.901],[66.759,70.962],[66.847,71.064],[66.693,71.042],[66.64,71.081],[66.768,71.14],[66.918,71.282],[67.542,71.412],[67.959,71.548],[68.269,71.683],[68.469,71.853],[68.607,72.013],[68.83,72.392],[69.039,72.67],[69.391,72.956],[69.694,72.978],[69.709,72.956],[69.659,72.932],[69.645,72.898],[69.738,72.885],[71.617,72.902],[71.93,72.82],[72.101,72.829],[72.446,72.79],[72.812,72.691],[72.753,72.343],[72.574,72.013],[72.375,71.822],[72.279,71.696],[72.13,71.609],[71.912,71.548],[71.867,71.457],[72.079,71.307],[72.581,71.151],[72.704,70.963],[72.732,70.823],[72.7,70.457],[72.469,70.275],[72.53,70.173],[72.599,69.793],[72.616,69.484],[72.557,69.378],[72.527,69.154],[72.527,69.081],[72.577,68.969],[72.678,68.875],[72.812,68.815],[73.548,68.575],[73.592,68.482],[73.465,68.431],[73.139,68.181],[73.129,68.091],[73.173,67.973],[73.152,67.865],[73.067,67.767],[72.949,67.696],[72.594,67.587],[71.847,67.008],[71.668,66.94],[71.365,66.962],[71.551,66.76],[71.54,66.683],[71.342,66.687],[70.939,66.548],[70.725,66.519],[70.383,66.602],[70.443,66.668],[70.691,66.745],[70.579,66.754],[70.444,66.697],[70.283,66.686],[69.877,66.845],[69.74,66.815],[69.218,66.829],[69.013,66.788],[69.091,66.724],[69.194,66.579],[69.412,66.511],[69.701,66.485],[69.982,66.401],[70.339,66.342],[71.358,66.359],[71.566,66.334],[71.917,66.247],[72.068,66.253],[72.322,66.332],[72.417,66.561],[73.514,66.861],[73.792,66.995],[73.883,67.085],[73.986,67.328],[74.075,67.414],[74.676,67.695],[74.77,67.766],[74.787,67.898],[74.743,68.074],[74.632,68.218],[74.391,68.421],[74.481,68.659],[74.58,68.751],[75.125,68.862],[76.108,68.976],[76.459,68.978],[76.606,68.898],[76.735,68.777],[77.112,68.596],[77.238,68.47],[77.261,68.316],[77.248,67.941],[77.174,67.779],[77.772,67.57],[78.922,67.589],[78.839,67.631],[78.559,67.639],[77.588,67.752],[77.52,67.91],[77.536,68.008],[77.665,68.19],[77.995,68.259],[77.907,68.482],[77.785,68.63],[77.651,68.903],[77.466,68.905],[77.328,68.959],[76.645,69.117],[76.001,69.235],[75.42,69.239],[75.054,69.116],[74.815,69.091],[74.363,69.145],[73.977,69.115],[73.836,69.143],[73.776,69.198],[73.891,69.418],[73.833,69.504],[73.56,69.707],[73.578,69.803],[73.83,70.176],[73.937,70.273],[74.207,70.445],[74.343,70.579],[74.311,70.654],[73.732,71.069],[73.577,71.217],[73.365,71.32],[73.15,71.385],[73.086,71.445],[73.672,71.845],[73.939,71.915],[74.489,71.997],[74.992,72.145],[75.09,72.263],[75.097,72.421],[75.06,72.549],[74.787,72.812],[74.942,72.854],[75.152,72.853],[75.369,72.797],[75.604,72.581],[75.591,72.457],[75.741,72.296],[75.55,72.171],[75.395,71.983],[75.274,71.959],[75.247,71.813],[75.503,71.655],[75.469,71.534],[75.28,71.43],[75.332,71.342],[76.11,71.219],[76.742,71.202],[76.929,71.128],[76.995,71.181],[77.59,71.168],[78.068,70.986],[78.321,70.93],[78.526,70.912],[79.015,70.95],[79.084,71.002],[78.724,70.976],[78.491,71.025],[78.387,71.087],[78.213,71.266],[77.908,71.324],[77.707,71.301],[77.481,71.312],[76.433,71.552],[76.312,71.595],[76.032,71.91],[76.422,72.006],[76.871,72.033],[77.061,72.004],[77.551,71.842],[77.778,71.836],[78.187,71.907],[78.232,71.952],[78.141,72.045],[78.016,72.092],[77.781,72.114],[77.493,72.072],[77.411,72.108],[77.472,72.192],[77.733,72.229],[77.968,72.329],[78.225,72.377],[78.483,72.395],[78.697,72.18],[79.419,72.043],[79.695,72.058],[80.218,71.942],[80.339,71.89],[80.036,71.831],[80.119,71.675],[79.868,71.602],[79.383,71.615],[79.333,71.481],[79.143,71.422],[79.245,71.317],[79.565,71.277],[79.954,71.134],[80.403,71.091],[80.55,71.044],[80.552,70.9],[80.68,70.805],[80.608,70.71],[80.753,70.635],[80.569,70.461],[80.177,70.43],[80.095,70.353],[79.63,70.221],[79.505,70.115],[79.208,70.053],[79.171,69.978],[78.913,69.861],[79.116,69.732],[79.585,69.588],[79.644,69.491],[79.854,69.355],[80.26,69.356],[80.734,69.308],[80.967,69.209],[81.324,69.286],[81.611,69.286],[81.626,69.41],[81.783,69.429],[81.929,69.349],[81.772,69.233],[81.893,69.183],[82.257,69.157],[82.497,69.111],[82.333,69.062],[82.481,68.995],[82.546,68.84],[83.015,68.684],[82.867,68.628],[82.536,68.611],[82.71,68.414],[82.681,68.283],[82.55,68.179],[82.395,68.177],[82.354,67.944],[82.059,67.948],[81.731,67.908],[81.882,67.799],[82.1,67.724],[82.11,67.609],[82.387,67.524],[82.256,67.409],[82.353,67.328],[82.117,67.244],[83.042,66.891],[83.162,66.818],[83.293,66.663],[83.078,66.579],[83.091,66.459],[83.262,66.389],[83.525,66.173],[83.381,66.14],[83.296,66.058],[83.521,65.908],[83.518,65.822],[84.031,65.793],[84.168,65.703],[84.319,65.684],[84.291,65.613],[84.43,65.551],[84.55,65.433],[84.586,65.311],[84.523,65.213],[84.388,65.175],[84.313,65.098],[84.387,64.994],[84.279,64.94],[84.47,64.89],[84.82,64.931],[84.968,64.891],[85.184,64.751],[85.61,64.828],[85.859,64.756],[85.812,64.656],[85.916,64.588],[85.845,64.501],[85.951,64.329],[86.028,64.28],[85.934,64.123],[85.948,64.053],[85.534,63.937],[85.373,63.808],[85.333,63.701],[85.097,63.534],[85.276,63.522],[85.378,63.467],[85.41,63.353],[85.641,63.374],[85.469,63.149],[85.584,63.054],[85.518,62.933],[85.324,62.869],[85.225,62.801],[85.09,62.638],[84.958,62.593],[84.861,62.451],[84.746,62.41],[84.436,62.178],[84.289,62.276],[84.237,62.377],[84.096,62.375],[83.798,62.56],[83.533,62.525],[83.311,62.457],[83.034,62.53],[83.01,62.595],[82.741,62.68],[82.733,62.757],[82.073,62.8],[81.84,62.692],[81.6,62.773],[81.349,62.821],[81.195,62.95],[81.075,63.117],[80.584,63.083],[80.574,63.019],[80.073,62.826],[79.915,62.792],[79.82,62.604],[78.793,62.615],[78.379,62.568],[77.967,62.478],[77.889,62.557],[77.327,62.71],[77.132,62.813],[77.026,62.975],[76.623,63.038],[76.289,62.95],[76.24,63.019],[75.803,63.114],[75.7,63.091],[75.364,63.108],[74.915,63.032],[74.507,63.043],[74.241,63.172],[73.368,63.207],[73.284,63.315],[73.104,63.436],[72.907,63.393],[72.655,63.28],[72.161,63.299],[71.964,63.197],[71.805,63.219],[71.608,63.185],[71.569,63.551],[71.388,63.675],[70.914,63.692],[70.813,63.822],[70.638,63.903],[70.57,64.015],[70.755,64.1],[70.769,64.194],[70.672,64.237],[70.473,64.252],[70.307,64.344],[70.0,64.316],[69.825,64.341],[69.693,64.4],[69.39,64.389],[69.244,64.466],[69.015,64.472],[68.859,64.436],[68.99,64.33],[68.811,64.221],[68.425,64.296],[68.179,64.176],[67.936,64.118],[67.809,64.032],[67.679,64.079],[67.281,64.081],[67.171,64.163],[66.819,64.226],[66.796,64.321],[66.892,64.383],[66.936,64.487],[66.682,64.557],[66.434,64.515],[66.146,64.586],[65.4,64.571],[65.176,64.446],[64.995,64.466],[64.761,64.427],[64.622,64.439],[64.444,64.356],[64.016,64.357],[63.896,64.287],[63.611,64.268],[63.417,64.324],[63.503,64.371],[63.467,64.451],[63.215,64.526],[62.699,64.492],[62.532,64.56],[62.6,64.645],[62.803,64.726],[62.799,64.847],[62.679,64.878],[62.801,65.051],[62.817,65.292],[62.517,65.339],[62.374,65.449],[62.411,65.515],[62.278,65.623],[62.018,65.717],[62.504,65.831],[62.839,65.869],[62.807,65.937],[62.87,66.079],[63.066,66.232],[63.241,66.313],[63.306,66.4],[63.809,66.547],[63.969,66.646],[64.316,66.668],[64.567,66.794],[64.999,66.865],[65.116,66.908],[65.09,67.054],[65.19,67.145],[65.708,67.335],[65.937,67.393],[66.11,67.489],[66.026,67.576],[65.836,67.555],[65.831,67.643],[66.206,67.693],[66.022,67.794],[66.083,67.934],[65.437,67.92],[65.29,68.012],[65.33,68.085],[65.273,68.216],[65.48,68.43],[65.654,68.556],[65.517,68.588],[65.326,68.73],[65.315,68.803],[65.064,68.814],[64.904,68.871],[64.554,68.871],[64.545,69.032],[64.99,69.205],[65.036,69.269],[65.736,69.132]]],[[[76.756,73.446],[76.234,73.476],[76.083,73.523],[76.14,73.554],[76.251,73.555],[76.756,73.446]]],[[[78.279,72.553],[78.365,72.482],[78.007,72.392],[77.781,72.309],[77.633,72.291],[77.146,72.282],[76.871,72.317],[76.903,72.366],[77.15,72.439],[77.378,72.565],[77.579,72.631],[77.749,72.631],[78.279,72.553]]],[[[74.725,73.108],[74.962,73.063],[74.743,73.033],[74.647,72.969],[74.66,72.929],[74.697,72.908],[74.638,72.864],[74.181,72.975],[74.1,73.022],[74.199,73.109],[74.409,73.13],[74.725,73.108]]],[[[75.827,73.459],[75.504,73.457],[75.344,73.432],[75.375,73.477],[75.57,73.541],[75.93,73.574],[76.052,73.549],[75.827,73.459]]],[[[66.561,70.542],[66.569,70.501],[66.449,70.561],[66.408,70.616],[66.395,70.727],[66.44,70.773],[66.463,70.769],[66.458,70.699],[66.561,70.542]]],[[[67.329,69.572],[67.345,69.53],[67.264,69.443],[67.098,69.447],[67.026,69.483],[67.216,69.575],[67.329,69.572]]],[[[71.59,73.283],[71.63,73.225],[71.626,73.174],[70.887,73.12],[70.38,73.048],[70.119,73.056],[70.041,73.037],[69.92,73.085],[69.93,73.127],[70.019,73.224],[69.996,73.359],[70.15,73.445],[70.35,73.478],[70.94,73.514],[71.232,73.448],[71.59,73.283]]]]}},{"type":"Feature","properties":{"name":"Komi","admin":"Russia","iso_a2":"RU","postal":"KO"},"geometry":{"type":"Polygon","coordinates":[[[59.114,61.615],[59.023,61.552],[58.692,61.503],[57.204,61.511],[57.086,61.488],[56.702,61.525],[56.545,61.435],[56.391,61.42],[56.257,61.206],[55.841,61.25],[55.69,61.086],[55.316,61.123],[55.214,61.019],[55.062,61.009],[54.98,60.864],[53.853,60.98],[53.791,60.848],[53.354,60.893],[53.349,61.037],[52.876,61.094],[52.79,60.949],[52.442,60.98],[52.355,60.844],[51.89,60.876],[51.774,60.606],[52.134,60.547],[52.138,60.473],[52.324,60.432],[52.298,60.242],[52.061,60.317],[51.9,60.244],[51.802,60.115],[51.521,59.946],[51.421,59.943],[51.307,60.028],[51.075,60.061],[50.83,59.871],[50.386,59.84],[50.212,59.754],[49.999,59.777],[50.04,59.682],[49.834,59.638],[49.795,59.233],[49.664,59.208],[49.527,59.235],[49.525,59.397],[49.363,59.416],[49.151,59.506],[49.039,59.5],[49.073,59.66],[48.508,59.715],[48.493,59.989],[48.456,60.115],[48.497,60.218],[48.755,60.361],[48.519,60.476],[48.538,60.564],[48.419,60.854],[48.446,60.984],[48.509,61.048],[48.889,61.141],[49.098,61.175],[49.302,61.176],[49.461,61.586],[49.417,61.618],[49.097,61.658],[49.052,61.691],[49.213,62.091],[49.369,62.149],[49.609,62.77],[48.875,62.829],[48.714,62.816],[48.629,62.706],[48.366,62.729],[48.237,62.473],[48.291,62.322],[47.751,62.322],[47.65,62.297],[47.621,62.185],[47.413,62.193],[47.386,62.32],[47.235,62.351],[47.238,62.636],[47.083,62.84],[47.4,62.955],[47.516,63.037],[47.555,63.148],[47.366,63.167],[47.091,63.246],[46.937,63.352],[47.026,63.531],[46.97,63.64],[46.819,63.747],[46.436,63.888],[45.884,63.964],[45.593,64.064],[45.442,64.188],[45.825,64.284],[46.323,64.265],[46.611,64.327],[48.116,64.348],[48.196,64.239],[48.408,64.224],[48.518,64.356],[48.84,64.357],[48.95,64.491],[49.45,64.463],[49.627,64.592],[50.273,64.513],[50.348,64.538],[50.467,64.792],[50.16,64.847],[50.063,64.89],[49.663,65.255],[49.567,65.292],[49.021,65.238],[48.989,65.269],[49.006,66.119],[51.51,66.783],[51.495,66.907],[51.811,66.954],[51.836,66.995],[52.246,67.089],[53.772,66.999],[61.432,67.0],[61.695,67.03],[61.851,67.126],[62.821,67.388],[62.871,67.58],[63.445,67.771],[63.69,67.762],[63.944,67.884],[63.829,68.017],[64.53,68.2],[64.523,68.344],[64.745,68.404],[65.48,68.43],[65.273,68.216],[65.33,68.085],[65.29,68.012],[65.437,67.92],[66.083,67.934],[66.022,67.794],[66.206,67.693],[65.831,67.643],[65.836,67.555],[66.026,67.576],[66.11,67.489],[65.937,67.393],[65.708,67.335],[65.19,67.145],[65.09,67.054],[65.116,66.908],[64.999,66.865],[64.567,66.794],[64.316,66.668],[63.969,66.646],[63.809,66.547],[63.306,66.4],[63.241,66.313],[63.066,66.232],[62.87,66.079],[62.807,65.937],[62.839,65.869],[62.504,65.831],[61.882,65.702],[61.511,65.5],[61.263,65.307],[61.241,65.192],[61.107,65.161],[61.003,65.06],[60.831,65.051],[60.677,64.912],[60.305,65.071],[60.147,65.065],[59.889,64.901],[59.75,64.859],[59.648,64.772],[59.704,64.668],[59.484,64.497],[59.589,64.467],[59.633,64.344],[59.588,64.233],[59.838,64.08],[59.761,63.996],[59.584,63.938],[59.521,63.791],[59.494,63.611],[59.292,63.342],[59.33,63.274],[59.232,63.089],[59.278,62.97],[59.483,62.892],[59.394,62.731],[59.527,62.541],[59.644,62.51],[59.565,62.335],[59.507,62.307],[59.404,62.108],[59.485,61.993],[59.345,61.857],[59.389,61.744],[59.349,61.682],[59.114,61.615]]]}},{"type":"Feature","properties":{"name":"Kirov","admin":"Russia","iso_a2":"RU","postal":"KV"},"geometry":{"type":"Polygon","coordinates":[[[51.224,56.1],[51.073,56.131],[50.837,56.248],[50.908,56.296],[50.851,56.39],[50.706,56.33],[50.586,56.367],[50.497,56.511],[50.35,56.67],[50.072,56.623],[50.101,56.792],[50.017,56.864],[49.742,56.9],[49.7,57.073],[49.529,57.073],[49.411,57.025],[49.285,57.039],[49.15,57.15],[49.213,57.291],[49.035,57.288],[49.039,57.222],[48.961,57.089],[48.822,57.164],[48.569,57.172],[48.451,57.128],[48.293,57.163],[48.202,57.028],[47.91,56.983],[47.77,57.06],[47.509,56.893],[47.174,56.814],[47.161,56.901],[46.951,56.945],[46.823,56.93],[46.715,56.966],[46.763,57.03],[46.742,57.205],[46.79,57.281],[46.695,57.32],[46.75,57.517],[47.054,57.498],[47.249,57.567],[47.471,57.529],[47.521,57.586],[47.572,57.81],[47.762,57.876],[47.703,57.958],[47.452,57.987],[47.354,58.026],[46.43,58.02],[46.341,58.075],[46.407,58.209],[46.424,58.347],[46.541,58.397],[46.554,58.488],[46.687,58.567],[46.947,58.607],[47.12,58.775],[47.26,58.756],[47.313,58.807],[47.282,58.893],[47.452,58.921],[47.602,58.907],[47.571,59.06],[47.239,59.22],[47.252,59.355],[47.056,59.379],[47.114,59.611],[47.113,59.753],[46.935,59.789],[46.923,59.844],[47.036,60.1],[46.608,60.067],[46.404,60.107],[46.349,60.214],[46.441,60.271],[46.75,60.261],[46.807,60.318],[46.862,60.507],[47.049,60.575],[46.959,60.66],[47.084,60.819],[47.043,60.854],[47.104,60.956],[47.245,61.056],[47.568,61.059],[47.965,60.999],[47.984,60.896],[48.419,60.854],[48.538,60.564],[48.519,60.476],[48.755,60.361],[48.497,60.218],[48.456,60.115],[48.493,59.989],[48.508,59.715],[49.073,59.66],[49.039,59.5],[49.151,59.506],[49.363,59.416],[49.525,59.397],[49.527,59.235],[49.664,59.208],[49.795,59.233],[49.834,59.638],[50.04,59.682],[49.999,59.777],[50.212,59.754],[50.386,59.84],[50.83,59.871],[51.075,60.061],[51.307,60.028],[51.421,59.943],[51.521,59.946],[51.802,60.115],[51.9,60.244],[52.061,60.317],[52.454,60.201],[53.358,60.166],[53.457,60.205],[53.608,60.143],[53.707,60.001],[53.658,59.824],[53.592,59.709],[53.418,59.678],[53.354,59.501],[53.206,59.364],[53.335,59.185],[53.434,59.144],[53.877,59.093],[53.767,59.022],[53.726,58.917],[53.821,58.821],[53.922,58.783],[53.75,58.697],[53.705,58.595],[53.785,58.44],[53.498,58.45],[53.34,58.389],[53.165,58.456],[53.13,58.537],[52.921,58.534],[52.87,58.411],[52.329,58.45],[52.167,58.49],[51.971,58.464],[51.796,58.361],[51.791,58.281],[51.673,58.166],[51.766,58.141],[51.793,58.043],[51.885,57.986],[51.852,57.842],[51.924,57.817],[51.862,57.647],[51.748,57.546],[51.64,57.544],[51.601,57.457],[51.397,57.478],[51.181,57.447],[51.12,57.265],[51.193,57.203],[51.227,57.067],[51.359,56.927],[51.54,56.883],[51.4,56.767],[51.379,56.68],[51.206,56.67],[51.145,56.515],[51.273,56.44],[51.32,56.329],[51.42,56.284],[51.436,56.144],[51.224,56.1]]]}},{"type":"Feature","properties":{"name":"Mariy-El","admin":"Russia","iso_a2":"RU","postal":"ME"},"geometry":{"type":"Polygon","coordinates":[[[50.18,56.549],[50.025,56.46],[49.885,56.442],[49.765,56.536],[49.578,56.505],[49.558,56.441],[49.276,56.353],[49.037,56.358],[49.016,56.233],[48.835,56.072],[48.69,56.068],[48.694,55.965],[48.401,55.888],[48.412,55.829],[48.285,55.846],[48.024,55.937],[47.905,56.114],[47.829,56.145],[47.529,56.154],[47.437,56.188],[47.385,56.33],[47.277,56.335],[47.056,56.288],[46.658,56.12],[46.402,56.119],[46.214,56.05],[46.092,56.056],[46.068,56.182],[45.874,56.259],[45.946,56.325],[45.949,56.433],[45.789,56.425],[45.663,56.461],[45.651,56.591],[45.859,56.629],[45.959,56.872],[46.313,56.907],[46.336,56.952],[46.601,56.92],[46.715,56.966],[46.823,56.93],[46.951,56.945],[47.161,56.901],[47.174,56.814],[47.509,56.893],[47.77,57.06],[47.91,56.983],[48.202,57.028],[48.293,57.163],[48.451,57.128],[48.569,57.172],[48.822,57.164],[48.961,57.089],[49.039,57.222],[49.035,57.288],[49.213,57.291],[49.15,57.15],[49.285,57.039],[49.411,57.025],[49.529,57.073],[49.7,57.073],[49.742,56.9],[50.017,56.864],[50.101,56.792],[50.072,56.623],[50.18,56.549]]]}},{"type":"Feature","properties":{"name":"Sverdlovsk","admin":"Russia","iso_a2":"RU","postal":"SV"},"geometry":{"type":"Polygon","coordinates":[[[59.652,61.936],[59.779,61.952],[59.984,61.903],[59.988,61.747],[60.057,61.721],[60.431,61.747],[61.165,61.683],[61.9,61.434],[61.933,61.404],[62.42,61.305],[62.62,61.211],[62.86,61.001],[62.76,60.859],[62.881,60.64],[63.091,60.46],[63.22,60.301],[63.197,60.242],[63.438,60.159],[63.589,60.155],[63.694,60.001],[63.796,59.792],[63.825,59.477],[63.98,59.406],[64.121,59.391],[64.324,59.411],[65.002,59.338],[65.185,59.223],[65.382,58.919],[65.669,58.663],[65.935,58.614],[66.002,58.297],[66.197,58.033],[65.702,57.901],[65.54,57.78],[65.428,57.834],[64.839,57.641],[64.937,57.549],[64.842,57.446],[64.918,57.296],[64.992,57.221],[64.994,57.042],[65.101,56.892],[65.227,56.86],[65.14,56.77],[64.995,56.768],[64.826,56.841],[64.542,56.808],[64.484,56.76],[64.337,56.753],[64.357,56.653],[64.219,56.601],[64.237,56.519],[64.173,56.468],[63.766,56.508],[63.448,56.61],[63.359,56.563],[63.098,56.569],[63.001,56.598],[62.59,56.524],[62.542,56.578],[62.333,56.469],[62.253,56.363],[62.083,56.291],[62.072,56.134],[61.864,56.181],[61.816,56.239],[61.642,56.319],[61.537,56.297],[61.385,56.367],[61.267,56.331],[61.15,56.376],[61.084,56.326],[61.15,56.217],[60.909,56.188],[60.751,56.237],[60.585,56.214],[60.315,56.238],[60.24,56.209],[59.921,56.265],[59.789,56.233],[59.701,56.306],[59.349,56.318],[59.194,56.352],[59.122,56.317],[59.135,56.206],[59.026,56.169],[58.944,56.066],[58.747,56.063],[58.543,56.163],[58.308,56.105],[58.079,56.141],[57.907,56.115],[57.802,56.151],[57.537,56.1],[57.411,56.235],[57.408,56.329],[57.317,56.373],[57.373,56.552],[57.358,56.681],[57.219,56.853],[57.323,56.92],[57.56,56.888],[57.825,56.974],[57.869,57.058],[58.03,57.099],[58.039,57.237],[57.938,57.332],[57.995,57.477],[58.268,57.67],[58.436,57.676],[58.458,57.588],[58.58,57.594],[58.83,57.726],[58.864,57.827],[58.756,57.848],[58.605,57.996],[58.678,58.107],[58.868,58.205],[58.971,58.2],[59.203,58.305],[59.281,58.413],[59.456,58.493],[59.389,58.59],[59.388,58.703],[59.186,58.711],[59.083,58.769],[59.066,58.884],[59.181,58.953],[59.091,59.022],[59.175,59.147],[59.003,59.231],[58.67,59.293],[58.508,59.44],[58.311,59.468],[58.403,59.552],[58.451,59.705],[58.582,59.716],[58.675,59.859],[58.805,59.863],[58.849,59.926],[58.989,59.928],[58.962,60.005],[59.188,60.278],[59.169,60.374],[59.239,60.48],[59.385,60.574],[59.468,60.808],[59.458,60.953],[59.373,60.97],[59.358,61.143],[59.261,61.222],[59.317,61.377],[59.406,61.418],[59.428,61.507],[59.349,61.682],[59.389,61.744],[59.345,61.857],[59.485,61.993],[59.652,61.936]]]}},{"type":"Feature","properties":{"name":"Udmurt","admin":"Russia","iso_a2":"RU","postal":"UD"},"geometry":{"type":"Polygon","coordinates":[[[53.289,55.858],[53.276,55.935],[53.405,56.023],[53.564,56.181],[53.551,56.241],[53.427,56.277],[53.26,56.254],[53.336,56.157],[53.273,56.085],[52.958,56.252],[52.945,56.366],[53.08,56.527],[52.934,56.538],[52.908,56.416],[52.733,56.378],[52.562,56.259],[52.711,56.23],[52.839,56.163],[52.794,56.095],[52.655,56.018],[52.473,56.074],[52.439,56.033],[52.195,56.077],[52.242,55.965],[52.168,55.899],[52.064,55.896],[51.938,55.974],[51.829,55.918],[51.633,55.952],[51.442,55.925],[51.399,55.994],[51.501,56.082],[51.436,56.144],[51.42,56.284],[51.32,56.329],[51.273,56.44],[51.145,56.515],[51.206,56.67],[51.379,56.68],[51.4,56.767],[51.54,56.883],[51.359,56.927],[51.227,57.067],[51.193,57.203],[51.12,57.265],[51.181,57.447],[51.397,57.478],[51.601,57.457],[51.64,57.544],[51.748,57.546],[51.862,57.647],[51.924,57.817],[51.852,57.842],[51.885,57.986],[51.793,58.043],[51.766,58.141],[51.673,58.166],[51.791,58.281],[51.796,58.361],[51.971,58.464],[52.167,58.49],[52.329,58.45],[52.87,58.411],[52.921,58.534],[53.13,58.537],[53.165,58.456],[53.34,58.389],[53.498,58.45],[53.785,58.44],[53.886,58.319],[53.81,58.228],[54.087,57.994],[54.156,57.706],[54.096,57.607],[54.168,57.559],[54.188,57.463],[54.158,57.314],[54.314,57.291],[54.295,57.084],[54.341,57.012],[54.099,56.966],[54.088,56.771],[53.869,56.713],[53.959,56.632],[54.168,56.534],[54.245,56.432],[54.352,56.359],[54.346,56.253],[54.117,56.158],[54.047,56.058],[53.838,56.039],[53.777,55.97],[53.632,55.907],[53.289,55.858]]]}},{"type":"Feature","properties":{"name":"Astrakhan'","admin":"Russia","iso_a2":"RU","postal":"AS"},"geometry":{"type":"MultiPolygon","coordinates":[[[[47.968,45.47],[47.92,45.562],[47.918,45.618],[47.947,45.647],[47.987,45.554],[47.968,45.47]]],[[[46.609,48.574],[46.661,48.412],[46.853,48.324],[47.004,48.284],[47.065,48.232],[47.119,48.127],[47.093,47.948],[47.202,47.792],[47.292,47.741],[47.482,47.804],[48.11,47.745],[48.167,47.709],[48.553,47.321],[48.959,46.775],[48.95,46.726],[48.884,46.705],[48.776,46.71],[48.605,46.766],[48.558,46.757],[48.502,46.699],[48.541,46.606],[49.232,46.337],[49.246,46.292],[49.125,46.282],[49.08,46.189],[48.81,46.1],[48.684,46.086],[48.703,45.976],[48.75,45.921],[48.73,45.897],[48.69,45.889],[48.589,45.935],[48.487,45.935],[48.258,45.778],[48.159,45.737],[47.83,45.663],[47.701,45.686],[47.65,45.657],[47.633,45.584],[47.479,45.688],[47.463,45.68],[47.524,45.602],[47.528,45.546],[47.47,45.635],[47.354,45.684],[47.296,45.646],[46.922,45.578],[46.906,45.637],[47.04,45.966],[47.17,46.078],[47.089,46.118],[46.846,46.076],[46.856,46.244],[46.504,46.274],[46.531,46.338],[46.664,46.429],[46.94,46.432],[46.93,46.556],[47.022,46.635],[47.15,46.668],[47.213,46.742],[47.126,46.851],[46.988,46.863],[46.912,46.98],[46.801,47.004],[46.511,47.406],[46.526,47.435],[46.788,47.557],[46.685,47.628],[46.449,47.478],[46.297,47.437],[46.116,47.502],[45.843,47.719],[45.707,47.908],[45.741,48.0],[45.677,48.032],[45.547,47.997],[45.405,48.092],[45.301,48.098],[45.15,48.238],[44.987,48.268],[45.042,48.395],[45.172,48.439],[45.375,48.464],[45.301,48.558],[45.609,48.593],[45.76,48.666],[45.948,48.836],[46.057,48.869],[46.298,48.84],[46.644,48.659],[46.609,48.574]]]]}},{"type":"Feature","properties":{"name":"Chuvash","admin":"Russia","iso_a2":"RU","postal":"CV"},"geometry":{"type":"Polygon","coordinates":[[[48.205,55.694],[48.025,55.63],[48.101,55.545],[47.974,55.5],[47.834,55.342],[47.703,55.328],[47.763,55.214],[47.913,55.316],[48.017,55.276],[48.075,55.108],[47.996,54.968],[47.803,54.945],[47.729,54.831],[47.487,54.858],[47.379,54.832],[47.37,54.753],[47.242,54.678],[47.063,54.69],[46.869,54.632],[46.441,54.772],[46.415,54.895],[46.056,55.042],[46.098,55.204],[46.229,55.273],[46.254,55.385],[46.384,55.463],[46.244,55.524],[46.14,55.524],[46.048,55.617],[45.92,55.688],[46.094,55.808],[46.099,55.941],[46.214,56.05],[46.402,56.119],[46.658,56.12],[47.056,56.288],[47.277,56.335],[47.385,56.33],[47.437,56.188],[47.529,56.154],[47.829,56.145],[47.905,56.114],[48.024,55.937],[48.285,55.846],[48.412,55.829],[48.205,55.694]]]}},{"type":"Feature","properties":{"name":"Kalmyk","admin":"Russia","iso_a2":"RU","postal":"KL"},"geometry":{"type":"Polygon","coordinates":[[[47.489,45.455],[47.413,45.421],[47.391,45.295],[47.351,45.218],[47.115,44.906],[47.084,44.817],[47.003,44.876],[46.957,44.783],[46.891,44.746],[46.603,44.885],[46.434,44.937],[45.854,45.001],[45.706,44.976],[45.712,45.014],[45.586,45.158],[44.706,45.506],[44.421,45.527],[44.207,45.61],[44.148,45.653],[44.097,45.774],[43.878,45.945],[43.393,46.016],[43.237,46.112],[42.991,46.18],[42.905,46.24],[42.835,46.156],[42.671,46.088],[42.533,45.998],[42.317,45.981],[42.34,46.107],[42.177,46.099],[42.15,45.949],[41.713,45.996],[41.656,46.105],[41.726,46.214],[41.84,46.153],[41.915,46.185],[41.995,46.301],[42.202,46.314],[42.1,46.407],[42.034,46.543],[42.181,46.578],[42.409,46.525],[42.597,46.411],[42.787,46.389],[42.912,46.435],[43.08,46.36],[43.356,46.172],[43.559,46.169],[43.646,46.216],[43.786,46.407],[43.918,46.416],[43.928,46.521],[43.817,46.589],[43.93,46.723],[44.262,46.9],[44.328,47.111],[44.334,47.475],[44.228,47.575],[44.117,47.533],[44.11,47.414],[43.953,47.365],[43.939,47.269],[43.802,47.283],[43.799,47.371],[43.732,47.477],[43.634,47.57],[43.705,47.683],[43.822,47.75],[43.951,47.756],[44.032,47.816],[44.083,47.909],[44.389,47.868],[44.467,47.99],[44.448,48.05],[44.314,48.094],[44.306,48.255],[44.54,48.197],[44.547,48.063],[44.662,48.089],[44.766,48.059],[44.933,48.135],[44.963,48.209],[45.137,48.112],[45.405,48.092],[45.547,47.997],[45.677,48.032],[45.741,48.0],[45.707,47.908],[45.843,47.719],[46.116,47.502],[46.297,47.437],[46.449,47.478],[46.685,47.628],[46.788,47.557],[46.526,47.435],[46.511,47.406],[46.801,47.004],[46.912,46.98],[46.988,46.863],[47.126,46.851],[47.213,46.742],[47.15,46.668],[47.022,46.635],[46.93,46.556],[46.94,46.432],[46.664,46.429],[46.531,46.338],[46.504,46.274],[46.856,46.244],[46.846,46.076],[47.089,46.118],[47.17,46.078],[47.04,45.966],[46.906,45.637],[46.922,45.578],[47.296,45.646],[47.354,45.684],[47.47,45.635],[47.528,45.546],[47.489,45.455]]]}},{"type":"Feature","properties":{"name":"Samara","admin":"Russia","iso_a2":"RU","postal":"SA"},"geometry":{"type":"Polygon","coordinates":[[[48.54,52.83],[48.593,52.919],[48.522,52.978],[48.39,52.97],[48.222,52.999],[48.149,53.059],[48.144,53.162],[48.035,53.315],[47.949,53.359],[48.057,53.476],[48.376,53.471],[48.331,53.624],[48.456,53.666],[48.491,53.771],[48.874,53.716],[49.029,53.857],[49.299,53.84],[49.414,53.868],[49.624,53.815],[49.827,53.887],[49.957,53.907],[49.979,53.966],[50.197,54.038],[50.256,54.305],[50.206,54.418],[50.119,54.437],[50.077,54.516],[50.384,54.486],[50.519,54.33],[50.697,54.427],[50.948,54.348],[51.004,54.539],[51.093,54.554],[51.169,54.637],[51.296,54.642],[51.391,54.601],[51.513,54.639],[51.668,54.567],[51.936,54.528],[51.933,54.436],[52.099,54.388],[52.223,54.445],[52.482,54.467],[52.539,54.377],[52.506,54.322],[52.271,54.327],[52.339,54.174],[52.476,54.077],[52.378,53.966],[52.413,53.927],[52.253,53.654],[52.079,53.501],[52.193,53.375],[52.143,53.297],[52.128,53.174],[52.069,53.154],[52.061,53.0],[51.862,52.926],[51.715,52.84],[51.772,52.783],[51.732,52.668],[51.545,52.681],[51.471,52.569],[51.563,52.447],[51.413,52.35],[51.453,52.219],[51.415,52.103],[50.794,51.729],[50.716,51.841],[50.732,51.914],[50.517,51.991],[50.236,52.035],[50.221,52.13],[49.977,52.184],[49.812,52.193],[49.628,52.366],[49.478,52.331],[49.344,52.469],[48.936,52.475],[48.73,52.568],[48.7,52.639],[48.524,52.682],[48.351,52.669],[48.437,52.78],[48.54,52.83]]]}},{"type":"Feature","properties":{"name":"Orenburg","admin":"Russia","iso_a2":"RU","postal":"OB"},"geometry":{"type":"Polygon","coordinates":[[[60.03,51.933],[60.067,51.891],[60.28,51.835],[60.388,51.773],[60.465,51.651],[60.974,51.537],[61.015,51.492],[61.363,51.442],[61.555,51.325],[61.585,51.23],[61.512,51.137],[61.465,50.99],[61.389,50.861],[61.227,50.775],[60.942,50.696],[60.638,50.664],[60.288,50.704],[60.112,50.834],[60.059,50.85],[59.955,50.799],[59.812,50.582],[59.751,50.544],[59.523,50.493],[59.498,50.511],[59.524,50.583],[59.452,50.62],[58.884,50.694],[58.547,50.971],[58.359,51.064],[57.839,51.092],[57.765,51.047],[57.654,50.925],[57.442,50.889],[57.179,51.036],[57.012,51.065],[56.62,50.981],[56.491,51.02],[56.144,50.845],[56.05,50.714],[55.798,50.602],[55.686,50.583],[55.542,50.602],[55.361,50.665],[54.868,50.941],[54.642,51.012],[54.573,50.99],[54.546,50.946],[54.606,50.88],[54.65,50.66],[54.636,50.592],[54.555,50.536],[54.471,50.584],[54.422,50.78],[54.14,51.041],[53.957,51.161],[53.688,51.252],[53.535,51.4],[53.338,51.482],[53.247,51.494],[53.038,51.464],[52.728,51.498],[52.571,51.482],[52.496,51.512],[52.331,51.681],[52.219,51.709],[52.007,51.673],[51.609,51.484],[51.345,51.475],[51.301,51.497],[51.27,51.594],[51.163,51.647],[50.794,51.729],[51.415,52.103],[51.453,52.219],[51.413,52.35],[51.563,52.447],[51.471,52.569],[51.545,52.681],[51.732,52.668],[51.772,52.783],[51.715,52.84],[51.862,52.926],[52.061,53.0],[52.069,53.154],[52.128,53.174],[52.143,53.297],[52.193,53.375],[52.079,53.501],[52.253,53.654],[52.413,53.927],[52.378,53.966],[52.476,54.077],[52.339,54.174],[52.271,54.327],[52.506,54.322],[52.539,54.377],[52.771,54.347],[53.001,54.271],[52.951,54.196],[53.141,54.076],[53.258,54.071],[53.384,53.974],[53.47,54.046],[53.598,53.883],[53.656,53.752],[53.878,53.658],[54.108,53.417],[54.247,53.375],[54.302,53.41],[54.52,53.36],[54.559,53.27],[54.664,53.236],[54.802,53.271],[54.927,53.22],[54.955,53.11],[55.162,52.823],[55.264,52.862],[55.407,52.837],[55.412,52.658],[55.545,52.542],[55.546,52.385],[55.778,52.344],[55.889,52.399],[55.919,52.499],[56.078,52.604],[56.365,52.523],[56.445,52.42],[56.451,52.309],[56.194,52.189],[56.217,52.132],[56.495,52.162],[56.627,52.118],[56.685,52.045],[56.608,51.829],[56.748,51.773],[56.715,51.721],[56.78,51.592],[56.89,51.625],[56.876,51.699],[56.999,51.728],[57.036,51.66],[57.207,51.575],[57.374,51.639],[57.432,51.726],[57.621,51.759],[57.653,51.863],[57.784,51.826],[57.882,51.846],[57.981,51.786],[58.092,51.795],[58.236,51.738],[58.494,51.762],[58.576,51.793],[58.639,52.016],[58.694,52.049],[58.606,52.181],[58.691,52.265],[58.857,52.263],[58.828,52.433],[59.175,52.277],[59.249,52.487],[59.398,52.495],[59.509,52.435],[59.781,52.492],[59.946,52.428],[60.149,52.421],[60.14,52.267],[59.975,52.182],[59.914,52.1],[60.064,51.975],[60.03,51.933]]]}},{"type":"Feature","properties":{"name":"Saratov","admin":"Russia","iso_a2":"RU","postal":"SR"},"geometry":{"type":"Polygon","coordinates":[[[50.756,51.675],[50.516,51.506],[50.309,51.322],[49.932,51.197],[49.822,51.132],[49.498,51.084],[49.425,51.027],[49.323,50.852],[48.808,50.601],[48.625,50.613],[48.666,50.55],[48.701,50.354],[48.843,50.013],[48.759,49.928],[48.434,49.829],[48.335,49.858],[48.225,49.932],[47.85,50.282],[47.706,50.378],[47.6,50.414],[47.504,50.403],[47.447,50.368],[47.277,50.372],[47.184,50.512],[47.008,50.48],[46.878,50.524],[46.83,50.633],[46.708,50.691],[46.583,50.701],[46.483,50.617],[46.461,50.547],[46.295,50.567],[46.255,50.529],[46.065,50.544],[46.068,50.652],[45.89,50.759],[45.811,50.774],[45.678,50.729],[45.668,50.594],[45.495,50.613],[45.241,50.586],[45.191,50.697],[45.293,50.781],[45.308,50.877],[45.215,50.942],[45.202,51.04],[45.042,51.126],[44.66,51.173],[44.21,51.194],[44.182,51.117],[44.004,51.087],[43.682,51.113],[43.642,51.066],[43.33,51.018],[42.873,51.231],[42.861,51.381],[42.734,51.479],[42.489,51.608],[42.49,51.693],[42.643,51.804],[42.694,51.966],[42.806,52.012],[42.751,52.078],[42.752,52.174],[42.996,52.365],[43.193,52.462],[43.353,52.393],[43.532,52.426],[43.747,52.433],[44.044,52.35],[44.347,52.316],[44.422,52.416],[44.539,52.432],[44.5,52.521],[44.873,52.434],[44.91,52.378],[45.072,52.377],[45.14,52.421],[45.264,52.392],[45.431,52.4],[45.528,52.481],[45.644,52.519],[45.717,52.471],[45.981,52.407],[45.971,52.486],[46.147,52.591],[46.276,52.619],[46.289,52.672],[46.516,52.695],[46.713,52.628],[46.831,52.616],[46.917,52.637],[47.062,52.57],[47.435,52.57],[47.531,52.611],[47.731,52.587],[47.777,52.68],[47.917,52.675],[47.998,52.754],[48.252,52.81],[48.437,52.78],[48.351,52.669],[48.524,52.682],[48.7,52.639],[48.73,52.568],[48.936,52.475],[49.344,52.469],[49.478,52.331],[49.628,52.366],[49.812,52.193],[49.977,52.184],[50.221,52.13],[50.236,52.035],[50.517,51.991],[50.732,51.914],[50.716,51.841],[50.794,51.729],[50.756,51.675]]]}},{"type":"Feature","properties":{"name":"Tatarstan","admin":"Russia","iso_a2":"RU","postal":"TT"},"geometry":{"type":"Polygon","coordinates":[[[50.35,56.67],[50.497,56.511],[50.586,56.367],[50.706,56.33],[50.851,56.39],[50.908,56.296],[50.837,56.248],[51.073,56.131],[51.224,56.1],[51.436,56.144],[51.501,56.082],[51.399,55.994],[51.442,55.925],[51.633,55.952],[51.829,55.918],[51.938,55.974],[52.064,55.896],[52.168,55.899],[52.242,55.965],[52.195,56.077],[52.439,56.033],[52.473,56.074],[52.655,56.018],[52.794,56.095],[52.839,56.163],[52.711,56.23],[52.562,56.259],[52.733,56.378],[52.908,56.416],[52.934,56.538],[53.08,56.527],[52.945,56.366],[52.958,56.252],[53.273,56.085],[53.336,56.157],[53.26,56.254],[53.427,56.277],[53.551,56.241],[53.564,56.181],[53.405,56.023],[53.276,55.935],[53.289,55.858],[53.632,55.907],[53.759,55.866],[53.976,55.853],[54.177,55.707],[54.175,55.624],[53.997,55.544],[53.891,55.381],[53.723,55.338],[53.591,55.212],[53.418,55.222],[53.327,55.166],[53.147,55.147],[53.141,55.099],[53.269,55.012],[53.422,54.982],[53.579,54.822],[53.607,54.728],[53.515,54.616],[53.414,54.552],[53.426,54.499],[53.348,54.382],[53.47,54.046],[53.384,53.974],[53.258,54.071],[53.141,54.076],[52.951,54.196],[53.001,54.271],[52.771,54.347],[52.539,54.377],[52.482,54.467],[52.223,54.445],[52.099,54.388],[51.933,54.436],[51.936,54.528],[51.668,54.567],[51.513,54.639],[51.391,54.601],[51.296,54.642],[51.169,54.637],[51.093,54.554],[51.004,54.539],[50.948,54.348],[50.697,54.427],[50.519,54.33],[50.384,54.486],[49.975,54.51],[49.746,54.574],[49.616,54.562],[49.476,54.775],[49.291,54.884],[49.118,54.795],[49.014,54.793],[48.828,54.648],[48.641,54.66],[48.47,54.634],[48.29,54.738],[48.086,54.766],[47.85,54.704],[47.754,54.731],[47.637,54.565],[47.366,54.527],[47.351,54.593],[47.242,54.678],[47.37,54.753],[47.379,54.832],[47.487,54.858],[47.729,54.831],[47.803,54.945],[47.996,54.968],[48.075,55.108],[48.017,55.276],[47.913,55.316],[47.763,55.214],[47.703,55.328],[47.834,55.342],[47.974,55.5],[48.101,55.545],[48.025,55.63],[48.205,55.694],[48.412,55.829],[48.401,55.888],[48.694,55.965],[48.69,56.068],[48.835,56.072],[49.016,56.233],[49.037,56.358],[49.276,56.353],[49.558,56.441],[49.578,56.505],[49.765,56.536],[49.885,56.442],[50.025,56.46],[50.18,56.549],[50.072,56.623],[50.35,56.67]]]}},{"type":"Feature","properties":{"name":"Ul'yanovsk","admin":"Russia","iso_a2":"RU","postal":"UL"},"geometry":{"type":"Polygon","coordinates":[[[50.119,54.437],[50.206,54.418],[50.256,54.305],[50.197,54.038],[49.979,53.966],[49.957,53.907],[49.827,53.887],[49.624,53.815],[49.414,53.868],[49.299,53.84],[49.029,53.857],[48.874,53.716],[48.491,53.771],[48.456,53.666],[48.331,53.624],[48.376,53.471],[48.057,53.476],[47.949,53.359],[48.035,53.315],[48.144,53.162],[48.149,53.059],[48.222,52.999],[48.39,52.97],[48.522,52.978],[48.593,52.919],[48.54,52.83],[48.437,52.78],[48.252,52.81],[47.998,52.754],[47.917,52.675],[47.777,52.68],[47.731,52.587],[47.531,52.611],[47.435,52.57],[47.062,52.57],[46.917,52.637],[46.831,52.616],[46.852,52.726],[46.983,52.771],[46.935,52.91],[46.913,53.079],[46.954,53.191],[46.906,53.335],[46.795,53.408],[46.494,53.511],[46.468,53.654],[46.193,53.85],[46.212,53.909],[45.957,54.005],[45.792,54.004],[45.879,54.031],[46.018,54.189],[46.379,54.231],[46.488,54.284],[46.719,54.33],[46.734,54.384],[46.543,54.406],[46.482,54.499],[46.533,54.553],[46.516,54.653],[46.444,54.688],[46.441,54.772],[46.869,54.632],[47.063,54.69],[47.242,54.678],[47.351,54.593],[47.366,54.527],[47.637,54.565],[47.754,54.731],[47.85,54.704],[48.086,54.766],[48.29,54.738],[48.47,54.634],[48.641,54.66],[48.828,54.648],[49.014,54.793],[49.118,54.795],[49.291,54.884],[49.476,54.775],[49.616,54.562],[49.746,54.574],[49.975,54.51],[50.077,54.516],[50.119,54.437]]]}},{"type":"Feature","properties":{"name":"Khanty-Mansiy","admin":"Russia","iso_a2":"RU","postal":"KM"},"geometry":{"type":"Polygon","coordinates":[[[83.997,60.826],[83.504,61.047],[83.144,61.028],[82.407,60.723],[82.362,60.601],[82.139,60.532],[81.83,60.645],[81.498,60.615],[81.141,60.637],[81.017,60.757],[80.723,60.797],[80.414,60.761],[80.165,60.664],[79.853,60.692],[79.36,60.664],[79.285,60.726],[79.314,60.792],[79.169,60.837],[78.806,60.78],[78.675,60.828],[78.474,60.777],[78.164,60.803],[77.941,60.749],[77.702,60.825],[77.408,60.811],[77.136,60.856],[77.068,60.726],[76.97,60.649],[77.054,60.578],[77.013,60.527],[76.78,60.452],[76.749,60.347],[76.848,60.266],[76.699,60.117],[76.758,60.057],[76.741,59.758],[76.656,59.693],[76.645,59.585],[76.44,59.545],[76.172,59.543],[76.007,59.428],[75.895,59.426],[75.843,59.323],[75.628,59.238],[75.687,59.04],[75.642,58.982],[75.159,58.65],[74.981,58.718],[74.899,58.696],[74.743,58.748],[74.1,58.739],[74.0,58.8],[73.756,58.809],[73.621,58.854],[73.444,58.818],[73.032,58.863],[73.095,58.946],[72.967,59.0],[72.976,59.099],[72.863,59.157],[72.657,59.107],[72.454,59.215],[72.437,59.303],[72.0,59.566],[71.882,59.573],[71.777,59.648],[71.296,59.799],[71.193,59.905],[71.017,59.823],[70.798,59.863],[70.399,59.817],[70.248,59.84],[70.155,59.9],[69.616,59.905],[69.501,59.989],[69.306,59.989],[69.133,59.945],[69.078,59.893],[69.295,59.783],[68.844,59.621],[68.543,59.551],[68.358,59.283],[68.195,59.242],[67.742,59.212],[67.564,59.093],[67.264,59.02],[67.071,58.925],[66.951,58.973],[66.774,58.93],[66.786,58.72],[66.741,58.67],[66.38,58.589],[66.252,58.614],[65.935,58.614],[65.669,58.663],[65.382,58.919],[65.185,59.223],[65.002,59.338],[64.324,59.411],[64.121,59.391],[63.98,59.406],[63.825,59.477],[63.796,59.792],[63.694,60.001],[63.589,60.155],[63.438,60.159],[63.197,60.242],[63.22,60.301],[63.091,60.46],[62.881,60.64],[62.76,60.859],[62.86,61.001],[62.62,61.211],[62.42,61.305],[61.933,61.404],[61.9,61.434],[61.165,61.683],[60.431,61.747],[60.057,61.721],[59.988,61.747],[59.984,61.903],[59.779,61.952],[59.652,61.936],[59.485,61.993],[59.404,62.108],[59.507,62.307],[59.565,62.335],[59.644,62.51],[59.527,62.541],[59.394,62.731],[59.483,62.892],[59.278,62.97],[59.232,63.089],[59.33,63.274],[59.292,63.342],[59.494,63.611],[59.521,63.791],[59.584,63.938],[59.761,63.996],[59.838,64.08],[59.588,64.233],[59.633,64.344],[59.589,64.467],[59.484,64.497],[59.704,64.668],[59.648,64.772],[59.75,64.859],[59.889,64.901],[60.147,65.065],[60.305,65.071],[60.677,64.912],[60.831,65.051],[61.003,65.06],[61.107,65.161],[61.241,65.192],[61.263,65.307],[61.511,65.5],[61.882,65.702],[62.018,65.717],[62.278,65.623],[62.411,65.515],[62.374,65.449],[62.517,65.339],[62.817,65.292],[62.801,65.051],[62.679,64.878],[62.799,64.847],[62.803,64.726],[62.6,64.645],[62.532,64.56],[62.699,64.492],[63.215,64.526],[63.467,64.451],[63.503,64.371],[63.417,64.324],[63.611,64.268],[63.896,64.287],[64.016,64.357],[64.444,64.356],[64.622,64.439],[64.761,64.427],[64.995,64.466],[65.176,64.446],[65.4,64.571],[66.146,64.586],[66.434,64.515],[66.682,64.557],[66.936,64.487],[66.892,64.383],[66.796,64.321],[66.819,64.226],[67.171,64.163],[67.281,64.081],[67.679,64.079],[67.809,64.032],[67.936,64.118],[68.179,64.176],[68.425,64.296],[68.811,64.221],[68.99,64.33],[68.859,64.436],[69.015,64.472],[69.244,64.466],[69.39,64.389],[69.693,64.4],[69.825,64.341],[70.0,64.316],[70.307,64.344],[70.473,64.252],[70.672,64.237],[70.769,64.194],[70.755,64.1],[70.57,64.015],[70.638,63.903],[70.813,63.822],[70.914,63.692],[71.388,63.675],[71.569,63.551],[71.608,63.185],[71.805,63.219],[71.964,63.197],[72.161,63.299],[72.655,63.28],[72.907,63.393],[73.104,63.436],[73.284,63.315],[73.368,63.207],[74.241,63.172],[74.507,63.043],[74.915,63.032],[75.364,63.108],[75.7,63.091],[75.803,63.114],[76.24,63.019],[76.289,62.95],[76.623,63.038],[77.026,62.975],[77.132,62.813],[77.327,62.71],[77.889,62.557],[77.967,62.478],[78.379,62.568],[78.793,62.615],[79.82,62.604],[79.915,62.792],[80.073,62.826],[80.574,63.019],[80.584,63.083],[81.075,63.117],[81.195,62.95],[81.349,62.821],[81.6,62.773],[81.84,62.692],[82.073,62.8],[82.733,62.757],[82.741,62.68],[83.01,62.595],[83.034,62.53],[83.311,62.457],[83.533,62.525],[83.798,62.56],[84.096,62.375],[84.237,62.377],[84.289,62.276],[84.436,62.178],[84.551,62.001],[84.52,61.945],[84.681,61.815],[84.919,61.797],[85.273,61.683],[85.386,61.698],[85.48,61.628],[85.722,61.575],[85.854,61.595],[85.956,61.55],[85.95,61.465],[85.771,61.443],[85.644,61.388],[85.671,61.289],[84.648,61.001],[84.26,60.856],[83.997,60.826]]]}},{"type":"Feature","properties":{"name":"Omsk","admin":"Russia","iso_a2":"RU","postal":"OM"},"geometry":{"type":"Polygon","coordinates":[[[75.437,54.09],[75.398,54.068],[75.377,53.97],[75.22,53.894],[75.052,53.827],[74.834,53.826],[74.452,53.647],[74.403,53.504],[74.352,53.488],[74.21,53.576],[74.069,53.611],[73.859,53.62],[73.643,53.576],[73.407,53.448],[73.372,53.454],[73.362,53.506],[73.286,53.598],[73.306,53.707],[73.399,53.811],[73.679,53.929],[73.716,53.996],[73.712,54.042],[73.618,54.067],[73.506,53.999],[73.381,53.963],[73.23,53.958],[73.119,53.981],[72.914,54.107],[72.622,54.134],[72.564,54.09],[72.599,54.023],[72.586,53.996],[72.447,53.942],[72.404,53.964],[72.387,54.123],[72.269,54.272],[72.186,54.326],[72.105,54.308],[72.066,54.232],[72.004,54.206],[71.887,54.221],[71.677,54.178],[71.336,54.158],[71.093,54.212],[71.053,54.26],[71.152,54.364],[71.159,54.539],[71.186,54.599],[71.126,54.715],[70.91,55.128],[70.79,55.261],[70.738,55.305],[70.472,55.276],[70.471,55.418],[70.544,55.487],[70.676,55.505],[70.747,55.59],[70.549,55.676],[70.586,55.838],[70.847,55.963],[70.909,56.112],[70.828,56.16],[70.85,56.236],[70.77,56.296],[70.927,56.347],[70.855,56.456],[71.029,56.527],[71.169,56.676],[71.357,56.671],[71.4,56.725],[71.557,56.732],[71.673,56.838],[71.652,56.923],[71.371,57.064],[71.144,57.252],[71.08,57.344],[70.8,57.319],[70.729,57.194],[70.634,57.265],[70.491,57.304],[70.436,57.409],[70.675,57.511],[70.58,57.584],[70.565,57.705],[70.43,57.785],[70.436,57.934],[70.865,58.535],[71.084,58.518],[71.12,58.453],[71.302,58.385],[71.245,58.341],[71.221,58.166],[71.269,58.076],[71.989,58.123],[72.149,58.026],[72.861,58.011],[73.087,58.146],[74.206,58.134],[74.484,58.269],[74.614,58.294],[74.671,58.354],[75.105,58.581],[75.303,58.487],[75.304,58.451],[75.08,58.354],[75.222,58.222],[75.093,58.11],[75.543,57.941],[75.581,57.675],[75.727,57.599],[75.859,57.399],[75.992,57.385],[76.109,57.25],[76.196,56.969],[76.249,56.913],[76.284,56.726],[76.009,56.548],[76.108,56.328],[76.309,56.224],[76.305,56.183],[76.006,56.179],[75.939,56.129],[75.776,56.144],[75.696,56.068],[75.566,56.054],[75.318,55.896],[75.342,55.764],[75.134,55.699],[75.227,55.652],[75.178,55.569],[75.311,55.5],[75.191,55.462],[75.097,55.382],[75.268,55.25],[75.255,55.137],[75.394,55.037],[75.363,54.908],[75.53,54.891],[75.64,54.812],[75.691,54.713],[75.766,54.706],[75.83,54.602],[75.697,54.544],[75.691,54.114],[75.437,54.09]]]}},{"type":"Feature","properties":{"name":"Tyumen'","admin":"Russia","iso_a2":"RU","postal":"TY"},"geometry":{"type":"Polygon","coordinates":[[[70.371,55.212],[70.182,55.162],[69.982,55.199],[69.74,55.307],[69.493,55.357],[68.977,55.39],[68.772,55.331],[68.591,55.424],[68.487,55.401],[68.317,55.555],[68.174,55.596],[68.189,55.7],[67.912,55.665],[67.825,55.721],[67.591,55.711],[67.447,55.735],[67.299,55.897],[66.989,55.989],[66.802,55.967],[66.761,56.045],[66.463,55.95],[66.298,56.058],[66.186,56.068],[66.028,55.99],[65.861,56.065],[65.708,56.195],[65.667,56.274],[65.117,56.325],[65.088,56.448],[64.967,56.501],[65.016,56.649],[64.995,56.768],[65.14,56.77],[65.227,56.86],[65.101,56.892],[64.994,57.042],[64.992,57.221],[64.918,57.296],[64.842,57.446],[64.937,57.549],[64.839,57.641],[65.428,57.834],[65.54,57.78],[65.702,57.901],[66.197,58.033],[66.002,58.297],[65.935,58.614],[66.252,58.614],[66.38,58.589],[66.741,58.67],[66.786,58.72],[66.774,58.93],[66.951,58.973],[67.071,58.925],[67.264,59.02],[67.564,59.093],[67.742,59.212],[68.195,59.242],[68.358,59.283],[68.543,59.551],[68.844,59.621],[69.295,59.783],[69.078,59.893],[69.133,59.945],[69.306,59.989],[69.501,59.989],[69.616,59.905],[70.155,59.9],[70.248,59.84],[70.399,59.817],[70.798,59.863],[71.017,59.823],[71.193,59.905],[71.296,59.799],[71.777,59.648],[71.882,59.573],[72.0,59.566],[72.437,59.303],[72.454,59.215],[72.657,59.107],[72.863,59.157],[72.976,59.099],[72.967,59.0],[73.095,58.946],[73.032,58.863],[73.444,58.818],[73.621,58.854],[73.756,58.809],[74.0,58.8],[74.1,58.739],[74.743,58.748],[74.899,58.696],[74.981,58.718],[75.159,58.65],[75.105,58.581],[74.671,58.354],[74.614,58.294],[74.484,58.269],[74.206,58.134],[73.087,58.146],[72.861,58.011],[72.149,58.026],[71.989,58.123],[71.269,58.076],[71.221,58.166],[71.245,58.341],[71.302,58.385],[71.12,58.453],[71.084,58.518],[70.865,58.535],[70.436,57.934],[70.43,57.785],[70.565,57.705],[70.58,57.584],[70.675,57.511],[70.436,57.409],[70.491,57.304],[70.634,57.265],[70.729,57.194],[70.8,57.319],[71.08,57.344],[71.144,57.252],[71.371,57.064],[71.652,56.923],[71.673,56.838],[71.557,56.732],[71.4,56.725],[71.357,56.671],[71.169,56.676],[71.029,56.527],[70.855,56.456],[70.927,56.347],[70.77,56.296],[70.85,56.236],[70.828,56.16],[70.909,56.112],[70.847,55.963],[70.586,55.838],[70.549,55.676],[70.747,55.59],[70.676,55.505],[70.544,55.487],[70.471,55.418],[70.472,55.276],[70.371,55.212]]]}},{"type":"Feature","properties":{"name":"Altay","admin":"Russia","iso_a2":"RU","postal":"AL"},"geometry":{"type":"Polygon","coordinates":[[[84.002,50.677],[83.945,50.775],[83.718,50.887],[83.357,50.995],[83.16,50.989],[83.019,50.897],[82.761,50.893],[82.612,50.771],[82.494,50.728],[82.326,50.742],[82.098,50.711],[81.934,50.766],[81.466,50.74],[81.431,50.771],[81.452,50.824],[81.388,50.956],[81.125,50.946],[81.071,50.969],[81.141,51.147],[81.127,51.191],[80.966,51.19],[80.877,51.281],[80.735,51.293],[80.65,51.277],[80.605,51.224],[80.448,51.183],[80.422,51.136],[80.452,50.998],[80.424,50.946],[80.22,50.912],[80.086,50.84],[80.066,50.758],[79.986,50.775],[79.469,51.493],[79.149,51.868],[78.476,52.638],[77.784,53.327],[77.93,53.44],[77.925,53.565],[78.204,53.612],[78.26,53.495],[78.377,53.488],[78.627,53.529],[78.603,53.616],[78.886,53.682],[79.028,53.661],[79.245,53.68],[79.304,53.716],[79.442,53.693],[79.572,53.733],[79.721,53.841],[79.862,53.858],[79.866,53.932],[80.044,54.001],[80.128,54.075],[80.297,54.07],[80.655,54.204],[80.802,54.33],[80.925,54.396],[80.994,54.265],[81.104,54.213],[81.112,54.152],[81.247,54.101],[81.474,54.072],[81.582,54.017],[81.855,53.969],[81.838,53.895],[81.732,53.854],[81.756,53.778],[81.846,53.71],[81.968,53.719],[82.104,53.662],[82.214,53.663],[82.256,53.591],[82.486,53.469],[82.733,53.787],[83.183,54.062],[83.295,54.083],[83.385,53.949],[83.499,53.991],[83.492,54.086],[83.555,54.123],[84.003,54.144],[84.266,54.216],[84.532,54.17],[84.693,54.337],[85.16,54.487],[85.435,54.212],[85.577,54.232],[85.944,54.04],[86.117,54.0],[86.232,53.887],[86.292,53.876],[86.406,53.751],[86.455,53.614],[86.569,53.538],[86.723,53.484],[86.934,53.453],[86.983,53.407],[86.705,53.196],[86.943,53.08],[87.077,53.075],[87.026,52.921],[86.944,52.862],[87.074,52.717],[87.175,52.706],[87.173,52.612],[87.117,52.668],[86.952,52.635],[86.841,52.648],[86.618,52.372],[86.806,52.292],[86.814,52.145],[86.754,52.109],[86.505,52.12],[86.44,52.023],[86.265,52.012],[86.15,52.07],[85.94,52.075],[85.834,51.971],[85.877,51.919],[85.74,51.861],[85.67,51.754],[85.537,51.7],[85.428,51.56],[85.313,51.569],[85.239,51.471],[85.008,51.489],[84.937,51.43],[84.705,51.395],[84.394,51.266],[84.27,51.275],[84.172,51.144],[84.014,51.138],[84.018,51.064],[84.471,50.973],[84.528,50.881],[84.6,50.858],[84.542,50.691],[84.183,50.661],[84.067,50.629],[84.002,50.677]]]}},{"type":"Feature","properties":{"name":"Gorno-Altay","admin":"Russia","iso_a2":"RU","postal":"GA"},"geometry":{"type":"Polygon","coordinates":[[[89.634,49.823],[89.669,49.751],[89.654,49.717],[89.475,49.661],[89.396,49.612],[89.244,49.627],[89.203,49.596],[89.18,49.532],[89.109,49.501],[89.008,49.473],[88.9,49.54],[88.864,49.528],[88.832,49.448],[88.748,49.446],[88.633,49.486],[88.393,49.483],[88.193,49.452],[88.136,49.381],[88.116,49.256],[87.988,49.187],[87.516,49.122],[87.417,49.077],[87.323,49.086],[87.234,49.216],[87.001,49.287],[86.812,49.488],[86.714,49.559],[86.626,49.563],[86.614,49.61],[86.731,49.696],[86.729,49.749],[86.676,49.777],[86.61,49.769],[86.418,49.638],[86.292,49.588],[86.181,49.499],[85.974,49.499],[85.934,49.55],[85.372,49.624],[85.292,49.599],[85.233,49.616],[85.001,49.894],[84.975,49.951],[85.0,50.01],[84.989,50.061],[84.839,50.091],[84.607,50.202],[84.323,50.239],[84.258,50.288],[84.176,50.521],[84.067,50.629],[84.183,50.661],[84.542,50.691],[84.6,50.858],[84.528,50.881],[84.471,50.973],[84.018,51.064],[84.014,51.138],[84.172,51.144],[84.27,51.275],[84.394,51.266],[84.705,51.395],[84.937,51.43],[85.008,51.489],[85.239,51.471],[85.313,51.569],[85.428,51.56],[85.537,51.7],[85.67,51.754],[85.74,51.861],[85.877,51.919],[85.834,51.971],[85.94,52.075],[86.15,52.07],[86.265,52.012],[86.44,52.023],[86.505,52.12],[86.754,52.109],[86.814,52.145],[86.806,52.292],[86.618,52.372],[86.841,52.648],[86.952,52.635],[87.117,52.668],[87.173,52.612],[87.334,52.598],[87.37,52.518],[87.579,52.487],[87.636,52.45],[87.924,52.548],[88.201,52.416],[88.413,52.455],[88.418,52.351],[88.363,52.299],[88.365,52.168],[88.121,52.098],[87.839,51.811],[88.086,51.714],[87.967,51.598],[87.862,51.549],[88.106,51.432],[88.132,51.386],[88.364,51.32],[88.508,51.316],[88.665,51.424],[88.659,51.535],[88.736,51.559],[88.955,51.438],[88.946,51.228],[89.032,51.184],[89.052,51.065],[89.384,50.858],[89.674,50.579],[89.78,50.567],[89.869,50.485],[89.844,50.43],[89.39,50.319],[89.336,50.21],[89.501,50.207],[89.553,50.052],[89.644,49.903],[89.634,49.823]]]}},{"type":"Feature","properties":{"name":"Kemerovo","admin":"Russia","iso_a2":"RU","postal":"KE"},"geometry":{"type":"Polygon","coordinates":[[[84.893,56.17],[85.009,56.133],[85.121,56.216],[85.254,56.245],[85.379,56.213],[85.688,56.239],[85.606,56.324],[85.791,56.361],[85.784,56.406],[86.112,56.497],[86.217,56.624],[86.313,56.627],[86.394,56.549],[86.532,56.569],[86.707,56.632],[86.913,56.556],[87.13,56.54],[87.167,56.676],[87.397,56.616],[87.62,56.64],[87.779,56.548],[88.419,56.829],[88.552,56.787],[88.624,56.833],[88.721,56.732],[88.661,56.636],[88.517,56.627],[88.537,56.545],[88.625,56.517],[88.592,56.444],[88.734,56.376],[88.861,56.366],[88.913,56.31],[89.041,56.305],[89.056,56.21],[89.199,56.135],[89.33,55.902],[89.443,55.876],[89.363,55.773],[89.17,55.704],[89.062,55.693],[88.682,55.516],[88.396,55.279],[88.55,55.083],[88.547,55.023],[88.66,54.903],[88.748,54.89],[88.753,54.805],[88.613,54.697],[88.603,54.522],[88.519,54.416],[88.561,54.288],[88.798,54.407],[88.955,54.369],[89.004,54.29],[89.129,54.35],[89.219,54.243],[89.187,54.147],[89.047,54.117],[88.981,54.065],[89.073,53.953],[89.26,53.835],[89.181,53.781],[89.018,53.742],[89.011,53.679],[88.834,53.585],[88.895,53.387],[89.051,53.249],[89.049,53.13],[88.895,52.987],[89.118,52.92],[89.236,52.81],[89.043,52.678],[89.115,52.626],[88.945,52.488],[88.676,52.352],[88.688,52.257],[88.365,52.168],[88.363,52.299],[88.418,52.351],[88.413,52.455],[88.201,52.416],[87.924,52.548],[87.636,52.45],[87.579,52.487],[87.37,52.518],[87.334,52.598],[87.173,52.612],[87.175,52.706],[87.074,52.717],[86.944,52.862],[87.026,52.921],[87.077,53.075],[86.943,53.08],[86.705,53.196],[86.983,53.407],[86.934,53.453],[86.723,53.484],[86.569,53.538],[86.455,53.614],[86.406,53.751],[86.292,53.876],[86.232,53.887],[86.117,54.0],[85.944,54.04],[85.577,54.232],[85.435,54.212],[85.16,54.487],[85.079,54.469],[84.948,54.604],[85.043,54.662],[84.955,54.744],[85.076,54.868],[84.883,54.985],[84.916,55.165],[84.823,55.246],[84.875,55.389],[84.731,55.391],[84.771,55.54],[84.709,55.662],[84.566,55.709],[84.606,55.841],[84.506,55.868],[84.567,55.961],[84.529,56.042],[84.41,56.044],[84.893,56.17]]]}},{"type":"Feature","properties":{"name":"Khakass","admin":"Russia","iso_a2":"RU","postal":"KK"},"geometry":{"type":"Polygon","coordinates":[[[88.688,52.257],[88.676,52.352],[88.945,52.488],[89.115,52.626],[89.043,52.678],[89.236,52.81],[89.118,52.92],[88.895,52.987],[89.049,53.13],[89.051,53.249],[88.895,53.387],[88.834,53.585],[89.011,53.679],[89.018,53.742],[89.181,53.781],[89.26,53.835],[89.073,53.953],[88.981,54.065],[89.047,54.117],[89.187,54.147],[89.219,54.243],[89.129,54.35],[89.004,54.29],[88.955,54.369],[88.798,54.407],[88.561,54.288],[88.519,54.416],[88.603,54.522],[88.613,54.697],[88.753,54.805],[88.748,54.89],[88.66,54.903],[88.547,55.023],[88.55,55.083],[88.396,55.279],[88.609,55.446],[88.76,55.344],[88.95,55.289],[88.966,55.185],[89.147,55.076],[89.201,54.99],[89.55,55.046],[89.658,55.003],[89.904,55.086],[90.129,55.105],[90.262,55.05],[90.436,55.016],[90.458,54.871],[90.685,54.905],[90.715,54.831],[90.84,54.839],[90.915,54.791],[90.855,54.627],[91.159,54.488],[91.21,54.338],[91.464,54.057],[91.465,53.966],[91.327,53.817],[91.333,53.758],[91.472,53.567],[91.47,53.514],[91.744,53.447],[91.846,53.352],[91.841,53.288],[91.66,53.158],[91.351,53.077],[91.408,52.947],[91.396,52.868],[91.242,52.747],[91.038,52.66],[90.7,52.458],[90.477,52.183],[90.359,52.192],[90.124,52.129],[90.119,52.044],[90.028,51.984],[90.105,51.768],[89.943,51.75],[89.73,51.582],[89.581,51.553],[89.421,51.605],[89.223,51.56],[89.233,51.645],[88.659,51.535],[88.665,51.424],[88.508,51.316],[88.364,51.32],[88.132,51.386],[88.106,51.432],[87.862,51.549],[87.967,51.598],[88.086,51.714],[87.839,51.811],[88.121,52.098],[88.688,52.257]]]}},{"type":"Feature","properties":{"name":"Novosibirsk","admin":"Russia","iso_a2":"RU","postal":"NS"},"geometry":{"type":"Polygon","coordinates":[[[76.576,53.943],[76.485,54.023],[76.422,54.114],[76.422,54.152],[76.655,54.145],[76.703,54.182],[76.789,54.322],[76.837,54.442],[76.759,54.437],[76.496,54.336],[76.267,54.312],[75.691,54.114],[75.697,54.544],[75.83,54.602],[75.766,54.706],[75.691,54.713],[75.64,54.812],[75.53,54.891],[75.363,54.908],[75.394,55.037],[75.255,55.137],[75.268,55.25],[75.097,55.382],[75.191,55.462],[75.311,55.5],[75.178,55.569],[75.227,55.652],[75.134,55.699],[75.342,55.764],[75.318,55.896],[75.566,56.054],[75.696,56.068],[75.776,56.144],[75.939,56.129],[76.006,56.179],[76.305,56.183],[76.309,56.224],[76.108,56.328],[76.009,56.548],[76.284,56.726],[76.249,56.913],[76.196,56.969],[76.109,57.25],[76.919,57.188],[78.444,57.161],[78.448,57.122],[79.59,56.929],[80.249,56.455],[80.31,56.439],[81.122,56.533],[81.215,56.508],[81.426,56.373],[81.557,56.258],[81.944,56.339],[82.342,56.356],[82.427,56.394],[82.828,56.441],[82.856,56.533],[82.996,56.508],[83.096,56.549],[83.252,56.456],[83.154,56.382],[83.137,56.276],[83.214,56.212],[83.128,56.132],[83.353,55.969],[83.407,55.893],[83.293,55.851],[83.223,55.737],[83.316,55.692],[83.403,55.735],[83.568,55.693],[83.783,55.882],[83.91,55.913],[83.951,56.005],[84.197,56.055],[84.329,55.988],[84.41,56.044],[84.529,56.042],[84.567,55.961],[84.506,55.868],[84.606,55.841],[84.566,55.709],[84.709,55.662],[84.771,55.54],[84.731,55.391],[84.875,55.389],[84.823,55.246],[84.916,55.165],[84.883,54.985],[85.076,54.868],[84.955,54.744],[85.043,54.662],[84.948,54.604],[85.079,54.469],[84.693,54.337],[84.532,54.17],[84.266,54.216],[84.003,54.144],[83.555,54.123],[83.492,54.086],[83.499,53.991],[83.385,53.949],[83.295,54.083],[83.183,54.062],[82.733,53.787],[82.486,53.469],[82.256,53.591],[82.214,53.663],[82.104,53.662],[81.968,53.719],[81.846,53.71],[81.756,53.778],[81.732,53.854],[81.838,53.895],[81.855,53.969],[81.582,54.017],[81.474,54.072],[81.247,54.101],[81.112,54.152],[81.104,54.213],[80.994,54.265],[80.925,54.396],[80.802,54.33],[80.655,54.204],[80.297,54.07],[80.128,54.075],[80.044,54.001],[79.866,53.932],[79.862,53.858],[79.721,53.841],[79.572,53.733],[79.442,53.693],[79.304,53.716],[79.245,53.68],[79.028,53.661],[78.886,53.682],[78.603,53.616],[78.627,53.529],[78.377,53.488],[78.26,53.495],[78.204,53.612],[77.925,53.565],[77.93,53.44],[77.784,53.327],[76.576,53.943]]]}},{"type":"Feature","properties":{"name":"Chechnya","admin":"Russia","iso_a2":"RU","postal":"CN"},"geometry":{"type":"Polygon","coordinates":[[[45.656,42.518],[45.563,42.536],[45.344,42.53],[45.208,42.648],[45.077,42.693],[45.172,42.792],[45.137,42.835],[45.161,42.946],[45.137,43.075],[45.169,43.127],[45.121,43.204],[45.047,43.494],[44.839,43.584],[44.839,43.661],[45.0,43.705],[45.08,43.788],[45.083,43.953],[45.19,43.952],[45.237,43.88],[45.432,43.879],[45.459,44.0],[45.509,44.015],[45.71,43.955],[45.803,43.978],[46.045,43.934],[46.016,43.876],[46.22,43.863],[46.257,43.948],[46.349,43.998],[46.462,43.962],[46.452,43.887],[46.586,43.872],[46.585,43.772],[46.483,43.672],[46.439,43.541],[46.338,43.458],[46.36,43.361],[46.423,43.315],[46.403,43.114],[46.534,42.961],[46.425,42.877],[46.336,42.904],[46.123,42.843],[46.17,42.73],[46.095,42.715],[45.821,42.487],[45.727,42.474],[45.656,42.518]]]}},{"type":"Feature","properties":{"name":"Dagestan","admin":"Russia","iso_a2":"RU","postal":"DA"},"geometry":{"type":"Polygon","coordinates":[[[45.821,42.487],[46.095,42.715],[46.17,42.73],[46.123,42.843],[46.336,42.904],[46.425,42.877],[46.534,42.961],[46.403,43.114],[46.423,43.315],[46.36,43.361],[46.338,43.458],[46.439,43.541],[46.483,43.672],[46.585,43.772],[46.586,43.872],[46.452,43.887],[46.462,43.962],[46.349,43.998],[46.257,43.948],[46.22,43.863],[46.016,43.876],[46.045,43.934],[45.803,43.978],[45.71,43.955],[45.509,44.015],[45.506,44.19],[45.124,44.202],[45.131,44.268],[45.404,44.318],[45.444,44.402],[45.398,44.444],[45.237,44.46],[45.271,44.591],[45.435,44.617],[45.614,44.766],[45.621,44.899],[45.706,44.976],[45.854,45.001],[46.434,44.937],[46.603,44.885],[46.891,44.746],[46.755,44.657],[46.716,44.561],[46.721,44.452],[46.753,44.421],[47.024,44.343],[47.23,44.192],[47.307,44.103],[47.429,43.78],[47.463,43.555],[47.563,43.835],[47.646,43.885],[47.509,43.51],[47.49,43.382],[47.513,43.219],[47.463,43.035],[47.635,42.903],[47.709,42.811],[47.728,42.681],[47.822,42.613],[48.08,42.354],[48.384,41.953],[48.573,41.844],[48.391,41.602],[48.298,41.545],[48.056,41.459],[47.861,41.213],[47.791,41.199],[47.521,41.229],[47.261,41.315],[47.205,41.456],[47.01,41.587],[46.749,41.813],[46.69,41.831],[46.571,41.8],[46.538,41.87],[46.43,41.891],[46.213,41.99],[45.954,42.035],[45.639,42.205],[45.727,42.474],[45.821,42.487]]]}},{"type":"Feature","properties":{"name":"Irkutsk","admin":"Russia","iso_a2":"RU","postal":"IR"},"geometry":{"type":"Polygon","coordinates":[[[96.505,53.684],[96.406,53.783],[96.126,53.972],[96.079,54.063],[95.919,54.156],[95.678,54.234],[95.653,54.282],[95.717,54.388],[95.897,54.389],[95.981,54.452],[96.039,54.558],[96.221,54.543],[96.351,54.562],[96.495,54.511],[96.552,54.58],[96.565,54.697],[96.673,54.806],[96.712,54.927],[96.586,55.019],[96.685,55.085],[96.72,55.265],[96.918,55.33],[96.82,55.558],[96.753,55.651],[96.76,55.746],[96.96,55.861],[96.986,56.018],[97.125,56.102],[97.352,56.051],[97.44,56.147],[97.565,56.19],[97.591,56.387],[97.841,56.393],[97.882,56.427],[97.868,56.555],[97.762,56.559],[97.765,56.788],[97.547,56.793],[97.469,56.827],[97.489,56.964],[97.355,57.061],[97.934,57.811],[98.768,57.791],[98.962,57.723],[99.08,57.77],[99.411,57.796],[99.498,57.929],[99.703,58.086],[99.794,58.063],[100.017,58.081],[100.079,58.045],[100.129,57.867],[100.275,57.805],[100.419,57.542],[100.638,57.477],[100.716,57.413],[100.911,57.452],[100.955,57.555],[100.801,57.673],[100.885,57.77],[100.846,57.845],[100.971,57.87],[101.137,57.985],[101.208,58.142],[101.298,58.219],[101.531,58.225],[101.678,58.407],[101.774,58.453],[102.162,58.516],[102.311,58.642],[102.52,58.728],[102.565,58.797],[102.537,58.897],[102.439,58.944],[102.407,59.067],[102.455,59.153],[102.588,59.203],[102.759,59.199],[102.999,59.315],[103.083,59.264],[103.239,59.284],[103.246,59.18],[103.375,59.034],[103.693,58.923],[103.89,58.903],[103.949,58.774],[104.22,58.758],[104.374,58.713],[104.458,58.602],[104.787,58.666],[104.872,58.719],[104.759,58.82],[104.948,58.959],[105.353,59.108],[105.288,59.264],[105.196,59.303],[105.225,59.429],[104.986,59.461],[104.883,59.525],[104.799,59.691],[105.005,59.766],[105.035,59.836],[105.186,59.858],[105.377,59.822],[105.485,60.022],[105.424,60.123],[105.476,60.254],[105.321,60.295],[105.221,60.276],[104.889,60.302],[104.676,60.4],[104.523,60.645],[104.594,60.735],[104.46,60.839],[104.629,60.89],[104.571,60.955],[104.635,61.036],[104.837,61.176],[105.005,61.198],[104.904,61.368],[104.957,61.398],[105.253,61.42],[105.367,61.53],[105.55,61.566],[105.718,61.65],[105.823,61.631],[105.941,61.685],[105.902,61.835],[106.218,62.003],[106.404,62.031],[106.375,62.103],[106.443,62.185],[106.397,62.314],[106.479,62.329],[106.714,62.488],[106.726,62.588],[106.495,62.692],[106.525,62.741],[106.435,62.847],[106.225,62.894],[106.126,63.048],[106.403,63.113],[106.368,63.272],[106.438,63.32],[106.661,63.297],[106.725,63.375],[106.517,63.483],[106.691,63.636],[106.629,63.697],[106.793,63.842],[106.68,63.931],[106.764,63.996],[107.053,63.892],[107.202,63.957],[107.372,63.866],[107.55,63.857],[107.68,63.989],[108.263,63.996],[108.32,64.039],[108.224,64.203],[108.027,64.224],[108.468,64.282],[108.533,64.228],[108.495,64.116],[108.735,63.977],[108.766,63.86],[108.687,63.795],[108.279,63.796],[108.265,63.673],[108.112,63.617],[108.16,63.563],[108.547,63.599],[108.857,63.537],[109.053,63.549],[109.215,63.442],[109.453,63.149],[109.465,62.95],[109.614,62.874],[109.512,62.777],[109.306,62.484],[109.557,62.431],[109.918,62.406],[109.996,62.278],[110.0,62.164],[109.819,62.008],[109.598,61.87],[109.62,61.718],[109.851,61.557],[109.846,61.424],[109.792,61.325],[110.094,61.263],[110.169,61.164],[110.481,61.159],[110.517,61.091],[110.458,60.988],[110.24,60.831],[110.268,60.702],[110.057,60.674],[110.116,60.587],[109.917,60.451],[109.741,60.233],[109.694,60.129],[109.764,60.027],[109.65,59.871],[109.504,59.764],[109.517,59.63],[109.269,59.449],[109.268,59.316],[109.499,59.294],[109.636,59.066],[110.119,58.98],[110.287,58.985],[110.471,59.034],[110.589,59.131],[110.58,59.191],[110.713,59.259],[111.164,59.189],[111.316,59.257],[111.47,59.267],[111.625,59.207],[111.776,59.276],[111.933,59.272],[112.218,59.5],[112.435,59.326],[112.631,59.31],[112.465,59.168],[112.451,58.924],[112.612,58.954],[112.554,59.033],[113.152,59.164],[113.264,59.157],[113.465,59.266],[113.435,59.402],[113.605,59.499],[113.592,59.565],[113.779,59.609],[113.849,59.682],[114.03,59.681],[114.161,59.748],[114.309,59.879],[114.545,59.985],[114.54,60.102],[114.697,60.219],[114.836,60.19],[115.007,60.269],[115.112,60.395],[115.395,60.487],[115.686,60.526],[115.842,60.468],[115.999,60.457],[116.075,60.407],[116.582,60.36],[116.722,60.266],[116.954,60.169],[117.077,60.029],[117.296,60.019],[117.065,59.908],[117.228,59.798],[117.19,59.646],[117.089,59.588],[117.352,59.497],[117.598,59.472],[117.779,59.528],[117.906,59.444],[118.058,59.583],[118.336,59.596],[118.407,59.512],[118.734,59.42],[118.84,59.3],[118.689,59.191],[118.707,59.064],[118.84,59.016],[118.795,58.935],[118.893,58.816],[118.821,58.574],[118.98,58.543],[119.132,58.472],[119.07,58.341],[119.108,58.223],[118.784,58.213],[118.63,58.175],[118.405,58.262],[118.317,58.353],[118.142,58.386],[117.684,58.398],[117.471,58.304],[117.588,58.184],[117.438,58.152],[117.375,58.061],[117.368,57.934],[117.313,57.847],[117.128,57.842],[117.173,57.736],[117.14,57.668],[117.282,57.617],[117.257,57.509],[117.321,57.457],[117.357,57.337],[117.427,57.264],[117.597,57.321],[117.794,57.287],[117.723,57.187],[117.601,57.15],[117.677,57.066],[117.673,56.978],[117.576,56.935],[117.571,56.851],[117.18,56.866],[117.141,56.809],[117.012,56.806],[116.815,56.726],[116.629,56.749],[116.362,56.847],[116.122,56.813],[115.957,56.865],[115.86,56.932],[115.711,56.964],[115.805,57.031],[116.048,57.082],[116.17,57.141],[116.156,57.229],[115.852,57.24],[115.698,57.137],[115.45,57.097],[115.086,57.119],[115.05,56.991],[114.851,56.837],[114.795,56.71],[114.498,56.671],[114.289,56.692],[114.127,56.676],[114.01,56.545],[113.87,56.533],[113.803,56.602],[113.547,56.672],[113.356,56.626],[112.886,56.697],[112.762,56.753],[112.662,56.96],[112.444,56.863],[112.235,56.878],[112.11,56.944],[111.916,56.945],[111.854,56.913],[111.628,57.016],[111.62,57.095],[111.462,57.102],[111.337,56.95],[111.363,56.895],[111.134,56.815],[110.998,56.858],[110.883,56.834],[110.753,56.874],[110.662,56.833],[110.532,56.847],[110.399,56.921],[109.989,56.969],[109.887,56.891],[109.78,56.711],[109.665,56.694],[109.41,56.735],[109.314,56.672],[109.143,56.676],[108.93,56.588],[108.699,56.583],[108.719,56.499],[108.557,56.346],[108.571,56.294],[108.799,56.257],[108.929,56.148],[108.991,56.04],[109.105,56.022],[109.18,55.913],[108.96,55.941],[108.854,55.866],[108.771,55.623],[108.622,55.456],[108.651,55.313],[108.773,55.237],[108.782,55.17],[108.69,55.062],[108.716,54.785],[108.64,54.601],[108.671,54.547],[109.022,54.494],[109.007,54.425],[108.423,53.783],[108.061,53.205],[106.198,52.44],[105.992,52.221],[105.752,52.031],[105.461,51.863],[105.123,51.731],[104.65,51.622],[104.629,51.443],[104.67,51.399],[104.609,51.268],[104.494,51.309],[104.212,51.281],[104.098,51.218],[103.814,51.132],[103.819,51.388],[103.69,51.46],[103.576,51.479],[103.335,51.434],[103.181,51.621],[103.222,51.788],[103.065,51.883],[102.945,51.907],[102.777,51.985],[102.673,52.098],[102.574,52.149],[102.542,52.228],[102.395,52.259],[102.32,52.231],[102.188,52.276],[102.046,52.212],[101.963,52.222],[101.91,52.317],[101.476,52.571],[101.436,52.631],[101.32,52.641],[101.031,52.769],[100.852,52.811],[100.827,52.856],[100.606,52.944],[100.363,53.137],[100.401,53.234],[100.26,53.375],[100.08,53.3],[99.878,53.299],[99.805,53.19],[99.69,53.132],[99.536,53.105],[99.379,53.113],[99.366,53.054],[99.25,52.954],[98.989,53.034],[99.056,53.104],[98.698,53.155],[98.615,53.108],[98.303,53.104],[98.28,53.226],[98.031,53.253],[97.972,53.352],[97.699,53.379],[97.586,53.438],[97.448,53.461],[97.328,53.596],[97.135,53.613],[96.875,53.729],[96.743,53.711],[96.684,53.639],[96.505,53.684]]]}},{"type":"Feature","properties":{"name":"Krasnoyarsk","admin":"Russia","iso_a2":"RU","postal":"KY"},"geometry":{"type":"MultiPolygon","coordinates":[[[[96.739,76.207],[96.74,76.258],[96.835,76.345],[96.99,76.343],[97.053,76.303],[96.974,76.237],[96.854,76.199],[96.739,76.207]]],[[[100.142,79.684],[100.3,79.67],[100.136,79.614],[99.915,79.602],[99.956,79.69],[100.142,79.684]]],[[[79.422,72.381],[79.954,72.223],[80.474,72.153],[80.763,72.089],[80.815,72.054],[80.856,71.97],[81.511,71.746],[81.662,71.716],[82.08,71.707],[82.758,71.764],[82.986,71.749],[83.234,71.668],[82.918,71.42],[82.323,71.26],[82.239,70.998],[82.336,70.807],[82.163,70.598],[82.221,70.396],[82.258,70.544],[82.452,70.69],[82.592,70.89],[82.738,70.942],[82.869,70.955],[83.01,70.895],[83.051,70.815],[83.058,70.695],[83.03,70.581],[82.92,70.407],[82.742,70.286],[82.682,70.218],[82.857,70.105],[83.081,70.093],[83.132,70.157],[83.074,70.277],[83.497,70.345],[83.66,70.418],[83.736,70.546],[83.579,70.766],[83.334,70.989],[83.151,71.104],[83.266,71.276],[83.55,71.544],[83.571,71.594],[83.534,71.684],[83.34,71.828],[83.2,71.875],[82.645,71.925],[82.319,72.072],[82.184,72.238],[82.094,72.265],[81.793,72.327],[81.098,72.39],[80.827,72.488],[80.656,72.712],[80.842,72.949],[80.757,73.025],[80.51,73.086],[80.425,73.231],[80.398,73.357],[80.458,73.414],[80.596,73.474],[80.562,73.515],[80.583,73.568],[81.817,73.659],[83.545,73.667],[84.738,73.763],[85.201,73.722],[85.448,73.735],[85.611,73.822],[86.591,73.894],[86.893,73.887],[87.029,73.824],[86.366,73.62],[86.094,73.578],[85.827,73.493],[85.793,73.438],[85.818,73.327],[86.098,73.273],[86.308,73.196],[86.677,73.107],[86.715,73.126],[85.971,73.347],[85.91,73.39],[85.939,73.456],[86.092,73.519],[86.376,73.569],[87.12,73.615],[87.37,73.756],[87.571,73.811],[87.21,73.879],[86.697,74.195],[86.571,74.244],[86.001,74.316],[86.183,74.423],[86.396,74.45],[86.665,74.414],[86.898,74.325],[87.23,74.364],[86.426,74.585],[85.791,74.645],[85.881,74.74],[86.059,74.728],[86.201,74.816],[86.651,74.682],[86.863,74.718],[87.419,74.941],[87.468,75.013],[87.141,75.072],[86.939,75.068],[86.922,75.113],[87.006,75.17],[87.171,75.192],[87.671,75.13],[88.504,75.29],[88.733,75.369],[89.31,75.47],[89.595,75.458],[90.185,75.591],[91.005,75.65],[91.479,75.65],[91.845,75.724],[92.408,75.75],[94.075,75.913],[94.156,75.959],[93.687,75.922],[93.574,75.956],[93.406,75.901],[93.178,75.959],[92.987,75.903],[92.89,75.91],[92.859,75.979],[92.972,76.075],[93.105,76.026],[93.259,76.099],[93.648,76.054],[93.843,76.101],[94.102,76.124],[94.507,76.108],[94.576,76.152],[95.038,76.114],[95.579,76.137],[96.075,76.082],[95.986,76.01],[95.653,75.892],[95.744,75.872],[95.935,75.926],[96.509,76.006],[96.601,75.99],[96.497,75.891],[96.879,75.931],[97.205,76.019],[97.351,76.033],[97.499,75.98],[97.638,76.029],[97.67,76.078],[97.918,76.089],[98.02,76.134],[98.662,76.243],[99.563,76.109],[99.77,76.029],[99.602,75.852],[99.442,75.803],[99.541,75.799],[99.609,75.811],[99.851,75.93],[99.825,76.136],[99.617,76.24],[98.806,76.481],[98.869,76.51],[99.576,76.471],[100.322,76.479],[100.844,76.525],[101.061,76.477],[101.311,76.479],[101.598,76.439],[101.684,76.485],[101.213,76.536],[101.003,76.531],[100.928,76.557],[101.099,76.704],[100.92,76.823],[100.906,76.901],[100.99,76.99],[101.186,77.029],[101.293,77.102],[101.518,77.198],[102.61,77.509],[103.131,77.626],[103.561,77.632],[104.015,77.73],[104.185,77.73],[104.814,77.652],[104.965,77.595],[105.309,77.549],[105.71,77.525],[105.895,77.489],[106.06,77.391],[105.734,77.352],[105.385,77.238],[104.912,77.175],[104.324,77.133],[104.202,77.102],[105.646,77.101],[105.712,77.001],[105.822,76.998],[106.145,77.045],[106.705,77.014],[106.942,77.034],[107.279,76.991],[107.43,76.927],[106.941,76.73],[106.639,76.573],[106.385,76.589],[106.414,76.512],[106.683,76.515],[106.825,76.48],[107.158,76.524],[107.722,76.522],[107.902,76.57],[107.95,76.661],[108.028,76.718],[108.182,76.738],[108.638,76.72],[109.369,76.749],[109.981,76.712],[110.471,76.758],[111.115,76.723],[111.786,76.604],[112.094,76.48],[111.943,76.38],[112.297,76.435],[112.62,76.384],[112.684,76.219],[112.798,76.13],[112.656,76.054],[112.819,76.059],[113.047,76.114],[113.15,76.175],[112.988,76.24],[113.273,76.252],[113.428,76.112],[113.564,75.892],[113.857,75.921],[113.871,75.856],[113.749,75.705],[113.62,75.593],[113.486,75.564],[113.517,75.622],[113.469,75.657],[113.126,75.699],[112.629,75.835],[112.466,75.844],[112.453,75.83],[112.73,75.738],[112.956,75.572],[113.162,75.621],[113.243,75.611],[113.356,75.534],[113.726,75.451],[113.614,75.293],[112.925,75.015],[112.192,74.853],[111.868,74.74],[111.299,74.658],[110.893,74.548],[110.374,74.466],[110.226,74.379],[109.84,74.322],[109.911,74.261],[109.81,74.169],[109.511,74.089],[109.075,74.032],[108.2,73.694],[107.765,73.625],[107.271,73.621],[107.167,73.589],[106.679,73.331],[106.189,73.308],[105.677,72.959],[105.393,72.841],[105.144,72.777],[105.708,72.837],[106.067,72.95],[106.16,73.002],[106.209,73.061],[106.315,73.106],[106.478,73.139],[107.109,73.177],[107.75,73.173],[108.001,73.236],[108.285,73.266],[108.351,73.31],[109.09,73.378],[109.331,73.487],[109.637,73.454],[109.855,73.472],[110.827,73.713],[111.111,73.641],[111.073,73.583],[110.818,73.559],[110.523,73.404],[110.571,73.253],[110.755,73.175],[110.881,73.023],[110.837,72.945],[110.627,72.895],[110.611,72.781],[110.702,72.65],[110.881,72.58],[111.21,72.545],[111.281,72.478],[111.085,72.37],[111.643,72.274],[111.817,72.132],[111.996,72.133],[111.997,71.414],[112.513,71.268],[112.579,71.114],[112.277,71.013],[112.027,71.042],[111.953,70.982],[111.522,70.939],[111.335,70.855],[110.903,70.808],[110.539,70.801],[110.489,70.726],[110.103,70.632],[110.117,70.478],[109.995,70.417],[109.602,70.378],[109.535,70.264],[109.277,70.207],[109.358,70.069],[109.509,70.033],[109.36,69.838],[109.237,69.776],[108.941,69.789],[108.871,69.84],[108.291,69.857],[108.149,69.825],[108.007,69.705],[107.124,69.588],[106.839,69.518],[106.604,69.517],[106.427,69.564],[106.153,69.391],[106.885,68.865],[106.896,68.143],[106.802,67.348],[106.685,67.254],[106.492,67.284],[106.317,67.209],[106.055,67.167],[105.894,67.044],[105.54,67.023],[105.687,66.939],[106.044,66.901],[106.047,66.789],[106.247,66.702],[106.249,66.581],[106.322,66.479],[106.103,66.378],[106.171,66.159],[106.33,66.154],[106.471,66.007],[106.478,65.845],[106.44,65.662],[106.631,65.635],[106.713,65.549],[106.94,65.511],[106.836,65.378],[106.635,65.393],[106.451,65.313],[106.454,65.233],[106.282,65.137],[105.973,65.012],[106.123,64.905],[105.946,64.884],[105.832,64.76],[105.873,64.68],[105.708,64.653],[105.803,64.53],[106.132,64.481],[106.204,64.403],[106.395,64.443],[106.877,64.414],[107.368,64.251],[107.57,64.299],[107.856,64.182],[108.027,64.224],[108.224,64.203],[108.32,64.039],[108.263,63.996],[107.68,63.989],[107.55,63.857],[107.372,63.866],[107.202,63.957],[107.053,63.892],[106.764,63.996],[106.68,63.931],[106.793,63.842],[106.629,63.697],[106.691,63.636],[106.517,63.483],[106.725,63.375],[106.661,63.297],[106.438,63.32],[106.368,63.272],[106.403,63.113],[106.126,63.048],[106.225,62.894],[106.435,62.847],[106.525,62.741],[106.495,62.692],[106.726,62.588],[106.714,62.488],[106.479,62.329],[106.397,62.314],[106.443,62.185],[106.375,62.103],[106.404,62.031],[106.218,62.003],[105.902,61.835],[105.941,61.685],[105.823,61.631],[105.718,61.65],[105.55,61.566],[105.367,61.53],[105.253,61.42],[104.957,61.398],[104.904,61.368],[105.005,61.198],[104.837,61.176],[104.635,61.036],[104.571,60.955],[104.629,60.89],[104.46,60.839],[104.594,60.735],[104.523,60.645],[104.676,60.4],[104.889,60.302],[105.221,60.276],[105.321,60.295],[105.476,60.254],[105.424,60.123],[105.485,60.022],[105.377,59.822],[105.186,59.858],[105.035,59.836],[105.005,59.766],[104.799,59.691],[104.883,59.525],[104.986,59.461],[105.225,59.429],[105.196,59.303],[105.288,59.264],[105.353,59.108],[104.948,58.959],[104.759,58.82],[104.872,58.719],[104.787,58.666],[104.458,58.602],[104.374,58.713],[104.22,58.758],[103.949,58.774],[103.89,58.903],[103.693,58.923],[103.375,59.034],[103.246,59.18],[103.239,59.284],[103.083,59.264],[102.999,59.315],[102.759,59.199],[102.588,59.203],[102.455,59.153],[102.407,59.067],[102.439,58.944],[102.537,58.897],[102.565,58.797],[102.52,58.728],[102.311,58.642],[102.162,58.516],[101.774,58.453],[101.678,58.407],[101.531,58.225],[101.298,58.219],[101.208,58.142],[101.137,57.985],[100.971,57.87],[100.846,57.845],[100.885,57.77],[100.801,57.673],[100.955,57.555],[100.911,57.452],[100.716,57.413],[100.638,57.477],[100.419,57.542],[100.275,57.805],[100.129,57.867],[100.079,58.045],[100.017,58.081],[99.794,58.063],[99.703,58.086],[99.498,57.929],[99.411,57.796],[99.08,57.77],[98.962,57.723],[98.768,57.791],[97.934,57.811],[97.355,57.061],[97.489,56.964],[97.469,56.827],[97.547,56.793],[97.765,56.788],[97.762,56.559],[97.868,56.555],[97.882,56.427],[97.841,56.393],[97.591,56.387],[97.565,56.19],[97.44,56.147],[97.352,56.051],[97.125,56.102],[96.986,56.018],[96.96,55.861],[96.76,55.746],[96.753,55.651],[96.82,55.558],[96.918,55.33],[96.72,55.265],[96.685,55.085],[96.586,55.019],[96.712,54.927],[96.673,54.806],[96.565,54.697],[96.552,54.58],[96.495,54.511],[96.351,54.562],[96.221,54.543],[96.039,54.558],[95.981,54.452],[95.897,54.389],[95.717,54.388],[95.653,54.282],[95.678,54.234],[95.919,54.156],[96.079,54.063],[96.126,53.972],[96.406,53.783],[96.505,53.684],[96.684,53.639],[96.642,53.548],[96.418,53.543],[96.241,53.613],[96.186,53.515],[96.048,53.454],[95.768,53.52],[95.381,53.372],[95.26,53.456],[95.041,53.376],[94.976,53.405],[94.74,53.383],[94.594,53.316],[94.69,53.224],[94.604,53.176],[94.604,53.055],[94.512,52.911],[94.29,52.9],[94.141,52.832],[94.139,52.761],[93.989,52.585],[93.774,52.446],[93.768,52.371],[93.678,52.224],[93.36,52.129],[93.075,51.945],[92.901,51.895],[92.844,51.832],[92.673,51.84],[92.505,51.781],[92.43,51.802],[91.987,51.794],[91.894,51.853],[91.616,51.869],[91.543,51.901],[91.18,51.89],[91.101,51.943],[90.839,51.912],[90.744,52.063],[90.582,52.112],[90.477,52.183],[90.7,52.458],[91.038,52.66],[91.242,52.747],[91.396,52.868],[91.408,52.947],[91.351,53.077],[91.66,53.158],[91.841,53.288],[91.846,53.352],[91.744,53.447],[91.47,53.514],[91.472,53.567],[91.333,53.758],[91.327,53.817],[91.465,53.966],[91.464,54.057],[91.21,54.338],[91.159,54.488],[90.855,54.627],[90.915,54.791],[90.84,54.839],[90.715,54.831],[90.685,54.905],[90.458,54.871],[90.436,55.016],[90.262,55.05],[90.129,55.105],[89.904,55.086],[89.658,55.003],[89.55,55.046],[89.201,54.99],[89.147,55.076],[88.966,55.185],[88.95,55.289],[88.76,55.344],[88.609,55.446],[88.682,55.516],[89.062,55.693],[89.17,55.704],[89.363,55.773],[89.443,55.876],[89.33,55.902],[89.199,56.135],[89.056,56.21],[89.041,56.305],[88.913,56.31],[88.861,56.366],[88.734,56.376],[88.592,56.444],[88.625,56.517],[88.537,56.545],[88.517,56.627],[88.661,56.636],[88.721,56.732],[88.624,56.833],[88.721,57.055],[88.53,57.096],[88.648,57.212],[88.739,57.233],[88.861,57.432],[89.077,57.515],[89.167,57.616],[89.38,57.637],[89.354,57.796],[89.391,57.878],[89.328,57.95],[88.851,57.961],[88.687,58.037],[88.156,58.107],[88.014,58.268],[87.918,58.5],[88.383,58.909],[88.797,59.01],[88.826,59.035],[88.62,59.199],[88.586,59.299],[87.936,59.266],[87.878,59.289],[87.554,59.641],[87.492,59.674],[87.214,59.685],[87.084,59.883],[86.625,59.95],[85.968,59.956],[85.496,59.892],[84.692,59.905],[84.531,59.975],[84.611,60.059],[84.632,60.206],[84.781,60.356],[84.708,60.459],[84.26,60.856],[84.648,61.001],[85.671,61.289],[85.644,61.388],[85.771,61.443],[85.95,61.465],[85.956,61.55],[85.854,61.595],[85.722,61.575],[85.48,61.628],[85.386,61.698],[85.273,61.683],[84.919,61.797],[84.681,61.815],[84.52,61.945],[84.551,62.001],[84.436,62.178],[84.746,62.41],[84.861,62.451],[84.958,62.593],[85.09,62.638],[85.225,62.801],[85.324,62.869],[85.518,62.933],[85.584,63.054],[85.469,63.149],[85.641,63.374],[85.41,63.353],[85.378,63.467],[85.276,63.522],[85.097,63.534],[85.333,63.701],[85.373,63.808],[85.534,63.937],[85.948,64.053],[85.934,64.123],[86.028,64.28],[85.951,64.329],[85.845,64.501],[85.916,64.588],[85.812,64.656],[85.859,64.756],[85.61,64.828],[85.184,64.751],[84.968,64.891],[84.82,64.931],[84.47,64.89],[84.279,64.94],[84.387,64.994],[84.313,65.098],[84.388,65.175],[84.523,65.213],[84.586,65.311],[84.55,65.433],[84.43,65.551],[84.291,65.613],[84.319,65.684],[84.168,65.703],[84.031,65.793],[83.518,65.822],[83.521,65.908],[83.296,66.058],[83.381,66.14],[83.525,66.173],[83.262,66.389],[83.091,66.459],[83.078,66.579],[83.293,66.663],[83.162,66.818],[83.042,66.891],[82.117,67.244],[82.353,67.328],[82.256,67.409],[82.387,67.524],[82.11,67.609],[82.1,67.724],[81.882,67.799],[81.731,67.908],[82.059,67.948],[82.354,67.944],[82.395,68.177],[82.55,68.179],[82.681,68.283],[82.71,68.414],[82.536,68.611],[82.867,68.628],[83.015,68.684],[82.546,68.84],[82.481,68.995],[82.333,69.062],[82.497,69.111],[82.257,69.157],[81.893,69.183],[81.772,69.233],[81.929,69.349],[81.783,69.429],[81.626,69.41],[81.611,69.286],[81.324,69.286],[80.967,69.209],[80.734,69.308],[80.26,69.356],[79.854,69.355],[79.644,69.491],[79.585,69.588],[79.116,69.732],[78.913,69.861],[79.171,69.978],[79.208,70.053],[79.505,70.115],[79.63,70.221],[80.095,70.353],[80.177,70.43],[80.569,70.461],[80.753,70.635],[80.608,70.71],[80.68,70.805],[80.552,70.9],[80.55,71.044],[80.403,71.091],[79.954,71.134],[79.565,71.277],[79.245,71.317],[79.143,71.422],[79.333,71.481],[79.383,71.615],[79.868,71.602],[80.119,71.675],[80.036,71.831],[80.339,71.89],[80.218,71.942],[79.695,72.058],[79.419,72.043],[78.697,72.18],[78.483,72.395],[79.422,72.381]]],[[[110.722,73.78],[110.388,73.726],[110.091,73.709],[109.753,73.723],[109.666,73.8],[109.869,73.931],[110.084,73.994],[110.261,74.017],[111.056,73.939],[111.131,74.053],[111.551,74.029],[111.228,73.969],[111.303,73.883],[110.799,73.76],[110.722,73.78]]],[[[96.528,77.206],[96.562,77.154],[96.561,77.13],[96.21,76.992],[96.091,77.003],[95.855,76.975],[95.681,77.021],[95.27,77.019],[95.421,77.056],[95.854,77.098],[96.528,77.206]]],[[[89.68,77.28],[89.666,77.254],[89.514,77.189],[89.3,77.184],[89.142,77.227],[89.282,77.301],[89.616,77.311],[89.68,77.28]]],[[[96.614,76.264],[96.59,76.221],[96.487,76.234],[96.351,76.212],[96.353,76.177],[96.301,76.122],[96.109,76.155],[95.311,76.215],[95.322,76.262],[95.38,76.289],[95.594,76.25],[95.786,76.294],[96.151,76.272],[96.271,76.305],[96.614,76.264]]],[[[97.382,76.707],[97.588,76.599],[97.43,76.591],[97.342,76.629],[97.31,76.69],[97.382,76.707]]],[[[86.737,74.963],[87.001,74.992],[87.124,74.94],[86.927,74.831],[86.391,74.851],[86.259,74.894],[86.331,74.939],[86.605,74.993],[86.737,74.963]]],[[[82.166,75.516],[82.172,75.419],[82.222,75.351],[82.05,75.341],[81.979,75.247],[81.905,75.263],[81.861,75.317],[81.655,75.289],[81.501,75.368],[81.712,75.451],[81.842,75.407],[81.927,75.41],[81.913,75.498],[82.166,75.516]]],[[[83.513,74.122],[83.618,74.089],[83.411,74.04],[82.818,74.092],[82.903,74.129],[83.15,74.152],[83.513,74.122]]],[[[84.68,74.512],[84.873,74.516],[84.759,74.459],[84.71,74.4],[84.429,74.43],[84.389,74.454],[84.68,74.512]]],[[[79.541,72.919],[79.538,72.769],[79.501,72.722],[78.881,72.752],[78.69,72.803],[78.633,72.851],[78.657,72.892],[79.164,73.094],[79.357,73.039],[79.413,72.983],[79.541,72.919]]],[[[82.611,74.149],[82.71,74.091],[82.613,74.056],[82.382,74.099],[82.329,74.131],[82.611,74.149]]],[[[111.969,76.626],[112.281,76.618],[112.394,76.644],[112.633,76.553],[112.661,76.51],[112.587,76.483],[112.575,76.452],[112.532,76.45],[112.395,76.484],[112.297,76.538],[112.154,76.549],[111.969,76.626]]],[[[106.505,78.262],[106.27,78.206],[106.024,78.22],[106.058,78.265],[106.351,78.273],[106.457,78.34],[106.64,78.336],[106.72,78.294],[106.719,78.265],[106.505,78.262]]],[[[107.594,77.33],[107.665,77.3],[107.679,77.268],[107.302,77.242],[107.27,77.289],[107.366,77.347],[107.594,77.33]]],[[[91.567,81.141],[91.223,81.064],[89.976,81.113],[89.901,81.171],[90.07,81.214],[91.478,81.184],[91.567,81.141]]],[[[107.508,78.189],[107.573,78.186],[107.696,78.131],[107.606,78.083],[107.482,78.058],[107.344,78.099],[107.002,78.096],[106.416,78.14],[106.583,78.168],[107.508,78.189]]],[[[77.36,79.557],[77.589,79.502],[76.65,79.493],[76.637,79.544],[76.154,79.579],[76.052,79.645],[76.148,79.664],[76.373,79.615],[76.467,79.643],[77.36,79.557]]],[[[79.807,80.975],[80.428,80.928],[80.345,80.868],[80.027,80.848],[79.099,80.812],[78.978,80.848],[79.217,80.96],[79.807,80.975]]],[[[93.803,79.905],[93.604,79.817],[93.155,79.738],[92.441,79.675],[92.154,79.685],[91.376,79.835],[91.126,79.905],[91.07,79.981],[91.229,80.031],[91.426,80.049],[92.173,80.045],[93.803,79.905]]],[[[99.815,79.096],[99.929,78.961],[99.44,78.834],[98.411,78.788],[98.054,78.821],[97.555,78.827],[96.933,78.934],[96.808,78.985],[96.347,79.016],[95.796,79.001],[95.703,79.012],[95.531,79.098],[95.133,79.05],[94.791,79.087],[94.652,79.127],[94.62,79.192],[94.482,79.219],[94.314,79.308],[94.219,79.402],[93.759,79.451],[93.272,79.458],[93.071,79.495],[93.405,79.632],[93.847,79.702],[94.257,79.83],[94.347,79.942],[94.719,80.011],[94.987,80.097],[95.281,80.031],[95.498,80.106],[96.417,80.104],[97.587,80.168],[97.904,80.095],[98.018,80.023],[97.907,80.004],[97.808,79.956],[97.76,79.896],[97.627,79.85],[97.591,79.775],[97.652,79.761],[97.871,79.853],[98.065,79.901],[98.353,79.884],[98.499,79.953],[98.472,80.009],[98.596,80.052],[99.295,80.016],[99.536,79.941],[99.818,79.898],[100.061,79.777],[99.916,79.738],[99.782,79.628],[99.749,79.515],[99.706,79.463],[99.722,79.385],[99.681,79.323],[99.537,79.277],[99.167,79.306],[99.042,79.293],[99.317,79.227],[99.517,79.13],[99.815,79.096]]],[[[105.31,78.666],[105.343,78.594],[105.313,78.5],[104.742,78.34],[104.297,78.335],[103.719,78.258],[103.003,78.256],[102.797,78.188],[102.617,78.225],[101.204,78.192],[100.541,78.048],[99.845,77.957],[99.5,77.976],[99.287,78.038],[99.439,78.084],[99.546,78.179],[99.678,78.233],[100.019,78.339],[100.124,78.47],[100.257,78.574],[100.284,78.679],[100.416,78.753],[100.62,78.797],[100.956,78.788],[100.898,78.812],[100.856,78.898],[100.901,78.98],[101.031,79.023],[101.068,79.096],[101.052,79.123],[101.149,79.157],[101.196,79.204],[101.543,79.254],[101.591,79.35],[101.643,79.361],[101.824,79.37],[102.005,79.264],[102.251,79.256],[102.177,79.313],[102.181,79.373],[102.282,79.43],[102.405,79.433],[102.79,79.392],[103.098,79.299],[102.885,79.254],[102.787,79.176],[102.746,79.106],[102.412,78.835],[102.587,78.871],[102.95,79.056],[103.199,79.071],[103.433,79.126],[103.801,79.149],[103.926,79.123],[104.091,79.013],[104.449,78.964],[104.477,78.923],[104.452,78.88],[104.633,78.835],[104.881,78.855],[105.146,78.819],[105.31,78.666]]],[[[97.856,80.698],[97.221,80.652],[97.113,80.614],[97.025,80.536],[97.115,80.497],[97.287,80.343],[97.417,80.323],[97.175,80.241],[94.565,80.126],[93.872,80.01],[93.655,80.01],[93.002,80.102],[92.202,80.179],[92.092,80.223],[91.637,80.27],[91.524,80.359],[91.897,80.478],[92.578,80.533],[92.827,80.619],[92.981,80.703],[93.263,80.791],[92.773,80.769],[92.593,80.781],[92.71,80.872],[92.939,80.926],[93.065,80.988],[93.359,81.032],[94.838,81.139],[95.061,81.188],[95.16,81.271],[95.801,81.28],[95.902,81.261],[95.984,81.211],[96.187,81.184],[96.471,81.099],[96.563,81.03],[96.755,80.958],[97.414,80.842],[97.703,80.827],[97.832,80.798],[97.87,80.763],[97.856,80.698]]]]}},{"type":"Feature","properties":{"name":"Tuva","admin":"Russia","iso_a2":"RU","postal":"TU"},"geometry":{"type":"Polygon","coordinates":[[[98.893,52.117],[98.849,52.07],[98.803,51.957],[98.641,51.801],[98.353,51.718],[98.237,51.578],[98.22,51.506],[98.038,51.45],[97.947,51.348],[97.911,51.165],[97.836,51.052],[97.825,50.985],[97.953,50.855],[97.962,50.769],[98.03,50.645],[98.145,50.569],[98.279,50.533],[98.293,50.487],[98.25,50.302],[98.103,50.078],[97.854,49.947],[97.721,49.945],[97.589,49.911],[97.541,49.843],[97.36,49.741],[97.209,49.731],[96.986,49.883],[96.712,49.912],[96.598,49.878],[96.506,49.919],[96.315,49.901],[96.23,49.954],[96.066,49.999],[95.936,49.96],[95.852,50.013],[95.789,50.013],[95.523,49.911],[95.386,49.941],[95.111,49.935],[94.93,50.044],[94.615,50.024],[94.565,50.088],[94.355,50.222],[94.287,50.511],[94.251,50.556],[93.271,50.616],[93.103,50.604],[93.01,50.655],[92.941,50.778],[92.779,50.779],[92.739,50.711],[92.681,50.683],[92.627,50.688],[92.355,50.864],[92.296,50.85],[92.265,50.775],[92.192,50.701],[91.804,50.694],[91.706,50.666],[91.597,50.576],[91.446,50.522],[91.415,50.468],[91.022,50.415],[90.761,50.306],[90.655,50.222],[90.517,50.213],[90.224,50.117],[90.054,50.094],[90.005,50.069],[89.977,49.984],[89.878,49.954],[89.744,49.948],[89.644,49.903],[89.553,50.052],[89.501,50.207],[89.336,50.21],[89.39,50.319],[89.844,50.43],[89.869,50.485],[89.78,50.567],[89.674,50.579],[89.384,50.858],[89.052,51.065],[89.032,51.184],[88.946,51.228],[88.955,51.438],[88.736,51.559],[89.233,51.645],[89.223,51.56],[89.421,51.605],[89.581,51.553],[89.73,51.582],[89.943,51.75],[90.105,51.768],[90.028,51.984],[90.119,52.044],[90.124,52.129],[90.359,52.192],[90.477,52.183],[90.582,52.112],[90.744,52.063],[90.839,51.912],[91.101,51.943],[91.18,51.89],[91.543,51.901],[91.616,51.869],[91.894,51.853],[91.987,51.794],[92.43,51.802],[92.505,51.781],[92.673,51.84],[92.844,51.832],[92.901,51.895],[93.075,51.945],[93.36,52.129],[93.678,52.224],[93.768,52.371],[93.774,52.446],[93.989,52.585],[94.139,52.761],[94.141,52.832],[94.29,52.9],[94.512,52.911],[94.604,53.055],[94.604,53.176],[94.69,53.224],[94.594,53.316],[94.74,53.383],[94.976,53.405],[95.041,53.376],[95.26,53.456],[95.381,53.372],[95.768,53.52],[96.048,53.454],[96.186,53.515],[96.241,53.613],[96.418,53.543],[96.642,53.548],[96.743,53.711],[96.875,53.729],[97.135,53.613],[97.328,53.596],[97.448,53.461],[97.586,53.438],[97.699,53.379],[97.972,53.352],[98.031,53.253],[98.28,53.226],[98.303,53.104],[98.615,53.108],[98.698,53.155],[99.056,53.104],[98.989,53.034],[99.25,52.954],[99.22,52.865],[98.929,52.918],[98.856,52.847],[98.938,52.798],[98.937,52.673],[98.805,52.611],[98.806,52.514],[98.634,52.413],[98.646,52.309],[98.799,52.274],[98.809,52.196],[98.932,52.192],[98.94,52.106],[98.893,52.117]]]}},{"type":"Feature","properties":{"name":"Buryat","admin":"Russia","iso_a2":"RU","postal":"BU"},"geometry":{"type":"Polygon","coordinates":[[[107.233,49.989],[107.04,50.086],[106.941,50.197],[106.711,50.313],[106.574,50.329],[106.218,50.305],[105.875,50.405],[105.693,50.414],[105.384,50.474],[105.267,50.46],[105.095,50.39],[104.466,50.306],[104.354,50.275],[104.18,50.169],[104.079,50.154],[103.803,50.176],[103.633,50.139],[103.304,50.2],[103.234,50.264],[103.162,50.291],[102.86,50.333],[102.683,50.387],[102.469,50.526],[102.336,50.544],[102.288,50.585],[102.317,50.718],[102.215,50.829],[102.226,50.901],[102.195,51.051],[102.152,51.108],[102.156,51.314],[102.112,51.353],[101.571,51.467],[101.381,51.453],[100.469,51.726],[99.922,51.756],[99.719,51.872],[99.407,51.924],[99.091,52.035],[99.034,52.035],[98.94,52.106],[98.932,52.192],[98.809,52.196],[98.799,52.274],[98.646,52.309],[98.634,52.413],[98.806,52.514],[98.805,52.611],[98.937,52.673],[98.938,52.798],[98.856,52.847],[98.929,52.918],[99.22,52.865],[99.25,52.954],[99.366,53.054],[99.379,53.113],[99.536,53.105],[99.69,53.132],[99.805,53.19],[99.878,53.299],[100.08,53.3],[100.26,53.375],[100.401,53.234],[100.363,53.137],[100.606,52.944],[100.827,52.856],[100.852,52.811],[101.031,52.769],[101.32,52.641],[101.436,52.631],[101.476,52.571],[101.91,52.317],[101.963,52.222],[102.046,52.212],[102.188,52.276],[102.32,52.231],[102.395,52.259],[102.542,52.228],[102.574,52.149],[102.673,52.098],[102.777,51.985],[102.945,51.907],[103.065,51.883],[103.222,51.788],[103.181,51.621],[103.335,51.434],[103.576,51.479],[103.69,51.46],[103.819,51.388],[103.814,51.132],[104.098,51.218],[104.212,51.281],[104.494,51.309],[104.609,51.268],[104.67,51.399],[104.629,51.443],[104.65,51.622],[105.123,51.731],[105.461,51.863],[105.752,52.031],[105.992,52.221],[106.198,52.44],[108.061,53.205],[108.423,53.783],[109.007,54.425],[109.022,54.494],[108.671,54.547],[108.64,54.601],[108.716,54.785],[108.69,55.062],[108.782,55.17],[108.773,55.237],[108.651,55.313],[108.622,55.456],[108.771,55.623],[108.854,55.866],[108.96,55.941],[109.18,55.913],[109.105,56.022],[108.991,56.04],[108.929,56.148],[108.799,56.257],[108.571,56.294],[108.557,56.346],[108.719,56.499],[108.699,56.583],[108.93,56.588],[109.143,56.676],[109.314,56.672],[109.41,56.735],[109.665,56.694],[109.78,56.711],[109.887,56.891],[109.989,56.969],[110.399,56.921],[110.532,56.847],[110.662,56.833],[110.753,56.874],[110.883,56.834],[110.998,56.858],[111.134,56.815],[111.363,56.895],[111.337,56.95],[111.462,57.102],[111.62,57.095],[111.628,57.016],[111.854,56.913],[111.916,56.945],[112.11,56.944],[112.235,56.878],[112.444,56.863],[112.662,56.96],[112.762,56.753],[112.886,56.697],[113.356,56.626],[113.547,56.672],[113.803,56.602],[113.87,56.533],[114.01,56.545],[114.127,56.676],[114.289,56.692],[114.498,56.671],[114.795,56.71],[114.851,56.837],[115.05,56.991],[115.086,57.119],[115.45,57.097],[115.698,57.137],[115.852,57.24],[116.156,57.229],[116.17,57.141],[116.048,57.082],[115.805,57.031],[115.589,56.902],[115.571,56.732],[115.434,56.69],[115.49,56.62],[115.688,56.595],[115.673,56.54],[115.801,56.466],[115.684,56.425],[115.688,56.327],[115.774,56.206],[115.765,56.086],[115.889,55.965],[115.844,55.857],[115.845,55.705],[115.892,55.641],[115.895,55.525],[116.072,55.415],[116.178,55.391],[116.376,55.409],[116.458,55.34],[116.476,55.253],[116.716,55.145],[116.774,55.148],[116.893,54.977],[116.927,54.826],[116.884,54.738],[116.774,54.69],[116.777,54.627],[116.673,54.548],[116.458,54.517],[116.19,54.538],[115.629,54.442],[115.526,54.404],[115.491,54.329],[115.269,54.257],[115.164,54.162],[115.023,54.098],[114.966,54.023],[114.86,53.981],[114.588,53.927],[114.501,53.845],[114.378,53.844],[114.326,53.79],[113.983,53.744],[113.927,53.681],[113.793,53.63],[113.878,53.562],[113.842,53.382],[113.936,53.358],[113.978,53.24],[114.201,53.187],[114.132,53.1],[114.325,53.068],[114.233,52.961],[114.235,52.822],[114.088,52.695],[113.965,52.633],[113.744,52.574],[113.573,52.453],[113.236,52.469],[112.95,52.343],[112.545,52.347],[112.405,52.208],[112.185,52.288],[112.062,52.277],[111.796,52.09],[111.724,52.006],[111.586,51.922],[111.125,51.818],[110.845,51.66],[110.862,51.595],[110.677,51.504],[110.423,51.523],[110.389,51.577],[110.049,51.616],[109.629,51.449],[109.247,51.366],[109.047,51.5],[108.942,51.44],[108.757,51.449],[108.649,51.501],[108.532,51.423],[108.385,51.237],[108.555,51.157],[108.484,51.057],[108.353,51.055],[108.308,51.011],[108.25,50.844],[108.067,50.753],[108.187,50.658],[108.472,50.59],[108.554,50.465],[108.315,50.403],[108.213,50.411],[108.132,50.318],[107.99,50.335],[107.926,50.215],[107.77,50.147],[107.796,50.026],[107.744,49.966],[107.233,49.989]]]}},{"type":"Feature","properties":{"name":"Amur","admin":"Russia","iso_a2":"RU","postal":"AM"},"geometry":{"type":"Polygon","coordinates":[[[130.196,48.892],[130.037,48.972],[129.793,49.199],[129.671,49.278],[129.591,49.287],[129.534,49.323],[129.498,49.389],[129.385,49.389],[129.31,49.354],[129.248,49.379],[129.065,49.375],[129.02,49.419],[128.819,49.464],[128.77,49.495],[128.791,49.542],[128.769,49.577],[128.704,49.6],[128.237,49.559],[128.0,49.569],[127.711,49.672],[127.69,49.717],[127.551,49.802],[127.502,49.873],[127.492,49.975],[127.512,50.072],[127.59,50.209],[127.395,50.299],[127.337,50.35],[127.341,50.428],[127.306,50.454],[127.347,50.55],[127.347,50.621],[127.307,50.708],[126.925,51.1],[126.888,51.23],[126.834,51.315],[126.848,51.374],[126.802,51.448],[126.805,51.506],[126.775,51.545],[126.709,51.566],[126.689,51.61],[126.701,51.703],[126.511,51.926],[126.456,52.126],[126.395,52.173],[126.384,52.286],[126.324,52.332],[126.342,52.362],[126.238,52.445],[126.194,52.519],[126.046,52.573],[126.016,52.61],[126.06,52.692],[126.048,52.739],[125.872,52.872],[125.728,52.891],[125.681,52.931],[125.692,53.004],[125.649,53.042],[125.546,53.048],[125.075,53.204],[124.907,53.173],[124.882,53.13],[124.812,53.134],[124.64,53.211],[124.466,53.23],[124.22,53.37],[124.154,53.359],[123.608,53.547],[123.535,53.526],[123.31,53.556],[122.745,53.469],[122.516,53.457],[122.38,53.463],[122.338,53.485],[122.024,53.439],[122.018,53.521],[121.947,53.605],[121.919,53.831],[121.783,53.973],[121.643,54.012],[121.641,54.113],[121.754,54.152],[121.753,54.272],[121.655,54.355],[121.731,54.426],[121.866,54.419],[121.902,54.369],[122.115,54.407],[122.127,54.468],[121.936,54.566],[121.895,54.646],[121.922,54.733],[121.826,54.784],[121.659,54.728],[121.667,54.821],[121.95,55.007],[121.939,55.214],[121.984,55.476],[121.883,55.606],[121.693,55.6],[121.634,55.535],[121.439,55.481],[121.363,55.507],[121.307,55.742],[121.347,55.813],[121.276,55.867],[121.217,56.013],[120.986,56.02],[120.532,55.914],[120.466,55.872],[120.26,55.916],[120.055,56.078],[120.062,56.138],[120.344,56.22],[120.527,56.232],[120.533,56.285],[120.276,56.386],[120.257,56.459],[119.96,56.493],[119.809,56.612],[119.787,56.7],[119.67,56.771],[119.898,56.889],[120.031,56.899],[120.303,57.004],[121.019,57.031],[121.053,56.99],[121.407,56.976],[121.511,56.922],[121.602,56.813],[121.608,56.741],[122.16,56.738],[122.283,56.651],[122.467,56.602],[122.589,56.49],[122.781,56.498],[122.919,56.551],[123.132,56.457],[123.453,56.406],[123.915,56.377],[124.06,56.231],[124.206,56.165],[124.243,56.081],[124.36,56.057],[124.448,55.905],[124.635,55.902],[124.958,55.826],[125.248,55.88],[125.437,55.837],[125.546,55.736],[125.758,55.796],[126.039,55.728],[126.047,55.589],[126.234,55.591],[126.434,55.555],[126.551,55.633],[126.843,55.606],[126.954,55.687],[127.188,55.691],[127.33,55.656],[127.487,55.555],[127.573,55.58],[127.675,55.683],[127.794,55.629],[128.29,55.648],[128.502,55.516],[128.663,55.521],[128.772,55.469],[128.975,55.466],[129.089,55.533],[129.047,55.654],[129.653,55.745],[129.892,55.734],[129.995,55.693],[130.742,55.719],[131.087,55.618],[131.599,55.652],[131.804,55.614],[131.962,55.658],[132.126,55.645],[132.24,55.704],[132.538,55.676],[132.663,55.561],[132.644,55.491],[132.908,55.359],[132.733,55.349],[132.581,55.196],[132.355,55.191],[132.367,55.056],[132.087,55.05],[131.971,54.998],[131.994,54.909],[131.612,54.781],[131.532,54.722],[131.399,54.719],[131.199,54.613],[131.22,54.527],[131.114,54.323],[130.944,54.323],[130.774,54.288],[130.507,54.12],[130.484,53.993],[130.41,53.948],[130.447,53.882],[130.635,53.887],[130.84,53.828],[130.921,53.768],[131.097,53.813],[131.421,53.751],[131.444,53.627],[131.498,53.555],[131.483,53.476],[131.532,53.319],[131.465,53.213],[131.8,53.241],[131.894,53.128],[131.991,53.134],[132.112,53.223],[132.398,53.244],[132.893,53.235],[132.951,53.289],[133.153,53.291],[133.21,53.421],[133.573,53.546],[133.709,53.477],[134.011,53.433],[134.215,53.472],[134.223,53.515],[134.451,53.538],[134.555,53.621],[134.748,53.539],[134.761,53.475],[134.924,53.417],[134.897,53.315],[134.956,53.254],[134.859,53.184],[134.812,53.066],[134.659,52.939],[134.631,52.801],[134.706,52.766],[134.782,52.647],[134.659,52.575],[134.663,52.471],[134.606,52.418],[134.056,52.5],[134.003,52.539],[133.659,52.572],[133.369,52.683],[133.28,52.664],[133.238,52.567],[133.246,52.456],[133.42,52.251],[133.322,52.198],[132.907,52.159],[132.59,52.082],[132.525,51.963],[132.404,51.963],[132.423,51.86],[132.279,51.793],[132.216,51.817],[131.959,51.737],[131.864,51.755],[131.728,51.681],[131.431,51.688],[131.395,51.607],[131.484,51.476],[131.488,51.345],[131.29,51.364],[131.169,51.249],[131.065,51.246],[130.919,51.024],[130.816,51.02],[130.772,50.942],[130.841,50.881],[130.688,50.746],[130.645,50.657],[130.954,50.65],[131.011,50.568],[130.866,50.457],[130.989,50.382],[131.134,50.419],[131.158,50.345],[131.29,50.366],[131.325,50.269],[131.442,50.186],[131.295,49.99],[131.445,49.964],[131.499,49.901],[131.469,49.73],[131.384,49.659],[131.5,49.611],[131.494,49.411],[131.396,49.244],[131.182,49.25],[131.007,49.051],[130.983,48.972],[130.829,48.983],[130.553,48.861],[130.196,48.892]]]}},{"type":"Feature","properties":{"name":"Chita","admin":"Russia","iso_a2":"RU","postal":"CT"},"geometry":{"type":"Polygon","coordinates":[[[116.551,49.92],[116.217,50.009],[116.135,50.011],[115.718,49.881],[115.429,49.896],[115.275,49.949],[115.003,50.139],[114.743,50.234],[114.297,50.274],[114.071,50.205],[113.881,50.101],[113.574,50.007],[113.164,49.797],[113.056,49.616],[112.806,49.524],[112.697,49.507],[112.495,49.532],[112.08,49.424],[111.736,49.398],[111.429,49.343],[111.337,49.356],[110.828,49.166],[110.631,49.138],[110.428,49.22],[110.321,49.216],[110.2,49.17],[109.237,49.335],[108.614,49.323],[108.523,49.341],[108.213,49.525],[108.034,49.594],[108.01,49.647],[107.965,49.654],[107.937,49.691],[107.948,49.925],[107.917,49.948],[107.744,49.966],[107.796,50.026],[107.77,50.147],[107.926,50.215],[107.99,50.335],[108.132,50.318],[108.213,50.411],[108.315,50.403],[108.554,50.465],[108.472,50.59],[108.187,50.658],[108.067,50.753],[108.25,50.844],[108.308,51.011],[108.353,51.055],[108.484,51.057],[108.555,51.157],[108.385,51.237],[108.532,51.423],[108.649,51.501],[108.757,51.449],[108.942,51.44],[109.047,51.5],[109.247,51.366],[109.629,51.449],[110.049,51.616],[110.389,51.577],[110.423,51.523],[110.677,51.504],[110.862,51.595],[110.845,51.66],[111.125,51.818],[111.586,51.922],[111.724,52.006],[111.796,52.09],[112.062,52.277],[112.185,52.288],[112.405,52.208],[112.545,52.347],[112.95,52.343],[113.236,52.469],[113.573,52.453],[113.744,52.574],[113.965,52.633],[114.088,52.695],[114.235,52.822],[114.233,52.961],[114.325,53.068],[114.132,53.1],[114.201,53.187],[113.978,53.24],[113.936,53.358],[113.842,53.382],[113.878,53.562],[113.793,53.63],[113.927,53.681],[113.983,53.744],[114.326,53.79],[114.378,53.844],[114.501,53.845],[114.588,53.927],[114.86,53.981],[114.966,54.023],[115.023,54.098],[115.164,54.162],[115.269,54.257],[115.491,54.329],[115.526,54.404],[115.629,54.442],[116.19,54.538],[116.458,54.517],[116.673,54.548],[116.777,54.627],[116.774,54.69],[116.884,54.738],[116.927,54.826],[116.893,54.977],[116.774,55.148],[116.716,55.145],[116.476,55.253],[116.458,55.34],[116.376,55.409],[116.178,55.391],[116.072,55.415],[115.895,55.525],[115.892,55.641],[115.845,55.705],[115.844,55.857],[115.889,55.965],[115.765,56.086],[115.774,56.206],[115.688,56.327],[115.684,56.425],[115.801,56.466],[115.673,56.54],[115.688,56.595],[115.49,56.62],[115.434,56.69],[115.571,56.732],[115.589,56.902],[115.711,56.964],[115.86,56.932],[115.957,56.865],[116.122,56.813],[116.362,56.847],[116.629,56.749],[116.815,56.726],[117.012,56.806],[117.141,56.809],[117.18,56.866],[117.571,56.851],[117.576,56.935],[117.673,56.978],[117.677,57.066],[117.601,57.15],[117.723,57.187],[117.794,57.287],[117.597,57.321],[117.427,57.264],[117.357,57.337],[117.321,57.457],[117.257,57.509],[117.282,57.617],[117.14,57.668],[117.173,57.736],[117.128,57.842],[117.313,57.847],[117.368,57.934],[117.375,58.061],[117.438,58.152],[117.588,58.184],[117.471,58.304],[117.684,58.398],[118.142,58.386],[118.317,58.353],[118.405,58.262],[118.63,58.175],[118.784,58.213],[119.108,58.223],[119.154,58.146],[119.135,58.007],[119.047,57.728],[119.165,57.669],[119.141,57.539],[119.41,57.615],[119.487,57.591],[119.41,57.497],[119.442,57.371],[119.546,57.34],[119.683,57.157],[119.622,57.101],[119.645,57.002],[119.772,56.983],[119.898,56.889],[119.67,56.771],[119.787,56.7],[119.809,56.612],[119.96,56.493],[120.257,56.459],[120.276,56.386],[120.533,56.285],[120.527,56.232],[120.344,56.22],[120.062,56.138],[120.055,56.078],[120.26,55.916],[120.466,55.872],[120.532,55.914],[120.986,56.02],[121.217,56.013],[121.276,55.867],[121.347,55.813],[121.307,55.742],[121.363,55.507],[121.439,55.481],[121.634,55.535],[121.693,55.6],[121.883,55.606],[121.984,55.476],[121.939,55.214],[121.95,55.007],[121.667,54.821],[121.659,54.728],[121.826,54.784],[121.922,54.733],[121.895,54.646],[121.936,54.566],[122.127,54.468],[122.115,54.407],[121.902,54.369],[121.866,54.419],[121.731,54.426],[121.655,54.355],[121.753,54.272],[121.754,54.152],[121.641,54.113],[121.643,54.012],[121.783,53.973],[121.919,53.831],[121.947,53.605],[122.018,53.521],[122.024,53.439],[121.405,53.317],[120.985,53.285],[120.704,53.172],[120.218,52.84],[120.095,52.787],[120.044,52.718],[120.068,52.633],[120.173,52.602],[120.36,52.627],[120.521,52.615],[120.656,52.567],[120.699,52.494],[120.65,52.396],[120.665,52.3],[120.744,52.205],[120.75,52.097],[120.682,51.973],[120.511,51.849],[120.237,51.723],[120.067,51.601],[119.967,51.422],[119.813,51.267],[119.757,51.179],[119.746,51.108],[119.512,50.863],[119.502,50.779],[119.446,50.703],[119.344,50.634],[119.217,50.433],[119.164,50.406],[119.302,50.354],[119.346,50.279],[119.326,50.155],[119.26,50.066],[119.147,50.013],[118.98,49.979],[118.756,49.963],[118.452,49.845],[117.873,49.513],[117.698,49.536],[117.477,49.609],[117.246,49.625],[116.683,49.824],[116.551,49.92]]]}},{"type":"Feature","properties":{"name":"Primor'ye","admin":"Russia","iso_a2":"RU","postal":"PR"},"geometry":{"type":"Polygon","coordinates":[[[131.182,43.506],[131.174,43.705],[131.213,44.003],[131.255,44.072],[131.087,44.596],[130.968,44.8],[131.033,44.889],[131.447,44.984],[131.579,45.084],[131.654,45.205],[131.852,45.327],[131.978,45.244],[132.936,45.03],[133.113,45.131],[133.097,45.22],[133.113,45.321],[133.186,45.495],[133.436,45.605],[133.466,45.651],[133.449,45.705],[133.513,45.879],[133.648,45.955],[133.711,46.07],[133.701,46.14],[133.861,46.248],[133.903,46.367],[133.867,46.499],[133.972,46.637],[134.412,46.678],[134.465,46.786],[134.412,46.866],[134.443,46.942],[134.549,46.967],[134.653,47.092],[134.851,47.154],[135.015,47.128],[135.078,47.193],[135.205,47.153],[135.433,47.019],[135.363,46.95],[135.42,46.911],[135.526,46.953],[135.746,46.949],[135.85,46.811],[135.942,46.79],[136.062,46.85],[136.264,46.765],[136.384,46.769],[136.451,46.81],[136.577,46.777],[136.728,46.841],[136.835,46.944],[136.974,47.012],[136.934,47.057],[137.013,47.236],[137.094,47.297],[137.328,47.214],[137.452,47.198],[137.598,47.3],[137.755,47.329],[138.087,47.517],[138.048,47.668],[137.896,47.724],[137.787,47.697],[137.601,47.784],[137.597,47.91],[137.417,47.978],[137.315,48.084],[137.449,48.202],[137.579,48.228],[137.843,48.209],[137.995,48.297],[138.145,48.316],[138.179,48.379],[138.306,48.445],[138.489,48.402],[138.48,48.303],[138.558,48.181],[138.71,48.183],[138.722,48.136],[138.581,48.031],[138.826,47.861],[138.707,47.735],[138.61,47.726],[138.517,47.669],[138.618,47.629],[138.595,47.548],[138.629,47.451],[138.755,47.438],[138.856,47.466],[139.01,47.397],[139.001,47.383],[138.587,47.057],[138.5,46.89],[138.392,46.745],[138.337,46.543],[138.21,46.463],[138.106,46.251],[137.769,45.929],[137.685,45.818],[137.425,45.64],[137.147,45.394],[136.804,45.171],[136.737,45.08],[136.604,44.978],[136.46,44.822],[136.251,44.667],[136.209,44.562],[136.142,44.489],[135.987,44.44],[135.875,44.374],[135.533,43.971],[135.489,43.899],[135.483,43.835],[135.26,43.685],[135.131,43.526],[134.692,43.291],[134.156,43.042],[134.01,42.947],[133.709,42.83],[133.587,42.828],[133.16,42.697],[133.059,42.723],[132.997,42.808],[132.864,42.794],[132.709,42.876],[132.576,42.872],[132.481,42.91],[132.304,42.883],[132.334,43.239],[132.31,43.314],[132.029,43.119],[131.867,43.095],[131.898,43.171],[132.013,43.28],[131.939,43.302],[131.795,43.255],[131.722,43.203],[131.516,42.996],[131.393,42.822],[131.292,42.772],[131.245,42.697],[131.158,42.626],[130.946,42.634],[130.756,42.673],[130.709,42.656],[130.834,42.523],[130.73,42.326],[130.687,42.303],[130.527,42.535],[130.584,42.567],[130.577,42.623],[130.521,42.674],[130.439,42.686],[130.425,42.727],[130.577,42.812],[130.803,42.857],[130.943,42.852],[131.069,42.902],[131.086,43.038],[131.176,43.142],[131.257,43.378],[131.245,43.467],[131.182,43.506]]]}},{"type":"Feature","properties":{"name":"Sakha (Yakutia)","admin":"Russia","iso_a2":"RU","postal":"CK"},"geometry":{"type":"MultiPolygon","coordinates":[[[[161.618,69.592],[161.609,69.501],[161.54,69.437],[161.374,69.414],[161.351,69.369],[161.394,69.106],[161.517,68.97],[161.507,68.928],[161.422,68.9],[161.461,68.996],[161.137,69.11],[161.125,69.197],[161.165,69.334],[161.083,69.406],[161.111,69.47],[161.521,69.634],[161.618,69.592]]],[[[111.4,73.828],[111.804,73.745],[112.147,73.709],[112.795,73.746],[112.94,73.836],[112.836,73.962],[113.033,73.914],[113.182,73.837],[113.416,73.648],[113.364,73.583],[113.157,73.46],[113.277,73.392],[113.491,73.346],[113.488,73.145],[113.475,73.048],[113.369,72.942],[113.128,72.831],[113.186,72.73],[113.312,72.657],[113.665,72.635],[113.712,72.654],[113.298,72.739],[113.216,72.806],[113.417,72.932],[113.543,73.054],[113.581,73.142],[113.559,73.233],[113.886,73.346],[113.539,73.434],[113.51,73.505],[113.857,73.533],[114.061,73.585],[114.816,73.607],[115.338,73.703],[116.496,73.676],[117.309,73.599],[118.45,73.59],[118.871,73.538],[118.936,73.481],[118.457,73.464],[118.377,73.367],[118.43,73.247],[118.96,73.117],[119.425,73.064],[119.75,72.979],[120.598,72.981],[120.997,72.937],[121.354,72.971],[121.748,72.97],[121.886,72.961],[122.03,72.897],[122.26,72.881],[122.538,72.878],[122.752,72.906],[122.731,72.931],[122.502,72.971],[122.527,73.017],[122.615,73.028],[123.16,72.955],[123.301,73.002],[123.462,73.144],[123.622,73.193],[123.384,73.347],[123.323,73.431],[123.305,73.533],[123.416,73.637],[123.491,73.666],[123.797,73.627],[124.019,73.712],[124.541,73.751],[125.617,73.521],[125.599,73.447],[126.254,73.548],[126.345,73.506],[126.257,73.42],[126.292,73.394],[126.553,73.335],[126.838,73.434],[126.955,73.528],[127.031,73.547],[127.74,73.482],[127.955,73.446],[128.026,73.391],[128.281,73.331],[128.258,73.267],[128.587,73.262],[128.889,73.19],[128.872,73.139],[128.913,73.111],[129.101,73.112],[129.054,73.045],[128.599,72.895],[129.017,72.872],[129.229,72.776],[129.25,72.705],[128.815,72.586],[128.418,72.535],[128.549,72.496],[129.117,72.486],[129.281,72.438],[129.412,72.315],[129.411,72.166],[129.283,72.092],[128.935,72.079],[128.475,72.246],[127.803,72.434],[127.726,72.413],[127.841,72.308],[128.027,72.25],[128.359,72.088],[128.911,71.755],[129.04,71.782],[129.117,71.825],[129.154,71.879],[129.122,71.953],[129.21,71.917],[129.461,71.739],[129.234,71.745],[128.949,71.708],[128.843,71.663],[128.923,71.602],[129.134,71.593],[129.762,71.12],[130.026,71.065],[130.281,70.947],[130.537,70.893],[130.668,70.888],[130.757,70.962],[130.832,70.936],[130.898,70.804],[131.022,70.746],[131.268,70.766],[131.562,70.901],[131.906,71.203],[132.035,71.244],[131.991,71.293],[132.004,71.35],[132.228,71.643],[132.562,71.895],[132.654,71.926],[132.804,71.768],[133.131,71.607],[133.426,71.491],[133.689,71.434],[134.103,71.379],[134.703,71.387],[134.814,71.461],[135.022,71.515],[135.359,71.544],[135.559,71.61],[136.09,71.62],[137.116,71.416],[137.315,71.359],[137.651,71.208],[137.94,71.133],[137.992,71.143],[137.844,71.227],[138.013,71.261],[138.091,71.307],[138.314,71.326],[137.918,71.384],[137.927,71.43],[137.996,71.464],[138.048,71.526],[138.234,71.596],[138.318,71.603],[138.525,71.563],[138.67,71.635],[138.78,71.629],[139.005,71.556],[139.209,71.445],[139.632,71.489],[139.984,71.492],[139.939,71.558],[139.695,71.7],[139.723,71.885],[139.359,71.951],[139.64,71.998],[139.847,72.149],[140.188,72.191],[140.134,72.21],[139.617,72.226],[139.505,72.208],[139.43,72.163],[139.176,72.163],[139.141,72.33],[139.474,72.467],[139.601,72.496],[140.451,72.493],[141.079,72.587],[140.983,72.63],[140.973,72.717],[140.652,72.843],[140.708,72.89],[141.31,72.858],[141.518,72.789],[142.061,72.721],[143.516,72.698],[145.199,72.57],[146.253,72.442],[146.235,72.35],[144.897,72.396],[144.776,72.382],[144.588,72.306],[144.169,72.259],[144.295,72.193],[144.471,72.175],[145.039,72.26],[146.832,72.295],[146.807,72.237],[146.599,72.124],[146.113,71.945],[146.006,71.945],[146.23,72.138],[146.051,72.142],[145.759,72.226],[145.71,72.206],[145.664,72.067],[145.757,72.021],[145.757,71.941],[145.407,71.89],[145.064,71.926],[145.047,71.901],[145.074,71.831],[144.99,71.753],[145.076,71.707],[145.189,71.696],[145.805,71.746],[146.073,71.808],[146.368,71.922],[146.895,72.198],[147.262,72.328],[147.434,72.341],[148.402,72.312],[148.965,72.252],[149.502,72.164],[149.766,72.091],[149.963,71.992],[150.017,71.896],[149.881,71.843],[149.28,71.826],[149.049,71.796],[148.965,71.763],[148.923,71.715],[148.968,71.69],[149.498,71.664],[149.857,71.601],[150.061,71.511],[150.6,71.52],[150.668,71.455],[150.098,71.227],[150.822,71.363],[151.145,71.374],[151.582,71.287],[151.76,71.218],[152.093,71.023],[151.762,70.982],[152.509,70.834],[153.794,70.88],[154.414,70.974],[155.029,71.034],[155.596,71.039],[155.895,71.096],[156.685,71.094],[158.037,71.039],[158.702,70.935],[159.351,70.791],[159.805,70.605],[159.912,70.506],[159.959,70.424],[160.006,70.31],[159.983,70.221],[159.89,70.159],[159.831,70.081],[159.839,69.99],[159.729,69.87],[159.833,69.785],[160.739,69.655],[160.911,69.606],[160.929,69.459],[160.982,69.334],[161.036,69.098],[161.31,68.982],[161.341,68.905],[161.129,68.654],[160.856,68.538],[161.104,68.563],[161.23,68.654],[161.365,68.823],[161.495,68.85],[161.566,68.905],[161.566,69.064],[161.48,69.202],[161.48,69.3],[161.537,69.38],[161.945,69.545],[162.376,69.649],[162.408,69.651],[162.315,69.547],[162.521,69.325],[162.774,69.203],[162.524,69.118],[162.554,68.991],[162.847,68.869],[162.755,68.802],[162.594,68.796],[162.606,68.714],[162.723,68.605],[162.581,68.501],[162.535,68.363],[162.418,68.309],[162.178,68.355],[161.711,68.373],[161.406,68.412],[161.226,68.384],[160.997,68.301],[159.85,68.277],[159.693,68.239],[159.111,68.191],[158.934,68.144],[158.633,68.142],[158.277,68.076],[158.093,67.84],[158.27,67.823],[158.329,67.754],[157.806,67.705],[157.692,67.545],[157.876,67.413],[157.793,67.358],[157.958,67.258],[158.299,67.148],[158.703,67.055],[158.905,66.803],[158.716,66.731],[158.637,66.619],[158.47,66.488],[158.368,66.459],[158.529,66.359],[158.393,66.255],[158.485,66.118],[158.124,66.156],[157.718,66.112],[157.382,66.0],[157.373,65.926],[157.124,65.915],[156.927,65.965],[156.973,66.033],[156.762,66.105],[156.659,66.193],[156.488,66.146],[156.36,66.067],[155.958,66.096],[155.752,66.177],[155.32,66.142],[155.17,66.209],[154.885,66.134],[154.802,66.185],[154.548,66.238],[154.395,66.205],[154.22,66.069],[154.359,66.033],[154.374,65.921],[154.25,65.83],[154.041,65.869],[153.698,65.886],[153.505,65.842],[153.454,65.788],[153.531,65.706],[153.401,65.504],[153.521,65.408],[153.032,65.275],[152.688,65.233],[152.62,65.169],[152.645,65.022],[152.502,64.945],[152.748,64.686],[152.331,64.51],[152.414,64.407],[152.169,64.355],[152.136,64.44],[152.016,64.504],[151.48,64.436],[151.301,64.361],[151.123,64.371],[150.966,64.332],[150.631,64.331],[150.633,64.171],[150.224,64.213],[150.024,64.37],[150.068,64.502],[149.816,64.567],[149.59,64.525],[149.402,64.437],[148.631,64.419],[148.436,64.524],[148.291,64.549],[148.161,64.458],[148.023,64.431],[148.001,64.363],[148.254,64.255],[148.115,64.051],[147.955,63.944],[147.603,64.047],[147.61,64.17],[147.307,64.132],[147.23,64.056],[146.996,64.147],[146.499,64.209],[146.377,64.197],[146.291,64.061],[146.109,63.942],[145.572,63.836],[145.633,63.66],[145.445,63.515],[145.364,63.331],[145.252,63.18],[145.366,62.91],[145.326,62.754],[145.48,62.548],[145.124,62.49],[145.175,62.428],[145.177,62.286],[144.993,62.244],[144.903,62.16],[144.719,62.082],[144.745,62.047],[144.586,61.978],[144.54,61.856],[144.245,61.76],[144.002,61.727],[143.927,61.766],[143.954,61.957],[143.571,61.948],[143.62,62.016],[143.362,62.024],[143.126,62.101],[143.085,62.018],[142.928,61.901],[142.826,61.949],[142.653,61.962],[142.438,61.87],[142.29,61.963],[142.187,62.081],[142.008,62.027],[141.838,62.041],[141.545,62.179],[141.302,62.431],[141.067,62.417],[141.055,62.482],[140.881,62.499],[140.705,62.573],[140.635,62.425],[140.404,62.422],[140.294,62.274],[140.3,62.119],[140.256,62.038],[140.114,61.971],[139.988,61.972],[139.919,61.802],[139.667,61.641],[139.548,61.482],[139.435,61.491],[139.247,61.433],[139.12,61.449],[138.941,61.321],[138.719,61.337],[138.651,61.282],[138.703,61.193],[138.383,61.1],[138.346,61.0],[138.205,60.952],[138.186,60.895],[138.284,60.782],[138.429,60.702],[138.404,60.611],[138.243,60.493],[138.327,60.406],[138.315,60.318],[138.2,60.231],[138.263,59.938],[138.174,59.837],[138.253,59.713],[138.174,59.68],[138.044,59.741],[137.833,59.761],[137.616,59.74],[137.458,59.647],[137.456,59.551],[137.349,59.549],[137.182,59.446],[136.836,59.398],[136.759,59.355],[136.053,59.438],[135.791,59.534],[135.619,59.495],[135.422,59.387],[135.26,59.22],[135.209,59.122],[134.752,59.153],[134.725,59.211],[134.555,59.181],[134.219,59.209],[134.047,59.256],[133.767,59.223],[133.625,59.232],[133.543,59.294],[133.384,59.24],[133.126,59.204],[132.862,59.064],[132.871,58.987],[132.808,58.88],[132.599,58.891],[132.564,58.64],[132.372,58.524],[132.129,58.489],[132.207,58.35],[132.196,58.248],[132.017,58.19],[132.039,58.02],[131.705,58.174],[131.477,58.168],[131.61,57.995],[131.806,57.906],[131.757,57.853],[131.888,57.809],[132.035,57.691],[131.975,57.586],[131.693,57.561],[131.729,57.5],[131.617,57.453],[131.565,57.365],[131.599,57.296],[131.509,57.251],[131.183,57.235],[131.179,57.137],[131.474,57.079],[131.445,57.036],[131.751,56.843],[131.797,56.717],[131.676,56.648],[131.67,56.55],[131.502,56.55],[131.394,56.479],[131.184,56.468],[131.088,56.345],[131.093,56.206],[130.964,56.129],[130.924,55.942],[130.862,55.889],[130.932,55.749],[130.923,55.679],[130.742,55.719],[129.995,55.693],[129.892,55.734],[129.653,55.745],[129.047,55.654],[129.089,55.533],[128.975,55.466],[128.772,55.469],[128.663,55.521],[128.502,55.516],[128.29,55.648],[127.794,55.629],[127.675,55.683],[127.573,55.58],[127.487,55.555],[127.33,55.656],[127.188,55.691],[126.954,55.687],[126.843,55.606],[126.551,55.633],[126.434,55.555],[126.234,55.591],[126.047,55.589],[126.039,55.728],[125.758,55.796],[125.546,55.736],[125.437,55.837],[125.248,55.88],[124.958,55.826],[124.635,55.902],[124.448,55.905],[124.36,56.057],[124.243,56.081],[124.206,56.165],[124.06,56.231],[123.915,56.377],[123.453,56.406],[123.132,56.457],[122.919,56.551],[122.781,56.498],[122.589,56.49],[122.467,56.602],[122.283,56.651],[122.16,56.738],[121.608,56.741],[121.602,56.813],[121.511,56.922],[121.407,56.976],[121.053,56.99],[121.019,57.031],[120.656,57.032],[120.303,57.004],[120.031,56.899],[119.898,56.889],[119.772,56.983],[119.645,57.002],[119.622,57.101],[119.683,57.157],[119.546,57.34],[119.442,57.371],[119.41,57.497],[119.487,57.591],[119.41,57.615],[119.141,57.539],[119.165,57.669],[119.047,57.728],[119.135,58.007],[119.154,58.146],[119.07,58.341],[119.132,58.472],[118.98,58.543],[118.821,58.574],[118.893,58.816],[118.795,58.935],[118.84,59.016],[118.707,59.064],[118.689,59.191],[118.84,59.3],[118.734,59.42],[118.407,59.512],[118.336,59.596],[118.058,59.583],[117.906,59.444],[117.779,59.528],[117.598,59.472],[117.352,59.497],[117.089,59.588],[117.19,59.646],[117.228,59.798],[117.065,59.908],[117.296,60.019],[117.077,60.029],[116.954,60.169],[116.722,60.266],[116.582,60.36],[116.075,60.407],[115.999,60.457],[115.842,60.468],[115.686,60.526],[115.395,60.487],[115.112,60.395],[115.007,60.269],[114.836,60.19],[114.697,60.219],[114.54,60.102],[114.545,59.985],[114.309,59.879],[114.161,59.748],[114.03,59.681],[113.849,59.682],[113.779,59.609],[113.592,59.565],[113.605,59.499],[113.435,59.402],[113.465,59.266],[113.264,59.157],[113.152,59.164],[112.554,59.033],[112.612,58.954],[112.451,58.924],[112.465,59.168],[112.631,59.31],[112.435,59.326],[112.218,59.5],[111.933,59.272],[111.776,59.276],[111.625,59.207],[111.47,59.267],[111.316,59.257],[111.164,59.189],[110.713,59.259],[110.58,59.191],[110.589,59.131],[110.471,59.034],[110.287,58.985],[110.119,58.98],[109.636,59.066],[109.499,59.294],[109.268,59.316],[109.269,59.449],[109.517,59.63],[109.504,59.764],[109.65,59.871],[109.764,60.027],[109.694,60.129],[109.741,60.233],[109.917,60.451],[110.116,60.587],[110.057,60.674],[110.268,60.702],[110.24,60.831],[110.458,60.988],[110.517,61.091],[110.481,61.159],[110.169,61.164],[110.094,61.263],[109.792,61.325],[109.846,61.424],[109.851,61.557],[109.62,61.718],[109.598,61.87],[109.819,62.008],[110.0,62.164],[109.996,62.278],[109.918,62.406],[109.557,62.431],[109.306,62.484],[109.512,62.777],[109.614,62.874],[109.465,62.95],[109.453,63.149],[109.215,63.442],[109.053,63.549],[108.857,63.537],[108.547,63.599],[108.16,63.563],[108.112,63.617],[108.265,63.673],[108.279,63.796],[108.687,63.795],[108.766,63.86],[108.735,63.977],[108.495,64.116],[108.533,64.228],[108.468,64.282],[107.856,64.182],[107.57,64.299],[107.368,64.251],[106.877,64.414],[106.395,64.443],[106.204,64.403],[106.132,64.481],[105.803,64.53],[105.708,64.653],[105.873,64.68],[105.832,64.76],[105.946,64.884],[106.123,64.905],[105.973,65.012],[106.282,65.137],[106.454,65.233],[106.451,65.313],[106.635,65.393],[106.836,65.378],[106.94,65.511],[106.713,65.549],[106.631,65.635],[106.44,65.662],[106.478,65.845],[106.471,66.007],[106.33,66.154],[106.171,66.159],[106.103,66.378],[106.322,66.479],[106.249,66.581],[106.247,66.702],[106.047,66.789],[106.044,66.901],[105.687,66.939],[105.54,67.023],[105.894,67.044],[106.055,67.167],[106.317,67.209],[106.492,67.284],[106.685,67.254],[106.802,67.348],[106.896,68.143],[106.885,68.865],[106.153,69.391],[106.427,69.564],[106.604,69.517],[106.839,69.518],[107.124,69.588],[108.007,69.705],[108.149,69.825],[108.291,69.857],[108.871,69.84],[108.941,69.789],[109.237,69.776],[109.36,69.838],[109.509,70.033],[109.358,70.069],[109.277,70.207],[109.535,70.264],[109.602,70.378],[109.995,70.417],[110.117,70.478],[110.103,70.632],[110.489,70.726],[110.539,70.801],[110.903,70.808],[111.335,70.855],[111.522,70.939],[111.953,70.982],[112.027,71.042],[112.277,71.013],[112.579,71.114],[112.513,71.268],[111.997,71.414],[111.996,72.133],[111.817,72.132],[111.643,72.274],[111.085,72.37],[111.281,72.478],[111.21,72.545],[110.881,72.58],[110.702,72.65],[110.611,72.781],[110.627,72.895],[110.837,72.945],[110.881,73.023],[110.755,73.175],[110.571,73.253],[110.523,73.404],[110.818,73.559],[111.073,73.583],[111.111,73.641],[110.827,73.713],[110.868,73.731],[110.799,73.76],[111.303,73.883],[111.4,73.828]]],[[[137.817,71.588],[137.934,71.543],[137.96,71.508],[137.712,71.423],[137.458,71.483],[137.266,71.456],[137.079,71.502],[137.064,71.53],[137.282,71.58],[137.817,71.588]]],[[[160.645,70.884],[160.719,70.823],[160.651,70.806],[160.505,70.82],[160.437,70.851],[160.449,70.934],[160.566,70.924],[160.645,70.884]]],[[[149.268,76.747],[149.205,76.677],[149.15,76.66],[148.399,76.648],[148.72,76.747],[149.406,76.782],[149.268,76.747]]],[[[136.259,73.985],[136.197,73.914],[136.122,73.885],[135.715,74.06],[135.633,74.121],[135.402,74.202],[135.387,74.253],[135.628,74.22],[136.037,74.09],[136.259,73.985]]],[[[124.548,73.934],[124.653,73.888],[124.482,73.848],[124.366,73.875],[124.336,73.91],[124.337,73.928],[124.548,73.934]]],[[[135.983,75.522],[135.965,75.486],[136.021,75.438],[135.949,75.41],[135.746,75.382],[135.452,75.39],[135.473,75.463],[135.593,75.576],[135.561,75.636],[135.578,75.71],[135.699,75.845],[135.788,75.798],[135.905,75.694],[136.169,75.606],[135.983,75.522]]],[[[120.261,73.09],[120.008,73.045],[119.792,73.045],[119.64,73.124],[119.762,73.155],[120.079,73.157],[120.261,73.09]]],[[[152.864,76.163],[152.886,76.122],[152.786,76.086],[152.559,76.144],[152.799,76.195],[152.864,76.163]]],[[[150.822,75.157],[150.646,74.945],[150.58,74.919],[149.838,74.795],[149.597,74.773],[149.05,74.772],[148.092,74.826],[147.627,74.959],[147.144,74.998],[146.703,75.114],[146.149,75.198],[146.186,75.296],[146.343,75.481],[146.438,75.558],[146.538,75.582],[146.751,75.51],[146.748,75.429],[146.795,75.371],[147.06,75.364],[147.497,75.441],[148.432,75.414],[148.509,75.387],[148.519,75.336],[148.475,75.272],[148.59,75.236],[148.892,75.228],[149.083,75.262],[150.104,75.219],[150.531,75.1],[150.69,75.155],[150.822,75.157]]],[[[145.255,75.586],[145.36,75.53],[145.023,75.49],[144.803,75.416],[144.727,75.366],[144.883,75.269],[144.408,75.102],[144.02,75.045],[143.17,75.117],[142.82,75.268],[142.729,75.338],[142.7,75.449],[142.734,75.545],[142.868,75.572],[142.986,75.633],[143.002,75.66],[142.942,75.713],[142.552,75.721],[142.308,75.692],[142.086,75.661],[142.151,75.458],[142.199,75.393],[142.617,75.133],[142.93,75.062],[143.128,74.97],[142.778,74.868],[142.473,74.82],[142.287,74.85],[141.987,74.991],[140.268,74.847],[139.681,74.964],[139.548,74.904],[139.43,74.749],[139.326,74.687],[139.099,74.657],[138.092,74.797],[137.915,74.871],[137.683,75.009],[137.218,75.124],[137.006,75.235],[136.962,75.27],[136.948,75.326],[136.982,75.365],[137.29,75.349],[137.215,75.554],[137.269,75.749],[137.358,75.782],[137.707,75.76],[137.594,75.823],[137.501,75.91],[137.625,75.988],[137.977,76.028],[138.208,76.115],[138.431,76.13],[138.814,76.2],[138.92,76.197],[139.109,76.108],[139.743,75.953],[140.049,75.829],[140.152,75.81],[140.274,75.822],[140.389,75.796],[140.496,75.69],[140.657,75.634],[140.816,75.631],[140.889,75.652],[140.944,75.7],[140.926,75.867],[140.985,75.965],[141.485,76.137],[141.742,76.108],[142.46,75.904],[142.927,75.827],[143.185,75.814],[143.686,75.864],[145.255,75.586]]],[[[143.464,73.459],[143.491,73.246],[143.193,73.221],[142.342,73.253],[141.597,73.311],[141.183,73.389],[140.663,73.452],[140.392,73.435],[139.925,73.355],[139.786,73.355],[139.686,73.426],[140.381,73.483],[140.594,73.565],[140.884,73.778],[141.085,73.866],[141.932,73.915],[142.185,73.896],[142.639,73.803],[143.344,73.569],[143.464,73.459]]],[[[112.952,74.48],[113.286,74.441],[113.387,74.4],[113.259,74.273],[112.978,74.197],[112.782,74.095],[112.105,74.163],[111.643,74.273],[111.503,74.353],[111.638,74.374],[111.88,74.364],[111.949,74.389],[112.008,74.527],[112.084,74.549],[112.952,74.48]]],[[[141.097,74.168],[141.01,73.999],[140.507,73.919],[140.409,73.922],[140.183,74.005],[140.102,74.184],[140.194,74.237],[140.407,74.266],[140.849,74.274],[141.039,74.243],[141.097,74.168]]]]}},{"type":"Feature","properties":{"name":"Yevrey","admin":"Russia","iso_a2":"RU","postal":"YV"},"geometry":{"type":"Polygon","coordinates":[[[133.842,48.274],[133.468,48.097],[133.144,48.106],[133.02,48.064],[132.877,47.979],[132.773,47.94],[132.707,47.947],[132.637,47.89],[132.562,47.769],[132.476,47.715],[132.38,47.729],[131.557,47.682],[131.464,47.723],[131.319,47.728],[131.003,47.691],[130.962,47.709],[130.915,47.843],[130.849,47.929],[130.733,48.019],[130.712,48.128],[130.787,48.255],[130.804,48.341],[130.747,48.43],[130.659,48.483],[130.552,48.603],[130.566,48.68],[130.617,48.773],[130.553,48.861],[130.829,48.983],[130.983,48.972],[131.007,49.051],[131.182,49.25],[131.396,49.244],[131.463,49.206],[131.612,49.288],[131.966,49.305],[132.068,49.466],[132.12,49.486],[132.398,49.393],[132.382,49.295],[132.639,49.29],[132.732,49.315],[132.815,49.235],[133.033,49.219],[133.201,49.141],[133.309,48.826],[133.77,48.759],[133.824,48.683],[133.935,48.64],[134.105,48.633],[134.269,48.716],[134.392,48.743],[134.482,48.659],[134.746,48.569],[134.862,48.625],[134.987,48.595],[134.977,48.507],[134.884,48.424],[134.769,48.374],[134.598,48.416],[133.842,48.274]]]}},{"type":"Feature","properties":{"name":"Khabarovsk","admin":"Russia","iso_a2":"RU","postal":"KH"},"geometry":{"type":"MultiPolygon","coordinates":[[[[138.031,55.053],[138.172,55.06],[138.206,55.034],[138.096,54.991],[138.017,54.901],[137.959,54.789],[137.721,54.663],[137.661,54.653],[137.463,54.873],[137.233,54.791],[137.275,54.891],[137.384,55.001],[137.436,55.016],[137.577,55.197],[138.031,55.053]]],[[[134.023,46.713],[134.071,46.951],[134.137,47.069],[134.202,47.128],[134.168,47.302],[134.291,47.414],[134.484,47.447],[134.542,47.485],[134.696,47.625],[134.752,47.715],[134.566,48.022],[134.669,48.153],[134.665,48.254],[134.564,48.322],[134.323,48.37],[134.598,48.416],[134.769,48.374],[134.884,48.424],[134.977,48.507],[134.987,48.595],[134.862,48.625],[134.746,48.569],[134.482,48.659],[134.392,48.743],[134.269,48.716],[134.105,48.633],[133.935,48.64],[133.824,48.683],[133.77,48.759],[133.309,48.826],[133.201,49.141],[133.033,49.219],[132.815,49.235],[132.732,49.315],[132.639,49.29],[132.382,49.295],[132.398,49.393],[132.12,49.486],[132.068,49.466],[131.966,49.305],[131.612,49.288],[131.463,49.206],[131.396,49.244],[131.494,49.411],[131.5,49.611],[131.384,49.659],[131.469,49.73],[131.499,49.901],[131.445,49.964],[131.295,49.99],[131.442,50.186],[131.325,50.269],[131.29,50.366],[131.158,50.345],[131.134,50.419],[130.989,50.382],[130.866,50.457],[131.011,50.568],[130.954,50.65],[130.645,50.657],[130.688,50.746],[130.841,50.881],[130.772,50.942],[130.816,51.02],[130.919,51.024],[131.065,51.246],[131.169,51.249],[131.29,51.364],[131.488,51.345],[131.484,51.476],[131.395,51.607],[131.431,51.688],[131.728,51.681],[131.864,51.755],[131.959,51.737],[132.216,51.817],[132.279,51.793],[132.423,51.86],[132.404,51.963],[132.525,51.963],[132.59,52.082],[132.907,52.159],[133.322,52.198],[133.42,52.251],[133.246,52.456],[133.238,52.567],[133.28,52.664],[133.369,52.683],[133.659,52.572],[134.003,52.539],[134.056,52.5],[134.606,52.418],[134.663,52.471],[134.659,52.575],[134.782,52.647],[134.706,52.766],[134.631,52.801],[134.659,52.939],[134.812,53.066],[134.859,53.184],[134.956,53.254],[134.897,53.315],[134.924,53.417],[134.761,53.475],[134.748,53.539],[134.555,53.621],[134.451,53.538],[134.223,53.515],[134.215,53.472],[134.011,53.433],[133.709,53.477],[133.573,53.546],[133.21,53.421],[133.153,53.291],[132.951,53.289],[132.893,53.235],[132.398,53.244],[132.112,53.223],[131.991,53.134],[131.894,53.128],[131.8,53.241],[131.465,53.213],[131.532,53.319],[131.483,53.476],[131.498,53.555],[131.444,53.627],[131.421,53.751],[131.097,53.813],[130.921,53.768],[130.84,53.828],[130.635,53.887],[130.447,53.882],[130.41,53.948],[130.484,53.993],[130.507,54.12],[130.774,54.288],[130.944,54.323],[131.114,54.323],[131.22,54.527],[131.199,54.613],[131.399,54.719],[131.532,54.722],[131.612,54.781],[131.994,54.909],[131.971,54.998],[132.087,55.05],[132.367,55.056],[132.355,55.191],[132.581,55.196],[132.733,55.349],[132.908,55.359],[132.644,55.491],[132.663,55.561],[132.538,55.676],[132.24,55.704],[132.126,55.645],[131.962,55.658],[131.804,55.614],[131.599,55.652],[131.087,55.618],[130.923,55.679],[130.932,55.749],[130.862,55.889],[130.924,55.942],[130.964,56.129],[131.093,56.206],[131.088,56.345],[131.184,56.468],[131.394,56.479],[131.502,56.55],[131.67,56.55],[131.676,56.648],[131.797,56.717],[131.751,56.843],[131.445,57.036],[131.474,57.079],[131.179,57.137],[131.183,57.235],[131.509,57.251],[131.599,57.296],[131.565,57.365],[131.617,57.453],[131.729,57.5],[131.693,57.561],[131.975,57.586],[132.035,57.691],[131.888,57.809],[131.757,57.853],[131.806,57.906],[131.61,57.995],[131.477,58.168],[131.705,58.174],[132.039,58.02],[132.017,58.19],[132.196,58.248],[132.207,58.35],[132.129,58.489],[132.372,58.524],[132.564,58.64],[132.599,58.891],[132.808,58.88],[132.871,58.987],[132.862,59.064],[133.126,59.204],[133.384,59.24],[133.543,59.294],[133.625,59.232],[133.767,59.223],[134.047,59.256],[134.219,59.209],[134.555,59.181],[134.725,59.211],[134.752,59.153],[135.209,59.122],[135.26,59.22],[135.422,59.387],[135.619,59.495],[135.791,59.534],[136.053,59.438],[136.759,59.355],[136.836,59.398],[137.182,59.446],[137.349,59.549],[137.456,59.551],[137.458,59.647],[137.616,59.74],[137.833,59.761],[138.044,59.741],[138.174,59.68],[138.253,59.713],[138.174,59.837],[138.263,59.938],[138.2,60.231],[138.315,60.318],[138.327,60.406],[138.243,60.493],[138.404,60.611],[138.429,60.702],[138.284,60.782],[138.186,60.895],[138.205,60.952],[138.346,61.0],[138.383,61.1],[138.703,61.193],[138.651,61.282],[138.719,61.337],[138.941,61.321],[139.12,61.449],[139.247,61.433],[139.435,61.491],[139.548,61.482],[139.667,61.641],[139.919,61.802],[139.988,61.972],[140.114,61.971],[140.256,62.038],[140.3,62.119],[140.294,62.274],[140.404,62.422],[140.635,62.425],[140.705,62.573],[140.881,62.499],[141.055,62.482],[141.067,62.417],[141.302,62.431],[141.545,62.179],[141.838,62.041],[142.008,62.027],[142.187,62.081],[142.29,61.963],[142.438,61.87],[142.653,61.962],[142.826,61.949],[142.928,61.901],[143.085,62.018],[143.126,62.101],[143.362,62.024],[143.62,62.016],[143.571,61.948],[143.954,61.957],[143.927,61.766],[144.002,61.727],[144.245,61.76],[144.54,61.856],[144.586,61.978],[144.745,62.047],[144.968,62.057],[145.156,61.968],[145.272,61.992],[145.514,61.964],[145.743,62.058],[146.219,61.903],[146.361,61.82],[146.505,61.662],[146.583,61.636],[146.613,61.443],[146.768,61.403],[146.683,61.313],[146.747,61.223],[146.747,61.115],[146.678,61.081],[146.701,60.959],[146.546,60.958],[146.464,60.709],[146.32,60.659],[146.069,60.739],[145.62,60.557],[145.51,60.464],[145.63,60.392],[145.571,60.335],[145.793,60.198],[146.374,60.271],[146.452,60.142],[146.68,60.095],[146.657,59.982],[146.787,59.901],[146.989,59.948],[147.141,59.849],[147.159,59.647],[147.075,59.411],[146.907,59.37],[146.804,59.373],[146.537,59.457],[146.444,59.43],[146.273,59.221],[146.05,59.171],[145.932,59.198],[145.829,59.33],[145.756,59.374],[145.555,59.414],[144.483,59.376],[143.869,59.411],[143.524,59.344],[143.192,59.37],[142.58,59.24],[142.33,59.153],[142.025,59.0],[141.755,58.745],[141.603,58.649],[141.347,58.528],[140.988,58.417],[140.79,58.303],[140.685,58.212],[140.447,57.814],[140.002,57.688],[139.803,57.514],[139.619,57.456],[139.444,57.33],[139.182,57.262],[138.966,57.088],[138.662,56.966],[138.218,56.629],[138.074,56.433],[137.692,56.139],[137.573,56.112],[137.384,55.975],[136.794,55.694],[136.46,55.577],[136.351,55.51],[136.175,55.352],[135.751,55.161],[135.541,55.114],[135.263,54.943],[135.212,54.841],[135.258,54.731],[135.852,54.584],[136.797,54.621],[136.824,54.561],[136.82,54.452],[136.77,54.353],[136.729,54.061],[136.683,53.931],[136.719,53.804],[136.803,53.782],[136.886,53.839],[137.019,53.848],[137.155,53.822],[137.258,54.025],[137.172,54.057],[137.096,54.129],[137.142,54.182],[137.378,54.282],[137.666,54.283],[137.513,54.156],[137.339,54.101],[137.623,53.97],[137.835,53.947],[137.786,53.903],[137.645,53.866],[137.517,53.707],[137.221,53.579],[137.254,53.546],[137.738,53.56],[137.95,53.604],[138.253,53.726],[138.379,53.909],[138.528,53.96],[138.568,53.947],[138.569,53.819],[138.292,53.592],[138.25,53.524],[138.451,53.537],[138.511,53.57],[138.661,53.745],[138.722,54.044],[138.716,54.223],[138.657,54.298],[138.696,54.32],[139.105,54.218],[139.32,54.193],[139.707,54.277],[139.796,54.256],[139.858,54.205],[140.179,54.052],[140.242,54.001],[140.347,53.813],[140.688,53.596],[141.006,53.495],[141.015,53.454],[141.218,53.334],[141.374,53.293],[141.402,53.184],[141.328,53.097],[141.181,53.015],[140.84,53.088],[140.875,53.04],[141.087,52.898],[141.256,52.84],[141.266,52.653],[141.245,52.55],[141.132,52.436],[141.17,52.368],[141.485,52.179],[141.386,52.057],[141.367,51.921],[141.258,51.861],[141.129,51.728],[140.933,51.62],[140.839,51.414],[140.688,51.232],[140.671,51.051],[140.521,50.8],[140.476,50.546],[140.535,50.131],[140.625,50.082],[140.463,49.911],[140.465,49.826],[140.511,49.762],[140.517,49.596],[140.309,49.054],[140.334,48.995],[140.378,48.964],[140.224,48.773],[140.171,48.524],[140.113,48.423],[139.998,48.324],[139.761,48.181],[139.676,48.09],[139.373,47.887],[139.167,47.635],[139.01,47.397],[138.856,47.466],[138.755,47.438],[138.629,47.451],[138.595,47.548],[138.618,47.629],[138.517,47.669],[138.61,47.726],[138.707,47.735],[138.826,47.861],[138.581,48.031],[138.722,48.136],[138.71,48.183],[138.558,48.181],[138.48,48.303],[138.489,48.402],[138.306,48.445],[138.179,48.379],[138.145,48.316],[137.995,48.297],[137.843,48.209],[137.579,48.228],[137.449,48.202],[137.315,48.084],[137.417,47.978],[137.597,47.91],[137.601,47.784],[137.787,47.697],[137.896,47.724],[138.048,47.668],[138.087,47.517],[137.755,47.329],[137.598,47.3],[137.452,47.198],[137.328,47.214],[137.094,47.297],[137.013,47.236],[136.934,47.057],[136.974,47.012],[136.835,46.944],[136.728,46.841],[136.577,46.777],[136.451,46.81],[136.384,46.769],[136.264,46.765],[136.062,46.85],[135.942,46.79],[135.85,46.811],[135.746,46.949],[135.526,46.953],[135.42,46.911],[135.363,46.95],[135.433,47.019],[135.205,47.153],[135.078,47.193],[135.015,47.128],[134.851,47.154],[134.653,47.092],[134.549,46.967],[134.443,46.942],[134.412,46.866],[134.465,46.786],[134.412,46.678],[133.972,46.637],[134.023,46.713]]]]}},{"type":"Feature","properties":{"name":"Maga Buryatdan","admin":"Russia","iso_a2":"RU","postal":"MG"},"geometry":{"type":"MultiPolygon","coordinates":[[[[162.393,61.662],[161.037,60.963],[160.915,60.893],[160.767,60.753],[160.482,60.74],[160.174,60.638],[160.226,60.832],[160.379,61.025],[160.184,61.048],[160.004,61.007],[159.883,60.943],[159.79,60.957],[159.949,61.129],[159.883,61.292],[160.163,61.538],[160.247,61.648],[160.317,61.793],[160.309,61.894],[160.183,61.903],[159.552,61.719],[159.496,61.781],[159.423,61.808],[159.295,61.914],[159.189,61.929],[158.547,61.811],[158.334,61.826],[158.07,61.754],[157.799,61.795],[157.469,61.799],[157.371,61.747],[157.084,61.676],[156.892,61.565],[156.68,61.481],[156.63,61.272],[156.344,61.155],[156.056,60.996],[155.853,60.777],[155.716,60.682],[154.971,60.377],[154.578,60.095],[154.441,59.884],[154.293,59.833],[154.269,59.658],[154.15,59.529],[154.213,59.483],[154.272,59.475],[154.583,59.54],[154.971,59.45],[155.167,59.36],[155.16,59.19],[154.824,59.188],[154.704,59.141],[154.458,59.217],[154.247,59.109],[154.011,59.076],[153.892,59.114],[153.695,59.225],[153.361,59.215],[153.273,59.091],[153.078,59.082],[152.882,58.939],[152.818,58.926],[152.576,58.954],[152.401,59.026],[152.32,59.031],[152.165,58.997],[152.088,58.91],[151.705,58.867],[151.327,58.875],[151.121,59.083],[151.505,59.164],[151.733,59.147],[151.99,59.16],[152.261,59.224],[152.17,59.278],[151.942,59.284],[151.798,59.323],[151.486,59.524],[151.348,59.561],[151.034,59.586],[150.823,59.461],[150.615,59.507],[150.484,59.494],[150.667,59.556],[149.643,59.77],[149.425,59.761],[149.29,59.728],[149.065,59.631],[149.205,59.488],[148.925,59.475],[148.797,59.532],[148.709,59.449],[148.744,59.374],[148.89,59.4],[148.965,59.369],[148.914,59.283],[148.727,59.258],[148.491,59.262],[148.257,59.414],[147.875,59.388],[147.688,59.291],[147.514,59.269],[147.04,59.366],[146.907,59.37],[147.075,59.411],[147.159,59.647],[147.141,59.849],[146.989,59.948],[146.787,59.901],[146.657,59.982],[146.68,60.095],[146.452,60.142],[146.374,60.271],[145.793,60.198],[145.571,60.335],[145.63,60.392],[145.51,60.464],[145.62,60.557],[146.069,60.739],[146.32,60.659],[146.464,60.709],[146.546,60.958],[146.701,60.959],[146.678,61.081],[146.747,61.115],[146.747,61.223],[146.683,61.313],[146.768,61.403],[146.613,61.443],[146.583,61.636],[146.505,61.662],[146.361,61.82],[146.219,61.903],[145.891,62.025],[145.743,62.058],[145.514,61.964],[145.272,61.992],[145.156,61.968],[144.968,62.057],[144.745,62.047],[144.719,62.082],[144.903,62.16],[144.993,62.244],[145.177,62.286],[145.175,62.428],[145.124,62.49],[145.48,62.548],[145.326,62.754],[145.366,62.91],[145.252,63.18],[145.364,63.331],[145.445,63.515],[145.633,63.66],[145.572,63.836],[146.109,63.942],[146.291,64.061],[146.377,64.197],[146.499,64.209],[146.996,64.147],[147.23,64.056],[147.307,64.132],[147.61,64.17],[147.603,64.047],[147.955,63.944],[148.115,64.051],[148.254,64.255],[148.001,64.363],[148.023,64.431],[148.161,64.458],[148.291,64.549],[148.436,64.524],[148.631,64.419],[149.402,64.437],[149.59,64.525],[149.816,64.567],[150.068,64.502],[150.024,64.37],[150.224,64.213],[150.633,64.171],[150.631,64.331],[150.966,64.332],[151.123,64.371],[151.301,64.361],[151.48,64.436],[152.016,64.504],[152.136,64.44],[152.169,64.355],[152.414,64.407],[152.331,64.51],[152.748,64.686],[152.502,64.945],[152.645,65.022],[152.62,65.169],[152.688,65.233],[153.032,65.275],[153.521,65.408],[153.401,65.504],[153.531,65.706],[153.454,65.788],[153.505,65.842],[153.698,65.886],[154.041,65.869],[154.25,65.83],[154.374,65.921],[154.359,66.033],[154.22,66.069],[154.395,66.205],[154.548,66.238],[154.802,66.185],[154.885,66.134],[155.17,66.209],[155.32,66.142],[155.752,66.177],[155.958,66.096],[156.36,66.067],[156.488,66.146],[156.659,66.193],[156.762,66.105],[156.973,66.033],[156.927,65.965],[157.124,65.915],[157.373,65.926],[157.382,66.0],[157.718,66.112],[158.124,66.156],[158.485,66.118],[158.393,66.255],[158.529,66.359],[158.776,66.284],[159.166,66.234],[159.203,66.164],[159.052,66.048],[158.934,65.903],[158.922,65.743],[159.377,65.658],[159.834,65.529],[159.997,65.523],[160.17,65.451],[160.174,65.376],[160.418,65.251],[160.537,65.162],[160.688,65.149],[161.01,65.17],[161.281,65.141],[161.417,65.069],[161.645,65.013],[161.784,64.838],[162.293,64.742],[162.608,64.734],[162.736,64.661],[162.997,64.649],[163.117,64.693],[163.137,64.77],[163.246,64.727],[163.167,64.559],[163.345,64.487],[163.434,64.373],[163.256,64.321],[163.167,64.19],[162.942,64.2],[162.794,64.148],[162.841,64.017],[162.929,63.95],[162.888,63.877],[162.726,63.837],[162.755,63.738],[162.979,63.621],[162.957,63.491],[162.884,63.436],[162.695,63.393],[162.744,63.182],[162.38,63.119],[162.269,62.935],[162.548,62.845],[162.673,62.71],[162.819,62.697],[162.709,62.601],[162.768,62.503],[162.736,62.297],[162.664,62.262],[162.404,62.253],[162.265,62.129],[162.512,62.103],[162.48,61.963],[162.311,61.934],[162.468,61.82],[162.431,61.764],[162.502,61.67],[162.393,61.662]]],[[[150.728,59.095],[150.59,59.019],[150.511,59.007],[150.472,59.035],[150.47,59.054],[150.592,59.097],[150.666,59.16],[150.728,59.095]]]]}},{"type":"Feature","properties":{"name":"Sakhalin","admin":"Russia","iso_a2":"RU","postal":"SL"},"geometry":{"type":"MultiPolygon","coordinates":[[[[145.894,43.42],[145.869,43.458],[145.931,43.457],[145.944,43.426],[145.894,43.42]]],[[[146.359,43.625],[146.274,43.63],[146.31,43.652],[146.359,43.625]]],[[[146.101,43.44],[146.032,43.407],[146.028,43.42],[146.101,43.44]]],[[[146.825,43.86],[146.899,43.804],[146.683,43.716],[146.609,43.74],[146.622,43.813],[146.825,43.86]]],[[[146.568,44.44],[146.516,44.375],[146.437,44.376],[146.296,44.281],[146.112,44.246],[145.914,44.104],[145.887,44.048],[145.767,43.941],[145.587,43.845],[145.556,43.665],[145.439,43.737],[145.426,43.81],[145.462,43.871],[145.748,44.072],[145.773,44.129],[145.94,44.273],[146.112,44.5],[146.208,44.498],[146.356,44.425],[146.568,44.44]]],[[[150.349,46.213],[150.553,46.209],[150.235,46.012],[150.195,45.933],[150.057,45.849],[149.883,45.783],[149.688,45.642],[149.539,45.591],[149.447,45.593],[149.666,45.84],[149.796,45.876],[149.962,46.022],[150.349,46.213]]],[[[148.825,45.456],[148.803,45.414],[148.837,45.363],[148.791,45.324],[148.6,45.318],[148.262,45.217],[148.005,45.07],[147.914,44.99],[147.784,44.959],[147.658,44.977],[147.563,44.836],[147.31,44.678],[147.207,44.554],[147.098,44.531],[146.897,44.404],[146.933,44.513],[146.974,44.566],[147.141,44.663],[147.155,44.766],[147.247,44.856],[147.43,44.945],[147.558,45.062],[147.658,45.093],[147.769,45.191],[147.886,45.226],[147.873,45.3],[147.924,45.383],[147.965,45.378],[148.056,45.262],[148.324,45.282],[148.612,45.485],[148.707,45.521],[148.812,45.51],[148.825,45.456]]],[[[153.049,47.797],[153.079,47.809],[153.101,47.763],[153.054,47.706],[152.984,47.728],[153.049,47.797]]],[[[152.166,47.11],[152.289,47.142],[152.002,46.897],[151.816,46.787],[151.754,46.788],[151.715,46.853],[151.864,46.869],[152.166,47.11]]],[[[154.228,48.892],[154.205,48.857],[154.081,48.79],[154.043,48.739],[154.001,48.756],[153.992,48.773],[154.092,48.832],[154.126,48.904],[154.228,48.892]]],[[[155.554,50.811],[155.483,50.87],[155.467,50.914],[155.569,50.934],[155.64,50.91],[155.645,50.822],[155.554,50.811]]],[[[156.488,50.843],[156.483,50.751],[156.405,50.658],[156.326,50.639],[156.168,50.732],[156.213,50.785],[156.376,50.862],[156.488,50.843]]],[[[156.123,50.671],[156.101,50.559],[156.044,50.452],[155.921,50.302],[155.792,50.202],[155.516,50.146],[155.397,50.041],[155.289,50.061],[155.243,50.095],[155.243,50.213],[155.195,50.265],[155.218,50.298],[155.327,50.293],[155.434,50.369],[155.68,50.401],[155.773,50.482],[155.885,50.684],[156.002,50.757],[156.097,50.772],[156.123,50.671]]],[[[154.825,49.647],[154.9,49.63],[154.883,49.566],[154.802,49.468],[154.83,49.348],[154.81,49.312],[154.715,49.268],[154.611,49.294],[154.613,49.381],[154.825,49.647]]],[[[142.552,54.279],[142.616,54.304],[142.693,54.416],[142.761,54.394],[142.976,54.141],[142.986,54.086],[142.911,53.878],[142.936,53.811],[142.918,53.794],[143.224,53.296],[143.325,52.963],[143.324,52.614],[143.264,52.479],[143.201,52.443],[143.172,52.349],[143.156,52.084],[143.191,51.944],[143.295,51.744],[143.321,51.583],[143.455,51.471],[143.473,51.299],[143.534,51.246],[143.816,50.283],[144.048,49.896],[144.341,49.181],[144.432,49.051],[144.686,48.871],[144.714,48.64],[144.673,48.679],[144.621,48.815],[144.536,48.894],[144.049,49.249],[143.732,49.312],[143.382,49.291],[143.236,49.263],[143.105,49.199],[143.027,49.105],[142.972,48.918],[142.574,48.072],[142.546,47.885],[142.557,47.738],[142.67,47.537],[142.745,47.452],[142.864,47.392],[142.94,47.323],[143.006,47.223],[143.089,47.001],[143.218,46.795],[143.384,46.806],[143.447,46.792],[143.486,46.752],[143.581,46.361],[143.432,46.029],[143.419,46.222],[143.352,46.476],[143.282,46.559],[142.829,46.605],[142.692,46.711],[142.578,46.701],[142.479,46.644],[142.406,46.555],[142.304,46.358],[142.209,46.089],[142.077,45.917],[141.962,46.013],[141.83,46.451],[141.867,46.694],[142.039,47.14],[141.984,47.348],[141.964,47.587],[142.076,47.808],[142.149,47.902],[142.182,48.013],[142.135,48.29],[141.897,48.655],[141.866,48.75],[142.02,49.078],[142.142,49.569],[142.153,50.217],[142.143,50.312],[142.071,50.515],[142.066,50.63],[142.1,50.776],[142.208,50.998],[142.207,51.223],[142.091,51.429],[142.006,51.521],[141.722,51.736],[141.808,51.789],[141.721,51.847],[141.668,51.933],[141.661,52.273],[141.682,52.359],[141.803,52.556],[141.856,52.794],[141.874,53.039],[141.839,53.138],[141.824,53.34],[141.852,53.389],[141.964,53.456],[142.142,53.496],[142.319,53.405],[142.424,53.411],[142.526,53.447],[142.583,53.537],[142.509,53.588],[142.553,53.653],[142.68,53.674],[142.689,53.73],[142.643,53.737],[142.706,53.896],[142.67,53.968],[142.335,54.281],[142.552,54.279]]]]}},{"type":"Feature","properties":{"name":"Crimea","admin":"Russia","iso_a2":"RU","postal":"KR"},"geometry":{"type":"Polygon","coordinates":[[[33.852,44.432],[33.806,44.527],[33.713,44.582],[33.709,44.666],[33.611,44.721],[33.675,44.792],[33.588,44.842],[33.612,44.908],[33.555,45.098],[33.392,45.188],[33.262,45.171],[33.187,45.195],[32.919,45.348],[32.773,45.359],[32.611,45.328],[32.552,45.35],[32.508,45.404],[33.142,45.749],[33.28,45.765],[33.665,45.947],[33.594,46.096],[33.654,46.146],[33.66,46.22],[33.807,46.208],[34.027,46.107],[34.224,46.101],[34.354,46.062],[34.45,45.966],[34.687,45.977],[34.794,45.892],[34.8,45.791],[34.946,45.729],[35.002,45.733],[35.26,45.447],[35.374,45.354],[35.458,45.316],[35.558,45.311],[35.833,45.402],[36.013,45.372],[36.077,45.424],[36.171,45.453],[36.29,45.457],[36.575,45.394],[36.451,45.232],[36.393,45.065],[36.23,45.026],[35.87,45.005],[35.678,45.102],[35.57,45.119],[35.473,45.098],[35.358,44.978],[35.155,44.896],[35.088,44.803],[34.888,44.824],[34.717,44.807],[34.47,44.722],[34.282,44.538],[34.074,44.424],[33.91,44.388],[33.746,44.402],[33.852,44.432]]]}},{"type":"Feature","properties":{"name":"Perm'","admin":"Russia","iso_a2":"RU","postal":"PE"},"geometry":{"type":"Polygon","coordinates":[[[54.245,56.432],[54.168,56.534],[53.959,56.632],[53.869,56.713],[54.088,56.771],[54.099,56.966],[54.341,57.012],[54.295,57.084],[54.314,57.291],[54.158,57.314],[54.188,57.463],[54.168,57.559],[54.096,57.607],[54.156,57.706],[54.087,57.994],[53.81,58.228],[53.886,58.319],[53.785,58.44],[53.705,58.595],[53.75,58.697],[53.922,58.783],[53.821,58.821],[53.726,58.917],[53.767,59.022],[53.877,59.093],[53.434,59.144],[53.335,59.185],[53.206,59.364],[53.354,59.501],[53.418,59.678],[53.592,59.709],[53.658,59.824],[53.707,60.001],[53.608,60.143],[53.457,60.205],[53.358,60.166],[52.454,60.201],[52.298,60.242],[52.324,60.432],[52.138,60.473],[52.134,60.547],[51.774,60.606],[51.89,60.876],[52.355,60.844],[52.442,60.98],[52.79,60.949],[52.876,61.094],[53.349,61.037],[53.354,60.893],[53.791,60.848],[53.853,60.98],[54.98,60.864],[55.062,61.009],[55.214,61.019],[55.316,61.123],[55.69,61.086],[55.841,61.25],[56.257,61.206],[56.391,61.42],[56.545,61.435],[56.702,61.525],[57.086,61.488],[57.204,61.511],[58.692,61.503],[59.023,61.552],[59.114,61.615],[59.349,61.682],[59.428,61.507],[59.406,61.418],[59.317,61.377],[59.261,61.222],[59.358,61.143],[59.373,60.97],[59.458,60.953],[59.468,60.808],[59.385,60.574],[59.239,60.48],[59.169,60.374],[59.188,60.278],[58.962,60.005],[58.989,59.928],[58.849,59.926],[58.805,59.863],[58.675,59.859],[58.582,59.716],[58.451,59.705],[58.403,59.552],[58.311,59.468],[58.508,59.44],[58.67,59.293],[59.003,59.231],[59.175,59.147],[59.091,59.022],[59.181,58.953],[59.066,58.884],[59.083,58.769],[59.186,58.711],[59.388,58.703],[59.389,58.59],[59.456,58.493],[59.281,58.413],[59.203,58.305],[58.971,58.2],[58.868,58.205],[58.678,58.107],[58.605,57.996],[58.756,57.848],[58.864,57.827],[58.83,57.726],[58.58,57.594],[58.458,57.588],[58.436,57.676],[58.268,57.67],[57.995,57.477],[57.938,57.332],[58.039,57.237],[58.03,57.099],[57.869,57.058],[57.825,56.974],[57.56,56.888],[57.323,56.92],[57.219,56.853],[57.358,56.681],[57.373,56.552],[57.317,56.373],[57.408,56.329],[57.274,56.305],[57.213,56.182],[56.864,56.108],[56.73,56.224],[56.655,56.22],[56.402,56.387],[56.275,56.305],[56.073,56.289],[55.876,56.437],[55.548,56.4],[55.448,56.341],[54.968,56.32],[54.918,56.392],[54.532,56.515],[54.43,56.343],[54.352,56.359],[54.245,56.432]]]}},{"type":"Feature","properties":{"name":"Kamchatka","admin":"Russia","iso_a2":"RU","postal":"KA"},"geometry":{"type":"MultiPolygon","coordinates":[[[[174.139,61.795],[173.822,61.679],[173.623,61.716],[173.132,61.407],[173.055,61.406],[172.857,61.469],[172.807,61.436],[172.908,61.312],[172.868,61.293],[172.731,61.314],[172.69,61.295],[172.697,61.249],[172.585,61.19],[172.396,61.167],[172.362,61.117],[172.393,61.062],[171.918,60.864],[171.831,60.837],[171.729,60.843],[171.49,60.726],[170.949,60.523],[170.608,60.435],[170.589,60.343],[170.512,60.26],[170.423,60.048],[170.351,59.966],[170.154,59.986],[169.983,60.067],[169.898,60.148],[169.887,60.218],[169.618,60.438],[169.276,60.557],[169.227,60.596],[168.67,60.563],[168.463,60.592],[168.138,60.574],[167.227,60.406],[166.964,60.307],[166.453,59.947],[166.273,59.856],[166.187,59.849],[166.136,59.979],[166.352,60.485],[166.18,60.48],[165.942,60.357],[165.583,60.236],[165.416,60.205],[165.285,60.135],[165.085,60.099],[165.074,59.946],[165.019,59.861],[164.954,59.844],[164.854,59.841],[164.779,59.874],[164.67,59.997],[164.525,60.061],[164.44,60.073],[164.377,60.058],[164.113,59.898],[164.135,59.984],[163.913,60.037],[163.78,60.041],[163.494,59.887],[163.41,59.835],[163.321,59.705],[163.269,59.52],[163.273,59.303],[163.085,59.131],[163.01,59.148],[162.94,59.114],[163.004,59.02],[162.97,58.986],[162.847,58.939],[162.643,58.8],[162.453,58.709],[162.142,58.447],[161.96,58.077],[162.04,57.918],[162.197,57.829],[162.411,57.778],[162.391,57.717],[162.467,57.766],[162.522,57.904],[162.654,57.948],[163.145,57.837],[163.226,57.79],[163.188,57.637],[163.109,57.565],[162.779,57.358],[162.762,57.244],[162.808,57.103],[162.803,56.811],[162.85,56.757],[162.922,56.723],[163.046,56.741],[163.257,56.688],[163.243,56.565],[163.294,56.448],[163.336,56.233],[163.047,56.045],[162.972,56.034],[162.84,56.066],[162.628,56.232],[162.713,56.331],[162.893,56.399],[163.038,56.522],[162.878,56.476],[162.671,56.49],[162.489,56.399],[162.528,56.261],[162.085,56.09],[161.776,55.655],[161.724,55.496],[161.729,55.358],[161.785,55.205],[161.824,55.139],[161.996,54.998],[162.08,54.886],[162.106,54.752],[161.726,54.533],[161.625,54.516],[161.294,54.521],[161.13,54.598],[160.773,54.541],[160.517,54.431],[160.289,54.288],[160.074,54.189],[159.922,54.008],[159.844,53.784],[159.871,53.673],[159.956,53.552],[159.899,53.448],[159.898,53.381],[160.002,53.275],[160.025,53.13],[159.947,53.125],[159.772,53.23],[159.586,53.238],[158.952,53.048],[158.745,52.909],[158.684,52.935],[158.64,53.015],[158.565,53.05],[158.472,53.032],[158.432,52.957],[158.56,52.922],[158.609,52.874],[158.534,52.688],[158.481,52.627],[158.493,52.383],[158.332,52.091],[158.104,51.81],[157.823,51.605],[157.531,51.48],[157.49,51.409],[157.202,51.213],[156.748,50.969],[156.671,51.227],[156.543,51.312],[156.521,51.38],[156.5,51.475],[156.49,51.913],[156.377,52.367],[156.365,52.509],[156.229,52.626],[156.11,52.866],[155.95,53.744],[155.706,54.521],[155.564,55.199],[155.555,55.348],[155.717,56.072],[155.983,56.695],[156.067,56.782],[156.529,57.021],[156.728,57.152],[156.849,57.29],[156.977,57.466],[156.948,57.616],[156.9,57.677],[156.792,57.748],[156.872,57.804],[156.986,57.83],[157.217,57.777],[157.45,57.799],[157.666,58.02],[157.975,57.986],[158.21,58.025],[158.275,58.009],[158.321,58.083],[158.449,58.163],[159.211,58.519],[159.592,58.804],[159.847,59.127],[160.35,59.394],[160.547,59.547],[160.855,59.627],[161.219,59.846],[161.449,60.027],[161.754,60.152],[162.068,60.466],[162.713,60.659],[162.973,60.783],[163.352,60.8],[163.71,60.917],[163.554,61.026],[163.62,61.111],[163.893,61.24],[164.005,61.344],[163.973,61.42],[163.804,61.461],[163.883,61.64],[164.02,61.711],[164.068,61.874],[164.074,62.045],[164.207,62.292],[164.288,62.347],[164.598,62.471],[165.124,62.412],[165.208,62.374],[165.226,62.406],[165.214,62.448],[165.28,62.463],[165.417,62.447],[165.397,62.494],[165.044,62.517],[164.792,62.571],[164.567,62.675],[164.418,62.705],[163.332,62.551],[163.244,62.455],[163.302,62.373],[163.163,62.26],[163.118,62.153],[163.131,62.05],[163.018,61.891],[163.009,61.792],[163.208,61.737],[163.258,61.699],[163.085,61.571],[162.994,61.544],[162.922,61.598],[162.856,61.705],[162.752,61.711],[162.699,61.653],[162.502,61.67],[162.431,61.764],[162.468,61.82],[162.311,61.934],[162.48,61.963],[162.512,62.103],[162.265,62.129],[162.404,62.253],[162.664,62.262],[162.736,62.297],[162.768,62.503],[162.709,62.601],[162.819,62.697],[162.673,62.71],[162.548,62.845],[162.269,62.935],[162.38,63.119],[162.744,63.182],[162.695,63.393],[162.884,63.436],[162.957,63.491],[162.979,63.621],[162.755,63.738],[162.726,63.837],[162.888,63.877],[162.929,63.95],[162.841,64.017],[162.794,64.148],[162.942,64.2],[163.167,64.19],[163.256,64.321],[163.434,64.373],[163.345,64.487],[163.167,64.559],[163.246,64.727],[163.137,64.77],[163.345,64.818],[163.52,64.931],[163.873,64.865],[164.216,64.925],[164.798,64.772],[164.882,64.686],[165.004,64.69],[165.02,64.837],[165.263,64.851],[165.329,64.775],[165.481,64.743],[165.684,64.754],[165.743,64.679],[166.035,64.559],[166.199,64.609],[166.406,64.601],[166.807,64.533],[167.0,64.55],[167.237,64.624],[167.414,64.482],[167.498,64.481],[167.714,64.341],[167.815,64.351],[168.026,64.286],[168.198,64.339],[168.499,64.317],[168.638,64.211],[168.778,64.185],[168.874,64.021],[169.079,63.959],[169.344,63.95],[169.364,63.88],[169.549,63.811],[169.582,63.643],[169.509,63.584],[169.205,63.516],[169.099,63.44],[168.796,63.303],[168.544,63.126],[168.51,63.054],[168.939,62.944],[169.127,62.973],[169.514,62.814],[169.657,62.709],[169.842,62.655],[170.01,62.677],[169.986,62.545],[170.086,62.492],[170.159,62.342],[170.262,62.285],[170.382,62.311],[170.901,62.279],[171.218,62.369],[171.47,62.312],[172.055,62.467],[172.319,62.404],[172.417,62.432],[172.705,62.402],[172.853,62.331],[173.504,62.534],[173.798,62.518],[173.872,62.441],[174.08,62.447],[174.093,62.34],[174.015,62.269],[174.112,62.189],[174.117,62.074],[174.344,62.05],[174.468,61.979],[174.454,61.822],[174.139,61.795]]],[[[164.629,59.112],[164.662,58.971],[164.616,58.886],[164.279,58.838],[163.96,58.744],[163.471,58.509],[163.432,58.546],[163.427,58.579],[163.577,58.641],[163.727,58.799],[163.784,58.93],[163.761,59.015],[164.202,59.096],[164.517,59.227],[164.573,59.221],[164.629,59.112]]],[[[167.883,54.69],[168.081,54.513],[167.488,54.795],[167.442,54.856],[167.512,54.857],[167.592,54.798],[167.711,54.77],[167.883,54.69]]],[[[166.65,54.839],[166.645,54.694],[166.464,54.827],[166.325,54.865],[166.23,54.937],[166.12,55.03],[166.066,55.136],[165.992,55.19],[165.751,55.295],[165.931,55.351],[166.276,55.312],[166.23,55.242],[166.248,55.165],[166.404,55.006],[166.577,54.908],[166.65,54.839]]]]}},{"type":"Feature","properties":{"name":"Sevastopol","admin":"Russia","iso_a2":"RU","postal":"SC"},"geometry":{"type":"Polygon","coordinates":[[[33.675,44.792],[33.611,44.721],[33.709,44.666],[33.713,44.582],[33.806,44.527],[33.852,44.432],[33.746,44.402],[33.451,44.554],[33.53,44.681],[33.588,44.842],[33.675,44.792]]]}},{"type":"Feature","properties":{"name":"Northern Cape","admin":"South Africa","iso_a2":"ZA","postal":"NC"},"geometry":{"type":"Polygon","coordinates":[[[22.705,-26.13],[22.702,-26.41],[22.815,-26.448],[22.851,-26.398],[22.915,-26.155],[22.986,-26.161],[23.057,-26.1],[23.099,-25.987],[23.374,-26.016],[23.351,-26.08],[23.229,-26.059],[23.222,-26.12],[23.303,-26.144],[23.222,-26.268],[23.284,-26.343],[23.271,-26.479],[23.458,-26.529],[23.581,-26.615],[23.494,-26.737],[23.846,-26.887],[23.927,-26.866],[23.988,-26.912],[24.024,-27.016],[23.894,-27.258],[24.085,-27.359],[24.036,-27.475],[24.043,-27.585],[24.116,-27.628],[24.112,-27.743],[24.408,-27.684],[24.445,-27.783],[24.363,-27.899],[24.447,-27.977],[24.438,-28.038],[24.52,-28.1],[24.611,-28.0],[24.621,-27.904],[24.691,-27.826],[24.671,-27.672],[24.796,-27.611],[24.815,-27.687],[24.972,-27.685],[25.027,-27.708],[24.842,-27.906],[24.932,-28.097],[25.013,-28.068],[24.845,-28.519],[24.874,-28.65],[24.341,-29.649],[24.409,-29.764],[24.658,-29.896],[24.67,-29.95],[24.784,-29.988],[24.907,-30.201],[25.029,-30.283],[25.043,-30.33],[25.185,-30.456],[25.467,-30.613],[25.483,-30.756],[25.522,-30.802],[25.507,-30.934],[25.446,-31.095],[25.35,-31.228],[25.215,-31.202],[24.968,-31.284],[24.765,-31.389],[24.559,-31.402],[24.513,-31.553],[24.5,-31.705],[24.154,-31.758],[24.147,-31.79],[23.963,-31.727],[23.863,-31.8],[23.809,-31.728],[23.699,-31.667],[23.401,-31.681],[23.293,-31.751],[23.181,-31.89],[23.07,-31.977],[23.027,-31.886],[22.756,-31.834],[22.606,-31.777],[22.477,-31.653],[22.291,-31.57],[22.144,-31.854],[22.089,-31.893],[22.101,-32.057],[21.971,-32.196],[21.853,-32.243],[21.716,-32.212],[21.553,-32.241],[21.423,-32.349],[21.305,-32.377],[21.192,-32.459],[21.118,-32.607],[20.865,-32.677],[20.823,-32.716],[20.784,-32.862],[20.705,-32.918],[20.546,-32.902],[20.421,-32.937],[20.209,-32.764],[20.123,-32.596],[20.082,-32.412],[20.213,-32.284],[20.139,-32.19],[19.925,-32.357],[19.801,-32.373],[19.704,-32.438],[19.61,-32.458],[19.534,-32.638],[19.473,-32.583],[19.488,-32.466],[19.425,-32.31],[19.493,-32.232],[19.471,-32.078],[19.319,-32.022],[19.211,-31.914],[19.029,-31.893],[19.072,-31.748],[19.067,-31.577],[19.017,-31.495],[18.997,-31.29],[18.937,-31.197],[18.905,-31.01],[18.928,-30.942],[18.939,-30.724],[18.843,-30.695],[18.735,-30.577],[18.561,-30.471],[18.464,-30.526],[18.411,-30.5],[18.247,-30.783],[18.157,-30.822],[18.024,-30.775],[17.892,-30.934],[17.771,-31.149],[17.347,-30.445],[17.189,-30.1],[16.95,-29.403],[16.739,-29.009],[16.448,-28.618],[16.626,-28.488],[16.756,-28.452],[16.875,-28.128],[16.933,-28.07],[17.056,-28.031],[17.149,-28.082],[17.205,-28.199],[17.246,-28.231],[17.312,-28.229],[17.359,-28.269],[17.386,-28.353],[17.38,-28.414],[17.343,-28.452],[17.348,-28.501],[17.448,-28.698],[17.699,-28.768],[17.976,-28.811],[18.103,-28.872],[18.311,-28.886],[18.6,-28.855],[18.839,-28.869],[19.026,-28.928],[19.162,-28.939],[19.246,-28.902],[19.282,-28.848],[19.271,-28.778],[19.313,-28.733],[19.407,-28.714],[19.483,-28.662],[19.54,-28.575],[19.671,-28.504],[19.878,-28.449],[19.98,-28.451],[19.98,-24.777],[20.345,-25.03],[20.431,-25.147],[20.793,-25.916],[20.815,-26.165],[20.627,-26.444],[20.641,-26.742],[20.685,-26.822],[20.74,-26.849],[20.871,-26.809],[21.071,-26.852],[21.695,-26.841],[21.738,-26.807],[21.788,-26.71],[21.833,-26.678],[22.011,-26.636],[22.091,-26.58],[22.218,-26.389],[22.549,-26.178],[22.615,-26.108],[22.705,-26.13]]]}},{"type":"Feature","properties":{"name":"Western Cape","admin":"South Africa","iso_a2":"ZA","postal":"WC"},"geometry":{"type":"MultiPolygon","coordinates":[[[[23.586,-33.985],[23.268,-34.081],[22.926,-34.063],[22.736,-34.01],[22.554,-34.01],[22.414,-34.054],[22.246,-34.069],[21.789,-34.373],[21.553,-34.373],[21.35,-34.408],[20.99,-34.367],[20.882,-34.387],[20.775,-34.44],[20.53,-34.463],[20.021,-34.786],[19.635,-34.753],[19.392,-34.606],[19.298,-34.615],[19.331,-34.492],[19.245,-34.412],[19.149,-34.417],[19.098,-34.35],[18.831,-34.364],[18.809,-34.108],[18.752,-34.083],[18.605,-34.077],[18.5,-34.109],[18.462,-34.168],[18.462,-34.347],[18.352,-34.188],[18.333,-34.074],[18.354,-33.939],[18.465,-33.888],[18.433,-33.717],[18.261,-33.422],[18.156,-33.359],[18.075,-33.207],[17.993,-33.152],[17.958,-33.046],[17.878,-32.962],[17.851,-32.827],[17.895,-32.75],[17.965,-32.709],[18.037,-32.775],[18.125,-32.749],[18.251,-32.652],[18.325,-32.505],[18.311,-32.122],[18.211,-31.742],[18.164,-31.655],[17.771,-31.149],[17.892,-30.934],[18.024,-30.775],[18.157,-30.822],[18.247,-30.783],[18.411,-30.5],[18.464,-30.526],[18.561,-30.471],[18.735,-30.577],[18.843,-30.695],[18.939,-30.724],[18.928,-30.942],[18.905,-31.01],[18.937,-31.197],[18.997,-31.29],[19.017,-31.495],[19.067,-31.577],[19.072,-31.748],[19.029,-31.893],[19.211,-31.914],[19.319,-32.022],[19.471,-32.078],[19.493,-32.232],[19.425,-32.31],[19.488,-32.466],[19.473,-32.583],[19.534,-32.638],[19.61,-32.458],[19.704,-32.438],[19.801,-32.373],[19.925,-32.357],[20.139,-32.19],[20.213,-32.284],[20.082,-32.412],[20.123,-32.596],[20.209,-32.764],[20.421,-32.937],[20.546,-32.902],[20.705,-32.918],[20.784,-32.862],[20.823,-32.716],[20.865,-32.677],[21.118,-32.607],[21.192,-32.459],[21.305,-32.377],[21.423,-32.349],[21.553,-32.241],[21.716,-32.212],[21.853,-32.243],[21.971,-32.196],[22.101,-32.057],[22.089,-31.893],[22.144,-31.854],[22.291,-31.57],[22.477,-31.653],[22.606,-31.777],[22.756,-31.834],[23.027,-31.886],[23.07,-31.977],[23.181,-31.89],[23.293,-31.751],[23.401,-31.681],[23.699,-31.667],[23.809,-31.728],[23.863,-31.8],[23.963,-31.727],[24.147,-31.79],[24.13,-31.858],[24.182,-31.952],[24.122,-32.003],[24.09,-32.125],[24.029,-32.175],[23.885,-32.228],[23.757,-32.196],[23.674,-32.239],[23.602,-32.325],[23.325,-32.355],[23.243,-32.425],[23.237,-32.505],[23.278,-32.668],[23.37,-32.768],[23.327,-32.808],[23.195,-32.808],[23.001,-32.889],[22.916,-33.014],[22.916,-33.096],[22.745,-33.328],[22.75,-33.402],[23.262,-33.399],[23.437,-33.433],[23.563,-33.496],[23.618,-33.644],[23.437,-33.712],[23.367,-33.781],[23.544,-33.796],[23.687,-33.872],[23.635,-33.989],[23.586,-33.985]]],[[[37.685,-46.824],[37.79,-46.837],[37.888,-46.902],[37.814,-46.963],[37.612,-46.946],[37.59,-46.908],[37.685,-46.824]]]]}},{"type":"Feature","properties":{"name":"North West","admin":"South Africa","iso_a2":"ZA","postal":"NW"},"geometry":{"type":"Polygon","coordinates":[[[22.879,-25.458],[23.022,-25.324],[23.266,-25.267],[23.521,-25.344],[23.894,-25.601],[23.97,-25.626],[24.193,-25.633],[24.331,-25.743],[24.748,-25.817],[24.869,-25.813],[24.999,-25.754],[25.213,-25.756],[25.444,-25.714],[25.584,-25.606],[25.912,-24.747],[26.131,-24.671],[26.397,-24.614],[26.41,-24.741],[26.455,-24.812],[26.768,-24.866],[26.944,-24.79],[27.023,-24.724],[27.055,-24.85],[27.183,-24.991],[27.289,-25.007],[27.367,-25.059],[27.488,-25.056],[27.546,-25.093],[27.587,-24.997],[27.668,-24.971],[28.098,-25.009],[28.222,-25.078],[28.124,-25.11],[28.128,-25.2],[28.231,-25.226],[28.294,-25.317],[28.235,-25.353],[28.004,-25.361],[27.949,-25.41],[28.033,-25.472],[27.964,-25.593],[27.943,-25.807],[27.876,-25.853],[27.728,-25.878],[27.641,-25.804],[27.459,-25.885],[27.445,-26.007],[27.395,-26.123],[27.29,-26.146],[27.324,-26.287],[27.191,-26.382],[27.243,-26.64],[27.335,-26.616],[27.569,-26.65],[27.583,-26.738],[27.519,-26.781],[27.48,-26.874],[27.408,-26.894],[27.308,-26.862],[27.178,-26.924],[27.044,-26.929],[26.914,-26.89],[26.645,-26.999],[26.49,-27.139],[26.411,-27.177],[26.486,-27.254],[26.45,-27.353],[26.25,-27.426],[26.229,-27.489],[26.0,-27.639],[25.874,-27.621],[25.799,-27.581],[25.64,-27.673],[25.581,-27.655],[25.421,-27.71],[25.241,-27.823],[25.225,-27.878],[25.129,-27.929],[25.053,-28.058],[24.932,-28.097],[24.842,-27.906],[25.027,-27.708],[24.972,-27.685],[24.815,-27.687],[24.796,-27.611],[24.671,-27.672],[24.691,-27.826],[24.621,-27.904],[24.611,-28.0],[24.52,-28.1],[24.438,-28.038],[24.447,-27.977],[24.363,-27.899],[24.445,-27.783],[24.408,-27.684],[24.112,-27.743],[24.116,-27.628],[24.043,-27.585],[24.036,-27.475],[24.085,-27.359],[23.894,-27.258],[24.024,-27.016],[23.988,-26.912],[23.927,-26.866],[23.846,-26.887],[23.494,-26.737],[23.581,-26.615],[23.458,-26.529],[23.271,-26.479],[23.284,-26.343],[23.222,-26.268],[23.303,-26.144],[23.222,-26.12],[23.229,-26.059],[23.351,-26.08],[23.374,-26.016],[23.099,-25.987],[23.057,-26.1],[22.986,-26.161],[22.915,-26.155],[22.851,-26.398],[22.815,-26.448],[22.702,-26.41],[22.705,-26.13],[22.615,-26.108],[22.879,-25.458]]]}},{"type":"Feature","properties":{"name":"Free State","admin":"South Africa","iso_a2":"ZA","postal":"FS"},"geometry":{"type":"Polygon","coordinates":[[[28.722,-28.688],[28.626,-28.582],[28.233,-28.701],[27.96,-28.873],[27.736,-28.94],[27.294,-29.519],[27.057,-29.626],[27.052,-29.664],[27.13,-29.84],[27.355,-30.159],[27.35,-30.247],[27.383,-30.308],[27.298,-30.488],[27.01,-30.533],[26.922,-30.655],[26.781,-30.643],[26.703,-30.675],[26.535,-30.651],[26.442,-30.56],[26.311,-30.582],[26.205,-30.525],[26.06,-30.514],[25.725,-30.681],[25.634,-30.657],[25.611,-30.606],[25.467,-30.613],[25.185,-30.456],[25.043,-30.33],[25.029,-30.283],[24.907,-30.201],[24.784,-29.988],[24.67,-29.95],[24.658,-29.896],[24.409,-29.764],[24.341,-29.649],[24.874,-28.65],[24.845,-28.519],[25.013,-28.068],[25.053,-28.058],[25.129,-27.929],[25.225,-27.878],[25.241,-27.823],[25.421,-27.71],[25.581,-27.655],[25.64,-27.673],[25.799,-27.581],[25.874,-27.621],[26.0,-27.639],[26.229,-27.489],[26.25,-27.426],[26.45,-27.353],[26.486,-27.254],[26.411,-27.177],[26.49,-27.139],[26.645,-26.999],[26.914,-26.89],[27.044,-26.929],[27.178,-26.924],[27.308,-26.862],[27.408,-26.894],[27.48,-26.874],[27.519,-26.781],[27.583,-26.738],[27.644,-26.764],[27.882,-26.724],[27.97,-26.671],[28.044,-26.818],[28.386,-26.933],[28.426,-26.983],[28.641,-27.01],[28.652,-26.956],[28.823,-27.039],[28.959,-26.995],[29.057,-27.03],[29.126,-27.154],[29.178,-27.138],[29.442,-27.253],[29.485,-27.342],[29.615,-27.502],[29.771,-27.452],[29.716,-27.518],[29.766,-27.605],[29.683,-27.668],[29.722,-27.811],[29.624,-28.048],[29.675,-28.121],[29.589,-28.25],[29.488,-28.268],[29.407,-28.357],[29.235,-28.44],[29.189,-28.535],[28.973,-28.575],[28.856,-28.776],[28.722,-28.688]]]}},{"type":"Feature","properties":{"name":"Gauteng","admin":"South Africa","iso_a2":"ZA","postal":"GT"},"geometry":{"type":"Polygon","coordinates":[[[28.044,-26.818],[27.97,-26.671],[27.882,-26.724],[27.644,-26.764],[27.583,-26.738],[27.569,-26.65],[27.335,-26.616],[27.243,-26.64],[27.191,-26.382],[27.324,-26.287],[27.29,-26.146],[27.395,-26.123],[27.445,-26.007],[27.459,-25.885],[27.641,-25.804],[27.728,-25.878],[27.876,-25.853],[27.943,-25.807],[27.964,-25.593],[28.033,-25.472],[27.949,-25.41],[28.004,-25.361],[28.104,-25.372],[28.235,-25.353],[28.294,-25.317],[28.433,-25.322],[28.527,-25.27],[28.663,-25.247],[28.606,-25.158],[28.752,-25.115],[28.783,-25.228],[28.629,-25.333],[28.628,-25.527],[28.67,-25.664],[28.764,-25.706],[28.859,-25.632],[28.804,-25.542],[28.92,-25.552],[28.976,-25.674],[28.941,-25.87],[28.881,-25.896],[28.87,-26.005],[28.778,-26.012],[28.634,-25.973],[28.581,-26.059],[28.501,-26.08],[28.532,-26.221],[28.718,-26.338],[28.807,-26.308],[28.864,-26.401],[28.796,-26.427],[28.767,-26.516],[28.644,-26.508],[28.529,-26.565],[28.506,-26.613],[28.402,-26.659],[28.408,-26.759],[28.304,-26.829],[28.256,-26.894],[28.044,-26.818]]]}},{"type":"Feature","properties":{"name":"Mpumalanga","admin":"South Africa","iso_a2":"ZA","postal":"MP"},"geometry":{"type":"Polygon","coordinates":[[[31.986,-24.461],[31.985,-25.632],[31.92,-25.774],[31.948,-25.958],[31.871,-25.982],[31.415,-25.747],[31.335,-25.756],[31.207,-25.843],[31.088,-25.981],[31.033,-26.098],[30.789,-26.455],[30.807,-26.785],[30.883,-26.792],[31.063,-27.112],[31.274,-27.238],[31.151,-27.324],[30.98,-27.355],[30.902,-27.311],[30.833,-27.334],[30.662,-27.277],[30.575,-27.311],[30.444,-27.309],[30.423,-27.275],[30.281,-27.302],[30.133,-27.379],[29.929,-27.364],[29.771,-27.452],[29.615,-27.502],[29.485,-27.342],[29.442,-27.253],[29.178,-27.138],[29.126,-27.154],[29.057,-27.03],[28.959,-26.995],[28.823,-27.039],[28.652,-26.956],[28.641,-27.01],[28.426,-26.983],[28.386,-26.933],[28.256,-26.894],[28.304,-26.829],[28.408,-26.759],[28.402,-26.659],[28.506,-26.613],[28.529,-26.565],[28.644,-26.508],[28.767,-26.516],[28.796,-26.427],[28.864,-26.401],[28.807,-26.308],[28.718,-26.338],[28.532,-26.221],[28.501,-26.08],[28.581,-26.059],[28.634,-25.973],[28.778,-26.012],[28.87,-26.005],[28.881,-25.896],[28.941,-25.87],[28.976,-25.674],[28.92,-25.552],[28.804,-25.542],[28.859,-25.632],[28.764,-25.706],[28.67,-25.664],[28.628,-25.527],[28.629,-25.333],[28.783,-25.228],[28.752,-25.115],[28.392,-25.224],[28.355,-25.189],[28.459,-25.117],[28.629,-25.052],[28.612,-25.002],[28.732,-24.943],[28.898,-24.956],[28.969,-25.072],[29.043,-25.142],[29.038,-25.269],[29.1,-25.318],[29.166,-25.304],[29.211,-25.408],[29.268,-25.375],[29.353,-25.404],[29.528,-25.411],[29.671,-25.37],[29.77,-25.395],[29.886,-25.344],[30.004,-25.332],[30.007,-25.15],[30.035,-25.072],[30.124,-25.123],[30.185,-25.022],[30.184,-24.855],[30.35,-24.877],[30.421,-24.851],[30.492,-24.948],[30.659,-24.819],[30.72,-24.704],[30.673,-24.618],[30.734,-24.582],[30.765,-24.465],[30.975,-24.582],[31.221,-24.557],[31.26,-24.508],[31.163,-24.379],[31.195,-24.311],[31.059,-24.321],[31.051,-24.19],[31.111,-24.097],[31.203,-24.035],[31.248,-24.101],[31.413,-24.054],[31.446,-24.023],[31.712,-24.05],[31.78,-23.965],[31.828,-23.964],[31.986,-24.461]]]}},{"type":"Feature","properties":{"name":"Limpopo","admin":"South Africa","iso_a2":"ZA","postal":"NP"},"geometry":{"type":"Polygon","coordinates":[[[31.78,-23.965],[31.712,-24.05],[31.446,-24.023],[31.413,-24.054],[31.248,-24.101],[31.203,-24.035],[31.111,-24.097],[31.051,-24.19],[31.059,-24.321],[31.195,-24.311],[31.163,-24.379],[31.26,-24.508],[31.221,-24.557],[30.975,-24.582],[30.765,-24.465],[30.734,-24.582],[30.673,-24.618],[30.72,-24.704],[30.659,-24.819],[30.492,-24.948],[30.421,-24.851],[30.35,-24.877],[30.184,-24.855],[30.185,-25.022],[30.124,-25.123],[30.035,-25.072],[30.007,-25.15],[30.004,-25.332],[29.886,-25.344],[29.77,-25.395],[29.671,-25.37],[29.528,-25.411],[29.353,-25.404],[29.268,-25.375],[29.211,-25.408],[29.166,-25.304],[29.1,-25.318],[29.038,-25.269],[29.043,-25.142],[28.969,-25.072],[28.898,-24.956],[28.732,-24.943],[28.612,-25.002],[28.629,-25.052],[28.459,-25.117],[28.355,-25.189],[28.392,-25.224],[28.606,-25.158],[28.663,-25.247],[28.527,-25.27],[28.433,-25.322],[28.294,-25.317],[28.231,-25.226],[28.128,-25.2],[28.124,-25.11],[28.222,-25.078],[28.098,-25.009],[27.668,-24.971],[27.587,-24.997],[27.546,-25.093],[27.488,-25.056],[27.367,-25.059],[27.289,-25.007],[27.183,-24.991],[27.055,-24.85],[27.023,-24.724],[26.944,-24.79],[26.768,-24.866],[26.455,-24.812],[26.41,-24.741],[26.397,-24.614],[26.452,-24.583],[26.618,-24.395],[26.835,-24.241],[26.987,-23.705],[27.086,-23.578],[27.313,-23.424],[27.499,-23.368],[27.563,-23.325],[27.593,-23.253],[27.644,-23.218],[27.717,-23.22],[27.758,-23.197],[27.769,-23.149],[27.931,-23.034],[27.935,-22.987],[28.028,-22.874],[28.21,-22.694],[28.382,-22.593],[28.543,-22.573],[28.84,-22.481],[28.946,-22.395],[29.014,-22.278],[29.13,-22.213],[29.663,-22.146],[29.902,-22.184],[30.19,-22.291],[30.46,-22.329],[30.916,-22.291],[31.197,-22.345],[31.288,-22.402],[31.532,-23.279],[31.546,-23.482],[31.676,-23.674],[31.828,-23.964],[31.78,-23.965]]]}},{"type":"Feature","properties":{"name":"KwaZulu-Natal","admin":"South Africa","iso_a2":"ZA","postal":"NL"},"geometry":{"type":"Polygon","coordinates":[[[31.47,-27.296],[31.958,-27.306],[31.946,-27.174],[31.995,-26.817],[32.353,-26.862],[32.886,-26.849],[32.849,-27.08],[32.657,-27.607],[32.535,-28.2],[32.375,-28.498],[32.286,-28.621],[32.027,-28.84],[31.892,-28.912],[31.778,-28.937],[31.335,-29.378],[31.17,-29.591],[31.023,-29.901],[30.878,-30.071],[30.664,-30.434],[30.194,-31.075],[30.064,-30.859],[29.974,-30.832],[29.794,-30.709],[29.602,-30.688],[29.476,-30.62],[29.32,-30.655],[29.22,-30.618],[29.163,-30.555],[29.2,-30.436],[29.296,-30.374],[29.298,-30.318],[29.175,-30.286],[29.102,-30.174],[29.116,-30.078],[29.014,-29.976],[29.098,-29.919],[29.142,-29.701],[29.294,-29.567],[29.391,-29.27],[29.301,-29.09],[29.178,-29.037],[28.954,-28.881],[28.856,-28.776],[28.973,-28.575],[29.189,-28.535],[29.235,-28.44],[29.407,-28.357],[29.488,-28.268],[29.589,-28.25],[29.675,-28.121],[29.624,-28.048],[29.722,-27.811],[29.683,-27.668],[29.766,-27.605],[29.716,-27.518],[29.771,-27.452],[29.929,-27.364],[30.133,-27.379],[30.281,-27.302],[30.423,-27.275],[30.444,-27.309],[30.575,-27.311],[30.662,-27.277],[30.833,-27.334],[30.902,-27.311],[30.98,-27.355],[31.151,-27.324],[31.274,-27.238],[31.47,-27.296]]]}},{"type":"Feature","properties":{"name":"Eastern Cape","admin":"South Africa","iso_a2":"ZA","postal":"EC"},"geometry":{"type":"Polygon","coordinates":[[[29.116,-30.078],[29.102,-30.174],[29.175,-30.286],[29.298,-30.318],[29.296,-30.374],[29.2,-30.436],[29.163,-30.555],[29.22,-30.618],[29.32,-30.655],[29.476,-30.62],[29.602,-30.688],[29.794,-30.709],[29.974,-30.832],[30.064,-30.859],[30.194,-31.075],[29.971,-31.322],[29.735,-31.47],[29.483,-31.675],[29.128,-32.003],[28.856,-32.294],[28.449,-32.625],[28.214,-32.769],[27.861,-33.054],[27.077,-33.521],[26.429,-33.76],[25.99,-33.711],[25.806,-33.737],[25.652,-33.85],[25.638,-34.011],[25.574,-34.035],[25.17,-33.961],[25.003,-33.974],[24.827,-34.169],[24.596,-34.175],[24.183,-34.062],[23.635,-33.989],[23.687,-33.872],[23.544,-33.796],[23.367,-33.781],[23.437,-33.712],[23.618,-33.644],[23.563,-33.496],[23.437,-33.433],[23.262,-33.399],[22.75,-33.402],[22.745,-33.328],[22.916,-33.096],[22.916,-33.014],[23.001,-32.889],[23.195,-32.808],[23.327,-32.808],[23.37,-32.768],[23.278,-32.668],[23.237,-32.505],[23.243,-32.425],[23.325,-32.355],[23.602,-32.325],[23.674,-32.239],[23.757,-32.196],[23.885,-32.228],[24.029,-32.175],[24.09,-32.125],[24.122,-32.003],[24.182,-31.952],[24.13,-31.858],[24.154,-31.758],[24.5,-31.705],[24.513,-31.553],[24.559,-31.402],[24.765,-31.389],[24.968,-31.284],[25.215,-31.202],[25.35,-31.228],[25.446,-31.095],[25.507,-30.934],[25.522,-30.802],[25.483,-30.756],[25.467,-30.613],[25.611,-30.606],[25.634,-30.657],[25.725,-30.681],[26.06,-30.514],[26.205,-30.525],[26.311,-30.582],[26.442,-30.56],[26.535,-30.651],[26.703,-30.675],[26.781,-30.643],[26.922,-30.655],[27.01,-30.533],[27.298,-30.488],[27.383,-30.308],[27.492,-30.364],[27.667,-30.542],[27.753,-30.6],[28.018,-30.642],[28.096,-30.585],[28.139,-30.45],[28.392,-30.148],[28.737,-30.102],[29.014,-29.976],[29.116,-30.078]]]}},{"type":"Feature","properties":{"name":"Maharashtra","admin":"India","iso_a2":"IN","postal":"MH"},"geometry":{"type":"Polygon","coordinates":[[[73.992,15.611],[73.942,15.634],[73.908,15.721],[73.808,15.775],[73.679,15.711],[73.608,15.871],[73.476,16.054],[73.338,16.46],[73.239,17.199],[73.149,17.527],[73.156,17.622],[72.994,18.098],[72.917,18.576],[72.875,18.643],[72.899,18.779],[73.006,19.021],[72.972,19.153],[72.901,19.015],[72.835,18.976],[72.803,19.079],[72.795,19.252],[72.812,19.299],[72.987,19.277],[72.788,19.363],[72.756,19.451],[72.799,19.52],[72.727,19.578],[72.668,19.831],[72.709,20.078],[72.947,20.127],[72.997,20.04],[73.161,20.047],[73.166,20.115],[73.243,20.139],[73.272,20.193],[73.364,20.178],[73.394,20.27],[73.361,20.369],[73.459,20.538],[73.404,20.67],[73.476,20.679],[73.7,20.562],[73.792,20.606],[73.811,20.677],[73.909,20.776],[73.903,20.884],[73.868,20.975],[73.695,21.123],[73.777,21.217],[73.8,21.281],[73.919,21.292],[73.96,21.394],[74.053,21.466],[74.109,21.452],[74.292,21.514],[74.192,21.546],[73.996,21.555],[73.821,21.508],[73.752,21.611],[73.829,21.651],[73.809,21.836],[74.061,21.94],[74.129,21.952],[74.205,21.925],[74.284,21.945],[74.408,22.023],[74.486,21.946],[74.512,21.727],[74.708,21.611],[74.894,21.612],[75.048,21.554],[75.13,21.438],[75.312,21.381],[75.535,21.372],[75.878,21.4],[76.083,21.368],[76.143,21.193],[76.109,21.153],[76.187,21.086],[76.287,21.075],[76.437,21.108],[76.498,21.18],[76.614,21.202],[76.654,21.251],[76.633,21.341],[76.73,21.413],[76.786,21.502],[76.794,21.577],[77.116,21.724],[77.219,21.701],[77.333,21.774],[77.461,21.77],[77.552,21.697],[77.555,21.542],[77.457,21.549],[77.433,21.499],[77.482,21.424],[77.578,21.384],[77.713,21.38],[77.788,21.423],[77.871,21.398],[78.029,21.438],[78.193,21.551],[78.413,21.606],[78.428,21.508],[78.514,21.527],[78.696,21.475],[78.904,21.509],[78.922,21.572],[79.216,21.655],[79.24,21.713],[79.413,21.69],[79.533,21.619],[79.552,21.55],[79.65,21.582],[79.798,21.588],[79.84,21.534],[80.005,21.548],[80.187,21.639],[80.31,21.58],[80.418,21.447],[80.626,21.326],[80.679,21.351],[80.626,21.243],[80.485,21.168],[80.435,20.999],[80.481,20.932],[80.552,20.919],[80.573,20.698],[80.503,20.633],[80.622,20.601],[80.622,20.326],[80.424,20.234],[80.426,20.146],[80.531,20.135],[80.557,20.048],[80.531,19.921],[80.425,19.893],[80.538,19.811],[80.566,19.74],[80.676,19.677],[80.713,19.593],[80.831,19.547],[80.894,19.484],[80.832,19.345],[80.717,19.263],[80.617,19.319],[80.576,19.392],[80.397,19.234],[80.367,19.117],[80.272,18.979],[80.344,18.851],[80.275,18.777],[80.27,18.714],[80.091,18.697],[80.002,18.786],[79.96,18.867],[79.934,19.053],[79.862,19.081],[79.944,19.169],[79.931,19.212],[79.965,19.402],[79.931,19.483],[79.865,19.509],[79.796,19.594],[79.735,19.603],[79.539,19.534],[79.42,19.536],[79.266,19.59],[79.198,19.462],[79.059,19.547],[79.024,19.542],[78.873,19.65],[78.848,19.725],[78.78,19.777],[78.712,19.774],[78.534,19.825],[78.478,19.799],[78.383,19.866],[78.322,19.863],[78.384,19.685],[78.333,19.643],[78.303,19.483],[78.24,19.46],[78.174,19.375],[78.168,19.264],[78.064,19.264],[77.992,19.323],[77.92,19.332],[77.855,19.228],[77.834,19.121],[77.752,19.046],[77.912,18.835],[77.839,18.81],[77.781,18.704],[77.703,18.669],[77.68,18.57],[77.592,18.548],[77.503,18.382],[77.551,18.308],[77.461,18.282],[77.347,18.352],[77.302,18.46],[77.233,18.411],[77.231,18.334],[77.118,18.254],[77.088,18.197],[76.95,18.18],[76.893,18.144],[76.885,17.974],[76.839,17.884],[76.741,17.898],[76.756,17.826],[76.676,17.707],[76.593,17.771],[76.513,17.773],[76.391,17.637],[76.322,17.618],[76.344,17.352],[76.21,17.389],[76.095,17.378],[75.936,17.326],[75.87,17.416],[75.784,17.375],[75.613,17.472],[75.553,17.366],[75.622,17.221],[75.605,17.158],[75.647,17.091],[75.617,16.975],[75.554,17.015],[75.453,16.964],[75.371,16.984],[75.256,16.959],[75.243,16.902],[75.167,16.868],[75.043,16.953],[74.96,16.951],[74.922,16.889],[74.845,16.852],[74.867,16.776],[74.685,16.708],[74.666,16.606],[74.557,16.552],[74.525,16.624],[74.43,16.644],[74.353,16.544],[74.292,16.528],[74.366,16.293],[74.452,16.254],[74.47,16.11],[74.416,16.096],[74.429,15.994],[74.354,15.873],[74.331,15.762],[74.224,15.726],[74.186,15.766],[74.104,15.645],[73.992,15.611]]]}}]}