{"type":"FeatureCollection","features":[{"type":"Feature","properties":{"name":"Mälaren"},"geometry":{"type":"Polygon","coordinates":[[[17.876,59.271],[17.571,59.268],[17.371,59.295],[17.305,59.272],[17.175,59.356],[17.066,59.373],[16.914,59.446],[16.742,59.431],[16.61,59.454],[16.144,59.448],[16.044,59.478],[16.473,59.519],[16.574,59.612],[16.647,59.559],[16.752,59.543],[16.841,59.588],[16.978,59.551],[17.063,59.569],[17.372,59.496],[17.391,59.584],[17.534,59.539],[17.687,59.542],[17.672,59.595],[17.76,59.621],[17.809,59.553],[17.773,59.414],[17.829,59.379],[17.964,59.359],[17.98,59.329],[17.876,59.271]]]}},{"type":"Feature","properties":{"name":"Lake Ladoga"},"geometry":{"type":"Polygon","coordinates":[[[29.891,61.295],[30.079,61.243],[30.09,61.299],[30.193,61.327],[30.179,61.373],[30.252,61.459],[30.239,61.515],[30.466,61.487],[30.513,61.525],[30.606,61.541],[30.594,61.606],[30.758,61.733],[30.852,61.775],[31.026,61.714],[31.098,61.62],[31.238,61.643],[31.308,61.605],[31.365,61.627],[31.486,61.551],[31.604,61.423],[31.637,61.463],[31.899,61.324],[32.527,61.118],[32.593,60.998],[32.765,60.886],[32.844,60.712],[32.903,60.694],[32.944,60.643],[32.816,60.482],[32.722,60.521],[32.6,60.533],[32.677,60.392],[32.595,60.355],[32.612,60.245],[32.584,60.209],[32.362,60.148],[32.26,60.154],[32.196,60.195],[32.057,60.227],[31.843,60.248],[31.699,60.236],[31.599,60.17],[31.606,60.134],[31.541,60.035],[31.567,59.967],[31.51,59.92],[31.106,59.928],[31.043,59.951],[31.145,60.006],[31.095,60.084],[31.109,60.146],[31.019,60.193],[30.957,60.264],[30.849,60.443],[30.776,60.448],[30.774,60.492],[30.724,60.562],[30.534,60.63],[30.504,60.704],[30.533,60.766],[30.528,60.812],[30.502,60.843],[30.293,61.005],[29.857,61.188],[29.825,61.216],[29.891,61.295]]]}},{"type":"Feature","properties":{"name":"Lake Albert"},"geometry":{"type":"Polygon","coordinates":[[[31.384,2.261],[31.4,1.896],[31.387,1.857],[31.322,1.803],[31.268,1.688],[31.166,1.605],[30.969,1.527],[30.594,1.041],[30.539,1.021],[30.507,1.041],[30.495,1.23],[30.468,1.258],[30.4,1.256],[30.387,1.297],[30.479,1.467],[30.868,1.859],[31.179,2.073],[31.431,2.388],[31.475,2.401],[31.384,2.261]]]}},{"type":"Feature","properties":{"name":"Lake Erie"},"geometry":{"type":"Polygon","coordinates":[[[-83.076,42.275],[-83.105,42.215],[-83.108,42.071],[-82.937,42.006],[-82.834,41.997],[-82.645,42.037],[-82.567,42.0],[-82.512,41.932],[-82.462,42.058],[-82.412,42.103],[-82.16,42.223],[-81.938,42.269],[-81.874,42.315],[-81.887,42.257],[-81.867,42.258],[-81.809,42.368],[-81.73,42.447],[-81.404,42.63],[-81.039,42.662],[-80.473,42.574],[-80.094,42.546],[-80.062,42.554],[-80.451,42.613],[-80.396,42.676],[-80.22,42.774],[-80.099,42.802],[-79.747,42.858],[-79.386,42.881],[-79.057,42.862],[-78.922,42.924],[-79.04,43.021],[-79.066,43.106],[-78.895,43.058],[-78.924,42.998],[-78.878,42.799],[-79.209,42.555],[-79.704,42.3],[-80.334,42.041],[-81.229,41.77],[-81.723,41.511],[-82.121,41.493],[-82.48,41.398],[-82.643,41.467],[-82.96,41.44],[-83.027,41.455],[-82.7,41.521],[-82.831,41.58],[-82.911,41.538],[-82.963,41.542],[-83.291,41.693],[-83.456,41.742],[-83.362,41.88],[-83.273,41.935],[-83.256,41.986],[-83.177,42.049],[-83.175,42.146],[-83.105,42.286],[-83.076,42.275]],[[-78.961,42.988],[-78.916,43.053],[-79.014,43.052],[-79.012,43.003],[-78.961,42.988]],[[-82.627,41.771],[-82.654,41.827],[-82.685,41.736],[-82.627,41.771]]]}},{"type":"Feature","properties":{"name":"Lake Chad"},"geometry":{"type":"Polygon","coordinates":[[[14.661,12.982],[14.516,12.98],[14.347,12.877],[14.275,12.903],[14.259,13.004],[14.282,13.014],[14.342,13.162],[14.415,13.209],[14.496,13.239],[14.653,13.208],[14.742,13.078],[14.661,12.982]]]}},{"type":"Feature","properties":{"name":"Lake Malawi"},"geometry":{"type":"Polygon","coordinates":[[[35.284,-14.365],[35.236,-14.401],[35.048,-14.177],[34.958,-14.148],[34.93,-14.042],[34.881,-14.012],[34.849,-14.035],[34.858,-14.074],[34.819,-14.217],[34.77,-14.254],[34.707,-14.262],[34.6,-14.159],[34.547,-14.048],[34.546,-13.938],[34.622,-13.751],[34.605,-13.669],[34.547,-13.6],[34.498,-13.567],[34.458,-13.572],[34.41,-13.53],[34.321,-13.379],[34.344,-13.158],[34.33,-12.945],[34.275,-12.825],[34.263,-12.73],[34.196,-12.642],[34.18,-12.425],[34.074,-12.353],[34.033,-12.209],[34.059,-12.049],[34.194,-11.88],[34.192,-11.84],[34.323,-11.653],[34.289,-11.425],[34.23,-11.228],[34.245,-11.099],[34.19,-10.59],[34.26,-10.448],[34.204,-10.319],[34.016,-10.098],[33.907,-9.802],[33.916,-9.712],[33.959,-9.627],[33.95,-9.565],[33.996,-9.495],[34.089,-9.538],[34.321,-9.732],[34.524,-10.03],[34.58,-10.32],[34.584,-10.525],[34.662,-10.71],[34.667,-10.792],[34.606,-10.99],[34.608,-11.08],[34.688,-11.177],[34.774,-11.342],[34.851,-11.352],[34.937,-11.463],[34.959,-11.577],[34.934,-11.871],[34.857,-12.048],[34.7,-12.2],[34.714,-12.279],[34.694,-12.422],[34.791,-12.643],[34.808,-12.767],[34.772,-12.87],[34.77,-12.963],[34.8,-13.044],[34.812,-13.332],[34.846,-13.366],[34.862,-13.46],[34.868,-13.701],[35.056,-13.743],[35.284,-14.365]],[[34.642,-12.014],[34.624,-11.985],[34.554,-11.982],[34.542,-12.019],[34.58,-12.066],[34.622,-12.067],[34.642,-12.014]],[[34.719,-12.111],[34.756,-12.031],[34.715,-12.003],[34.68,-12.009],[34.662,-12.101],[34.719,-12.111]]]}},{"type":"Feature","properties":{"name":"Lake Victoria"},"geometry":{"type":"Polygon","coordinates":[[[34.813,-0.276],[34.798,-0.296],[34.478,-0.353],[34.458,-0.369],[34.475,-0.464],[34.456,-0.495],[34.425,-0.502],[34.376,-0.459],[34.217,-0.442],[34.079,-0.579],[34.068,-0.725],[34.163,-0.879],[34.121,-0.975],[34.07,-0.997],[33.903,-1.247],[33.952,-1.321],[33.942,-1.34],[33.844,-1.342],[33.829,-1.363],[33.822,-1.425],[33.921,-1.514],[33.686,-1.488],[33.646,-1.571],[33.675,-1.638],[33.602,-1.691],[33.593,-1.761],[33.489,-1.822],[33.402,-1.812],[33.366,-1.83],[33.298,-1.922],[33.45,-1.915],[33.524,-1.996],[33.412,-1.997],[33.374,-2.032],[33.3,-2.023],[33.233,-2.072],[33.226,-2.096],[33.276,-2.124],[33.517,-2.162],[33.585,-2.168],[33.753,-2.111],[33.794,-2.123],[33.809,-2.192],[33.767,-2.238],[33.51,-2.43],[33.432,-2.46],[33.442,-2.502],[33.416,-2.531],[33.21,-2.489],[33.067,-2.41],[32.945,-2.421],[32.892,-2.484],[32.884,-2.664],[32.963,-2.849],[32.892,-2.862],[32.76,-2.985],[32.764,-2.867],[32.848,-2.797],[32.862,-2.757],[32.814,-2.647],[32.811,-2.515],[32.703,-2.502],[32.644,-2.439],[32.548,-2.508],[32.521,-2.454],[32.44,-2.444],[32.357,-2.394],[32.32,-2.304],[32.283,-2.282],[32.24,-2.283],[32.174,-2.366],[32.096,-2.394],[32.15,-2.525],[32.031,-2.516],[31.986,-2.547],[31.969,-2.608],[32.003,-2.757],[31.971,-2.752],[31.918,-2.674],[31.848,-2.705],[31.819,-2.798],[31.801,-2.791],[31.782,-2.693],[31.815,-2.621],[31.743,-2.567],[31.735,-2.53],[31.786,-2.465],[31.781,-2.44],[31.675,-2.277],[31.664,-1.932],[31.763,-1.492],[31.826,-1.359],[31.865,-1.092],[31.849,-1.017],[31.783,-1.01],[31.723,-0.79],[31.867,-0.481],[31.994,-0.321],[32.001,-0.255],[31.933,-0.158],[31.95,-0.132],[32.055,-0.057],[32.159,-0.04],[32.209,0.009],[32.258,-0.005],[32.287,0.021],[32.351,0.015],[32.413,0.089],[32.438,0.093],[32.449,0.056],[32.533,0.07],[32.564,0.099],[32.588,0.193],[32.647,0.253],[32.681,0.189],[32.711,0.179],[32.671,0.117],[32.779,0.119],[32.879,0.169],[32.915,0.096],[32.958,0.108],[33.07,0.193],[33.076,0.239],[33.137,0.252],[33.201,0.388],[33.187,0.428],[33.364,0.472],[33.332,0.369],[33.484,0.315],[33.485,0.293],[33.441,0.271],[33.483,0.218],[33.58,0.222],[33.64,0.3],[33.68,0.316],[33.713,0.308],[33.745,0.208],[33.861,0.185],[33.975,0.213],[33.974,0.089],[34.003,-0.024],[34.059,-0.081],[34.125,-0.091],[34.117,-0.163],[34.226,-0.259],[34.285,-0.35],[34.334,-0.337],[34.37,-0.243],[34.42,-0.196],[34.718,-0.092],[34.813,-0.276]],[[32.045,-2.243],[31.9,-2.284],[31.818,-2.192],[31.791,-2.234],[31.783,-2.321],[31.843,-2.381],[31.848,-2.454],[31.9,-2.443],[31.917,-2.372],[32.038,-2.351],[32.054,-2.328],[32.045,-2.243]],[[32.319,-0.337],[32.269,-0.29],[32.194,-0.332],[32.182,-0.235],[32.086,-0.231],[32.065,-0.254],[32.104,-0.322],[32.208,-0.363],[32.132,-0.525],[32.272,-0.472],[32.319,-0.337]],[[33.183,-2.116],[33.097,-1.965],[32.972,-1.973],[32.949,-1.902],[32.884,-1.904],[32.83,-1.937],[32.851,-2.061],[33.175,-2.159],[33.183,-2.116]],[[33.388,0.272],[33.318,0.298],[33.224,0.277],[33.218,0.19],[33.18,0.175],[33.184,0.15],[33.264,0.144],[33.339,0.08],[33.317,0.184],[33.372,0.216],[33.388,0.272]]]}},{"type":"Feature","properties":{"name":"Lake Baikal"},"geometry":{"type":"Polygon","coordinates":[[[109.857,55.446],[109.791,55.33],[109.75,55.185],[109.765,55.04],[109.646,54.807],[109.607,54.676],[109.544,54.629],[109.523,54.559],[109.49,54.38],[109.496,54.262],[109.554,54.174],[109.538,54.116],[109.5,54.061],[109.211,53.828],[109.204,53.679],[109.178,53.638],[109.03,53.639],[109.009,53.668],[109.061,53.831],[108.994,53.869],[108.944,53.862],[108.836,53.807],[108.532,53.513],[108.842,53.587],[108.921,53.566],[108.989,53.45],[108.982,53.393],[108.931,53.344],[108.768,53.281],[108.661,53.302],[108.392,53.163],[108.302,53.109],[108.335,53.038],[108.288,52.989],[108.007,52.837],[107.948,52.78],[107.763,52.714],[107.579,52.701],[107.387,52.648],[107.099,52.542],[106.938,52.475],[106.806,52.329],[106.752,52.317],[106.497,52.383],[106.314,52.323],[106.269,52.282],[106.258,52.231],[106.281,52.169],[106.187,51.956],[105.967,51.774],[105.798,51.701],[104.903,51.522],[104.826,51.49],[104.655,51.482],[104.156,51.535],[103.817,51.634],[103.713,51.694],[103.791,51.732],[104.133,51.769],[104.537,51.784],[104.663,51.806],[104.721,51.849],[104.812,51.87],[105.165,51.906],[105.57,52.108],[105.86,52.387],[106.06,52.512],[106.537,52.706],[106.881,52.973],[106.897,53.003],[106.873,53.029],[106.774,53.022],[106.852,53.103],[107.072,53.241],[107.535,53.439],[107.551,53.502],[107.627,53.611],[108.062,53.849],[108.224,53.976],[108.362,54.173],[108.473,54.277],[108.593,54.492],[108.786,54.672],[108.847,54.8],[108.933,54.898],[108.944,54.931],[108.917,54.951],[109.053,55.028],[109.171,55.194],[109.213,55.405],[109.193,55.536],[109.239,55.575],[109.576,55.771],[109.76,55.774],[109.847,55.755],[109.955,55.672],[109.861,55.575],[109.857,55.446]],[[107.795,53.393],[107.744,53.399],[107.584,53.283],[106.995,53.107],[106.96,53.078],[106.963,53.023],[107.438,53.103],[107.639,53.22],[107.767,53.267],[107.795,53.393]]]}},{"type":"Feature","properties":{"name":"Lake Winnipeg"},"geometry":{"type":"Polygon","coordinates":[[[-96.294,50.624],[-96.392,50.629],[-96.542,50.728],[-96.588,50.664],[-96.608,50.552],[-96.576,50.468],[-96.683,50.398],[-96.866,50.418],[-96.931,50.461],[-96.983,50.683],[-96.938,51.06],[-96.841,51.128],[-96.774,51.221],[-96.693,51.255],[-96.627,51.324],[-96.631,51.343],[-96.725,51.366],[-96.908,51.206],[-96.979,51.204],[-96.982,51.251],[-96.742,51.554],[-96.736,51.593],[-96.797,51.626],[-96.826,51.71],[-96.881,51.724],[-97.106,51.642],[-97.141,51.502],[-97.253,51.444],[-97.289,51.593],[-97.24,51.766],[-97.25,51.865],[-97.357,52.04],[-97.496,52.001],[-97.55,51.925],[-97.573,51.924],[-97.6,51.988],[-97.526,52.061],[-97.497,52.133],[-97.743,52.135],[-97.774,52.109],[-97.729,52.088],[-97.735,52.045],[-97.792,51.914],[-97.823,51.889],[-97.963,51.927],[-98.036,51.981],[-98.045,52.052],[-98.139,52.162],[-98.188,52.28],[-98.429,52.382],[-98.469,52.486],[-98.809,52.725],[-98.82,52.783],[-98.896,52.856],[-98.895,52.916],[-98.46,53.044],[-98.696,53.082],[-98.99,53.048],[-99.23,53.185],[-99.202,53.353],[-99.042,53.557],[-98.983,53.718],[-99.001,53.754],[-98.929,53.867],[-98.811,53.897],[-98.613,53.843],[-98.299,53.834],[-98.009,53.71],[-97.91,53.7],[-97.9,53.738],[-98.261,53.912],[-98.299,53.965],[-98.297,54.018],[-98.021,54.41],[-97.932,54.375],[-97.983,54.316],[-97.82,54.3],[-97.864,54.265],[-98.083,54.202],[-98.213,54.025],[-98.192,53.994],[-98.061,53.931],[-98.001,54.002],[-97.811,54.042],[-97.734,54.081],[-97.762,54.013],[-97.977,53.969],[-97.832,53.736],[-97.828,53.641],[-97.707,53.515],[-97.582,53.291],[-97.475,53.201],[-97.437,53.119],[-97.352,53.026],[-97.376,52.98],[-97.424,52.965],[-97.398,52.879],[-97.333,52.784],[-97.198,52.673],[-97.002,52.269],[-97.019,52.204],[-96.986,52.133],[-96.835,51.942],[-96.844,51.866],[-96.769,51.855],[-96.707,51.815],[-96.689,51.791],[-96.706,51.773],[-96.757,51.763],[-96.722,51.704],[-96.601,51.596],[-96.495,51.413],[-96.29,51.251],[-96.288,51.208],[-96.337,51.179],[-96.394,51.088],[-96.403,51.02],[-96.357,50.76],[-96.373,50.729],[-96.294,50.624]],[[-97.887,52.358],[-97.944,52.531],[-97.995,52.542],[-98.046,52.46],[-98.043,52.398],[-97.978,52.315],[-97.887,52.358]],[[-96.598,51.188],[-96.709,51.199],[-96.782,51.092],[-96.842,51.066],[-96.845,51.027],[-96.762,51.01],[-96.68,51.041],[-96.598,51.188]]]}},{"type":"Feature","properties":{"name":"Great Slave Lake"},"geometry":{"type":"Polygon","coordinates":[[[-108.919,62.788],[-108.993,62.739],[-109.006,62.69],[-109.252,62.597],[-109.292,62.603],[-109.263,62.657],[-109.301,62.717],[-109.396,62.739],[-109.747,62.798],[-110.284,62.827],[-110.662,62.829],[-110.756,62.763],[-111.269,62.661],[-111.294,62.634],[-111.272,62.617],[-110.836,62.666],[-110.536,62.66],[-110.411,62.685],[-109.864,62.673],[-109.735,62.65],[-109.958,62.576],[-110.101,62.557],[-110.263,62.571],[-110.455,62.542],[-110.764,62.546],[-110.78,62.538],[-110.683,62.516],[-110.647,62.482],[-110.705,62.395],[-110.95,62.403],[-111.06,62.381],[-111.294,62.281],[-111.307,62.233],[-111.587,62.129],[-111.591,62.098],[-111.638,62.059],[-111.509,62.065],[-111.502,62.049],[-111.62,61.95],[-112.09,61.736],[-112.208,61.624],[-112.676,61.463],[-112.969,61.39],[-113.001,61.405],[-113.007,61.449],[-113.091,61.484],[-113.359,61.445],[-113.677,61.301],[-113.704,61.246],[-113.691,61.189],[-113.729,61.172],[-113.648,61.157],[-113.63,61.106],[-113.729,61.028],[-113.832,60.997],[-113.973,60.979],[-114.173,61.006],[-114.727,60.907],[-114.913,60.91],[-115.333,60.845],[-115.877,60.848],[-116.425,60.953],[-116.528,61.029],[-116.612,61.017],[-117.226,61.075],[-117.505,61.24],[-117.668,61.308],[-117.067,61.15],[-116.738,61.224],[-116.726,61.241],[-116.797,61.298],[-116.763,61.329],[-116.199,61.266],[-115.95,61.183],[-115.98,61.245],[-115.858,61.302],[-116.039,61.381],[-115.918,61.423],[-115.827,61.411],[-115.717,61.44],[-115.752,61.481],[-115.745,61.511],[-115.658,61.641],[-115.571,61.687],[-115.557,61.74],[-115.337,61.778],[-115.215,61.773],[-115.162,61.736],[-114.845,61.768],[-114.636,61.869],[-114.667,61.935],[-114.724,61.937],[-114.848,62.032],[-115.033,62.099],[-115.053,62.119],[-115.045,62.174],[-115.167,62.244],[-115.29,62.237],[-115.307,62.254],[-115.254,62.329],[-115.309,62.371],[-115.271,62.467],[-115.289,62.482],[-115.701,62.485],[-115.809,62.599],[-115.992,62.682],[-116.038,62.726],[-116.004,62.766],[-115.913,62.764],[-115.763,62.72],[-115.738,62.696],[-115.754,62.667],[-115.724,62.66],[-115.289,62.607],[-115.165,62.519],[-114.902,62.466],[-114.714,62.376],[-114.625,62.359],[-114.437,62.373],[-114.284,62.413],[-114.227,62.385],[-114.247,62.326],[-114.224,62.312],[-114.155,62.279],[-114.023,62.268],[-113.574,62.019],[-113.309,62.005],[-113.037,62.019],[-112.923,62.073],[-112.892,62.037],[-112.529,62.074],[-112.302,62.134],[-111.78,62.368],[-111.7,62.42],[-111.593,62.541],[-111.551,62.556],[-111.478,62.661],[-111.393,62.722],[-111.081,62.835],[-110.673,62.927],[-110.056,62.952],[-109.046,62.829],[-108.919,62.788]],[[-111.668,62.123],[-111.828,62.113],[-112.071,61.974],[-112.306,61.916],[-112.971,61.832],[-113.011,61.809],[-112.92,61.762],[-112.754,61.764],[-112.73,61.65],[-112.69,61.605],[-112.596,61.584],[-112.455,61.605],[-112.331,61.65],[-112.248,61.756],[-112.137,61.837],[-111.927,61.916],[-111.787,62.002],[-111.745,62.081],[-111.668,62.123]]]}},{"type":"Feature","properties":{"name":"Lake Ontario"},"geometry":{"type":"Polygon","coordinates":[[[-75.776,44.459],[-75.832,44.397],[-76.352,44.106],[-76.306,44.043],[-76.173,44.079],[-76.154,44.045],[-76.192,44.003],[-76.071,43.998],[-76.198,43.874],[-76.236,43.871],[-76.233,43.895],[-76.285,43.869],[-76.218,43.758],[-76.203,43.575],[-76.232,43.55],[-76.473,43.507],[-76.722,43.343],[-76.885,43.314],[-76.963,43.264],[-77.271,43.295],[-77.529,43.267],[-77.625,43.279],[-77.838,43.357],[-78.175,43.395],[-78.689,43.361],[-79.053,43.285],[-79.338,43.198],[-79.728,43.253],[-79.773,43.301],[-79.569,43.578],[-79.48,43.636],[-79.396,43.645],[-79.303,43.69],[-79.061,43.835],[-78.186,43.966],[-77.726,44.009],[-77.682,44.045],[-77.549,44.025],[-77.568,44.008],[-77.503,43.963],[-77.259,43.964],[-77.315,43.947],[-77.267,43.922],[-77.19,43.948],[-77.219,43.9],[-77.208,43.876],[-77.054,43.883],[-76.879,43.943],[-76.87,43.965],[-77.044,43.952],[-76.863,44.1],[-77.103,44.046],[-77.117,44.079],[-77.083,44.148],[-77.115,44.173],[-77.271,44.139],[-77.296,44.098],[-77.332,44.104],[-77.314,44.143],[-77.333,44.153],[-77.584,44.094],[-77.547,44.124],[-77.251,44.189],[-77.203,44.175],[-77.059,44.205],[-77.02,44.197],[-77.033,44.156],[-77.01,44.153],[-76.896,44.188],[-77.021,44.133],[-77.062,44.091],[-76.992,44.074],[-76.688,44.218],[-76.408,44.262],[-75.942,44.411],[-75.831,44.49],[-75.787,44.484],[-75.776,44.459]],[[-76.643,44.199],[-76.809,44.14],[-76.731,44.127],[-76.688,44.138],[-76.643,44.199]],[[-76.262,43.99],[-76.231,44.029],[-76.26,44.022],[-76.262,43.99]],[[-76.227,44.254],[-76.43,44.227],[-76.483,44.179],[-76.485,44.128],[-76.423,44.122],[-76.33,44.208],[-76.237,44.233],[-76.227,44.254]],[[-76.119,44.306],[-76.15,44.281],[-76.143,44.269],[-76.081,44.295],[-76.119,44.306]]]}},{"type":"Feature","properties":{"name":"Great Bear Lake"},"geometry":{"type":"Polygon","coordinates":[[[-117.542,66.483],[-117.514,66.46],[-117.674,66.336],[-117.68,66.253],[-117.987,66.105],[-117.907,66.067],[-117.924,66.044],[-118.073,66.036],[-118.199,65.905],[-118.209,65.856],[-118.157,65.831],[-117.846,65.84],[-117.901,65.8],[-117.903,65.764],[-117.943,65.723],[-118.264,65.67],[-118.453,65.683],[-118.569,65.644],[-118.944,65.784],[-119.619,65.782],[-119.705,65.752],[-119.698,65.714],[-119.974,65.617],[-119.988,65.586],[-119.541,65.408],[-119.509,65.368],[-119.556,65.344],[-119.885,65.325],[-120.159,65.176],[-121.073,64.9],[-121.23,64.827],[-121.367,64.834],[-121.471,64.879],[-121.48,64.933],[-121.397,64.969],[-121.089,65.004],[-121.003,65.038],[-120.991,65.082],[-120.55,65.289],[-120.406,65.411],[-120.368,65.509],[-120.383,65.557],[-120.663,65.605],[-120.978,65.553],[-121.368,65.435],[-121.548,65.364],[-121.606,65.229],[-121.615,65.093],[-122.04,64.961],[-123.446,65.116],[-123.472,65.152],[-123.444,65.185],[-122.853,65.278],[-122.767,65.342],[-122.769,65.409],[-122.887,65.487],[-122.374,65.657],[-122.206,65.753],[-122.164,65.817],[-122.531,65.944],[-122.549,65.986],[-122.387,66.007],[-121.772,65.948],[-121.475,65.957],[-121.293,66.001],[-121.249,66.054],[-121.278,66.092],[-122.11,66.234],[-123.016,66.255],[-122.993,66.173],[-123.092,66.1],[-123.116,66.054],[-123.198,66.104],[-123.396,66.135],[-123.77,66.125],[-124.499,66.153],[-124.59,66.11],[-124.574,66.056],[-124.59,66.016],[-124.642,66.007],[-124.732,66.04],[-124.817,65.941],[-124.963,66.01],[-125.09,66.157],[-125.063,66.248],[-124.806,66.28],[-124.525,66.276],[-123.56,66.427],[-123.177,66.517],[-123.146,66.511],[-123.143,66.483],[-123.088,66.473],[-122.844,66.533],[-122.529,66.56],[-122.523,66.599],[-122.344,66.583],[-121.98,66.636],[-121.528,66.719],[-121.233,66.832],[-119.878,67.029],[-119.755,66.99],[-119.097,66.909],[-119.252,66.829],[-119.568,66.746],[-120.084,66.654],[-120.13,66.6],[-120.33,66.537],[-120.325,66.47],[-120.478,66.422],[-120.445,66.395],[-120.016,66.38],[-119.722,66.311],[-119.592,66.307],[-119.489,66.338],[-118.756,66.331],[-118.337,66.399],[-118.192,66.515],[-118.004,66.601],[-117.696,66.658],[-117.691,66.596],[-117.864,66.461],[-117.842,66.424],[-117.542,66.483]]]}},{"type":"Feature","properties":{"name":"Lake Saint Clair"},"geometry":{"type":"Polygon","coordinates":[[[-83.105,42.286],[-83.063,42.323],[-82.902,42.394],[-82.87,42.519],[-82.784,42.613],[-82.804,42.639],[-82.733,42.69],[-82.65,42.687],[-82.63,42.595],[-82.645,42.558],[-82.613,42.525],[-82.432,42.498],[-82.418,42.472],[-82.428,42.367],[-82.516,42.322],[-82.971,42.327],[-83.076,42.275],[-83.105,42.286]]]}},{"type":"Feature","properties":{"name":"Vänern"},"geometry":{"type":"Polygon","coordinates":[[[14.083,59.1],[14.091,59.079],[14.072,59.028],[13.993,58.986],[13.975,58.865],[13.8,58.722],[13.358,58.617],[13.24,58.515],[13.148,58.521],[13.148,58.597],[13.041,58.604],[12.624,58.382],[12.551,58.379],[12.571,58.432],[12.507,58.397],[12.335,58.374],[12.313,58.395],[12.329,58.434],[12.488,58.513],[12.607,58.617],[12.611,58.641],[12.525,58.661],[12.5,58.764],[12.425,58.801],[12.474,58.84],[12.469,58.935],[12.51,58.901],[12.535,58.832],[12.576,58.826],[12.708,59.036],[12.818,59.082],[13.041,59.014],[13.122,58.921],[13.236,58.905],[13.221,58.993],[13.103,59.255],[13.155,59.353],[13.246,59.31],[13.278,59.357],[13.68,59.39],[13.72,59.378],[13.752,59.331],[14.028,59.32],[14.056,59.29],[14.047,59.241],[13.931,59.09],[13.945,59.067],[14.083,59.1]]]}},{"type":"Feature","properties":{"name":"Lake Okeechobee"},"geometry":{"type":"Polygon","coordinates":[[[-80.743,26.697],[-80.784,26.691],[-80.896,26.752],[-80.979,26.856],[-81.071,26.917],[-81.081,26.956],[-80.87,27.147],[-80.759,27.182],[-80.654,27.054],[-80.621,26.949],[-80.629,26.887],[-80.743,26.697]]]}},{"type":"Feature","properties":{"name":"Lago de Nicaragua"},"geometry":{"type":"Polygon","coordinates":[[[-84.769,11.118],[-84.803,11.065],[-84.897,11.035],[-85.411,11.174],[-85.684,11.317],[-85.798,11.483],[-85.864,11.664],[-85.899,11.702],[-85.912,12.003],[-85.871,12.098],[-85.798,12.107],[-85.676,12.064],[-85.259,11.783],[-85.009,11.527],[-84.814,11.26],[-84.769,11.118]]]}},{"type":"Feature","properties":{"name":"Lake Tana"},"geometry":{"type":"Polygon","coordinates":[[[37.253,11.82],[37.169,11.817],[37.113,11.855],[37.058,11.834],[37.002,11.907],[37.028,12.165],[37.096,12.266],[37.269,12.224],[37.333,12.272],[37.46,12.303],[37.555,12.223],[37.592,12.117],[37.577,12.018],[37.387,11.632],[37.327,11.636],[37.301,11.668],[37.322,11.709],[37.253,11.82]]]}},{"type":"Feature","properties":{"name":"Lago Titicaca"},"geometry":{"type":"Polygon","coordinates":[[[-69.483,-16.182],[-69.449,-16.112],[-69.447,-16.029],[-69.627,-15.967],[-69.834,-15.819],[-69.854,-15.841],[-69.845,-15.92],[-70.011,-15.828],[-70.017,-15.733],[-69.956,-15.646],[-69.921,-15.634],[-69.798,-15.693],[-69.938,-15.399],[-69.833,-15.31],[-69.687,-15.264],[-69.625,-15.344],[-69.541,-15.372],[-69.449,-15.474],[-69.361,-15.511],[-69.299,-15.621],[-69.039,-15.796],[-69.014,-15.91],[-68.796,-15.972],[-68.889,-16.084],[-68.829,-16.19],[-68.635,-16.221],[-68.593,-16.239],[-68.586,-16.288],[-68.693,-16.326],[-68.787,-16.407],[-68.906,-16.424],[-68.928,-16.448],[-68.868,-16.5],[-68.856,-16.547],[-68.871,-16.589],[-68.904,-16.589],[-69.076,-16.521],[-69.098,-16.483],[-69.052,-16.417],[-69.044,-16.281],[-68.946,-16.223],[-68.885,-16.241],[-68.891,-16.206],[-69.077,-16.081],[-69.103,-16.087],[-69.136,-16.232],[-69.222,-16.254],[-69.483,-16.182]]]}},{"type":"Feature","properties":{"name":"Cedar Lake"},"geometry":{"type":"Polygon","coordinates":[[[-99.33,53.159],[-99.389,53.131],[-99.403,53.074],[-99.459,53.053],[-99.539,53.067],[-99.538,53.097],[-99.638,53.188],[-99.657,53.145],[-99.972,53.098],[-100.2,53.152],[-100.412,53.27],[-100.842,53.426],[-100.891,53.471],[-100.855,53.501],[-100.604,53.498],[-100.592,53.519],[-100.634,53.569],[-100.323,53.593],[-100.324,53.669],[-100.432,53.79],[-100.413,53.822],[-100.33,53.865],[-100.347,53.898],[-100.474,53.896],[-100.506,53.917],[-100.483,53.95],[-100.303,53.973],[-100.306,54.098],[-100.35,54.215],[-100.244,54.211],[-100.163,54.252],[-100.122,54.246],[-99.994,54.192],[-99.869,54.186],[-100.226,54.015],[-100.105,53.971],[-100.094,53.941],[-100.14,53.883],[-100.141,53.846],[-99.963,53.876],[-99.66,54.034],[-99.617,54.043],[-99.602,54.011],[-99.776,53.835],[-99.908,53.827],[-99.926,53.76],[-100.076,53.694],[-100.17,53.679],[-100.219,53.632],[-99.976,53.491],[-99.929,53.407],[-99.94,53.332],[-99.894,53.255],[-99.839,53.245],[-99.693,53.299],[-99.437,53.337],[-99.411,53.311],[-99.405,53.257],[-99.33,53.159]]]}},{"type":"Feature","properties":{"name":"Lake Onega"},"geometry":{"type":"Polygon","coordinates":[[[36.425,61.349],[36.371,61.257],[36.395,61.206],[36.364,61.16],[36.099,61.063],[35.88,60.948],[35.91,60.902],[35.855,60.871],[35.551,60.938],[35.4,61.04],[35.133,61.007],[35.093,61.045],[34.942,61.07],[34.846,61.027],[34.802,61.074],[34.797,61.123],[34.838,61.194],[34.887,61.206],[35.157,61.194],[35.231,61.165],[35.078,61.151],[35.053,61.141],[35.062,61.126],[35.142,61.077],[35.441,61.063],[35.527,61.023],[35.583,61.034],[35.632,61.108],[35.629,61.15],[35.578,61.246],[35.457,61.356],[35.154,61.485],[34.63,61.654],[34.388,61.796],[34.315,61.869],[34.531,61.812],[34.583,61.846],[34.586,61.938],[34.537,61.999],[34.255,62.169],[34.257,62.262],[34.165,62.339],[33.978,62.408],[33.944,62.5],[34.003,62.516],[34.054,62.495],[34.328,62.264],[34.343,62.199],[34.514,62.12],[34.636,62.095],[34.653,62.109],[34.632,62.182],[34.658,62.245],[34.609,62.339],[34.682,62.339],[34.696,62.365],[34.52,62.542],[34.557,62.54],[34.841,62.31],[34.892,62.187],[35.029,62.078],[35.115,62.054],[35.168,62.097],[35.046,62.229],[35.341,62.149],[35.387,62.158],[35.554,62.236],[35.567,62.287],[35.54,62.354],[35.352,62.523],[35.147,62.559],[34.943,62.643],[34.839,62.591],[34.739,62.621],[34.621,62.712],[34.48,62.874],[34.489,62.904],[34.533,62.916],[34.703,62.844],[34.91,62.815],[35.464,62.604],[35.504,62.625],[35.74,62.52],[35.803,62.461],[35.823,62.352],[35.73,62.139],[35.674,62.079],[35.689,62.04],[35.818,61.951],[35.871,61.855],[36.109,61.611],[36.247,61.493],[36.419,61.392],[36.425,61.349]],[[35.339,62.033],[35.308,62.077],[35.252,62.08],[35.196,61.988],[35.16,61.859],[35.202,61.839],[35.274,61.87],[35.326,61.935],[35.339,62.033]]]}},{"type":"Feature","properties":{"name":"Great Salt Lake"},"geometry":{"type":"Polygon","coordinates":[[[-111.961,40.942],[-112.097,40.881],[-112.19,40.769],[-112.332,40.699],[-112.37,40.701],[-112.478,40.943],[-112.546,40.839],[-112.58,40.849],[-112.728,41.019],[-112.814,41.224],[-112.961,41.377],[-113.014,41.597],[-112.844,41.657],[-112.742,41.659],[-112.707,41.603],[-112.738,41.537],[-112.604,41.431],[-112.527,41.421],[-112.437,41.219],[-112.366,41.248],[-112.402,41.432],[-112.374,41.457],[-112.243,41.393],[-112.064,41.4],[-112.076,41.347],[-112.241,41.345],[-112.304,41.283],[-112.083,41.065],[-111.974,41.002],[-111.961,40.942]],[[-112.156,40.956],[-112.198,41.056],[-112.236,41.069],[-112.263,41.058],[-112.25,40.964],[-112.171,40.875],[-112.156,40.956]]]}},{"type":"Feature","properties":{"name":"Lake Michigan"},"geometry":{"type":"Polygon","coordinates":[[[-84.981,45.767],[-84.955,45.743],[-84.977,45.707],[-85.088,45.605],[-85.088,45.507],[-85.055,45.467],[-84.93,45.413],[-85.223,45.356],[-85.376,45.277],[-85.389,45.033],[-85.485,44.84],[-85.549,44.772],[-85.494,44.994],[-85.534,44.976],[-85.593,44.816],[-85.623,44.804],[-85.647,44.838],[-85.566,45.207],[-85.617,45.193],[-85.858,44.962],[-85.91,44.976],[-86.058,44.916],[-86.088,44.794],[-86.126,44.748],[-86.259,44.699],[-86.242,44.551],[-86.296,44.331],[-86.521,44.055],[-86.449,43.924],[-86.438,43.813],[-86.542,43.637],[-86.329,43.224],[-86.222,42.9],[-86.26,42.531],[-86.407,42.224],[-86.632,41.911],[-86.798,41.789],[-87.159,41.646],[-87.356,41.643],[-87.515,41.721],[-87.557,41.766],[-87.695,42.084],[-87.797,42.211],[-87.812,42.543],[-87.781,42.753],[-87.846,42.953],[-87.888,43.012],[-87.902,43.245],[-87.801,43.538],[-87.7,43.724],[-87.729,43.851],[-87.7,43.977],[-87.603,44.125],[-87.535,44.174],[-87.512,44.23],[-87.536,44.293],[-87.527,44.386],[-87.487,44.509],[-87.337,44.776],[-87.42,44.866],[-87.604,44.847],[-87.788,44.652],[-87.969,44.552],[-88.019,44.571],[-88.028,44.618],[-87.952,44.764],[-87.83,44.942],[-87.627,45.032],[-87.593,45.178],[-87.399,45.365],[-87.154,45.677],[-87.114,45.692],[-86.982,45.917],[-86.993,45.79],[-86.974,45.723],[-86.938,45.7],[-86.884,45.721],[-86.754,45.859],[-86.661,45.852],[-86.563,45.883],[-86.559,45.806],[-86.65,45.757],[-86.691,45.701],[-86.69,45.657],[-86.622,45.623],[-86.601,45.682],[-86.527,45.753],[-86.351,45.831],[-86.272,45.937],[-86.123,45.969],[-85.914,45.941],[-85.903,45.964],[-85.615,46.02],[-85.555,46.078],[-85.479,46.108],[-85.386,46.109],[-85.101,46.046],[-84.972,45.989],[-84.757,45.863],[-84.763,45.792],[-84.981,45.767]],[[-85.539,45.775],[-85.573,45.738],[-85.612,45.609],[-85.586,45.598],[-85.509,45.624],[-85.492,45.76],[-85.539,45.775]],[[-86.038,45.103],[-85.988,45.088],[-85.98,45.132],[-86.052,45.156],[-86.038,45.103]],[[-86.938,45.426],[-86.967,45.368],[-86.947,45.346],[-86.862,45.352],[-86.862,45.409],[-86.938,45.426]],[[-87.166,45.19],[-87.259,45.138],[-87.316,45.031],[-87.396,44.954],[-87.398,44.903],[-87.355,44.839],[-87.28,44.835],[-87.188,44.922],[-87.141,45.041],[-87.059,45.102],[-87.084,45.154],[-87.057,45.151],[-87.054,45.218],[-86.992,45.241],[-86.986,45.275],[-87.049,45.303],[-87.166,45.19]]]}},{"type":"Feature","properties":{"name":"Lake Superior"},"geometry":{"type":"Polygon","coordinates":[[[-84.344,46.531],[-84.358,46.505],[-84.528,46.436],[-84.592,46.443],[-84.635,46.482],[-84.851,46.469],[-85.034,46.506],[-85.049,46.524],[-85.015,46.686],[-84.968,46.771],[-85.015,46.783],[-85.616,46.691],[-85.804,46.704],[-86.132,46.687],[-86.403,46.588],[-86.637,46.453],[-86.733,46.49],[-86.851,46.47],[-86.914,46.483],[-87.034,46.543],[-87.171,46.514],[-87.358,46.524],[-87.394,46.59],[-87.637,46.827],[-87.778,46.888],[-88.216,46.952],[-88.383,46.874],[-88.449,46.802],[-88.476,46.837],[-88.466,47.013],[-88.504,47.035],[-88.543,47.122],[-88.633,47.167],[-88.65,47.232],[-88.83,47.146],[-88.948,47.043],[-89.155,46.989],[-89.355,46.882],[-89.695,46.839],[-89.861,46.793],[-90.154,46.654],[-90.469,46.584],[-90.737,46.689],[-90.77,46.645],[-90.923,46.603],[-90.944,46.619],[-90.886,46.677],[-90.865,46.761],[-90.768,46.908],[-90.84,46.962],[-90.946,46.954],[-91.127,46.868],[-91.218,46.886],[-91.499,46.766],[-91.836,46.702],[-91.987,46.699],[-92.107,46.762],[-92.065,46.819],[-91.645,47.05],[-90.847,47.585],[-90.597,47.688],[-89.829,47.901],[-89.547,48.013],[-89.438,48.099],[-89.345,48.121],[-89.221,48.311],[-89.225,48.418],[-89.201,48.451],[-88.775,48.583],[-88.876,48.381],[-88.933,48.335],[-88.734,48.384],[-88.706,48.476],[-88.654,48.517],[-88.625,48.599],[-88.55,48.658],[-88.535,48.786],[-88.503,48.833],[-88.395,48.845],[-88.352,48.821],[-88.323,48.738],[-88.394,48.656],[-88.567,48.528],[-88.585,48.492],[-88.559,48.447],[-88.501,48.467],[-88.444,48.56],[-88.233,48.597],[-88.138,48.683],[-88.109,48.776],[-88.224,48.867],[-88.264,48.974],[-88.07,49.001],[-87.224,48.776],[-86.82,48.773],[-86.693,48.808],[-86.581,48.753],[-86.432,48.758],[-86.283,48.598],[-86.104,48.21],[-85.914,48.03],[-85.778,47.97],[-85.615,47.941],[-84.855,47.95],[-84.847,47.928],[-84.915,47.855],[-84.922,47.793],[-85.014,47.639],[-84.936,47.54],[-84.716,47.427],[-84.594,47.32],[-84.72,47.142],[-84.712,47.12],[-84.775,47.004],[-84.625,46.922],[-84.488,46.944],[-84.385,46.906],[-84.367,46.88],[-84.382,46.853],[-84.485,46.848],[-84.553,46.806],[-84.561,46.73],[-84.54,46.697],[-84.488,46.744],[-84.438,46.723],[-84.569,46.577],[-84.568,46.543],[-84.501,46.483],[-84.432,46.522],[-84.344,46.531]],[[-90.761,46.937],[-90.708,46.927],[-90.738,46.962],[-90.756,46.965],[-90.761,46.937]],[[-90.589,46.855],[-90.596,46.869],[-90.752,46.814],[-90.792,46.772],[-90.711,46.783],[-90.589,46.855]],[[-90.543,46.963],[-90.65,46.937],[-90.652,46.922],[-90.547,46.919],[-90.543,46.963]],[[-90.422,47.071],[-90.447,47.066],[-90.472,47.018],[-90.41,47.044],[-90.422,47.071]],[[-88.087,48.808],[-88.057,48.717],[-87.941,48.757],[-87.816,48.768],[-87.765,48.841],[-87.915,48.865],[-88.057,48.837],[-88.087,48.808]],[[-88.625,48.042],[-88.581,48.111],[-88.485,48.167],[-88.588,48.158],[-89.147,47.953],[-89.2,47.917],[-89.169,47.917],[-89.195,47.852],[-89.082,47.851],[-88.97,47.881],[-88.924,47.905],[-88.96,47.909],[-88.955,47.926],[-88.625,48.042]],[[-87.741,47.434],[-87.878,47.484],[-88.11,47.473],[-88.32,47.421],[-88.562,47.272],[-88.616,47.174],[-88.574,47.143],[-88.434,47.122],[-88.454,47.152],[-88.417,47.191],[-88.409,47.131],[-88.468,47.077],[-88.469,47.048],[-88.439,47.011],[-88.402,47.019],[-88.237,47.159],[-88.222,47.211],[-87.975,47.355],[-88.021,47.392],[-87.741,47.434]],[[-87.622,48.757],[-87.626,48.78],[-87.702,48.841],[-87.748,48.835],[-87.744,48.764],[-87.622,48.757]],[[-85.596,47.757],[-85.641,47.782],[-85.765,47.807],[-85.883,47.791],[-85.951,47.747],[-85.859,47.719],[-85.596,47.757]]]}},{"type":"Feature","properties":{"name":"Lake Huron"},"geometry":{"type":"Polygon","coordinates":[[[-84.165,46.563],[-84.087,46.507],[-84.109,46.393],[-84.092,46.361],[-83.459,46.238],[-83.025,46.181],[-82.719,46.207],[-82.638,46.172],[-82.35,46.193],[-82.318,46.163],[-82.196,46.134],[-81.769,46.104],[-81.765,46.058],[-81.615,46.119],[-81.542,46.075],[-81.64,46.04],[-81.597,46.012],[-81.627,45.978],[-81.597,45.967],[-81.449,45.994],[-81.237,45.974],[-81.174,46.016],[-81.16,45.955],[-81.097,45.942],[-80.818,45.951],[-80.713,45.858],[-80.511,45.59],[-80.444,45.584],[-80.429,45.625],[-80.414,45.62],[-80.389,45.574],[-80.385,45.458],[-80.35,45.399],[-80.177,45.344],[-80.176,45.397],[-80.057,45.375],[-80.05,45.301],[-80.111,45.259],[-80.121,45.223],[-80.108,45.201],[-80.049,45.204],[-80.006,45.153],[-80.086,45.109],[-79.946,45.017],[-79.902,44.957],[-79.828,44.936],[-79.772,44.819],[-79.75,44.815],[-79.732,44.863],[-79.696,44.875],[-79.709,44.791],[-79.678,44.769],[-79.827,44.768],[-79.925,44.813],[-79.93,44.863],[-80.108,44.807],[-80.108,44.775],[-80.021,44.71],[-79.997,44.652],[-80.008,44.572],[-80.037,44.517],[-80.085,44.489],[-80.46,44.578],[-80.593,44.639],[-80.67,44.727],[-80.79,44.7],[-80.91,44.618],[-80.925,44.633],[-80.895,44.781],[-80.963,44.809],[-81.13,44.77],[-81.006,44.876],[-80.973,44.97],[-81.032,44.957],[-81.074,44.914],[-81.134,44.918],[-81.138,44.968],[-81.26,45.028],[-81.264,45.081],[-81.313,45.156],[-81.285,45.241],[-81.697,45.251],[-81.706,45.223],[-81.59,45.166],[-81.451,45.015],[-81.355,44.978],[-81.358,44.911],[-81.278,44.79],[-81.278,44.644],[-81.402,44.461],[-81.565,44.36],[-81.609,44.253],[-81.708,44.131],[-81.732,44.06],[-81.713,43.474],[-81.785,43.327],[-82.181,43.085],[-82.417,43.017],[-82.461,43.081],[-82.663,43.854],[-82.716,43.939],[-82.878,44.048],[-82.995,44.061],[-83.383,43.924],[-83.353,43.879],[-83.469,43.731],[-83.573,43.697],[-83.622,43.636],[-83.668,43.621],[-83.848,43.664],[-83.938,43.738],[-83.922,43.875],[-83.879,43.963],[-83.614,44.058],[-83.512,44.271],[-83.463,44.265],[-83.331,44.375],[-83.3,44.785],[-83.328,44.869],[-83.452,44.992],[-83.426,45.059],[-83.279,45.047],[-83.316,45.093],[-83.331,45.164],[-83.396,45.221],[-83.397,45.274],[-83.479,45.339],[-83.918,45.486],[-84.073,45.509],[-84.128,45.532],[-84.242,45.644],[-84.441,45.676],[-84.763,45.792],[-84.757,45.863],[-84.713,45.871],[-84.725,45.958],[-84.675,46.033],[-84.632,46.053],[-84.55,46.029],[-84.521,45.995],[-84.341,46.0],[-83.979,45.962],[-83.901,45.981],[-83.917,46.021],[-84.041,46.088],[-84.035,46.137],[-84.055,46.159],[-84.248,46.203],[-84.204,46.247],[-84.202,46.283],[-84.255,46.408],[-84.358,46.505],[-84.344,46.531],[-84.165,46.563]],[[-83.437,45.963],[-83.48,45.907],[-83.387,45.869],[-83.332,45.88],[-83.269,45.947],[-83.345,45.993],[-83.437,45.963]],[[-83.608,46.097],[-83.684,46.106],[-83.699,46.096],[-83.683,46.057],[-83.715,46.038],[-83.82,46.005],[-83.871,46.017],[-83.875,45.991],[-83.823,45.956],[-83.588,45.941],[-83.518,45.958],[-83.494,45.991],[-83.608,46.097]],[[-83.795,46.214],[-83.822,46.253],[-83.971,46.303],[-84.061,46.31],[-84.097,46.288],[-83.979,46.109],[-83.907,46.097],[-83.876,46.148],[-83.829,46.148],[-83.795,46.214]],[[-84.196,46.303],[-84.185,46.279],[-84.121,46.246],[-84.12,46.285],[-84.169,46.324],[-84.196,46.303]],[[-84.164,46.41],[-84.142,46.531],[-84.216,46.536],[-84.274,46.488],[-84.189,46.36],[-84.133,46.341],[-84.164,46.41]],[[-84.557,45.82],[-84.563,45.804],[-84.487,45.754],[-84.412,45.736],[-84.375,45.765],[-84.429,45.807],[-84.557,45.82]],[[-82.937,45.811],[-82.626,45.772],[-82.323,45.684],[-82.055,45.561],[-81.821,45.692],[-81.76,45.698],[-81.865,45.611],[-81.977,45.57],[-81.881,45.535],[-81.755,45.591],[-81.593,45.792],[-81.685,45.801],[-81.699,45.815],[-81.665,45.872],[-81.675,45.896],[-81.698,45.894],[-81.804,45.743],[-81.838,45.788],[-81.841,45.885],[-81.879,45.892],[-81.939,45.979],[-82.055,45.955],[-82.143,45.869],[-82.175,45.871],[-82.236,45.946],[-82.268,45.936],[-82.295,45.973],[-82.332,45.982],[-82.463,45.934],[-82.527,45.939],[-82.58,45.896],[-82.56,45.86],[-82.52,45.849],[-82.531,45.806],[-82.66,45.86],[-82.765,45.858],[-82.823,45.91],[-82.821,45.977],[-82.845,45.99],[-82.965,45.945],[-83.035,45.957],[-83.097,45.935],[-83.176,45.969],[-83.216,45.933],[-83.222,45.902],[-83.16,45.875],[-82.937,45.811]],[[-81.735,45.531],[-81.837,45.484],[-81.788,45.466],[-81.713,45.526],[-81.735,45.531]],[[-80.171,44.865],[-80.236,44.865],[-80.216,44.823],[-80.173,44.796],[-80.171,44.865]]]}},{"type":"Feature","properties":{"name":"Lago Madre"},"geometry":{"type":"Polygon","coordinates":[[[-97.537,25.082],[-97.687,24.476],[-97.758,23.915],[-97.775,24.082],[-97.741,24.391],[-97.768,24.436],[-97.805,24.444],[-97.833,24.517],[-97.8,24.546],[-97.725,24.501],[-97.689,24.663],[-97.703,24.845],[-97.643,24.908],[-97.729,24.994],[-97.7,25.201],[-97.754,25.257],[-97.654,25.365],[-97.611,25.326],[-97.543,25.312],[-97.508,25.447],[-97.438,25.406],[-97.427,25.354],[-97.537,25.082]]]}},{"type":"Feature","properties":{"name":"Wollaston Lake"},"geometry":{"type":"Polygon","coordinates":[[[-102.911,58.323],[-102.982,58.275],[-103.001,58.243],[-102.939,58.198],[-102.941,58.173],[-103.056,58.124],[-103.102,58.134],[-103.259,58.053],[-103.281,57.897],[-103.211,57.828],[-103.269,57.738],[-103.33,57.697],[-103.36,57.695],[-103.306,57.778],[-103.314,57.828],[-103.359,57.861],[-103.559,57.869],[-103.728,57.796],[-103.829,57.779],[-103.656,57.919],[-103.67,57.939],[-103.803,57.947],[-103.673,58.037],[-103.706,58.127],[-103.654,58.173],[-103.613,58.267],[-103.662,58.284],[-103.61,58.409],[-103.55,58.455],[-103.384,58.432],[-103.239,58.472],[-103.185,58.552],[-103.141,58.533],[-102.952,58.533],[-102.921,58.477],[-102.803,58.412],[-102.791,58.381],[-102.837,58.33],[-102.911,58.323]]]}},{"type":"Feature","properties":{"name":"Lake Athabasca"},"geometry":{"type":"Polygon","coordinates":[[[-109.886,59.006],[-110.074,58.949],[-110.276,58.86],[-110.403,58.768],[-110.44,58.716],[-110.37,58.676],[-110.376,58.644],[-110.747,58.614],[-110.812,58.512],[-110.839,58.511],[-110.877,58.629],[-110.903,58.631],[-110.99,58.594],[-111.036,58.522],[-111.075,58.505],[-111.107,58.547],[-111.098,58.616],[-111.262,58.703],[-111.301,58.756],[-111.28,58.788],[-111.15,58.775],[-111.161,58.739],[-111.125,58.735],[-111.019,58.764],[-110.872,58.837],[-110.612,59.041],[-110.483,59.11],[-109.875,59.357],[-109.777,59.413],[-109.801,59.445],[-109.623,59.543],[-109.398,59.597],[-109.172,59.587],[-109.036,59.498],[-108.795,59.504],[-108.857,59.387],[-108.219,59.473],[-107.239,59.348],[-106.021,59.29],[-106.018,59.271],[-106.042,59.252],[-107.452,59.304],[-107.589,59.292],[-107.626,59.331],[-107.708,59.34],[-107.757,59.32],[-107.837,59.216],[-108.211,59.161],[-109.103,59.098],[-109.233,59.127],[-109.886,59.006]]]}},{"type":"Feature","properties":{"name":"Lake Mistassini"},"geometry":{"type":"Polygon","coordinates":[[[-73.459,50.793],[-73.394,50.893],[-73.262,50.977],[-73.189,51.069],[-73.132,51.09],[-73.143,51.145],[-73.173,51.158],[-73.573,50.835],[-73.631,50.824],[-73.8,50.595],[-73.817,50.499],[-73.788,50.39],[-73.843,50.406],[-73.8,50.236],[-73.818,50.211],[-74.008,50.12],[-74.076,50.043],[-74.22,50.058],[-74.098,50.092],[-74.013,50.178],[-73.828,50.249],[-73.88,50.297],[-73.899,50.352],[-73.839,50.639],[-73.916,50.544],[-73.932,50.458],[-74.002,50.478],[-74.105,50.399],[-74.132,50.403],[-73.845,50.888],[-73.911,50.897],[-73.892,50.981],[-73.641,51.078],[-73.378,51.24],[-73.067,51.39],[-72.986,51.397],[-73.067,51.317],[-73.04,51.309],[-72.89,51.354],[-72.792,51.353],[-73.067,51.206],[-73.092,51.178],[-73.072,51.16],[-72.811,51.244],[-72.69,51.241],[-72.9,51.146],[-73.459,50.793]]]}},{"type":"Feature","properties":{"name":"IJsselmeer"},"geometry":{"type":"Polygon","coordinates":[[[5.87,52.485],[5.495,52.252],[5.04,52.344],[5.014,52.364],[5.069,52.451],[5.066,52.624],[5.138,52.627],[5.242,52.67],[5.247,52.73],[5.118,52.836],[5.068,52.923],[5.377,53.065],[5.398,53.042],[5.42,52.874],[5.547,52.846],[5.657,52.851],[5.667,52.817],[5.618,52.758],[5.619,52.658],[5.653,52.63],[5.835,52.609],[5.867,52.563],[5.87,52.485]],[[5.834,52.502],[5.797,52.565],[5.658,52.588],[5.377,52.49],[5.169,52.379],[5.242,52.334],[5.499,52.302],[5.834,52.502]]]}},{"type":"Feature","properties":{"name":"Rybinsk Reservoir"},"geometry":{"type":"Polygon","coordinates":[[[38.383,58.122],[38.357,58.1],[38.437,58.018],[38.281,58.054],[38.25,58.103],[38.251,58.199],[38.221,58.237],[37.944,58.301],[37.897,58.292],[37.417,58.613],[37.155,58.695],[37.151,58.849],[37.308,58.76],[37.423,58.727],[37.41,58.67],[37.538,58.613],[37.565,58.553],[37.661,58.557],[37.632,58.636],[38.074,58.542],[38.096,58.634],[37.988,58.672],[37.945,58.72],[37.961,58.744],[38.024,58.746],[37.996,58.862],[37.918,58.858],[37.828,58.914],[37.714,58.928],[37.581,58.899],[37.501,58.845],[37.466,58.875],[37.484,58.927],[37.673,59.025],[37.696,59.064],[37.645,59.157],[37.987,59.177],[38.027,59.128],[38.159,59.102],[38.18,59.132],[38.124,59.203],[38.143,59.21],[38.294,59.161],[38.415,59.173],[38.332,59.093],[38.239,59.063],[37.91,59.103],[37.858,59.075],[38.119,58.955],[38.753,58.547],[38.989,58.496],[39.004,58.476],[38.97,58.441],[39.005,58.358],[38.871,58.331],[38.83,58.296],[38.805,58.122],[38.692,58.207],[38.638,58.22],[38.619,58.201],[38.698,58.133],[38.704,58.113],[38.383,58.122]]]}},{"type":"Feature","properties":{"name":"Issyk-Kul"},"geometry":{"type":"Polygon","coordinates":[[[78.292,42.564],[78.158,42.55],[77.871,42.428],[77.854,42.367],[77.716,42.24],[77.515,42.182],[77.137,42.168],[76.921,42.19],[76.578,42.291],[76.263,42.328],[76.215,42.435],[76.226,42.461],[76.453,42.489],[76.965,42.612],[77.337,42.67],[77.535,42.651],[77.684,42.702],[78.249,42.734],[78.119,42.642],[78.136,42.608],[78.303,42.588],[78.292,42.564]]]}},{"type":"Feature","properties":{"name":"Lake of the Woods"},"geometry":{"type":"Polygon","coordinates":[[[-94.047,49.268],[-94.119,49.206],[-94.109,49.263],[-94.221,49.394],[-94.278,49.407],[-94.254,49.471],[-94.365,49.483],[-94.646,49.445],[-94.745,49.409],[-94.79,49.353],[-94.64,49.354],[-94.464,49.232],[-94.354,49.266],[-94.303,49.253],[-94.24,49.181],[-94.074,49.155],[-94.197,49.096],[-94.31,49.104],[-94.324,49.071],[-94.713,48.863],[-94.818,48.868],[-95.003,48.964],[-95.179,48.897],[-95.274,48.886],[-95.313,48.928],[-95.315,48.97],[-95.267,49.029],[-95.261,49.137],[-95.199,49.166],[-94.983,49.195],[-94.936,49.24],[-94.941,49.321],[-95.009,49.342],[-95.014,49.368],[-94.941,49.4],[-94.822,49.512],[-94.691,49.561],[-94.645,49.603],[-94.65,49.621],[-94.745,49.616],[-94.911,49.526],[-95.107,49.463],[-95.139,49.472],[-95.116,49.543],[-95.152,49.622],[-95.008,49.635],[-94.962,49.621],[-94.973,49.584],[-94.926,49.576],[-94.84,49.613],[-94.87,49.663],[-94.823,49.69],[-94.588,49.724],[-94.56,49.764],[-94.576,49.807],[-94.678,49.953],[-94.615,49.993],[-94.539,49.931],[-94.53,49.853],[-94.451,49.738],[-94.346,49.724],[-94.312,49.685],[-94.332,49.639],[-94.314,49.6],[-94.368,49.563],[-94.302,49.515],[-94.173,49.497],[-94.134,49.448],[-94.144,49.427],[-94.052,49.373],[-94.047,49.268]],[[-94.787,49.192],[-94.731,49.092],[-94.657,49.09],[-94.594,49.036],[-94.528,49.041],[-94.506,49.118],[-94.446,49.179],[-94.448,49.202],[-94.515,49.215],[-94.787,49.192]]]}},{"type":"Feature","properties":{"name":"Lake Nipigon"},"geometry":{"type":"Polygon","coordinates":[[[-88.145,49.912],[-88.108,49.868],[-88.129,49.785],[-88.112,49.711],[-88.166,49.58],[-88.159,49.507],[-88.18,49.466],[-88.305,49.459],[-88.368,49.434],[-88.406,49.389],[-88.439,49.394],[-88.542,49.549],[-88.563,49.462],[-88.622,49.428],[-88.773,49.458],[-88.786,49.488],[-88.71,49.587],[-88.59,49.608],[-88.607,49.647],[-88.744,49.631],[-88.823,49.54],[-88.96,49.501],[-89.019,49.568],[-89.016,49.583],[-88.92,49.56],[-88.907,49.579],[-88.93,49.755],[-89.008,49.714],[-89.092,49.776],[-89.069,49.824],[-89.004,49.787],[-88.949,49.81],[-88.945,49.88],[-88.888,49.933],[-88.893,50.057],[-88.769,50.213],[-88.639,50.277],[-88.551,50.239],[-88.465,50.238],[-88.356,50.162],[-88.288,50.15],[-88.288,50.178],[-88.421,50.289],[-88.344,50.275],[-88.199,50.188],[-88.171,50.135],[-88.172,50.113],[-88.215,50.096],[-88.235,49.991],[-88.133,50.035],[-88.03,49.961],[-88.145,49.912]],[[-88.63,50.044],[-88.654,49.95],[-88.748,49.868],[-88.588,49.805],[-88.636,49.916],[-88.554,50.022],[-88.63,50.044]],[[-88.374,49.689],[-88.393,49.7],[-88.489,49.66],[-88.49,49.612],[-88.399,49.617],[-88.374,49.689]]]}},{"type":"Feature","properties":{"name":"Reindeer Lake"},"geometry":{"type":"Polygon","coordinates":[[[-101.544,57.92],[-101.543,57.816],[-101.828,57.579],[-102.048,57.484],[-102.106,57.427],[-102.094,57.368],[-101.836,57.27],[-101.957,57.239],[-102.032,57.191],[-102.048,57.114],[-101.962,57.025],[-102.177,56.864],[-102.313,56.838],[-102.465,56.608],[-102.885,56.473],[-102.977,56.369],[-103.044,56.38],[-103.087,56.419],[-103.137,56.414],[-103.201,56.358],[-103.241,56.278],[-103.272,56.277],[-103.288,56.304],[-103.257,56.475],[-103.298,56.496],[-103.293,56.543],[-103.241,56.574],[-103.192,56.555],[-103.153,56.62],[-103.106,56.853],[-103.069,56.849],[-103.08,56.677],[-103.051,56.569],[-102.978,56.562],[-102.862,56.683],[-102.732,56.716],[-102.57,56.83],[-102.544,56.93],[-102.584,57.046],[-102.742,57.101],[-102.693,57.21],[-102.789,57.283],[-102.919,57.295],[-102.933,57.364],[-102.89,57.451],[-102.694,57.564],[-102.674,57.597],[-102.692,57.688],[-102.523,57.73],[-102.205,57.931],[-102.149,57.993],[-102.151,58.038],[-102.052,58.107],[-101.991,58.088],[-102.013,58.003],[-101.971,57.963],[-101.913,57.991],[-101.868,58.054],[-101.819,58.065],[-101.803,58.02],[-101.846,57.866],[-101.815,57.843],[-101.733,57.873],[-101.724,57.91],[-101.544,57.92]]]}},{"type":"Feature","properties":{"name":"Oneida Lake"},"geometry":{"type":"Polygon","coordinates":[[[-75.733,43.206],[-75.8,43.181],[-75.959,43.177],[-76.096,43.254],[-75.75,43.226],[-75.733,43.206]]]}},{"type":"Feature","properties":{"name":"Iliamna Lake"},"geometry":{"type":"Polygon","coordinates":[[[-154.23,59.687],[-154.534,59.628],[-154.563,59.592],[-154.583,59.474],[-154.614,59.451],[-155.743,59.335],[-155.881,59.377],[-155.914,59.456],[-155.846,59.538],[-154.993,59.705],[-154.328,59.791],[-153.971,59.769],[-154.23,59.687]]]}},{"type":"Feature","properties":{},"geometry":{"type":"Polygon","coordinates":[[[-156.021,57.837],[-155.993,57.763],[-156.04,57.705],[-156.159,57.633],[-156.115,57.749],[-156.161,57.797],[-156.678,57.888],[-156.832,57.931],[-156.884,57.999],[-156.817,58.067],[-156.638,58.086],[-156.279,58.006],[-155.976,57.909],[-155.961,57.87],[-156.021,57.837]]]}},{"type":"Feature","properties":{"name":"Lake Tahoe"},"geometry":{"type":"Polygon","coordinates":[[[-119.966,38.957],[-120.033,38.945],[-120.081,38.971],[-120.139,39.091],[-120.132,39.143],[-120.059,39.221],[-119.962,39.254],[-119.936,39.254],[-119.918,39.207],[-119.966,38.957]]]}},{"type":"Feature","properties":{},"geometry":{"type":"Polygon","coordinates":[[[35.249,-14.739],[35.197,-14.682],[35.208,-14.531],[35.268,-14.517],[35.324,-14.619],[35.249,-14.739]]]}},{"type":"Feature","properties":{"name":"Lake Zaysan"},"geometry":{"type":"Polygon","coordinates":[[[84.427,47.857],[84.357,47.732],[84.296,47.699],[84.242,47.706],[83.625,48.013],[83.259,48.095],[83.027,48.212],[83.039,48.25],[83.435,48.27],[83.498,48.305],[83.533,48.375],[83.392,48.5],[83.387,48.554],[83.417,48.597],[83.423,48.743],[83.471,48.858],[83.589,48.962],[83.747,49.039],[84.036,49.111],[84.121,49.159],[84.1,49.238],[83.849,49.417],[83.66,49.443],[83.539,49.532],[83.426,49.573],[83.364,49.644],[83.608,49.606],[83.74,49.631],[83.89,49.72],[83.964,49.726],[83.961,49.703],[83.818,49.634],[83.729,49.535],[84.288,49.238],[84.361,49.161],[84.329,49.125],[83.609,48.91],[83.514,48.813],[83.487,48.718],[83.613,48.437],[83.919,48.397],[83.907,48.374],[83.682,48.353],[83.596,48.303],[83.581,48.267],[84.051,48.083],[84.334,48.023],[84.516,47.93],[84.427,47.857]]]}},{"type":"Feature","properties":{"name":"Lake Winnebago"},"geometry":{"type":"Polygon","coordinates":[[[-88.334,43.938],[-88.431,43.808],[-88.465,43.813],[-88.519,44.029],[-88.484,44.11],[-88.418,44.195],[-88.358,44.196],[-88.321,44.18],[-88.334,43.938]]]}},{"type":"Feature","properties":{"name":"Nettilling Lake"},"geometry":{"type":"Polygon","coordinates":[[[-71.209,66.862],[-71.194,66.945],[-71.227,67.001],[-71.174,67.028],[-71.001,67.02],[-70.826,66.994],[-70.63,66.868],[-70.569,66.794],[-70.463,66.753],[-70.288,66.748],[-69.945,66.688],[-69.49,66.581],[-69.466,66.547],[-69.527,66.503],[-69.646,66.476],[-69.646,66.442],[-69.423,66.429],[-69.253,66.451],[-69.221,66.406],[-69.511,66.268],[-69.585,66.203],[-69.636,66.219],[-69.648,66.246],[-69.77,66.203],[-69.89,66.254],[-69.975,66.258],[-70.376,66.195],[-70.582,66.289],[-70.619,66.282],[-70.71,66.204],[-70.851,66.156],[-71.104,65.991],[-71.226,65.954],[-71.321,65.987],[-71.221,66.024],[-71.179,66.083],[-71.194,66.151],[-71.145,66.215],[-71.127,66.331],[-71.306,66.515],[-71.438,66.596],[-71.209,66.862]]]}},{"type":"Feature","properties":{"name":"Lake Turkana"},"geometry":{"type":"Polygon","coordinates":[[[36.633,2.425],[36.571,2.405],[36.535,2.448],[36.424,2.734],[36.331,2.874],[36.242,2.966],[36.2,2.974],[36.154,3.038],[36.113,3.167],[35.966,3.368],[35.937,3.482],[35.872,3.598],[35.847,3.775],[35.95,4.553],[35.995,4.566],[36.045,4.539],[36.132,4.653],[36.174,4.632],[36.197,4.431],[36.221,3.473],[36.311,3.207],[36.427,3.011],[36.652,2.858],[36.697,2.727],[36.685,2.538],[36.633,2.425]]]}},{"type":"Feature","properties":{"name":"Dubawnt Lake"},"geometry":{"type":"Polygon","coordinates":[[[-101.807,63.267],[-101.688,63.37],[-101.583,63.397],[-101.584,63.428],[-101.548,63.456],[-101.319,63.394],[-101.293,63.415],[-101.332,63.467],[-101.276,63.491],[-101.137,63.43],[-101.008,63.463],[-100.902,63.53],[-100.706,63.546],[-100.644,63.468],[-100.673,63.373],[-100.77,63.319],[-100.823,63.297],[-101.041,63.292],[-101.113,63.171],[-101.104,63.102],[-101.061,63.06],[-100.884,63.007],[-100.884,62.956],[-101.028,62.896],[-101.059,62.858],[-101.023,62.803],[-101.028,62.761],[-101.29,62.666],[-101.382,62.683],[-101.392,62.721],[-101.322,62.828],[-101.33,62.891],[-101.381,62.928],[-101.414,62.911],[-101.529,62.664],[-101.59,62.776],[-101.755,62.801],[-101.823,62.881],[-101.989,62.887],[-102.035,62.925],[-102.048,63.004],[-102.097,63.076],[-102.174,63.122],[-102.16,63.165],[-101.807,63.267]]]}},{"type":"Feature","properties":{"name":"Baker Lake"},"geometry":{"type":"Polygon","coordinates":[[[-94.247,64.124],[-94.225,64.076],[-94.312,64.012],[-94.455,63.996],[-94.86,64.066],[-95.299,64.079],[-95.784,64.056],[-95.946,64.127],[-96.227,64.193],[-96.273,64.301],[-96.203,64.325],[-95.251,64.274],[-94.65,64.197],[-94.626,64.159],[-94.247,64.124]]]}},{"type":"Feature","properties":{"name":"Kaliningradskiy Zaliv"},"geometry":{"type":"Polygon","coordinates":[[[19.717,54.482],[19.879,54.589],[19.988,54.71],[20.084,54.673],[20.405,54.682],[19.929,54.517],[19.764,54.434],[19.717,54.482]]]}},{"type":"Feature","properties":{"name":"Zalev Wislany"},"geometry":{"type":"Polygon","coordinates":[[[19.764,54.434],[19.738,54.412],[19.481,54.3],[19.347,54.268],[19.251,54.311],[19.279,54.338],[19.503,54.381],[19.717,54.482],[19.764,54.434]]]}},{"type":"Feature","properties":{"name":"Lake Champlain"},"geometry":{"type":"Polygon","coordinates":[[[-73.405,44.054],[-73.368,43.757],[-73.451,44.083],[-73.444,44.193],[-73.354,44.281],[-73.444,44.638],[-73.347,45.018],[-73.324,45.029],[-73.285,44.913],[-73.204,45.022],[-73.147,45.073],[-73.104,45.078],[-73.088,45.046],[-73.111,45.009],[-73.193,44.957],[-73.173,44.919],[-73.214,44.586],[-73.263,44.542],[-73.229,44.493],[-73.228,44.445],[-73.271,44.397],[-73.405,44.054]]]}},{"type":"Feature","properties":{"name":"Salton Sea"},"geometry":{"type":"Polygon","coordinates":[[[-115.616,33.223],[-115.698,33.138],[-115.789,33.147],[-115.911,33.303],[-116.062,33.433],[-116.053,33.502],[-115.948,33.519],[-115.884,33.452],[-115.612,33.274],[-115.616,33.223]]]}},{"type":"Feature","properties":{"name":"Lac la Martre"},"geometry":{"type":"Polygon","coordinates":[[[-117.306,63.185],[-117.36,63.146],[-117.554,63.113],[-117.738,63.113],[-118.107,63.223],[-118.201,63.283],[-118.627,63.337],[-118.628,63.375],[-118.564,63.428],[-118.344,63.513],[-118.1,63.57],[-118.001,63.544],[-117.915,63.466],[-117.764,63.404],[-117.575,63.372],[-117.306,63.185]]]}},{"type":"Feature","properties":{"name":"Lago Llanquihue"},"geometry":{"type":"Polygon","coordinates":[[[-72.994,-41.15],[-72.974,-41.087],[-72.849,-40.974],[-72.703,-41.026],[-72.599,-41.184],[-72.629,-41.214],[-72.727,-41.2],[-72.876,-41.294],[-72.967,-41.285],[-72.994,-41.15]]]}},{"type":"Feature","properties":{"name":"Hongze Hu"},"geometry":{"type":"Polygon","coordinates":[[[118.492,32.998],[118.183,32.885],[118.181,32.971],[118.142,32.986],[118.066,32.936],[118.05,32.964],[118.13,33.028],[118.226,32.991],[118.24,33.008],[118.182,33.139],[117.979,33.142],[117.915,33.126],[117.892,33.065],[117.838,33.038],[117.809,33.048],[117.851,33.062],[117.912,33.181],[118.114,33.215],[118.175,33.21],[118.275,33.045],[118.34,32.994],[118.407,33.01],[118.47,33.128],[118.454,33.16],[118.322,33.182],[118.249,33.221],[118.233,33.288],[118.318,33.268],[118.446,33.407],[118.607,33.376],[118.488,33.54],[118.493,33.623],[118.544,33.645],[118.608,33.515],[118.664,33.463],[118.774,33.443],[118.861,33.357],[118.716,33.089],[118.681,33.077],[118.653,33.174],[118.605,33.172],[118.492,32.998]]]}},{"type":"Feature","properties":{"name":"Khövsgöl Nuur"},"geometry":{"type":"Polygon","coordinates":[[[100.688,50.983],[100.507,50.809],[100.445,50.659],[100.473,50.603],[100.37,50.538],[100.193,50.494],[100.179,50.531],[100.248,50.743],[100.296,51.109],[100.284,51.25],[100.402,51.392],[100.38,51.466],[100.559,51.61],[100.787,51.397],[100.688,50.983]]]}},{"type":"Feature","properties":{"name":"Uvs Nuur"},"geometry":{"type":"Polygon","coordinates":[[[92.235,50.413],[92.348,50.475],[92.893,50.658],[92.965,50.638],[92.99,50.608],[92.978,50.54],[93.076,50.428],[93.259,50.358],[93.254,50.327],[93.362,50.282],[93.095,50.198],[92.913,50.056],[92.601,50.005],[92.382,50.142],[92.316,50.302],[92.235,50.413]]]}},{"type":"Feature","properties":{"name":"Lac Moeru"},"geometry":{"type":"Polygon","coordinates":[[[29.021,-8.922],[28.696,-9.396],[28.521,-9.404],[28.51,-9.485],[28.474,-9.505],[28.377,-9.503],[28.333,-9.45],[28.324,-9.364],[28.326,-9.237],[28.367,-9.101],[28.867,-8.513],[28.954,-8.521],[29.078,-8.6],[29.128,-8.662],[29.021,-8.922]]]}},{"type":"Feature","properties":{"name":"Lake Khanka"},"geometry":{"type":"Polygon","coordinates":[[[132.614,44.711],[132.366,44.529],[132.276,44.569],[132.241,44.63],[132.069,44.743],[132.109,44.969],[132.015,45.074],[132.005,45.214],[132.071,45.287],[132.23,45.328],[132.402,45.329],[132.579,45.296],[132.725,45.23],[132.808,45.149],[132.81,45.052],[132.614,44.711]]]}},{"type":"Feature","properties":{"name":"Tonlé Sap"},"geometry":{"type":"Polygon","coordinates":[[[104.464,12.506],[104.258,12.564],[104.14,12.671],[104.105,12.789],[104.008,12.804],[103.806,12.947],[103.699,13.207],[103.731,13.25],[103.842,13.235],[103.981,13.179],[104.1,13.036],[104.235,12.764],[104.268,12.739],[104.37,12.747],[104.44,12.724],[104.471,12.559],[104.555,12.514],[104.591,12.432],[104.464,12.506]]]}},{"type":"Feature","properties":{"name":"Qinghai Hu"},"geometry":{"type":"Polygon","coordinates":[[[100.723,36.745],[100.704,36.589],[100.628,36.557],[100.523,36.58],[100.431,36.641],[99.958,36.679],[99.827,36.739],[99.65,36.911],[99.681,36.947],[99.816,36.955],[99.834,36.988],[99.787,37.149],[99.956,37.218],[100.275,37.15],[100.586,36.903],[100.753,36.811],[100.723,36.745]]]}},{"type":"Feature","properties":{"name":"Ozero Yarroto Vtoroye"},"geometry":{"type":"Polygon","coordinates":[[[70.971,68.012],[70.93,68.065],[70.964,68.098],[71.093,68.103],[71.381,68.025],[71.381,67.997],[71.343,67.988],[70.971,68.012]]]}},{"type":"Feature","properties":{"name":"Lake Tharthar"},"geometry":{"type":"Polygon","coordinates":[[[43.106,33.915],[43.066,34.258],[43.084,34.315],[43.116,34.329],[43.239,34.141],[43.467,33.95],[43.493,33.888],[43.478,33.729],[43.42,33.706],[43.261,33.728],[43.106,33.915]]]}},{"type":"Feature","properties":{"name":"Razzaza Lake"},"geometry":{"type":"Polygon","coordinates":[[[43.863,32.612],[43.793,32.535],[43.668,32.553],[43.482,32.642],[43.438,32.715],[43.423,32.81],[43.432,32.869],[43.475,32.919],[43.469,33.011],[43.508,33.06],[43.55,33.079],[43.72,32.808],[43.878,32.688],[43.863,32.612]]]}},{"type":"Feature","properties":{"name":"Dead Sea"},"geometry":{"type":"Polygon","coordinates":[[[35.545,31.359],[35.521,31.327],[35.423,31.325],[35.403,31.348],[35.402,31.492],[35.421,31.619],[35.463,31.71],[35.522,31.756],[35.559,31.766],[35.585,31.724],[35.545,31.359]]]}},{"type":"Feature","properties":{"name":"Lake Pskov"},"geometry":{"type":"Polygon","coordinates":[[[27.569,58.215],[27.592,58.175],[27.865,58.173],[27.973,58.133],[28.097,58.044],[28.169,57.915],[28.102,57.86],[27.911,57.896],[27.803,57.99],[27.624,58.014],[27.497,58.184],[27.569,58.215]]]}},{"type":"Feature","properties":{"name":"Lac Saint-Jean"},"geometry":{"type":"Polygon","coordinates":[[[-72.165,48.481],[-72.306,48.619],[-72.331,48.669],[-72.291,48.733],[-72.158,48.755],[-72.0,48.724],[-71.776,48.61],[-71.781,48.518],[-71.823,48.475],[-71.924,48.444],[-72.165,48.481]]]}},{"type":"Feature","properties":{"name":"Keuka L."},"geometry":{"type":"Polygon","coordinates":[[[-77.107,42.521],[-77.191,42.425],[-77.148,42.568],[-77.113,42.569],[-77.077,42.648],[-77.058,42.644],[-77.107,42.521]]]}},{"type":"Feature","properties":{"name":"Seneca Lake"},"geometry":{"type":"Polygon","coordinates":[[[-76.91,42.459],[-76.97,42.878],[-76.882,42.683],[-76.879,42.416],[-76.91,42.459]]]}},{"type":"Feature","properties":{"name":"Cayuga Lake"},"geometry":{"type":"Polygon","coordinates":[[[-76.667,42.603],[-76.773,42.778],[-76.735,42.943],[-76.665,42.668],[-76.52,42.501],[-76.667,42.603]]]}},{"type":"Feature","properties":{"name":"Kainji Reservoir"},"geometry":{"type":"Polygon","coordinates":[[[4.598,10.196],[4.617,10.003],[4.659,9.885],[4.594,9.867],[4.537,10.028],[4.474,10.07],[4.506,10.174],[4.464,10.196],[4.485,10.229],[4.465,10.306],[4.4,10.375],[4.4,10.403],[4.438,10.418],[4.459,10.46],[4.47,10.627],[4.492,10.644],[4.567,10.603],[4.606,10.617],[4.68,10.585],[4.65,10.517],[4.685,10.365],[4.598,10.196]]]}},{"type":"Feature","properties":{"name":"Lake Urmia"},"geometry":{"type":"Polygon","coordinates":[[[45.747,37.701],[45.755,37.578],[45.858,37.426],[45.831,37.341],[45.663,37.288],[45.536,37.135],[45.449,37.149],[45.365,37.227],[45.292,37.438],[45.234,37.764],[45.087,37.885],[45.08,37.988],[45.155,38.045],[45.188,38.108],[45.171,38.144],[45.015,38.144],[45.026,38.193],[45.106,38.264],[45.357,38.264],[45.458,38.173],[45.487,38.073],[45.436,37.806],[45.483,37.754],[45.666,37.742],[45.747,37.701]]]}},{"type":"Feature","properties":{"name":"Cree Lake"},"geometry":{"type":"Polygon","coordinates":[[[-106.11,57.655],[-106.095,57.465],[-106.14,57.414],[-106.541,57.326],[-106.698,57.327],[-106.804,57.356],[-106.97,57.254],[-107.091,57.236],[-107.083,57.361],[-107.028,57.426],[-107.069,57.476],[-106.924,57.462],[-106.831,57.49],[-106.655,57.597],[-106.422,57.649],[-106.316,57.705],[-106.11,57.655]]]}},{"type":"Feature","properties":{},"geometry":{"type":"Polygon","coordinates":[[[-99.348,63.173],[-99.298,63.187],[-99.332,63.1],[-99.304,63.048],[-99.159,62.991],[-99.142,62.929],[-99.386,62.817],[-99.73,62.819],[-99.762,62.848],[-99.764,62.873],[-99.606,62.959],[-99.348,63.173]]]}},{"type":"Feature","properties":{"name":"Kasba Lake"},"geometry":{"type":"Polygon","coordinates":[[[-102.485,60.314],[-102.315,60.424],[-102.437,60.5],[-102.434,60.585],[-102.352,60.633],[-102.261,60.649],[-102.215,60.615],[-102.108,60.457],[-101.998,60.375],[-101.886,60.238],[-101.849,60.112],[-101.885,59.983],[-101.983,60.01],[-101.988,59.965],[-102.023,59.929],[-102.275,60.211],[-102.382,60.25],[-102.588,60.246],[-102.6,60.309],[-102.485,60.314]]]}},{"type":"Feature","properties":{"name":"Sarygamysh Köli"},"geometry":{"type":"Polygon","coordinates":[[[57.818,41.7],[57.685,41.636],[57.346,41.573],[57.174,41.735],[57.062,41.725],[57.053,41.773],[57.094,41.968],[57.183,42.185],[57.273,42.303],[57.392,42.335],[57.55,42.261],[57.627,42.15],[57.613,42.105],[57.682,42.01],[57.7,41.913],[57.845,41.838],[57.865,41.773],[57.818,41.7]]]}},{"type":"Feature","properties":{"name":"L. Chany"},"geometry":{"type":"Polygon","coordinates":[[[76.869,54.883],[77.134,54.923],[77.164,54.887],[77.245,54.856],[77.294,54.89],[77.327,54.968],[77.43,55.02],[77.57,55.053],[77.667,55.054],[77.724,55.025],[78.033,54.975],[78.049,54.927],[77.643,54.803],[77.636,54.769],[77.693,54.741],[77.741,54.661],[77.6,54.614],[77.522,54.665],[77.245,54.723],[77.052,54.732],[76.826,54.701],[76.734,54.717],[76.747,54.832],[76.869,54.883]]]}},{"type":"Feature","properties":{"name":"Alaköl"},"geometry":{"type":"Polygon","coordinates":[[[81.749,45.872],[81.555,45.965],[81.427,46.055],[81.399,46.305],[81.443,46.392],[81.53,46.452],[81.65,46.456],[81.761,46.431],[81.912,46.351],[82.025,46.185],[82.064,45.944],[82.133,45.764],[81.749,45.872]]]}},{"type":"Feature","properties":{},"geometry":{"type":"Polygon","coordinates":[[[-90.467,30.198],[-90.537,30.179],[-90.574,30.197],[-90.557,30.284],[-90.493,30.348],[-90.433,30.326],[-90.425,30.274],[-90.467,30.198]]]}},{"type":"Feature","properties":{"name":"Lac-à-l'Eau-Claire"},"geometry":{"type":"Polygon","coordinates":[[[-74.07,55.975],[-74.249,55.938],[-74.276,55.951],[-74.231,55.985],[-74.336,56.024],[-74.732,56.091],[-74.8,56.137],[-74.819,56.273],[-74.664,56.336],[-74.477,56.318],[-74.312,56.262],[-74.248,56.161],[-74.054,56.137],[-73.985,56.097],[-73.99,56.026],[-74.07,55.975]]]}},{"type":"Feature","properties":{"name":"Lake Nipissing"},"geometry":{"type":"Polygon","coordinates":[[[-80.346,46.286],[-80.253,46.249],[-80.147,46.258],[-80.118,46.277],[-80.143,46.302],[-80.125,46.324],[-80.053,46.346],[-79.653,46.358],[-79.494,46.311],[-79.436,46.235],[-79.487,46.184],[-79.573,46.166],[-79.772,46.213],[-79.986,46.161],[-80.006,46.166],[-79.991,46.199],[-80.015,46.232],[-80.293,46.225],[-80.447,46.282],[-80.346,46.286]]]}},{"type":"Feature","properties":{"name":"Hulun Nuur"},"geometry":{"type":"Polygon","coordinates":[[[117.114,48.561],[117.089,48.579],[117.096,48.705],[116.988,48.841],[117.225,49.003],[117.636,49.342],[117.69,49.351],[117.707,49.322],[117.686,49.22],[117.716,49.18],[117.812,49.125],[118.007,49.105],[118.035,49.071],[117.964,49.035],[117.772,49.059],[117.716,48.986],[117.328,48.694],[117.31,48.636],[117.229,48.585],[117.114,48.561]]]}},{"type":"Feature","properties":{"name":"Lake Bangweulu"},"geometry":{"type":"Polygon","coordinates":[[[29.917,-11.301],[29.837,-11.38],[29.752,-11.416],[29.588,-11.394],[29.55,-11.248],[29.496,-11.195],[29.565,-11.157],[29.741,-10.931],[29.847,-10.887],[29.927,-10.878],[30.0,-10.938],[30.019,-11.014],[29.917,-11.301]]]}},{"type":"Feature","properties":{"name":"Inarijärvi"},"geometry":{"type":"Polygon","coordinates":[[[28.632,69.364],[28.76,69.419],[28.749,69.394],[28.554,69.299],[28.532,69.257],[28.566,69.222],[28.448,69.153],[28.442,69.116],[28.4,69.082],[28.251,69.064],[28.091,69.007],[28.092,68.981],[28.329,68.893],[28.356,68.872],[28.336,68.857],[27.989,68.88],[27.891,68.861],[27.992,68.788],[27.87,68.742],[27.84,68.749],[27.836,68.782],[27.779,68.792],[27.655,68.732],[27.464,68.761],[27.282,68.715],[27.26,68.737],[27.428,68.802],[27.417,68.841],[27.162,68.923],[27.484,69.004],[27.56,69.062],[27.745,69.129],[27.941,69.178],[28.088,69.162],[28.084,69.19],[27.991,69.254],[28.031,69.288],[28.101,69.299],[28.138,69.237],[28.232,69.249],[28.345,69.323],[28.632,69.364]]]}},{"type":"Feature","properties":{"name":"Oulujärvi"},"geometry":{"type":"Polygon","coordinates":[[[26.831,64.44],[26.814,64.469],[26.827,64.505],[26.866,64.53],[27.112,64.523],[27.214,64.497],[27.217,64.414],[27.262,64.369],[27.365,64.33],[27.727,64.397],[27.925,64.381],[27.93,64.307],[27.738,64.282],[27.765,64.245],[28.157,64.16],[28.188,64.131],[28.073,64.121],[27.929,64.145],[27.653,64.225],[27.562,64.274],[27.323,64.209],[27.282,64.173],[27.288,64.131],[27.258,64.12],[26.942,64.238],[26.78,64.391],[26.831,64.44]]]}},{"type":"Feature","properties":{"name":"Lake Peipus"},"geometry":{"type":"Polygon","coordinates":[[[27.497,58.184],[27.425,58.303],[27.237,58.452],[27.157,58.648],[26.966,58.806],[26.974,58.884],[27.107,58.954],[27.298,58.995],[27.524,59.007],[27.683,58.98],[27.748,58.912],[27.821,58.485],[27.798,58.447],[27.583,58.306],[27.569,58.215],[27.497,58.184]]]}},{"type":"Feature","properties":{"name":"Lake Kivu"},"geometry":{"type":"Polygon","coordinates":[[[29.358,-2.016],[29.077,-2.345],[28.995,-2.36],[28.91,-2.433],[28.85,-2.448],[28.857,-2.371],[28.917,-2.288],[28.872,-2.187],[28.916,-2.082],[28.909,-2.008],[28.988,-1.838],[29.033,-1.647],[29.071,-1.605],[29.198,-1.644],[29.358,-2.016]]]}},{"type":"Feature","properties":{"name":"Lake Edward"},"geometry":{"type":"Polygon","coordinates":[[[29.366,-0.64],[29.327,-0.53],[29.496,-0.18],[29.644,-0.12],[29.783,-0.121],[29.887,-0.172],[29.868,-0.303],[29.51,-0.612],[29.452,-0.607],[29.366,-0.64]]]}},{"type":"Feature","properties":{"name":"Tai Hu"},"geometry":{"type":"Polygon","coordinates":[[[120.394,30.971],[120.236,30.936],[120.103,30.973],[119.978,31.091],[119.939,31.253],[119.987,31.392],[120.108,31.492],[120.219,31.532],[120.254,31.51],[120.271,31.445],[120.38,31.429],[120.326,31.32],[120.431,31.2],[120.44,31.153],[120.395,31.1],[120.461,31.081],[120.54,31.127],[120.602,31.087],[120.394,30.971]]]}},{"type":"Feature","properties":{},"geometry":{"type":"Polygon","coordinates":[[[-76.397,56.345],[-76.425,56.389],[-76.366,56.55],[-76.245,56.423],[-76.234,56.397],[-76.275,56.379],[-75.935,56.174],[-75.953,56.145],[-76.147,56.127],[-76.446,56.139],[-76.547,56.164],[-76.397,56.345]]]}},{"type":"Feature","properties":{"name":"Laguna Mar Chiquita"},"geometry":{"type":"Polygon","coordinates":[[[-62.727,-30.917],[-62.979,-30.692],[-62.931,-30.649],[-62.722,-30.584],[-62.644,-30.521],[-62.426,-30.559],[-62.413,-30.543],[-62.288,-30.589],[-62.233,-30.671],[-62.23,-30.776],[-62.727,-30.917]]]}},{"type":"Feature","properties":{"name":"Kremenchuk Reservoir"},"geometry":{"type":"Polygon","coordinates":[[[33.163,48.994],[33.076,49.004],[33.043,49.063],[32.77,49.116],[32.408,49.302],[31.9,49.513],[31.888,49.554],[31.955,49.57],[32.114,49.541],[32.632,49.382],[32.682,49.401],[32.665,49.537],[32.712,49.559],[32.754,49.485],[33.194,49.119],[33.163,48.994]]]}},{"type":"Feature","properties":{"name":"Rés. de La Grande 3"},"geometry":{"type":"Polygon","coordinates":[[[-76.1,53.737],[-75.93,53.766],[-75.902,53.791],[-75.912,53.813],[-75.85,53.855],[-75.292,53.897],[-75.184,53.82],[-74.799,53.893],[-74.734,53.896],[-74.725,53.857],[-74.82,53.838],[-74.889,53.794],[-75.27,53.709],[-75.265,53.684],[-74.771,53.654],[-74.456,53.701],[-74.433,53.685],[-74.679,53.609],[-74.935,53.578],[-75.027,53.576],[-74.998,53.622],[-75.034,53.639],[-75.238,53.619],[-75.633,53.638],[-75.658,53.62],[-75.601,53.582],[-75.632,53.538],[-75.716,53.497],[-75.934,53.465],[-76.102,53.475],[-76.124,53.523],[-75.907,53.653],[-75.945,53.686],[-76.088,53.666],[-76.1,53.737]]]}},{"type":"Feature","properties":{"name":"Rés. de La Grande 2"},"geometry":{"type":"Polygon","coordinates":[[[-76.088,53.666],[-76.36,53.63],[-76.385,53.596],[-76.515,53.557],[-76.839,53.499],[-77.187,53.493],[-77.223,53.515],[-77.397,53.521],[-77.488,53.56],[-77.493,53.607],[-77.465,53.638],[-77.685,53.679],[-77.42,53.798],[-77.341,53.811],[-77.288,53.791],[-76.902,53.847],[-76.766,53.91],[-76.731,53.977],[-76.888,54.057],[-76.868,54.072],[-76.84,54.088],[-76.66,54.026],[-76.602,54.055],[-76.509,54.048],[-76.471,54.059],[-76.472,54.082],[-76.573,54.14],[-76.557,54.157],[-76.368,54.188],[-76.264,54.136],[-76.191,54.153],[-76.105,54.116],[-76.255,54.073],[-76.304,53.963],[-76.596,53.788],[-76.75,53.723],[-76.696,53.699],[-76.1,53.737],[-76.088,53.666]]]}},{"type":"Feature","properties":{},"geometry":{"type":"Polygon","coordinates":[[[-156.604,57.696],[-156.777,57.566],[-156.768,57.507],[-156.834,57.443],[-157.019,57.512],[-157.044,57.548],[-156.893,57.58],[-156.842,57.611],[-156.837,57.653],[-156.683,57.755],[-156.59,57.785],[-156.548,57.766],[-156.604,57.696]]]}},{"type":"Feature","properties":{"name":"Lago Enriquillo"},"geometry":{"type":"Polygon","coordinates":[[[-71.537,18.434],[-71.607,18.421],[-71.794,18.494],[-71.777,18.531],[-71.683,18.551],[-71.509,18.47],[-71.537,18.434]]]}},{"type":"Feature","properties":{},"geometry":{"type":"Polygon","coordinates":[[[-159.663,66.433],[-159.945,66.442],[-160.134,66.52],[-160.115,66.544],[-159.922,66.535],[-159.729,66.512],[-159.665,66.474],[-159.663,66.433]]]}},{"type":"Feature","properties":{},"geometry":{"type":"Polygon","coordinates":[[[-115.157,60.195],[-115.286,60.16],[-115.294,60.109],[-115.605,60.173],[-115.879,60.163],[-115.896,60.201],[-115.804,60.254],[-115.531,60.262],[-115.11,60.35],[-115.062,60.329],[-115.157,60.195]]]}},{"type":"Feature","properties":{"name":"Lake Sakami"},"geometry":{"type":"Polygon","coordinates":[[[-76.692,53.212],[-76.688,53.17],[-76.784,53.147],[-76.843,53.095],[-76.839,53.034],[-76.799,52.981],[-76.855,52.968],[-76.899,52.995],[-76.938,53.119],[-76.881,53.216],[-76.892,53.291],[-76.873,53.324],[-76.892,53.345],[-76.844,53.394],[-76.72,53.469],[-76.703,53.419],[-76.661,53.417],[-76.564,53.485],[-76.515,53.468],[-76.497,53.414],[-76.523,53.379],[-76.672,53.34],[-76.656,53.298],[-76.589,53.289],[-76.692,53.212]]]}},{"type":"Feature","properties":{"name":"Lago Argentino"},"geometry":{"type":"Polygon","coordinates":[[[-71.999,-50.244],[-72.274,-50.302],[-72.441,-50.307],[-72.672,-50.278],[-72.794,-50.291],[-72.973,-50.357],[-73.004,-50.419],[-72.962,-50.471],[-72.795,-50.46],[-72.782,-50.483],[-72.955,-50.62],[-73.109,-50.365],[-73.168,-50.332],[-73.285,-50.331],[-73.214,-50.27],[-73.028,-50.289],[-72.972,-50.261],[-72.983,-50.226],[-73.163,-50.148],[-73.291,-50.211],[-73.3,-50.185],[-73.286,-50.07],[-73.188,-49.982],[-73.062,-50.133],[-72.947,-50.18],[-72.8,-50.196],[-72.116,-50.132],[-72.039,-50.162],[-71.982,-50.224],[-71.999,-50.244]]]}},{"type":"Feature","properties":{"name":"Nam Co"},"geometry":{"type":"Polygon","coordinates":[[[90.314,30.573],[90.289,30.847],[90.353,30.88],[90.579,30.829],[90.651,30.84],[90.712,30.895],[90.866,30.885],[90.944,30.924],[91.012,30.888],[91.014,30.839],[90.714,30.641],[90.346,30.524],[90.314,30.573]]]}},{"type":"Feature","properties":{"name":"Lake Tuz"},"geometry":{"type":"Polygon","coordinates":[[[33.597,38.799],[33.674,38.712],[33.617,38.578],[33.533,38.523],[33.423,38.559],[33.236,38.667],[33.158,38.772],[33.293,38.967],[33.305,39.127],[33.35,39.12],[33.424,39.056],[33.454,38.992],[33.44,38.938],[33.458,38.854],[33.597,38.799]]]}},{"type":"Feature","properties":{"name":"Scott Lake"},"geometry":{"type":"Polygon","coordinates":[[[-106.019,59.994],[-106.073,59.959],[-106.081,59.892],[-106.055,59.845],[-106.104,59.809],[-106.167,59.808],[-106.206,59.86],[-106.237,59.862],[-106.278,59.813],[-106.338,59.805],[-106.375,59.831],[-106.326,59.935],[-106.332,60.022],[-106.407,60.064],[-106.308,60.101],[-106.195,60.021],[-106.122,60.144],[-106.019,60.192],[-105.873,60.228],[-105.704,60.184],[-105.77,60.131],[-106.028,60.111],[-106.069,60.083],[-106.046,60.05],[-105.939,60.059],[-105.88,60.038],[-105.875,60.006],[-106.019,59.994]]]}},{"type":"Feature","properties":{},"geometry":{"type":"Polygon","coordinates":[[[27.342,61.001],[27.34,61.021],[27.367,61.033],[27.448,60.994],[27.579,60.984],[27.692,61.012],[27.724,61.078],[27.81,61.044],[27.849,60.984],[27.744,60.95],[27.535,60.938],[27.342,61.001]]]}},{"type":"Feature","properties":{"name":"Rikkavesi"},"geometry":{"type":"Polygon","coordinates":[[[29.521,62.833],[29.562,62.834],[29.583,62.888],[29.494,63.029],[29.522,63.051],[29.822,62.795],[29.812,62.732],[29.666,62.682],[29.623,62.74],[29.541,62.774],[29.422,62.883],[29.521,62.833]]]}},{"type":"Feature","properties":{},"geometry":{"type":"Polygon","coordinates":[[[29.219,62.772],[29.293,62.805],[29.39,62.721],[29.465,62.734],[29.522,62.706],[29.454,62.641],[29.219,62.65],[29.188,62.684],[29.229,62.705],[29.219,62.772]]]}},{"type":"Feature","properties":{"name":"Ozero Nerpich'ye"},"geometry":{"type":"Polygon","coordinates":[[[160.433,69.228],[160.256,69.238],[159.965,69.282],[159.808,69.347],[159.844,69.378],[159.998,69.357],[160.48,69.25],[160.433,69.228]]]}},{"type":"Feature","properties":{"name":"Ozero Yarroto Pervoye"},"geometry":{"type":"Polygon","coordinates":[[[71.298,67.889],[71.303,67.906],[71.552,68.004],[71.708,68.037],[71.786,67.993],[71.776,67.95],[71.65,67.895],[71.359,67.87],[71.298,67.889]]]}},{"type":"Feature","properties":{"name":"Ozero Neyto"},"geometry":{"type":"Polygon","coordinates":[[[70.512,70.055],[70.371,70.015],[70.231,70.011],[70.128,70.076],[70.174,70.136],[70.489,70.092],[70.512,70.055]]]}},{"type":"Feature","properties":{"name":"Ozero Yambuto"},"geometry":{"type":"Polygon","coordinates":[[[70.749,70.033],[70.754,70.067],[70.837,70.136],[70.941,70.139],[70.943,70.054],[71.058,69.988],[71.026,69.953],[70.851,69.969],[70.749,70.033]]]}},{"type":"Feature","properties":{},"geometry":{"type":"Polygon","coordinates":[[[70.372,70.153],[70.344,70.2],[70.77,70.217],[70.821,70.191],[70.696,70.136],[70.563,70.123],[70.372,70.153]]]}},{"type":"Feature","properties":{"name":"Lake Vygozero"},"geometry":{"type":"Polygon","coordinates":[[[35.145,63.482],[35.374,63.492],[35.413,63.448],[35.193,63.404],[35.172,63.381],[35.099,63.383],[34.872,63.464],[34.829,63.434],[34.953,63.181],[34.957,63.119],[34.91,62.951],[34.863,62.919],[34.864,63.01],[34.899,63.055],[34.804,63.326],[34.517,63.484],[34.525,63.502],[34.453,63.623],[34.358,63.697],[34.308,63.692],[34.215,63.613],[34.214,63.676],[34.347,63.851],[34.428,63.848],[34.644,63.789],[34.616,63.766],[34.857,63.721],[34.861,63.688],[34.99,63.585],[34.953,63.54],[35.013,63.506],[35.145,63.482]]]}},{"type":"Feature","properties":{"name":"Lake Segozerskoye"},"geometry":{"type":"Polygon","coordinates":[[[33.586,63.487],[33.637,63.476],[33.697,63.409],[33.847,63.438],[33.933,63.418],[33.991,63.297],[34.066,63.229],[34.017,63.201],[33.897,63.189],[33.572,63.203],[33.307,63.284],[33.274,63.316],[33.283,63.382],[33.257,63.423],[33.441,63.444],[33.586,63.487]]]}},{"type":"Feature","properties":{"name":"Koitere"},"geometry":{"type":"Polygon","coordinates":[[[30.587,62.937],[30.615,62.966],[30.676,62.973],[30.755,63.05],[30.831,63.027],[30.847,62.954],[30.742,62.864],[30.689,62.847],[30.659,62.767],[30.481,62.788],[30.604,62.876],[30.587,62.937]]]}},{"type":"Feature","properties":{"name":"Pielinen"},"geometry":{"type":"Polygon","coordinates":[[[30.004,63.271],[29.966,63.265],[29.959,63.227],[29.994,63.14],[30.138,62.973],[30.33,62.829],[30.317,62.809],[30.229,62.804],[30.143,62.722],[30.09,62.729],[30.216,62.868],[30.137,62.929],[30.033,62.959],[29.854,63.087],[29.814,63.145],[29.393,63.183],[29.042,63.475],[29.092,63.573],[29.309,63.461],[29.784,63.294],[29.915,63.315],[29.994,63.293],[30.004,63.271]]]}},{"type":"Feature","properties":{"name":"Pääjärvi"},"geometry":{"type":"Polygon","coordinates":[[[31.277,65.955],[31.335,65.918],[31.155,65.914],[30.651,66.052],[30.722,66.186],[30.899,66.263],[31.033,66.27],[31.103,66.245],[31.174,66.138],[31.17,66.107],[31.277,65.955]]]}},{"type":"Feature","properties":{"name":"Lake Topozero"},"geometry":{"type":"Polygon","coordinates":[[[32.664,65.477],[32.712,65.416],[32.706,65.388],[32.481,65.469],[31.996,65.569],[31.943,65.622],[31.733,65.67],[31.574,65.735],[31.507,65.795],[31.693,65.856],[31.983,65.89],[32.051,65.876],[32.118,65.834],[32.139,65.784],[32.329,65.7],[32.36,65.667],[32.377,65.577],[32.425,65.542],[32.664,65.477]]]}},{"type":"Feature","properties":{},"geometry":{"type":"Polygon","coordinates":[[[-69.582,81.918],[-68.968,81.94],[-70.016,81.84],[-72.714,81.67],[-72.841,81.68],[-69.582,81.918]]]}},{"type":"Feature","properties":{},"geometry":{"type":"Polygon","coordinates":[[[-89.283,53.006],[-89.123,52.966],[-88.952,52.988],[-89.044,52.87],[-89.151,52.854],[-89.522,52.883],[-89.283,53.006]]]}},{"type":"Feature","properties":{"name":"Bosten Hu"},"geometry":{"type":"Polygon","coordinates":[[[87.259,41.894],[87.102,41.901],[86.753,41.825],[86.728,41.85],[86.735,41.903],[86.795,41.975],[86.829,42.073],[86.889,42.108],[87.315,42.017],[87.375,41.908],[87.375,41.851],[87.259,41.894]]]}},{"type":"Feature","properties":{},"geometry":{"type":"Polygon","coordinates":[[[30.85,62.083],[30.971,62.065],[31.053,61.97],[31.02,61.929],[30.939,61.921],[30.885,61.941],[30.85,62.083]]]}},{"type":"Feature","properties":{"name":"Lake Il'Men'"},"geometry":{"type":"Polygon","coordinates":[[[31.446,58.206],[31.394,58.142],[30.876,58.214],[30.857,58.239],[31.019,58.32],[31.17,58.359],[31.298,58.477],[31.518,58.373],[31.637,58.388],[31.688,58.202],[31.531,58.23],[31.446,58.206]]]}},{"type":"Feature","properties":{"name":"Poyang Hu"},"geometry":{"type":"Polygon","coordinates":[[[116.709,29.102],[116.672,29.098],[116.521,29.143],[116.496,29.122],[116.477,29.043],[116.537,28.845],[116.512,28.804],[116.468,28.805],[116.409,28.905],[116.348,28.906],[116.329,28.961],[116.097,29.106],[115.965,29.311],[116.091,29.555],[116.117,29.653],[116.082,29.703],[116.198,29.751],[116.23,29.698],[116.235,29.666],[116.207,29.645],[116.145,29.454],[116.11,29.427],[116.115,29.402],[116.196,29.362],[116.137,29.309],[116.153,29.253],[116.368,29.223],[116.362,29.154],[116.469,29.25],[116.64,29.237],[116.709,29.102]]]}},{"type":"Feature","properties":{"name":"Daguan Hu"},"geometry":{"type":"Polygon","coordinates":[[[116.52,29.988],[116.498,29.964],[116.388,29.966],[116.29,29.994],[116.257,30.094],[116.442,30.077],[116.52,29.988]]]}},{"type":"Feature","properties":{"name":"Long Hu"},"geometry":{"type":"Polygon","coordinates":[[[116.242,30.032],[116.26,29.976],[116.254,29.935],[116.211,29.908],[116.044,29.881],[115.977,29.952],[115.985,30.016],[116.118,30.0],[116.15,30.061],[116.242,30.032]]]}},{"type":"Feature","properties":{"name":"Liangzi Hu"},"geometry":{"type":"Polygon","coordinates":[[[114.406,30.268],[114.496,30.289],[114.458,30.364],[114.501,30.366],[114.603,30.3],[114.642,30.133],[114.623,30.096],[114.542,30.188],[114.509,30.194],[114.445,30.085],[114.35,30.196],[114.406,30.268]]]}},{"type":"Feature","properties":{"name":"Siling Co"},"geometry":{"type":"Polygon","coordinates":[[[89.287,31.788],[89.138,31.602],[89.058,31.596],[88.946,31.625],[88.948,31.7],[88.927,31.728],[88.764,31.712],[88.685,31.729],[88.566,31.844],[88.608,31.88],[88.789,31.829],[88.864,31.887],[88.968,31.918],[89.12,31.913],[89.266,31.872],[89.323,31.823],[89.318,31.794],[89.287,31.788]]]}},{"type":"Feature","properties":{"name":"Har Us Nuur"},"geometry":{"type":"Polygon","coordinates":[[[92.442,48.03],[92.354,47.964],[92.2,47.769],[92.084,47.816],[91.991,47.933],[91.976,48.01],[92.249,48.13],[92.25,48.263],[92.287,48.352],[92.425,48.36],[92.483,48.339],[92.402,48.237],[92.405,48.156],[92.544,48.138],[92.643,48.193],[92.638,48.33],[92.733,48.31],[92.802,48.253],[92.787,48.178],[92.442,48.03]]]}},{"type":"Feature","properties":{"name":"Lake Taupo"},"geometry":{"type":"Polygon","coordinates":[[[175.927,-38.902],[175.755,-38.943],[175.8,-38.845],[175.749,-38.773],[175.809,-38.677],[175.944,-38.677],[176.057,-38.721],[176.083,-38.758],[176.066,-38.812],[175.927,-38.902]]]}},{"type":"Feature","properties":{"name":"Lake Geneva"},"geometry":{"type":"Polygon","coordinates":[[[6.845,46.385],[6.665,46.402],[6.336,46.361],[6.133,46.205],[6.158,46.302],[6.344,46.458],[6.588,46.529],[6.874,46.432],[6.845,46.385]]]}},{"type":"Feature","properties":{"name":"Lough Neagh"},"geometry":{"type":"Polygon","coordinates":[[[-6.318,54.709],[-6.272,54.66],[-6.282,54.604],[-6.354,54.502],[-6.562,54.515],[-6.585,54.56],[-6.488,54.723],[-6.318,54.709]]]}},{"type":"Feature","properties":{"name":"Vättern"},"geometry":{"type":"Polygon","coordinates":[[[14.891,58.592],[14.963,58.539],[14.946,58.511],[14.686,58.395],[14.499,58.085],[14.245,57.809],[14.159,57.796],[14.121,57.925],[14.213,58.15],[14.507,58.561],[14.632,58.68],[14.932,58.854],[14.968,58.849],[14.933,58.784],[14.891,58.592]]]}},{"type":"Feature","properties":{"name":"Lake Van"},"geometry":{"type":"Polygon","coordinates":[[[42.923,38.39],[42.882,38.477],[42.683,38.457],[42.353,38.5],[42.365,38.549],[42.458,38.643],[42.458,38.692],[42.526,38.745],[43.079,38.809],[43.163,38.846],[43.159,38.869],[43.088,38.881],[43.075,38.916],[43.152,38.948],[43.436,38.988],[43.56,38.978],[43.611,38.947],[43.292,38.813],[43.21,38.716],[43.186,38.603],[43.287,38.548],[43.318,38.489],[43.235,38.407],[43.148,38.337],[42.989,38.346],[42.923,38.39]]]}},{"type":"Feature","properties":{"name":"Yellowstone Lake"},"geometry":{"type":"Polygon","coordinates":[[[-110.273,44.319],[-110.341,44.383],[-110.394,44.391],[-110.39,44.425],[-110.426,44.447],[-110.531,44.414],[-110.555,44.447],[-110.529,44.471],[-110.45,44.48],[-110.381,44.556],[-110.327,44.567],[-110.272,44.544],[-110.264,44.447],[-110.202,44.391],[-110.199,44.335],[-110.273,44.319]]]}},{"type":"Feature","properties":{"name":"Teshekpuk Lake"},"geometry":{"type":"Polygon","coordinates":[[[-153.656,70.48],[-153.794,70.487],[-154.019,70.543],[-154.257,70.661],[-153.611,70.737],[-153.014,70.603],[-152.94,70.569],[-153.656,70.48]]]}},{"type":"Feature","properties":{"name":"Flathead Lake"},"geometry":{"type":"Polygon","coordinates":[[[-114.199,48.04],[-114.193,48.069],[-114.134,48.091],[-114.046,48.015],[-114.024,47.934],[-114.005,47.785],[-114.056,47.711],[-114.15,47.714],[-114.163,47.74],[-114.126,47.784],[-114.148,47.812],[-114.25,47.837],[-114.254,47.858],[-114.156,47.933],[-114.199,48.04]]]}},{"type":"Feature","properties":{"name":"Lake Mead"},"geometry":{"type":"Polygon","coordinates":[[[-113.67,35.843],[-113.795,36.01],[-113.989,36.165],[-114.039,36.163],[-114.11,36.032],[-114.208,36.006],[-114.294,36.03],[-114.321,36.076],[-114.373,36.1],[-114.451,36.079],[-114.504,36.106],[-114.64,36.106],[-114.741,36.014],[-114.812,36.075],[-114.816,36.121],[-114.512,36.194],[-114.432,36.237],[-114.387,36.483],[-114.336,36.519],[-114.37,36.209],[-114.295,36.11],[-114.226,36.05],[-114.159,36.077],[-114.03,36.245],[-113.996,36.244],[-113.777,36.048],[-113.633,35.859],[-113.636,35.831],[-113.67,35.843]]]}},{"type":"Feature","properties":{"name":"Lake Claire"},"geometry":{"type":"Polygon","coordinates":[[[-111.809,58.517],[-111.843,58.425],[-111.789,58.331],[-111.809,58.303],[-111.898,58.306],[-112.08,58.347],[-112.189,58.413],[-112.237,58.46],[-112.208,58.499],[-112.211,58.55],[-112.255,58.576],[-112.393,58.578],[-112.447,58.618],[-112.431,58.683],[-112.337,58.778],[-112.154,58.825],[-112.041,58.819],[-112.037,58.787],[-112.113,58.778],[-112.119,58.736],[-111.985,58.713],[-111.844,58.721],[-111.731,58.686],[-111.717,58.659],[-111.817,58.56],[-111.809,58.517]]]}},{"type":"Feature","properties":{"name":"Smallwood Reservoir"},"geometry":{"type":"Polygon","coordinates":[[[-63.203,54.074],[-63.104,54.004],[-63.137,53.973],[-63.2,53.956],[-63.417,54.006],[-63.555,54.006],[-63.568,53.982],[-63.529,53.955],[-63.529,53.929],[-63.703,53.918],[-63.827,53.858],[-64.009,53.862],[-64.124,53.896],[-64.176,54.012],[-64.495,54.079],[-64.564,54.125],[-64.652,54.114],[-64.688,54.081],[-64.642,54.031],[-64.694,53.961],[-65.014,53.888],[-65.263,53.796],[-65.298,53.76],[-65.295,53.724],[-65.191,53.674],[-65.148,53.564],[-65.164,53.54],[-65.128,53.5],[-64.973,53.455],[-65.02,53.421],[-65.529,53.49],[-65.583,53.542],[-65.388,53.559],[-65.317,53.605],[-65.381,53.715],[-65.328,53.821],[-65.338,53.879],[-65.507,53.95],[-65.517,53.997],[-65.583,54.061],[-65.728,54.087],[-65.826,54.135],[-66.254,54.426],[-66.276,54.478],[-66.364,54.541],[-66.44,54.562],[-66.429,54.508],[-66.349,54.424],[-66.406,54.338],[-66.324,54.154],[-66.382,54.164],[-66.491,54.273],[-66.616,54.521],[-66.621,54.623],[-66.535,54.628],[-66.508,54.654],[-66.529,54.77],[-66.509,54.802],[-66.6,54.922],[-66.567,54.958],[-66.598,55.029],[-66.541,55.073],[-66.556,55.102],[-66.532,55.1],[-66.345,54.979],[-66.351,54.914],[-66.432,54.893],[-66.399,54.853],[-66.429,54.813],[-66.354,54.687],[-66.2,54.577],[-66.191,54.476],[-65.994,54.34],[-65.938,54.271],[-65.872,54.281],[-65.791,54.202],[-65.713,54.163],[-65.682,54.176],[-65.4,54.007],[-65.345,54.043],[-65.192,53.993],[-65.103,54.012],[-65.178,54.075],[-65.13,54.083],[-64.864,54.053],[-64.816,54.076],[-65.011,54.224],[-65.072,54.34],[-65.165,54.435],[-65.305,54.46],[-65.271,54.608],[-65.224,54.65],[-65.135,54.638],[-65.218,54.557],[-65.14,54.511],[-64.96,54.303],[-64.98,54.289],[-64.97,54.236],[-64.883,54.148],[-64.855,54.167],[-64.68,54.143],[-64.583,54.186],[-64.51,54.189],[-64.333,54.166],[-64.219,54.178],[-64.325,54.273],[-64.464,54.253],[-64.48,54.273],[-64.425,54.332],[-64.366,54.615],[-64.416,54.737],[-64.397,54.743],[-64.296,54.659],[-64.329,54.566],[-64.32,54.517],[-64.138,54.35],[-63.748,54.096],[-63.584,54.078],[-63.373,54.14],[-63.176,54.129],[-63.203,54.074]]]}},{"type":"Feature","properties":{"name":"Lake Taymyr"},"geometry":{"type":"Polygon","coordinates":[[[100.949,73.894],[101.104,73.992],[101.062,74.095],[100.9,74.256],[100.412,74.337],[99.71,74.34],[99.585,74.36],[99.507,74.4],[99.607,74.42],[99.972,74.409],[100.171,74.44],[100.232,74.482],[100.495,74.577],[100.501,74.631],[100.434,74.722],[100.318,74.8],[100.097,74.861],[100.132,74.896],[100.266,74.936],[100.419,74.948],[100.463,75.007],[100.285,75.079],[100.042,75.103],[100.033,75.148],[100.192,75.15],[100.537,75.073],[100.612,75.036],[100.616,74.982],[100.544,74.932],[100.534,74.873],[100.573,74.823],[100.707,74.757],[101.059,74.681],[101.806,74.641],[102.484,74.641],[103.253,74.676],[104.234,74.814],[104.209,74.859],[103.878,74.928],[103.912,74.985],[104.117,75.055],[104.146,75.112],[104.264,75.121],[104.467,75.093],[104.864,74.915],[105.307,74.855],[105.333,74.814],[105.232,74.785],[104.508,74.74],[103.569,74.593],[102.041,74.502],[101.986,74.413],[102.19,74.24],[102.161,74.233],[101.979,74.236],[101.426,74.356],[101.313,74.404],[101.366,74.479],[101.213,74.491],[100.856,74.463],[100.882,74.425],[101.103,74.387],[101.1,74.33],[101.156,74.246],[101.439,74.043],[101.529,73.953],[101.553,73.878],[101.533,73.841],[101.023,73.86],[100.949,73.894]]]}},{"type":"Feature","properties":{"name":"Lago de Izabal"},"geometry":{"type":"Polygon","coordinates":[[[-88.97,15.636],[-89.022,15.489],[-89.079,15.444],[-89.301,15.382],[-89.388,15.488],[-89.105,15.602],[-88.843,15.765],[-88.97,15.636]]]}},{"type":"Feature","properties":{"name":"Ozero Mogotoyevo"},"geometry":{"type":"Polygon","coordinates":[[[149.311,72.008],[149.187,71.921],[149.113,71.906],[149.01,71.925],[148.942,71.979],[148.916,72.034],[148.961,72.129],[149.021,72.163],[149.224,72.127],[149.318,72.037],[149.311,72.008]]]}},{"type":"Feature","properties":{"name":"Ayakkum Hu"},"geometry":{"type":"Polygon","coordinates":[[[89.514,37.485],[89.145,37.538],[89.082,37.587],[89.487,37.628],[89.645,37.575],[89.645,37.51],[89.514,37.485]]]}},{"type":"Feature","properties":{"name":"Storsjön"},"geometry":{"type":"Polygon","coordinates":[[[14.026,63.319],[14.22,63.305],[14.394,63.262],[14.51,63.265],[14.612,63.205],[14.671,63.139],[14.504,63.165],[14.427,63.127],[14.474,62.887],[14.461,62.836],[14.427,62.826],[14.345,62.925],[14.341,62.953],[14.413,62.954],[14.43,62.98],[14.357,63.087],[14.057,63.194],[13.972,63.263],[14.061,63.236],[14.084,63.259],[14.026,63.319]]]}},{"type":"Feature","properties":{"name":"Lake St. Joseph"},"geometry":{"type":"Polygon","coordinates":[[[-91.274,51.069],[-90.976,51.011],[-90.604,51.215],[-90.472,51.17],[-90.427,51.119],[-90.528,51.068],[-90.937,50.954],[-91.318,50.918],[-91.367,50.93],[-91.274,51.069]]]}},{"type":"Feature","properties":{"name":"Lake Rukwa"},"geometry":{"type":"Polygon","coordinates":[[[32.521,-8.09],[32.171,-7.963],[31.96,-7.986],[31.921,-7.959],[31.823,-7.783],[31.8,-7.653],[31.897,-7.585],[32.026,-7.633],[32.514,-8.039],[32.521,-8.09]]]}},{"type":"Feature","properties":{"name":"Nam Ngum Reservoir"},"geometry":{"type":"Polygon","coordinates":[[[102.719,18.497],[102.646,18.45],[102.571,18.56],[102.506,18.746],[102.527,18.759],[102.582,18.696],[102.659,18.662],[102.747,18.65],[102.753,18.599],[102.894,18.541],[102.719,18.497]]]}},{"type":"Feature","properties":{"name":"Réservoir Gouin"},"geometry":{"type":"Polygon","coordinates":[[[-74.575,48.425],[-74.638,48.414],[-74.686,48.357],[-74.706,48.42],[-74.867,48.56],[-74.945,48.576],[-74.969,48.519],[-74.942,48.487],[-74.96,48.364],[-75.082,48.341],[-75.14,48.289],[-75.099,48.478],[-75.008,48.564],[-75.018,48.612],[-75.165,48.526],[-75.174,48.414],[-75.269,48.408],[-75.414,48.438],[-75.282,48.597],[-75.181,48.602],[-75.061,48.706],[-74.97,48.694],[-74.723,48.785],[-74.558,48.802],[-74.522,48.756],[-74.58,48.64],[-74.555,48.608],[-74.485,48.58],[-74.412,48.589],[-74.37,48.486],[-74.1,48.372],[-74.237,48.347],[-74.463,48.471],[-74.51,48.48],[-74.575,48.425]]]}},{"type":"Feature","properties":{"name":"Gaoyou Hu"},"geometry":{"type":"Polygon","coordinates":[[[119.392,32.751],[119.253,32.736],[119.173,32.686],[119.079,32.855],[119.242,32.896],[119.245,33.013],[119.314,33.054],[119.237,33.154],[119.18,33.148],[119.154,33.065],[119.099,33.027],[118.966,33.038],[118.882,33.077],[119.102,33.069],[119.17,33.186],[119.254,33.201],[119.304,33.164],[119.349,33.078],[119.407,32.794],[119.392,32.751]]]}},{"type":"Feature","properties":{"name":"Ozero Pyasino"},"geometry":{"type":"Polygon","coordinates":[[[87.937,69.478],[87.728,69.513],[87.695,69.541],[87.721,69.624],[87.609,69.809],[87.472,69.871],[87.349,69.889],[87.41,70.004],[87.81,70.097],[87.925,70.09],[87.969,70.061],[87.939,70.025],[87.657,69.96],[87.66,69.921],[87.93,69.756],[87.996,69.687],[88.025,69.614],[88.015,69.59],[88.161,69.498],[87.937,69.478]]]}},{"type":"Feature","properties":{},"geometry":{"type":"Polygon","coordinates":[[[26.743,61.694],[26.879,61.626],[26.89,61.569],[26.796,61.558],[26.758,61.612],[26.554,61.758],[26.276,61.866],[26.412,61.976],[26.442,61.962],[26.376,61.87],[26.418,61.863],[26.524,61.9],[26.531,61.939],[26.575,61.937],[26.668,61.868],[26.692,61.888],[26.774,61.861],[26.81,61.887],[26.698,61.931],[26.588,62.037],[26.819,61.948],[26.873,61.902],[26.9,61.753],[27.028,61.704],[27.037,61.662],[26.743,61.694]]]}},{"type":"Feature","properties":{"name":"Hjälmaren"},"geometry":{"type":"Polygon","coordinates":[[[15.921,59.194],[15.816,59.149],[15.624,59.167],[15.59,59.225],[15.52,59.255],[15.344,59.27],[15.613,59.317],[15.99,59.286],[16.404,59.309],[15.921,59.194]]]}},{"type":"Feature","properties":{},"geometry":{"type":"Polygon","coordinates":[[[26.592,63.089],[26.603,63.035],[26.648,62.982],[26.629,62.952],[26.462,63.015],[26.454,63.095],[26.232,63.264],[26.36,63.187],[26.491,63.17],[26.565,63.196],[26.586,63.234],[26.449,63.302],[26.423,63.354],[26.717,63.314],[26.649,63.293],[26.733,63.257],[26.741,63.227],[26.592,63.089]]]}},{"type":"Feature","properties":{"name":"Lake Bienville"},"geometry":{"type":"Polygon","coordinates":[[[-73.154,55.125],[-72.923,55.18],[-72.517,55.221],[-72.225,55.281],[-72.281,55.226],[-72.29,55.166],[-72.358,55.126],[-72.706,55.01],[-73.045,54.946],[-73.213,54.968],[-73.555,54.903],[-73.604,54.927],[-73.409,54.987],[-73.511,55.048],[-73.365,55.048],[-73.182,55.098],[-73.154,55.125]]]}},{"type":"Feature","properties":{"name":"Lake Beloye"},"geometry":{"type":"Polygon","coordinates":[[[37.286,60.233],[37.4,60.289],[37.737,60.329],[37.898,60.301],[37.981,60.239],[38.004,60.161],[37.999,60.103],[37.968,60.086],[37.715,60.077],[37.397,60.098],[37.232,60.164],[37.286,60.233]]]}},{"type":"Feature","properties":{"name":"Van Blommestein Meer"},"geometry":{"type":"Polygon","coordinates":[[[-54.941,4.725],[-54.924,4.673],[-54.865,4.655],[-54.874,4.601],[-54.932,4.581],[-54.983,4.609],[-55.013,4.599],[-55.123,4.462],[-55.26,4.525],[-55.335,4.528],[-55.329,4.574],[-55.279,4.621],[-55.284,4.699],[-55.173,4.879],[-55.127,4.999],[-55.02,4.971],[-54.938,4.904],[-54.807,4.908],[-54.796,4.881],[-54.838,4.789],[-54.894,4.783],[-54.941,4.725]]]}},{"type":"Feature","properties":{"name":"Lake Manyara"},"geometry":{"type":"Polygon","coordinates":[[[35.792,-3.48],[35.822,-3.432],[35.869,-3.424],[35.869,-3.576],[35.838,-3.701],[35.775,-3.757],[35.742,-3.707],[35.792,-3.48]]]}},{"type":"Feature","properties":{"name":"Lake Äbaya"},"geometry":{"type":"Polygon","coordinates":[[[38.138,6.577],[38.107,6.449],[37.843,6.073],[37.739,6.014],[37.701,6.015],[37.709,6.088],[37.865,6.22],[37.887,6.263],[37.869,6.491],[38.017,6.589],[38.138,6.577]]]}},{"type":"Feature","properties":{"name":"Akkajaure"},"geometry":{"type":"Polygon","coordinates":[[[17.838,67.586],[17.246,67.674],[17.154,67.735],[17.131,67.792],[18.116,67.561],[18.396,67.462],[18.428,67.419],[17.838,67.586]]]}},{"type":"Feature","properties":{"name":"Lake Balaton"},"geometry":{"type":"Polygon","coordinates":[[[17.476,46.724],[17.277,46.721],[17.269,46.742],[17.271,46.76],[17.479,46.8],[17.824,46.911],[18.078,47.055],[18.164,47.011],[18.143,46.963],[17.476,46.724]]]}},{"type":"Feature","properties":{"name":"Canandaigua Lake"},"geometry":{"type":"Polygon","coordinates":[[[-77.309,42.768],[-77.354,42.689],[-77.361,42.734],[-77.271,42.895],[-77.245,42.876],[-77.262,42.815],[-77.309,42.768]]]}},{"type":"Feature","properties":{"name":"Owasco Lake"},"geometry":{"type":"Polygon","coordinates":[[[-76.527,42.836],[-76.536,42.922],[-76.469,42.781],[-76.527,42.836]]]}},{"type":"Feature","properties":{"name":"Skaneateles Lake"},"geometry":{"type":"Polygon","coordinates":[[[-76.428,42.91],[-76.425,42.96],[-76.372,42.887],[-76.293,42.833],[-76.272,42.787],[-76.428,42.91]]]}},{"type":"Feature","properties":{},"geometry":{"type":"Polygon","coordinates":[[[-163.529,60.393],[-163.577,60.342],[-163.557,60.27],[-163.629,60.214],[-163.77,60.167],[-163.795,60.211],[-163.775,60.286],[-163.793,60.298],[-164.042,60.275],[-164.054,60.295],[-163.85,60.351],[-163.939,60.389],[-163.852,60.433],[-163.468,60.414],[-163.529,60.393]]]}},{"type":"Feature","properties":{"name":"Bear Lake"},"geometry":{"type":"Polygon","coordinates":[[[-111.327,41.889],[-111.349,41.871],[-111.373,41.883],[-111.407,41.988],[-111.393,42.131],[-111.313,42.148],[-111.285,42.109],[-111.327,41.889]]]}},{"type":"Feature","properties":{"name":"Utah Lake"},"geometry":{"type":"Polygon","coordinates":[[[-111.827,40.158],[-111.848,40.095],[-111.892,40.064],[-111.914,40.176],[-111.852,40.252],[-111.881,40.377],[-111.793,40.369],[-111.68,40.225],[-111.827,40.158]]]}},{"type":"Feature","properties":{},"geometry":{"type":"Polygon","coordinates":[[[-126.399,66.983],[-126.29,67.021],[-126.218,67.01],[-126.129,66.941],[-126.183,66.883],[-126.189,66.796],[-126.275,66.754],[-126.369,66.784],[-126.408,66.857],[-126.399,66.983]]]}},{"type":"Feature","properties":{"name":"Leech Lake"},"geometry":{"type":"Polygon","coordinates":[[[-94.302,47.097],[-94.395,47.067],[-94.519,47.143],[-94.566,47.12],[-94.578,47.062],[-94.621,47.166],[-94.611,47.206],[-94.379,47.241],[-94.296,47.285],[-94.281,47.27],[-94.308,47.183],[-94.245,47.191],[-94.302,47.097]]]}},{"type":"Feature","properties":{"name":"Lac des Mille Lacs"},"geometry":{"type":"Polygon","coordinates":[[[-90.34,48.821],[-90.375,48.786],[-90.44,48.785],[-90.634,48.833],[-90.65,48.917],[-90.684,48.92],[-90.688,48.944],[-90.626,48.974],[-90.591,48.96],[-90.546,48.895],[-90.48,48.885],[-90.361,48.893],[-90.292,48.935],[-90.34,48.821]]]}},{"type":"Feature","properties":{"name":"Réservoir Baskatong"},"geometry":{"type":"Polygon","coordinates":[[[-75.698,46.825],[-75.751,46.718],[-75.795,46.715],[-75.864,46.755],[-76.033,46.759],[-75.971,46.819],[-75.955,46.875],[-75.831,46.902],[-75.737,46.997],[-75.694,46.897],[-75.698,46.825]]]}},{"type":"Feature","properties":{"name":"Lago Ranco"},"geometry":{"type":"Polygon","coordinates":[[[-72.273,-40.302],[-72.457,-40.293],[-72.547,-40.272],[-72.558,-40.235],[-72.529,-40.172],[-72.33,-40.128],[-72.273,-40.166],[-72.273,-40.302]]]}},{"type":"Feature","properties":{"name":"Trout Lake"},"geometry":{"type":"Polygon","coordinates":[[[-121.408,60.4],[-121.497,60.459],[-121.586,60.438],[-121.484,60.517],[-121.316,60.588],[-121.301,60.623],[-121.336,60.771],[-121.176,60.722],[-121.108,60.665],[-121.091,60.592],[-121.149,60.513],[-121.256,60.448],[-121.408,60.4]]]}},{"type":"Feature","properties":{"name":"Lago Viedma"},"geometry":{"type":"Polygon","coordinates":[[[-72.621,-49.641],[-73.029,-49.673],[-72.969,-49.588],[-73.018,-49.508],[-72.93,-49.44],[-72.878,-49.44],[-72.814,-49.478],[-72.211,-49.626],[-72.101,-49.709],[-72.136,-49.775],[-72.306,-49.761],[-72.621,-49.641]]]}},{"type":"Feature","properties":{"name":"Lac Tumba"},"geometry":{"type":"Polygon","coordinates":[[[17.917,-0.816],[17.901,-0.736],[17.843,-0.713],[17.811,-0.672],[18.045,-0.657],[18.114,-0.708],[18.129,-0.981],[18.036,-0.957],[17.917,-0.816]]]}},{"type":"Feature","properties":{},"geometry":{"type":"Polygon","coordinates":[[[30.797,63.922],[30.873,63.903],[30.896,63.868],[31.167,63.815],[31.199,63.786],[31.08,63.78],[31.138,63.709],[31.114,63.681],[31.144,63.629],[31.129,63.613],[30.912,63.708],[30.916,63.767],[30.883,63.79],[30.749,63.805],[30.727,63.825],[30.768,63.834],[30.797,63.922]]]}},{"type":"Feature","properties":{"name":"Po Hu"},"geometry":{"type":"Polygon","coordinates":[[[116.317,30.203],[116.314,30.23],[116.371,30.244],[116.443,30.207],[116.539,30.207],[116.526,30.089],[116.424,30.108],[116.317,30.203]]]}},{"type":"Feature","properties":{"name":"Buyr Nuur"},"geometry":{"type":"Polygon","coordinates":[[[117.529,47.739],[117.57,47.835],[117.709,47.948],[117.801,47.95],[117.869,47.865],[117.856,47.825],[117.655,47.68],[117.606,47.666],[117.529,47.739]]]}},{"type":"Feature","properties":{"name":"Ngangla Ringeo"},"geometry":{"type":"Polygon","coordinates":[[[82.913,31.517],[82.837,31.564],[82.974,31.627],[83.1,31.652],[83.142,31.597],[83.341,31.462],[83.333,31.445],[82.913,31.517]]]}},{"type":"Feature","properties":{"name":"Tangra Yumco"},"geometry":{"type":"Polygon","coordinates":[[[86.764,31.136],[86.628,31.084],[86.494,30.811],[86.419,30.807],[86.396,30.871],[86.607,31.221],[86.654,31.367],[86.742,31.342],[86.777,31.166],[86.764,31.136]]]}},{"type":"Feature","properties":{"name":"Ozero Kulundinskoye"},"geometry":{"type":"Polygon","coordinates":[[[79.731,52.9],[79.75,52.86],[79.734,52.842],[79.603,52.837],[79.451,52.899],[79.4,52.944],[79.387,53.007],[79.427,53.076],[79.594,53.143],[79.738,53.092],[79.809,52.996],[79.731,52.9]]]}},{"type":"Feature","properties":{"name":"Siletitengiz Köli"},"geometry":{"type":"Polygon","coordinates":[[[73.088,53.269],[72.958,53.25],[72.923,53.281],[72.987,53.368],[73.031,53.384],[73.204,53.398],[73.405,53.361],[73.424,53.337],[73.419,53.154],[73.407,53.072],[73.088,53.269]]]}},{"type":"Feature","properties":{"name":"Ubinskoye Lake"},"geometry":{"type":"Polygon","coordinates":[[[80.308,55.494],[80.1,55.413],[79.898,55.385],[79.823,55.423],[79.823,55.452],[80.086,55.55],[80.305,55.563],[80.328,55.54],[80.308,55.494]]]}},{"type":"Feature","properties":{},"geometry":{"type":"Polygon","coordinates":[[[38.708,61.421],[38.894,61.467],[38.917,61.445],[38.858,61.323],[38.895,61.255],[38.837,61.207],[38.697,61.199],[38.663,61.217],[38.651,61.344],[38.708,61.421]]]}},{"type":"Feature","properties":{},"geometry":{"type":"Polygon","coordinates":[[[29.089,66.299],[28.626,66.063],[28.523,66.049],[28.07,66.034],[28.043,66.048],[28.025,66.119],[27.886,66.168],[28.086,66.145],[28.138,66.074],[28.177,66.072],[28.506,66.136],[28.561,66.186],[28.833,66.233],[28.835,66.262],[28.727,66.331],[28.807,66.335],[28.869,66.311],[29.089,66.299]]]}},{"type":"Feature","properties":{"name":"Umbozero Lake"},"geometry":{"type":"Polygon","coordinates":[[[34.28,67.887],[34.335,67.858],[34.363,67.805],[34.551,67.645],[34.582,67.593],[34.534,67.552],[34.318,67.545],[34.319,67.701],[34.237,67.771],[34.248,67.793],[34.194,67.871],[34.28,67.887]]]}},{"type":"Feature","properties":{"name":"Lake Kovdozero"},"geometry":{"type":"Polygon","coordinates":[[[32.3,66.486],[32.325,66.466],[32.397,66.445],[32.355,66.425],[32.12,66.471],[31.991,66.471],[31.983,66.499],[32.135,66.538],[31.963,66.7],[31.901,66.741],[31.577,66.758],[31.554,66.783],[31.621,66.822],[31.764,66.838],[31.765,66.858],[31.68,66.885],[31.746,66.912],[31.948,66.841],[32.218,66.835],[32.239,66.816],[32.18,66.761],[32.339,66.674],[32.22,66.601],[32.315,66.502],[32.3,66.486]]]}},{"type":"Feature","properties":{"name":"Lake Tekapo"},"geometry":{"type":"Polygon","coordinates":[[[170.576,-43.851],[170.575,-43.935],[170.51,-44.003],[170.53,-43.816],[170.5,-43.596],[170.519,-43.534],[170.559,-43.707],[170.6,-43.712],[170.656,-43.658],[170.576,-43.851]]]}},{"type":"Feature","properties":{"name":"Ozero Bustakh"},"geometry":{"type":"Polygon","coordinates":[[[141.96,72.484],[141.69,72.465],[141.639,72.476],[141.586,72.57],[141.965,72.608],[142.127,72.595],[142.194,72.562],[141.96,72.484]]]}},{"type":"Feature","properties":{"name":"Yamzho Yumco"},"geometry":{"type":"Polygon","coordinates":[[[90.808,28.938],[90.739,28.866],[90.715,28.883],[90.59,28.797],[90.535,28.786],[90.447,28.878],[90.53,28.861],[90.594,28.903],[90.672,29.011],[90.654,29.126],[90.59,29.167],[90.534,29.165],[90.386,29.107],[90.562,29.211],[90.633,29.192],[90.729,29.13],[90.721,29.072],[90.788,28.991],[90.829,28.989],[90.876,29.024],[90.992,28.978],[90.993,28.892],[90.931,28.923],[90.808,28.938]]]}},{"type":"Feature","properties":{"name":"Ozero Tenis"},"geometry":{"type":"Polygon","coordinates":[[[72.009,56.177],[71.947,56.109],[71.778,56.087],[71.718,56.058],[71.676,56.067],[71.625,56.178],[72.003,56.202],[72.009,56.177]]]}},{"type":"Feature","properties":{"name":"Ozero Chërnoye"},"geometry":{"type":"Polygon","coordinates":[[[67.504,55.713],[67.298,55.745],[67.351,55.868],[67.483,55.806],[67.595,55.821],[67.679,55.801],[67.504,55.713]]]}},{"type":"Feature","properties":{},"geometry":{"type":"Polygon","coordinates":[[[33.087,65.909],[33.072,65.833],[32.8,65.762],[32.743,65.769],[32.704,65.83],[32.849,65.894],[32.745,65.948],[32.751,65.975],[32.836,66.044],[32.898,66.043],[32.863,65.998],[33.087,65.909]]]}},{"type":"Feature","properties":{"name":"Ozero Bol'šoe Morskoe"},"geometry":{"type":"Polygon","coordinates":[[[158.792,69.99],[158.642,70.029],[158.546,70.099],[158.558,70.124],[158.61,70.138],[158.709,70.138],[158.925,70.119],[158.934,70.092],[158.792,69.99]]]}},{"type":"Feature","properties":{"name":"Ozero Chukochye"},"geometry":{"type":"Polygon","coordinates":[[[160.099,69.485],[160.055,69.538],[160.104,69.539],[160.325,69.489],[160.445,69.43],[160.206,69.411],[160.278,69.359],[160.248,69.352],[160.056,69.394],[160.025,69.456],[160.099,69.485]]]}},{"type":"Feature","properties":{"name":"Shijiu Hu"},"geometry":{"type":"Polygon","coordinates":[[[118.723,31.542],[118.941,31.554],[118.96,31.465],[118.85,31.393],[118.78,31.409],[118.723,31.542]]]}},{"type":"Feature","properties":{"name":"Hong Hu"},"geometry":{"type":"Polygon","coordinates":[[[113.369,29.785],[113.312,29.749],[113.275,29.78],[113.23,29.893],[113.331,29.894],[113.362,29.949],[113.451,29.94],[113.369,29.785]]]}},{"type":"Feature","properties":{"name":"Võrtsjärv"},"geometry":{"type":"Polygon","coordinates":[[[26.141,58.269],[26.085,58.143],[26.051,58.146],[25.928,58.305],[25.966,58.382],[26.019,58.396],[26.121,58.374],[26.141,58.269]]]}},{"type":"Feature","properties":{"name":"Chao Hu"},"geometry":{"type":"Polygon","coordinates":[[[117.784,31.579],[117.623,31.455],[117.563,31.445],[117.468,31.467],[117.317,31.592],[117.297,31.65],[117.315,31.697],[117.366,31.709],[117.413,31.694],[117.448,31.61],[117.543,31.591],[117.652,31.654],[117.733,31.66],[117.941,31.521],[117.784,31.579]]]}},{"type":"Feature","properties":{},"geometry":{"type":"Polygon","coordinates":[[[12.93,63.686],[13.012,63.712],[13.273,63.711],[13.3,63.695],[13.11,63.671],[13.085,63.65],[13.097,63.608],[13.119,63.554],[13.213,63.486],[13.358,63.451],[13.335,63.427],[13.113,63.497],[13.01,63.544],[12.899,63.652],[12.93,63.686]]]}},{"type":"Feature","properties":{"name":"Lake Rossignol"},"geometry":{"type":"Polygon","coordinates":[[[-65.025,44.164],[-65.176,44.155],[-65.198,44.181],[-65.189,44.235],[-65.134,44.27],[-65.104,44.272],[-65.08,44.228],[-65.053,44.224],[-64.966,44.252],[-65.025,44.164]]]}},{"type":"Feature","properties":{"name":"Grand Lake"},"geometry":{"type":"Polygon","coordinates":[[[-66.15,45.856],[-66.19,45.881],[-66.077,45.953],[-66.027,46.05],[-65.92,46.093],[-65.93,46.034],[-65.989,45.942],[-66.15,45.856]]]}},{"type":"Feature","properties":{"name":"Goose Lake"},"geometry":{"type":"Polygon","coordinates":[[[-120.396,41.792],[-120.443,41.785],[-120.484,41.869],[-120.475,42.065],[-120.411,42.107],[-120.375,42.09],[-120.323,42.04],[-120.396,41.792]]]}},{"type":"Feature","properties":{"name":"Pyramid Lake"},"geometry":{"type":"Polygon","coordinates":[[[-119.446,39.868],[-119.487,39.878],[-119.636,40.028],[-119.696,40.123],[-119.641,40.191],[-119.577,40.209],[-119.534,40.181],[-119.483,39.974],[-119.432,39.903],[-119.446,39.868]]]}},{"type":"Feature","properties":{"name":"Lake Sevan"},"geometry":{"type":"Polygon","coordinates":[[[44.972,40.542],[44.986,40.612],[45.015,40.614],[45.242,40.51],[45.373,40.479],[45.602,40.318],[45.656,40.243],[45.651,40.195],[45.543,40.156],[45.276,40.164],[45.183,40.385],[44.972,40.542]]]}},{"type":"Feature","properties":{},"geometry":{"type":"Polygon","coordinates":[[[114.739,30.279],[114.778,30.215],[114.679,30.228],[114.674,30.3],[114.713,30.33],[114.806,30.345],[114.834,30.327],[114.839,30.287],[114.739,30.279]]]}},{"type":"Feature","properties":{},"geometry":{"type":"Polygon","coordinates":[[[114.64,30.66],[114.646,30.715],[114.719,30.751],[114.781,30.701],[114.786,30.663],[114.696,30.613],[114.622,30.608],[114.584,30.65],[114.64,30.66]]]}},{"type":"Feature","properties":{"name":"Weishan Hu"},"geometry":{"type":"Polygon","coordinates":[[[117.25,34.502],[117.21,34.498],[117.141,34.612],[117.139,34.725],[117.266,34.665],[117.326,34.587],[117.25,34.502]]]}},{"type":"Feature","properties":{},"geometry":{"type":"Polygon","coordinates":[[[114.482,30.431],[114.533,30.435],[114.601,30.399],[114.633,30.44],[114.609,30.496],[114.666,30.49],[114.701,30.512],[114.756,30.477],[114.753,30.429],[114.683,30.397],[114.655,30.346],[114.601,30.344],[114.482,30.431]]]}},{"type":"Feature","properties":{"name":"Huangtang Hu"},"geometry":{"type":"Polygon","coordinates":[[[114.252,29.972],[114.255,29.906],[114.171,29.921],[114.143,29.988],[114.147,30.083],[114.177,30.114],[114.249,30.141],[114.253,30.045],[114.301,30.025],[114.252,29.972]]]}},{"type":"Feature","properties":{},"geometry":{"type":"Polygon","coordinates":[[[114.137,29.862],[114.087,29.934],[113.969,29.88],[114.003,29.942],[113.941,29.981],[114.101,30.022],[114.158,29.872],[114.137,29.862]]]}},{"type":"Feature","properties":{"name":"Millerton Lake"},"geometry":{"type":"Polygon","coordinates":[[[-119.603,37.031],[-119.693,37.0],[-119.672,37.028],[-119.603,37.057],[-119.603,37.031]]]}},{"type":"Feature","properties":{"name":"Bluenose Lake"},"geometry":{"type":"Polygon","coordinates":[[[-119.806,68.619],[-119.825,68.661],[-119.72,68.746],[-119.665,68.754],[-119.47,68.608],[-119.595,68.574],[-119.65,68.471],[-119.59,68.396],[-119.511,68.361],[-119.525,68.332],[-119.734,68.255],[-119.848,68.254],[-119.835,68.484],[-119.875,68.558],[-119.806,68.619]]]}},{"type":"Feature","properties":{"name":"Réservoir Pipmuacan"},"geometry":{"type":"Polygon","coordinates":[[[-70.137,49.491],[-70.157,49.592],[-70.283,49.641],[-70.351,49.59],[-70.329,49.523],[-70.354,49.504],[-70.467,49.532],[-70.516,49.411],[-70.571,49.473],[-70.639,49.466],[-70.701,49.427],[-70.736,49.442],[-70.789,49.536],[-70.816,49.543],[-70.963,49.406],[-70.834,49.625],[-70.716,49.525],[-70.585,49.572],[-70.442,49.684],[-70.34,49.67],[-70.305,49.701],[-70.307,49.748],[-70.377,49.887],[-70.317,49.864],[-70.236,49.699],[-70.171,49.684],[-70.135,49.708],[-70.017,49.597],[-69.899,49.545],[-69.783,49.339],[-69.856,49.342],[-69.902,49.481],[-69.946,49.518],[-70.029,49.498],[-70.08,49.44],[-70.137,49.491]]]}},{"type":"Feature","properties":{"name":"Grand Lake"},"geometry":{"type":"Polygon","coordinates":[[[-56.99,49.332],[-56.963,49.336],[-56.928,49.264],[-57.13,49.166],[-57.578,48.786],[-57.76,48.672],[-57.859,48.643],[-58.013,48.663],[-57.371,49.011],[-57.27,49.099],[-57.262,49.181],[-57.035,49.265],[-56.99,49.332]]]}},{"type":"Feature","properties":{},"geometry":{"type":"Polygon","coordinates":[[[-126.495,67.263],[-126.548,67.442],[-126.613,67.522],[-126.762,67.56],[-126.614,67.578],[-126.494,67.552],[-126.398,67.488],[-126.205,67.419],[-126.206,67.304],[-126.495,67.263]]]}},{"type":"Feature","properties":{"name":"Colville Lake"},"geometry":{"type":"Polygon","coordinates":[[[-125.73,67.297],[-125.828,67.124],[-125.918,67.079],[-126.061,67.059],[-126.222,67.085],[-126.184,67.138],[-126.235,67.215],[-125.751,67.313],[-125.73,67.297]]]}},{"type":"Feature","properties":{"name":"Hottah Lake"},"geometry":{"type":"Polygon","coordinates":[[[-118.698,65.109],[-118.832,65.192],[-118.825,65.217],[-118.445,65.291],[-118.265,65.199],[-118.246,65.136],[-118.282,65.069],[-118.237,64.986],[-118.325,64.903],[-118.319,64.873],[-118.239,64.845],[-118.156,64.852],[-118.146,64.795],[-118.333,64.781],[-118.488,64.841],[-118.636,64.928],[-118.698,65.109]]]}},{"type":"Feature","properties":{"name":"Big Trout Lake"},"geometry":{"type":"Polygon","coordinates":[[[-90.29,53.868],[-90.171,53.838],[-90.002,53.886],[-89.847,53.815],[-89.609,53.772],[-89.814,53.69],[-89.939,53.679],[-90.034,53.685],[-90.167,53.747],[-90.357,53.766],[-90.29,53.868]]]}},{"type":"Feature","properties":{"name":"Trout Lake"},"geometry":{"type":"Polygon","coordinates":[[[-93.235,51.033],[-93.32,51.075],[-93.429,51.154],[-93.481,51.208],[-93.48,51.237],[-93.37,51.302],[-93.283,51.279],[-93.175,51.295],[-93.072,51.173],[-93.165,51.071],[-93.235,51.033]]]}},{"type":"Feature","properties":{"name":"Island Lake"},"geometry":{"type":"Polygon","coordinates":[[[-94.518,53.71],[-94.682,53.733],[-94.933,53.827],[-94.949,53.859],[-94.933,53.933],[-94.754,53.989],[-94.634,53.986],[-94.601,53.972],[-94.689,53.897],[-94.59,53.858],[-94.131,53.892],[-94.048,53.882],[-94.002,53.847],[-94.014,53.798],[-94.236,53.734],[-94.518,53.71]]]}},{"type":"Feature","properties":{"name":"Lake Naococane"},"geometry":{"type":"Polygon","coordinates":[[[-70.397,52.974],[-70.484,52.872],[-70.464,52.863],[-70.468,52.746],[-70.422,52.639],[-70.433,52.61],[-70.487,52.63],[-70.522,52.682],[-70.538,52.8],[-70.577,52.803],[-70.64,52.736],[-70.762,52.787],[-70.783,52.899],[-70.817,52.909],[-70.94,52.817],[-70.981,52.841],[-70.982,52.872],[-70.924,52.938],[-70.75,52.963],[-70.748,52.996],[-70.828,53.015],[-70.82,53.06],[-70.691,52.998],[-70.397,52.974]]]}},{"type":"Feature","properties":{"name":"Lac la Ronge"},"geometry":{"type":"Polygon","coordinates":[[[-104.507,55.133],[-104.637,55.148],[-104.735,55.09],[-104.822,54.994],[-105.128,54.925],[-105.237,54.957],[-105.258,55.074],[-105.218,55.156],[-105.237,55.219],[-105.081,55.302],[-104.955,55.28],[-104.833,55.306],[-104.59,55.302],[-104.519,55.257],[-104.4,55.247],[-104.369,55.182],[-104.507,55.133]]]}},{"type":"Feature","properties":{"name":"Mille Lacs Lake"},"geometry":{"type":"Polygon","coordinates":[[[-93.514,46.177],[-93.54,46.15],[-93.668,46.137],[-93.775,46.2],[-93.795,46.255],[-93.758,46.308],[-93.607,46.36],[-93.552,46.341],[-93.514,46.177]]]}},{"type":"Feature","properties":{"name":"Lake Winnipesaukee"},"geometry":{"type":"Polygon","coordinates":[[[-71.216,43.587],[-71.232,43.54],[-71.277,43.532],[-71.443,43.628],[-71.399,43.725],[-71.331,43.7],[-71.293,43.635],[-71.216,43.587]]]}},{"type":"Feature","properties":{"name":"Lake Simcoe"},"geometry":{"type":"Polygon","coordinates":[[[-79.499,44.227],[-79.537,44.353],[-79.584,44.405],[-79.445,44.51],[-79.393,44.603],[-79.373,44.698],[-79.341,44.636],[-79.211,44.535],[-79.163,44.45],[-79.202,44.384],[-79.448,44.31],[-79.499,44.227]]]}},{"type":"Feature","properties":{"name":"Gods Lake"},"geometry":{"type":"Polygon","coordinates":[[[-93.645,54.788],[-93.702,54.758],[-93.912,54.744],[-93.989,54.671],[-94.414,54.586],[-94.495,54.502],[-94.763,54.412],[-94.768,54.454],[-94.735,54.5],[-94.65,54.541],[-94.508,54.669],[-94.477,54.801],[-94.272,54.842],[-93.923,54.835],[-93.645,54.788]]]}},{"type":"Feature","properties":{"name":"Hoh Xil Hu"},"geometry":{"type":"Polygon","coordinates":[[[91.268,35.528],[91.043,35.565],[90.95,35.634],[90.993,35.653],[91.222,35.646],[91.316,35.595],[91.268,35.528]]]}},{"type":"Feature","properties":{"name":"Lake Hammar"},"geometry":{"type":"Polygon","coordinates":[[[47.573,30.664],[47.491,30.663],[47.104,30.74],[46.822,30.725],[46.792,30.803],[46.719,30.837],[46.712,30.867],[46.748,30.903],[46.861,30.917],[47.063,30.828],[47.29,30.772],[47.429,30.812],[47.5,30.809],[47.608,30.689],[47.573,30.664]]]}},{"type":"Feature","properties":{"name":"Malheur Lake"},"geometry":{"type":"Polygon","coordinates":[[[-118.821,43.24],[-118.903,43.303],[-118.948,43.394],[-118.929,43.414],[-118.791,43.425],[-118.664,43.405],[-118.612,43.298],[-118.821,43.24]]]}},{"type":"Feature","properties":{},"geometry":{"type":"Polygon","coordinates":[[[-56.586,48.232],[-56.712,48.182],[-56.56,48.352],[-56.524,48.363],[-56.466,48.329],[-56.586,48.232]]]}},{"type":"Feature","properties":{},"geometry":{"type":"Polygon","coordinates":[[[-95.769,55.442],[-95.918,55.419],[-95.896,55.487],[-95.817,55.526],[-95.795,55.569],[-95.6,55.615],[-95.769,55.442]]]}},{"type":"Feature","properties":{},"geometry":{"type":"Polygon","coordinates":[[[-165.403,65.171],[-165.482,65.134],[-165.708,65.08],[-165.792,65.091],[-165.888,65.138],[-165.898,65.165],[-165.82,65.191],[-165.382,65.205],[-165.403,65.171]]]}},{"type":"Feature","properties":{},"geometry":{"type":"Polygon","coordinates":[[[-163.781,61.106],[-163.816,61.055],[-163.842,61.055],[-163.936,61.145],[-163.931,61.169],[-163.826,61.217],[-163.547,61.231],[-163.798,61.144],[-163.781,61.106]]]}},{"type":"Feature","properties":{},"geometry":{"type":"Polygon","coordinates":[[[-162.502,60.772],[-162.573,60.76],[-162.768,60.818],[-162.655,60.843],[-162.508,60.795],[-162.502,60.772]]]}},{"type":"Feature","properties":{"name":"Tikchik Lakes"},"geometry":{"type":"Polygon","coordinates":[[[-158.875,59.166],[-158.941,59.18],[-158.959,59.246],[-159.058,59.337],[-158.945,59.314],[-158.878,59.252],[-158.875,59.166]]]}},{"type":"Feature","properties":{"name":"Tikchik Lakes"},"geometry":{"type":"Polygon","coordinates":[[[-158.535,59.961],[-159.024,59.896],[-159.092,59.9],[-159.132,59.951],[-159.0,59.948],[-158.542,60.016],[-158.307,59.98],[-158.223,59.943],[-158.535,59.961]]]}},{"type":"Feature","properties":{"name":"Tikchik Lakes"},"geometry":{"type":"Polygon","coordinates":[[[-159.058,60.242],[-158.853,60.283],[-158.874,60.264],[-158.774,60.216],[-158.781,60.19],[-159.083,60.212],[-159.159,60.196],[-159.058,60.242]]]}},{"type":"Feature","properties":{"name":"Tikchik Lakes"},"geometry":{"type":"Polygon","coordinates":[[[-158.825,59.543],[-158.835,59.518],[-158.582,59.425],[-158.805,59.445],[-158.992,59.516],[-159.046,59.547],[-159.133,59.651],[-158.945,59.586],[-158.647,59.596],[-158.825,59.543]]]}},{"type":"Feature","properties":{"name":"Khyargas Nuur"},"geometry":{"type":"Polygon","coordinates":[[[93.779,49.103],[93.397,48.991],[93.241,49.097],[92.865,49.225],[92.832,49.253],[92.835,49.282],[92.864,49.306],[93.059,49.322],[93.26,49.292],[93.471,49.205],[93.654,49.215],[93.786,49.158],[93.799,49.129],[93.779,49.103]]]}},{"type":"Feature","properties":{},"geometry":{"type":"Polygon","coordinates":[[[85.851,30.886],[85.827,30.783],[85.783,30.759],[85.757,30.84],[85.692,30.87],[85.513,30.846],[85.377,30.906],[85.352,30.944],[85.361,30.992],[85.402,31.035],[85.476,31.045],[85.81,31.005],[85.875,30.978],[85.888,30.929],[85.851,30.886]]]}},{"type":"Feature","properties":{"name":"Lake Assal"},"geometry":{"type":"Polygon","coordinates":[[[42.441,11.64],[42.399,11.645],[42.411,11.712],[42.447,11.677],[42.441,11.64]]]}},{"type":"Feature","properties":{"name":"Rainy Lake"},"geometry":{"type":"Polygon","coordinates":[[[-92.995,48.451],[-93.071,48.504],[-92.788,48.455],[-92.698,48.517],[-92.936,48.565],[-92.948,48.586],[-93.079,48.591],[-93.117,48.553],[-93.279,48.607],[-93.339,48.6],[-93.382,48.616],[-93.37,48.657],[-93.401,48.681],[-93.403,48.705],[-93.352,48.717],[-93.365,48.748],[-93.496,48.813],[-93.613,48.834],[-93.434,48.846],[-93.463,48.903],[-93.322,48.934],[-93.262,48.825],[-93.203,48.791],[-93.2,48.746],[-93.261,48.674],[-93.223,48.67],[-93.124,48.728],[-93.149,48.675],[-93.119,48.668],[-92.793,48.695],[-92.779,48.678],[-92.87,48.635],[-92.866,48.615],[-92.732,48.588],[-92.655,48.6],[-92.585,48.534],[-92.57,48.5],[-92.6,48.485],[-92.491,48.456],[-92.435,48.391],[-92.456,48.351],[-92.6,48.424],[-92.995,48.451]]]}},{"type":"Feature","properties":{"name":"Williston Lake"},"geometry":{"type":"Polygon","coordinates":[[[-122.925,56.058],[-123.012,56.04],[-123.139,55.974],[-123.716,56.015],[-123.782,55.995],[-123.774,55.887],[-123.715,55.848],[-123.657,55.752],[-123.449,55.623],[-123.169,55.393],[-123.144,55.176],[-123.415,55.534],[-123.506,55.613],[-123.809,55.794],[-123.921,55.829],[-124.04,55.913],[-124.033,56.0],[-124.21,56.014],[-124.508,56.114],[-124.215,56.053],[-124.158,56.087],[-124.345,56.21],[-124.834,56.713],[-124.836,56.757],[-124.759,56.742],[-124.459,56.471],[-124.359,56.345],[-124.249,56.263],[-124.142,56.237],[-124.073,56.255],[-124.053,56.223],[-124.073,56.154],[-124.038,56.1],[-123.97,56.061],[-123.788,56.072],[-123.238,56.029],[-123.118,56.048],[-122.971,56.116],[-122.566,56.158],[-122.264,56.084],[-122.223,56.058],[-122.222,56.021],[-122.345,56.029],[-122.502,56.084],[-122.925,56.058]]]}},{"type":"Feature","properties":{"name":"Split Lake"},"geometry":{"type":"Polygon","coordinates":[[[-96.081,56.118],[-96.086,56.079],[-96.358,56.094],[-96.553,56.063],[-96.572,56.086],[-96.504,56.15],[-96.279,56.177],[-96.054,56.273],[-95.906,56.302],[-95.842,56.291],[-95.865,56.265],[-96.105,56.203],[-96.044,56.156],[-96.081,56.118]]]}},{"type":"Feature","properties":{"name":"Ft. Peck Lake"},"geometry":{"type":"Polygon","coordinates":[[[-106.269,47.548],[-106.251,47.644],[-106.384,47.848],[-106.454,47.879],[-106.521,47.828],[-106.556,47.75],[-106.813,47.716],[-106.862,47.631],[-106.906,47.672],[-106.993,47.644],[-107.03,47.666],[-107.306,47.685],[-107.429,47.635],[-107.612,47.623],[-107.846,47.468],[-107.911,47.39],[-107.916,47.509],[-107.949,47.558],[-108.196,47.602],[-107.959,47.601],[-107.889,47.538],[-107.841,47.526],[-107.685,47.646],[-107.714,47.688],[-107.455,47.662],[-107.336,47.728],[-106.93,47.725],[-106.933,47.764],[-106.769,47.788],[-106.596,47.86],[-106.566,47.907],[-106.59,47.958],[-106.433,48.027],[-106.325,47.985],[-106.358,47.925],[-106.345,47.879],[-106.253,47.815],[-106.267,47.793],[-106.217,47.585],[-106.269,47.548]]]}},{"type":"Feature","properties":{"name":"Lake Sakakawea"},"geometry":{"type":"Polygon","coordinates":[[[-102.237,47.589],[-102.429,47.562],[-102.42,47.59],[-102.299,47.657],[-102.336,47.757],[-102.561,47.785],[-102.616,47.819],[-102.653,47.916],[-102.614,47.992],[-102.761,48.084],[-102.901,48.12],[-103.059,48.125],[-103.339,48.03],[-103.459,48.016],[-103.52,48.027],[-103.583,48.097],[-103.75,48.017],[-103.772,48.027],[-103.759,48.074],[-103.666,48.142],[-103.575,48.153],[-103.45,48.067],[-103.353,48.076],[-103.118,48.171],[-102.916,48.171],[-102.675,48.105],[-102.598,48.053],[-102.557,47.968],[-102.575,47.844],[-102.527,47.822],[-102.408,47.806],[-102.384,47.82],[-102.415,47.938],[-102.258,47.978],[-102.294,47.912],[-102.24,47.766],[-102.169,47.729],[-102.212,47.677],[-102.16,47.624],[-101.884,47.561],[-101.203,47.645],[-101.14,47.606],[-101.4,47.506],[-101.59,47.515],[-101.917,47.464],[-102.237,47.589]]]}},{"type":"Feature","properties":{"name":"Teslin Lake"},"geometry":{"type":"Polygon","coordinates":[[[-132.159,59.626],[-132.399,59.922],[-132.61,60.05],[-132.958,60.201],[-133.245,60.449],[-133.138,60.427],[-132.98,60.297],[-132.798,60.192],[-132.522,60.098],[-132.364,59.986],[-132.23,59.849],[-132.202,59.77],[-132.089,59.644],[-132.095,59.607],[-132.159,59.626]]]}},{"type":"Feature","properties":{"name":"Lower Arrow Lake"},"geometry":{"type":"Polygon","coordinates":[[[-117.957,49.336],[-118.063,49.412],[-118.139,49.521],[-118.156,49.601],[-118.128,49.752],[-118.092,49.802],[-118.109,49.583],[-118.087,49.515],[-118.048,49.457],[-117.911,49.375],[-117.907,49.342],[-117.957,49.336]]]}},{"type":"Feature","properties":{"name":"Lake Pend Oreille"},"geometry":{"type":"Polygon","coordinates":[[[-116.41,48.107],[-116.441,48.075],[-116.456,47.984],[-116.553,47.971],[-116.498,48.115],[-116.458,48.168],[-116.374,48.208],[-116.4,48.247],[-116.469,48.263],[-116.569,48.25],[-116.499,48.301],[-116.362,48.284],[-116.215,48.16],[-116.41,48.107]]]}},{"type":"Feature","properties":{"name":"Lake Chelan"},"geometry":{"type":"Polygon","coordinates":[[[-120.172,47.914],[-120.205,47.962],[-120.53,48.162],[-120.628,48.279],[-120.011,47.852],[-120.172,47.914]]]}},{"type":"Feature","properties":{"name":"Black Lake"},"geometry":{"type":"Polygon","coordinates":[[[-105.66,59.055],[-105.785,58.922],[-105.868,58.939],[-105.806,59.031],[-105.215,59.296],[-104.948,59.237],[-105.012,59.173],[-105.394,59.128],[-105.66,59.055]]]}},{"type":"Feature","properties":{"name":"Lake Louise"},"geometry":{"type":"Polygon","coordinates":[[[-146.515,62.282],[-146.653,62.362],[-146.704,62.411],[-146.684,62.504],[-146.661,62.508],[-146.61,62.414],[-146.473,62.332],[-146.515,62.282]]]}},{"type":"Feature","properties":{"name":"Lower Red Lake"},"geometry":{"type":"Polygon","coordinates":[[[-94.783,47.97],[-94.792,47.91],[-95.111,47.889],[-95.248,47.907],[-95.271,47.942],[-95.251,47.989],[-95.187,48.033],[-95.086,48.065],[-95.011,48.06],[-94.783,47.97]]]}},{"type":"Feature","properties":{"name":"Upper Red Lake"},"geometry":{"type":"Polygon","coordinates":[[[-94.84,48.184],[-94.69,48.203],[-94.561,48.178],[-94.558,48.141],[-94.6,48.106],[-94.75,48.066],[-95.008,48.072],[-95.031,48.094],[-95.02,48.125],[-94.84,48.184]]]}},{"type":"Feature","properties":{"name":"Yathkyed Lake"},"geometry":{"type":"Polygon","coordinates":[[[-98.132,62.664],[-98.206,62.69],[-98.35,62.616],[-98.356,62.708],[-98.458,62.829],[-98.207,62.81],[-98.194,62.851],[-97.764,62.864],[-97.63,62.979],[-97.618,62.924],[-97.662,62.864],[-97.613,62.663],[-97.518,62.603],[-97.509,62.568],[-97.427,62.502],[-97.36,62.484],[-97.349,62.508],[-97.309,62.485],[-97.377,62.432],[-97.445,62.422],[-97.702,62.507],[-97.842,62.5],[-97.913,62.459],[-98.048,62.527],[-97.969,62.548],[-98.132,62.664]]]}},{"type":"Feature","properties":{"name":"Amadjuak Lake"},"geometry":{"type":"Polygon","coordinates":[[[-70.637,64.711],[-70.804,64.774],[-70.999,64.787],[-71.052,64.768],[-71.097,64.707],[-71.225,64.643],[-71.563,64.613],[-71.899,64.728],[-71.919,64.751],[-71.898,64.778],[-72.053,64.91],[-71.956,64.948],[-71.963,64.913],[-71.819,64.91],[-71.872,64.873],[-71.873,64.844],[-71.748,64.819],[-71.708,64.829],[-71.75,64.861],[-71.512,64.906],[-71.534,64.947],[-71.638,64.985],[-71.546,65.082],[-71.691,65.242],[-71.665,65.308],[-71.765,65.397],[-71.737,65.408],[-71.542,65.31],[-71.3,65.266],[-71.231,65.211],[-70.771,65.07],[-70.695,65.024],[-70.633,64.908],[-70.384,64.717],[-70.48,64.664],[-70.467,64.621],[-70.385,64.59],[-70.721,64.622],[-70.729,64.639],[-70.637,64.711]]]}},{"type":"Feature","properties":{"name":"Amistad Reservoir"},"geometry":{"type":"Polygon","coordinates":[[[-101.1,29.458],[-101.272,29.498],[-101.287,29.506],[-101.261,29.562],[-101.302,29.584],[-101.31,29.622],[-101.275,29.648],[-101.072,29.51],[-101.004,29.548],[-100.993,29.535],[-100.951,29.61],[-100.951,29.529],[-100.918,29.502],[-101.1,29.458]]]}},{"type":"Feature","properties":{"name":"Cabonga Reservoir"},"geometry":{"type":"Polygon","coordinates":[[[-76.359,47.119],[-76.327,47.102],[-76.331,47.083],[-76.393,47.056],[-76.535,47.109],[-76.603,47.241],[-76.651,47.278],[-76.668,47.266],[-76.639,47.185],[-76.669,47.2],[-76.707,47.242],[-76.741,47.355],[-76.781,47.357],[-76.779,47.476],[-76.823,47.498],[-76.522,47.691],[-76.516,47.673],[-76.722,47.54],[-76.715,47.524],[-76.605,47.572],[-76.633,47.51],[-76.408,47.446],[-76.517,47.201],[-76.479,47.138],[-76.359,47.119]]]}},{"type":"Feature","properties":{"name":"Lago de Chapala"},"geometry":{"type":"Polygon","coordinates":[[[-102.713,20.162],[-102.786,20.124],[-103.008,20.183],[-103.17,20.179],[-103.372,20.26],[-103.002,20.329],[-102.894,20.319],[-102.77,20.198],[-102.711,20.194],[-102.713,20.162]]]}},{"type":"Feature","properties":{"name":"Lago de Managua"},"geometry":{"type":"Polygon","coordinates":[[[-86.105,12.208],[-86.315,12.177],[-86.304,12.265],[-86.47,12.274],[-86.572,12.343],[-86.589,12.405],[-86.339,12.48],[-86.294,12.474],[-86.161,12.315],[-86.119,12.329],[-86.105,12.208]]]}},{"type":"Feature","properties":{"name":"Itaipú Reservoir"},"geometry":{"type":"Polygon","coordinates":[[[-54.292,-24.751],[-54.312,-24.783],[-54.308,-24.819],[-54.221,-24.92],[-54.357,-24.892],[-54.393,-24.946],[-54.318,-25.079],[-54.377,-25.18],[-54.201,-25.24],[-54.433,-25.309],[-54.402,-25.371],[-54.424,-25.389],[-54.491,-25.387],[-54.582,-25.44],[-54.611,-25.433],[-54.634,-25.417],[-54.634,-25.302],[-54.547,-25.235],[-54.519,-25.19],[-54.527,-25.155],[-54.576,-25.112],[-54.721,-25.088],[-54.754,-25.063],[-54.712,-25.043],[-54.528,-25.053],[-54.506,-24.965],[-54.526,-24.935],[-54.795,-24.88],[-54.531,-24.877],[-54.474,-24.848],[-54.466,-24.804],[-54.524,-24.75],[-54.49,-24.712],[-54.4,-24.69],[-54.386,-24.659],[-54.419,-24.579],[-54.42,-24.542],[-54.388,-24.509],[-54.4,-24.454],[-54.312,-24.368],[-54.368,-24.211],[-54.35,-24.122],[-54.267,-24.066],[-54.283,-24.144],[-54.252,-24.286],[-54.259,-24.642],[-54.183,-24.708],[-54.292,-24.751]]]}},{"type":"Feature","properties":{"name":"Lago Gatun"},"geometry":{"type":"Polygon","coordinates":[[[-79.691,9.104],[-79.847,9.045],[-79.811,9.105],[-79.9,9.154],[-79.96,9.023],[-80.012,9.06],[-80.03,9.026],[-80.076,9.016],[-79.923,9.267],[-79.822,9.32],[-79.799,9.254],[-79.838,9.207],[-79.739,9.13],[-79.671,9.144],[-79.691,9.104]]]}},{"type":"Feature","properties":{"name":"Lake Kariba"},"geometry":{"type":"Polygon","coordinates":[[[28.931,-16.689],[28.867,-16.676],[28.829,-16.77],[28.762,-16.808],[28.697,-16.774],[28.69,-16.71],[28.655,-16.7],[28.509,-16.759],[28.474,-16.793],[28.461,-16.866],[28.382,-16.795],[28.341,-16.788],[28.117,-16.861],[28.076,-17.046],[28.047,-17.065],[27.959,-17.04],[27.841,-17.146],[27.705,-17.207],[27.576,-17.451],[27.455,-17.533],[27.453,-17.568],[27.353,-17.602],[27.077,-17.956],[27.021,-17.958],[27.018,-17.927],[27.094,-17.848],[27.107,-17.771],[27.371,-17.504],[27.344,-17.46],[27.431,-17.3],[27.609,-17.073],[27.688,-17.066],[27.705,-16.94],[27.831,-16.901],[27.794,-16.819],[27.899,-16.769],[27.975,-16.819],[28.042,-16.818],[28.168,-16.707],[28.175,-16.655],[28.283,-16.601],[28.29,-16.543],[28.393,-16.586],[28.623,-16.495],[28.854,-16.572],[28.943,-16.576],[28.988,-16.611],[28.931,-16.689]]]}},{"type":"Feature","properties":{"name":"Lake Kyoga"},"geometry":{"type":"Polygon","coordinates":[[[33.227,1.585],[33.126,1.503],[33.14,1.483],[33.258,1.47],[33.197,1.399],[33.243,1.386],[33.317,1.42],[33.326,1.356],[33.26,1.223],[33.019,1.382],[32.899,1.43],[32.864,1.419],[32.892,1.381],[32.893,1.311],[32.786,1.402],[32.742,1.34],[32.58,1.411],[32.537,1.497],[32.545,1.522],[32.611,1.514],[32.801,1.581],[32.811,1.549],[32.999,1.547],[33.101,1.634],[33.129,1.616],[33.237,1.67],[33.31,1.656],[33.414,1.731],[33.446,1.728],[33.487,1.643],[33.227,1.585]]]}},{"type":"Feature","properties":{"name":"Ozero Kubenskoye"},"geometry":{"type":"Polygon","coordinates":[[[39.582,59.665],[39.78,59.638],[39.721,59.578],[39.798,59.525],[39.734,59.48],[39.553,59.546],[39.194,59.747],[39.053,59.839],[39.054,59.868],[39.093,59.869],[39.582,59.665]]]}},{"type":"Feature","properties":{"name":"Bodensee"},"geometry":{"type":"Polygon","coordinates":[[[9.685,47.506],[9.452,47.514],[9.25,47.598],[9.113,47.772],[9.132,47.782],[9.731,47.527],[9.685,47.506]]]}},{"type":"Feature","properties":{},"geometry":{"type":"Polygon","coordinates":[[[22.987,61.369],[22.702,61.263],[22.659,61.219],[22.579,61.211],[22.718,61.3],[23.053,61.429],[23.293,61.452],[23.241,61.417],[22.987,61.369]]]}},{"type":"Feature","properties":{"name":"Dead Sea"},"geometry":{"type":"Polygon","coordinates":[[[35.498,31.105],[35.417,31.104],[35.377,31.178],[35.382,31.216],[35.446,31.232],[35.522,31.177],[35.498,31.105]]]}},{"type":"Feature","properties":{"name":"Sea of Galilee"},"geometry":{"type":"Polygon","coordinates":[[[35.577,32.72],[35.551,32.75],[35.534,32.803],[35.565,32.892],[35.599,32.9],[35.623,32.878],[35.632,32.782],[35.577,32.72]]]}},{"type":"Feature","properties":{"name":"Lake Argyle"},"geometry":{"type":"Polygon","coordinates":[[[128.944,-16.271],[128.958,-16.302],[128.895,-16.424],[128.827,-16.422],[128.802,-16.45],[128.784,-16.694],[128.757,-16.778],[128.734,-16.788],[128.696,-16.717],[128.583,-16.615],[128.584,-16.542],[128.537,-16.536],[128.53,-16.508],[128.635,-16.25],[128.678,-16.223],[128.645,-16.159],[128.737,-16.134],[128.805,-16.076],[128.778,-16.126],[128.791,-16.171],[128.946,-16.117],[129.032,-16.143],[128.944,-16.271]]]}},{"type":"Feature","properties":{"name":"Ngoring Hu"},"geometry":{"type":"Polygon","coordinates":[[[97.695,34.831],[97.683,34.792],[97.648,34.788],[97.603,34.798],[97.547,34.876],[97.644,34.978],[97.651,35.028],[97.763,35.088],[97.794,35.033],[97.801,34.932],[97.887,34.838],[97.695,34.831]]]}},{"type":"Feature","properties":{"name":"Gyaring Hu"},"geometry":{"type":"Polygon","coordinates":[[[97.36,34.865],[97.23,34.826],[97.084,34.907],[97.062,34.979],[97.067,34.997],[97.231,35.023],[97.351,35.02],[97.468,34.976],[97.36,34.865]]]}},{"type":"Feature","properties":{"name":"Toktogul Res."},"geometry":{"type":"Polygon","coordinates":[[[72.972,41.755],[72.839,41.74],[72.679,41.663],[72.635,41.687],[72.709,41.767],[72.658,41.874],[72.685,41.9],[72.94,41.878],[73.24,41.801],[73.3,41.776],[73.291,41.759],[72.972,41.755]]]}},{"type":"Feature","properties":{"name":"Langa Co"},"geometry":{"type":"Polygon","coordinates":[[[81.212,30.611],[81.126,30.662],[81.185,30.721],[81.199,30.852],[81.234,30.863],[81.294,30.817],[81.296,30.789],[81.252,30.753],[81.309,30.636],[81.212,30.611]]]}},{"type":"Feature","properties":{"name":"Mapam Yumco"},"geometry":{"type":"Polygon","coordinates":[[[81.494,30.61],[81.434,30.591],[81.392,30.61],[81.373,30.659],[81.376,30.758],[81.409,30.778],[81.524,30.757],[81.574,30.733],[81.584,30.7],[81.494,30.61]]]}},{"type":"Feature","properties":{"name":"Lake Volta"},"geometry":{"type":"Polygon","coordinates":[[[0.317,6.738],[0.276,6.648],[0.23,6.616],[0.152,6.611],[0.138,6.366],[0.103,6.338],[0.073,6.404],[-0.011,6.379],[-0.099,6.49],[-0.324,6.622],[-0.634,6.753],[-0.674,6.802],[-0.684,6.834],[-0.58,6.785],[-0.551,6.811],[-0.467,6.723],[-0.419,6.731],[-0.393,6.828],[-0.335,6.716],[-0.194,6.741],[-0.144,6.648],[-0.057,6.63],[-0.017,6.733],[-0.067,6.789],[-0.066,6.825],[0.112,6.897],[0.059,6.914],[0.042,6.946],[0.123,6.983],[0.088,7.023],[0.085,7.147],[0.01,7.187],[0.007,7.209],[0.099,7.193],[0.174,7.252],[0.184,7.287],[0.102,7.343],[0.046,7.478],[-0.063,7.508],[-0.066,7.444],[-0.157,7.51],[-0.242,7.517],[-0.208,7.546],[0.012,7.543],[-0.064,7.641],[-0.242,7.639],[-0.654,7.551],[-0.422,7.649],[-0.294,7.667],[-0.262,7.684],[-0.254,7.72],[-0.161,7.721],[-0.1,7.755],[-0.157,7.779],[-0.152,7.841],[-0.192,7.955],[-0.315,8.04],[-0.417,7.972],[-0.379,8.048],[-0.446,8.091],[-0.527,8.062],[-0.543,8.154],[-0.624,8.085],[-0.643,8.106],[-0.756,8.102],[-0.748,8.135],[-0.655,8.142],[-0.6,8.173],[-0.795,8.315],[-0.784,8.366],[-0.912,8.555],[-0.999,8.63],[-1.128,8.632],[-1.153,8.551],[-1.219,8.658],[-1.405,8.739],[-1.545,8.664],[-1.715,8.63],[-1.376,8.805],[-1.269,8.726],[-1.126,8.705],[-1.062,8.722],[-1.134,8.813],[-1.174,8.945],[-1.174,9.074],[-1.152,9.117],[-1.106,8.897],[-1.075,8.853],[-1.026,8.844],[-0.931,8.653],[-0.873,8.586],[-0.817,8.6],[-0.823,8.707],[-0.791,8.761],[-0.806,8.689],[-0.77,8.656],[-0.705,8.643],[-0.805,8.52],[-0.782,8.469],[-0.485,8.209],[-0.286,8.253],[-0.202,8.213],[-0.193,8.186],[-0.321,8.177],[-0.33,8.158],[-0.128,8.011],[-0.052,7.811],[-0.024,7.793],[0.055,7.792],[0.07,7.821],[0.07,8.081],[0.17,8.086],[0.105,8.242],[0.137,8.254],[0.217,8.363],[0.092,8.403],[0.085,8.548],[0.135,8.598],[0.16,8.7],[0.198,8.738],[0.168,8.625],[0.128,8.574],[0.103,8.434],[0.242,8.379],[0.294,8.334],[0.214,8.314],[0.184,8.206],[0.267,8.094],[0.161,8.06],[0.108,7.939],[0.168,7.863],[0.258,7.905],[0.237,7.834],[0.278,7.762],[0.282,7.575],[0.24,7.578],[0.229,7.536],[0.25,7.491],[0.32,7.542],[0.276,7.353],[0.294,7.278],[0.272,7.234],[0.271,7.138],[0.305,7.099],[0.24,6.896],[0.237,6.768],[0.254,6.673],[0.317,6.738]],[[0.181,6.726],[0.159,6.767],[0.062,6.808],[0.017,6.779],[0.011,6.718],[0.09,6.659],[0.181,6.726]]]}},{"type":"Feature","properties":{"name":"South Aral Sea"},"geometry":{"type":"Polygon","coordinates":[[[58.372,45.131],[58.417,45.291],[58.549,45.408],[58.574,45.532],[58.638,45.59],[58.653,45.722],[58.712,45.835],[58.838,45.834],[58.814,45.882],[58.849,45.918],[59.06,45.895],[59.079,45.943],[59.179,45.926],[59.24,45.994],[59.303,46.002],[59.244,45.892],[59.105,45.897],[58.914,45.795],[58.869,45.596],[58.766,45.563],[58.672,45.46],[58.629,45.264],[58.682,45.13],[58.547,45.008],[58.588,44.99],[58.567,44.915],[58.624,44.818],[58.563,44.772],[58.524,44.569],[58.483,44.504],[58.364,44.425],[58.26,44.431],[58.235,44.461],[58.237,44.524],[58.321,44.603],[58.221,44.847],[58.312,45.062],[58.372,45.131]]]}},{"type":"Feature","properties":{"name":"North Aral Sea"},"geometry":{"type":"Polygon","coordinates":[[[60.752,46.118],[60.825,46.201],[60.722,46.374],[60.58,46.293],[60.348,46.403],[60.133,46.357],[59.988,46.438],[60.002,46.572],[60.287,46.7],[60.368,46.617],[60.41,46.504],[60.459,46.623],[60.58,46.563],[60.741,46.627],[60.745,46.653],[60.526,46.751],[60.525,46.777],[60.58,46.784],[60.811,46.747],[60.776,46.581],[60.892,46.473],[61.134,46.45],[61.264,46.5],[61.203,46.577],[61.297,46.611],[61.315,46.648],[61.528,46.677],[61.283,46.448],[61.3,46.385],[61.217,46.237],[60.977,46.17],[60.862,46.09],[60.783,46.086],[60.752,46.118]]]}},{"type":"Feature","properties":{"name":"Barsakelmes Lake"},"geometry":{"type":"Polygon","coordinates":[[[59.592,46.209],[59.504,46.319],[59.731,46.322],[59.785,46.284],[59.813,46.124],[59.729,46.083],[59.592,46.209]]]}},{"type":"Feature","properties":{"name":"Lake Balkhash"},"geometry":{"type":"Polygon","coordinates":[[[79.052,46.808],[79.122,46.799],[79.222,46.72],[79.245,46.645],[79.217,46.61],[79.095,46.582],[79.023,46.447],[78.89,46.37],[78.711,46.396],[78.625,46.38],[78.544,46.401],[78.465,46.392],[78.438,46.377],[78.462,46.313],[78.445,46.297],[78.317,46.35],[78.161,46.319],[78.075,46.328],[77.865,46.429],[77.652,46.415],[77.429,46.5],[77.355,46.502],[77.282,46.473],[77.165,46.489],[77.104,46.454],[76.853,46.492],[76.742,46.532],[76.238,46.555],[76.033,46.512],[75.867,46.536],[75.611,46.507],[75.492,46.596],[75.49,46.631],[75.562,46.646],[75.553,46.673],[75.463,46.671],[75.404,46.61],[75.448,46.498],[75.406,46.471],[75.35,46.47],[75.304,46.519],[75.278,46.515],[75.212,46.427],[75.093,46.461],[75.013,46.417],[74.911,46.405],[74.771,46.108],[74.55,46.006],[74.37,46.02],[74.278,46.004],[74.253,45.942],[74.303,45.79],[74.243,45.752],[74.313,45.671],[74.101,45.537],[74.089,45.509],[74.083,45.352],[74.151,45.317],[74.156,45.271],[74.143,45.103],[74.136,45.07],[74.101,45.059],[74.12,45.0],[74.1,44.989],[74.017,45.013],[73.999,45.189],[73.84,45.264],[73.663,45.436],[73.615,45.513],[73.437,45.609],[73.444,45.657],[73.532,45.734],[73.44,45.806],[73.488,45.831],[73.56,45.816],[73.737,46.013],[73.663,46.062],[73.646,46.15],[73.679,46.183],[73.775,46.206],[73.829,46.185],[73.898,46.208],[73.982,46.186],[74.021,46.205],[74.027,46.222],[73.95,46.288],[74.094,46.428],[74.28,46.47],[74.375,46.518],[74.43,46.578],[74.524,46.623],[74.553,46.69],[74.625,46.752],[74.939,46.817],[75.089,46.814],[75.201,46.759],[75.338,46.73],[75.826,46.818],[76.203,46.78],[76.298,46.753],[76.45,46.641],[76.668,46.673],[76.793,46.631],[77.082,46.625],[77.175,46.556],[77.226,46.567],[77.266,46.611],[77.645,46.656],[77.86,46.648],[78.136,46.595],[78.297,46.469],[78.348,46.512],[78.359,46.623],[78.397,46.658],[78.433,46.652],[78.452,46.618],[78.476,46.625],[78.581,46.723],[78.63,46.747],[78.761,46.724],[78.823,46.795],[78.93,46.788],[78.991,46.749],[79.052,46.808]]]}},{"type":"Feature","properties":{"name":"Lake Tanganyika"},"geometry":{"type":"Polygon","coordinates":[[[30.672,-8.503],[30.534,-8.579],[30.568,-8.514],[30.464,-8.498],[30.448,-8.449],[30.461,-8.382],[30.549,-8.313],[30.573,-8.262],[30.567,-8.115],[30.396,-7.928],[30.277,-7.848],[30.204,-7.587],[30.208,-7.474],[30.147,-7.299],[30.013,-7.145],[29.836,-7.063],[29.752,-6.995],[29.537,-6.754],[29.48,-6.633],[29.476,-6.515],[29.424,-6.491],[29.311,-6.191],[29.193,-6.038],[29.19,-5.915],[29.33,-5.799],[29.333,-5.662],[29.372,-5.616],[29.157,-5.236],[29.102,-5.054],[29.124,-4.586],[29.169,-4.504],[29.203,-4.511],[29.254,-4.101],[29.245,-4.065],[29.228,-4.071],[29.145,-4.335],[29.063,-4.317],[29.099,-4.206],[29.086,-4.092],[29.117,-3.852],[29.103,-3.788],[29.147,-3.617],[29.142,-3.408],[29.196,-3.338],[29.298,-3.355],[29.332,-3.39],[29.335,-3.663],[29.364,-3.856],[29.523,-4.203],[29.653,-4.42],[29.6,-4.896],[29.749,-4.984],[29.792,-5.041],[29.816,-5.152],[29.752,-5.405],[29.758,-5.467],[29.865,-5.63],[29.951,-5.861],[29.916,-5.938],[29.748,-6.03],[29.722,-6.244],[29.95,-6.498],[30.094,-6.457],[30.166,-6.483],[30.299,-6.616],[30.455,-6.856],[30.528,-6.923],[30.563,-6.993],[30.561,-7.065],[30.513,-7.116],[30.599,-7.376],[30.604,-7.542],[30.725,-7.701],[30.913,-8.075],[30.957,-8.121],[30.964,-8.238],[31.143,-8.451],[31.151,-8.551],[31.198,-8.652],[31.189,-8.73],[31.133,-8.725],[31.084,-8.776],[31.022,-8.787],[30.806,-8.578],[30.672,-8.503]]]}},{"type":"Feature","properties":{"name":"Lagoa Mirim"},"geometry":{"type":"Polygon","coordinates":[[[-52.808,-32.907],[-52.895,-32.91],[-53.015,-32.799],[-53.131,-32.846],[-53.228,-33.055],[-53.352,-33.095],[-53.409,-33.159],[-53.453,-33.351],[-53.437,-33.473],[-53.454,-33.532],[-53.508,-33.557],[-53.544,-33.539],[-53.62,-33.191],[-53.6,-33.079],[-53.473,-32.959],[-53.354,-32.926],[-53.323,-32.883],[-53.302,-32.761],[-53.03,-32.598],[-52.959,-32.468],[-52.81,-32.391],[-52.78,-32.263],[-52.72,-32.199],[-52.69,-32.237],[-52.69,-32.348],[-52.593,-32.499],[-52.598,-32.585],[-52.808,-32.907]]]}},{"type":"Feature","properties":{"name":"Lake Manitoba"},"geometry":{"type":"Polygon","coordinates":[[[-98.072,50.274],[-98.242,50.214],[-98.402,50.204],[-98.519,50.242],[-98.551,50.287],[-98.549,50.421],[-98.608,50.568],[-98.853,50.946],[-98.941,51.008],[-99.006,51.114],[-98.988,51.152],[-98.881,51.037],[-98.847,51.039],[-98.836,51.1],[-98.897,51.188],[-98.953,51.202],[-99.026,51.267],[-99.163,51.543],[-99.258,51.563],[-99.37,51.635],[-99.426,51.627],[-99.527,51.546],[-99.545,51.714],[-99.491,51.758],[-99.39,51.781],[-99.338,51.759],[-99.217,51.636],[-99.166,51.675],[-99.166,51.777],[-99.064,51.686],[-98.999,51.511],[-98.918,51.395],[-98.911,51.513],[-98.972,51.675],[-98.894,51.709],[-98.833,51.684],[-98.758,51.588],[-98.779,51.466],[-98.754,51.363],[-98.572,51.243],[-98.669,51.104],[-98.718,51.088],[-98.76,50.995],[-98.74,50.935],[-98.72,50.912],[-98.41,50.823],[-98.244,50.719],[-97.971,50.47],[-97.959,50.357],[-98.072,50.274]]]}},{"type":"Feature","properties":{"name":"Lake Winnipegosis"},"geometry":{"type":"Polygon","coordinates":[[[-99.775,51.59],[-99.935,51.717],[-99.95,51.763],[-99.899,51.841],[-99.984,52.04],[-100.005,52.016],[-99.984,51.812],[-100.011,51.731],[-100.049,51.756],[-100.113,51.891],[-100.165,52.254],[-100.136,52.351],[-100.027,52.464],[-99.992,52.567],[-100.045,52.649],[-100.062,52.763],[-100.241,52.865],[-100.292,52.859],[-100.343,52.807],[-100.279,52.782],[-100.242,52.64],[-100.275,52.623],[-100.418,52.773],[-100.453,52.953],[-100.6,52.998],[-100.665,52.98],[-100.621,52.886],[-100.678,52.778],[-100.823,52.753],[-100.833,52.813],[-100.915,52.814],[-100.993,52.88],[-100.994,52.987],[-101.102,53.081],[-101.091,53.1],[-100.964,53.147],[-100.895,53.098],[-100.726,53.098],[-100.515,53.171],[-99.844,52.975],[-99.757,52.913],[-99.685,52.91],[-99.705,52.812],[-99.662,52.61],[-99.675,52.473],[-99.839,52.243],[-99.809,52.095],[-99.744,52.005],[-99.798,51.876],[-99.781,51.761],[-99.746,51.752],[-99.666,51.854],[-99.647,51.842],[-99.62,51.651],[-99.624,51.629],[-99.775,51.59]]]}},{"type":"Feature","properties":{"name":"Réservoir Manicouagan"},"geometry":{"type":"Polygon","coordinates":[[[-68.204,51.306],[-68.223,51.265],[-68.352,51.149],[-68.447,51.12],[-68.642,50.991],[-68.74,50.716],[-68.743,50.922],[-68.782,51.004],[-68.868,51.094],[-69.148,51.274],[-69.176,51.324],[-69.134,51.518],[-69.155,51.58],[-69.25,51.682],[-69.232,51.7],[-69.118,51.661],[-69.092,51.813],[-69.063,51.838],[-69.043,51.675],[-69.01,51.633],[-68.935,51.648],[-68.856,51.721],[-68.808,51.683],[-68.7,51.691],[-68.636,51.71],[-68.596,51.756],[-68.535,51.755],[-68.457,51.883],[-68.429,51.859],[-68.483,51.702],[-68.461,51.672],[-68.319,51.642],[-68.206,51.707],[-68.197,51.692],[-68.269,51.615],[-68.291,51.537],[-68.251,51.465],[-68.255,51.399],[-68.204,51.306]],[[-68.58,51.457],[-68.562,51.48],[-68.436,51.376],[-68.391,51.368],[-68.405,51.532],[-68.486,51.591],[-68.605,51.631],[-68.721,51.632],[-68.844,51.6],[-69.054,51.472],[-69.101,51.41],[-69.015,51.28],[-68.865,51.198],[-68.683,51.156],[-68.596,51.168],[-68.4,51.256],[-68.403,51.285],[-68.538,51.393],[-68.58,51.457]]]}},{"type":"Feature","properties":{"name":"Syvash"},"geometry":{"type":"Polygon","coordinates":[[[35.062,45.379],[35.04,45.429],[35.08,45.499],[35.024,45.604],[34.834,45.725],[34.762,45.743],[34.743,45.786],[34.645,45.837],[34.495,45.785],[34.618,45.915],[34.608,45.944],[34.568,45.952],[34.525,45.907],[34.46,45.917],[34.39,45.888],[34.363,46.0],[34.19,46.03],[34.187,45.956],[34.164,45.944],[34.121,46.026],[34.072,46.059],[33.998,46.072],[33.924,46.039],[33.885,46.06],[33.831,46.143],[33.771,46.133],[33.708,46.182],[33.704,46.215],[33.848,46.231],[34.107,46.144],[34.103,46.182],[34.164,46.203],[34.159,46.267],[34.175,46.266],[34.298,46.181],[34.544,46.161],[34.548,46.115],[34.469,46.101],[34.429,46.022],[34.479,45.983],[34.588,46.021],[34.667,46.173],[34.716,46.165],[34.755,46.113],[34.718,46.09],[34.713,46.053],[34.789,46.024],[34.84,45.843],[34.909,45.793],[35.182,45.472],[35.3,45.364],[35.426,45.295],[35.439,45.275],[35.399,45.255],[35.062,45.379]]]}},{"type":"Feature","properties":{"name":"Lake Saimaa"},"geometry":{"type":"Polygon","coordinates":[[[29.47,62.08],[29.492,62.046],[29.615,61.983],[29.685,62.004],[29.757,61.949],[29.777,61.889],[29.733,61.874],[29.727,61.848],[29.426,61.734],[29.266,61.615],[29.115,61.6],[29.098,61.578],[28.73,61.671],[28.629,61.642],[28.608,61.617],[28.76,61.61],[28.79,61.59],[28.68,61.558],[28.693,61.484],[28.582,61.473],[28.568,61.441],[28.345,61.349],[28.36,61.331],[28.477,61.332],[28.663,61.368],[28.714,61.352],[28.867,61.247],[28.788,61.204],[28.292,61.08],[27.947,61.068],[27.892,61.114],[27.882,61.157],[27.966,61.188],[28.197,61.163],[28.072,61.233],[27.862,61.252],[27.625,61.214],[27.519,61.23],[27.406,61.259],[27.435,61.296],[27.368,61.326],[27.27,61.324],[27.265,61.379],[27.301,61.433],[27.274,61.468],[27.298,61.484],[27.276,61.653],[27.329,61.693],[27.359,61.531],[27.459,61.523],[27.488,61.618],[27.515,61.577],[27.593,61.581],[27.758,61.656],[27.773,61.685],[27.623,61.764],[27.605,61.781],[27.626,61.801],[27.866,61.696],[28.054,61.511],[28.129,61.549],[28.185,61.544],[28.234,61.621],[28.262,61.744],[28.442,61.768],[28.539,61.841],[28.807,61.828],[28.838,61.863],[28.737,61.891],[28.579,61.993],[28.403,62.069],[27.926,62.133],[27.899,62.157],[27.877,62.329],[27.8,62.429],[27.547,62.412],[27.419,62.496],[27.297,62.477],[27.178,62.553],[27.159,62.577],[27.339,62.519],[27.398,62.576],[27.6,62.494],[27.67,62.513],[27.608,62.601],[27.619,62.71],[27.666,62.76],[27.65,62.816],[27.684,62.912],[27.652,62.925],[27.588,62.9],[27.56,62.851],[27.494,62.863],[27.415,62.902],[27.33,63.001],[27.176,63.084],[27.207,63.122],[27.193,63.289],[27.246,63.308],[27.239,63.332],[27.135,63.496],[27.068,63.523],[27.02,63.501],[26.959,63.524],[26.899,63.584],[27.183,63.518],[27.234,63.457],[27.234,63.427],[27.211,63.417],[27.363,63.316],[27.337,63.213],[27.264,63.146],[27.44,63.023],[27.559,63.001],[27.605,63.015],[27.77,62.946],[27.774,62.996],[27.736,63.059],[27.767,63.1],[27.848,63.071],[27.851,63.032],[27.888,63.019],[28.006,63.04],[28.106,63.009],[28.352,63.04],[28.154,62.933],[28.187,62.857],[28.144,62.825],[28.149,62.804],[28.268,62.689],[28.264,62.663],[28.653,62.527],[28.898,62.39],[28.81,62.382],[28.659,62.42],[28.496,62.501],[28.565,62.499],[28.555,62.523],[28.367,62.587],[28.274,62.565],[28.169,62.434],[28.103,62.442],[28.138,62.538],[28.057,62.69],[27.979,62.732],[27.849,62.719],[27.766,62.68],[27.755,62.652],[27.801,62.627],[27.758,62.583],[27.846,62.524],[27.915,62.43],[28.04,62.409],[28.042,62.379],[27.963,62.298],[27.97,62.259],[28.276,62.256],[28.277,62.276],[28.324,62.287],[28.406,62.237],[28.566,62.222],[28.608,62.279],[28.699,62.328],[28.666,62.387],[28.765,62.348],[28.87,62.235],[28.837,62.185],[28.786,62.177],[28.826,62.134],[29.198,62.177],[29.33,62.166],[29.353,62.219],[29.298,62.275],[29.265,62.394],[29.297,62.426],[29.3,62.476],[29.261,62.551],[29.279,62.599],[29.335,62.6],[29.364,62.53],[29.422,62.523],[29.626,62.419],[29.65,62.427],[29.589,62.5],[29.633,62.597],[29.697,62.609],[29.776,62.577],[29.926,62.434],[29.835,62.389],[29.768,62.313],[29.641,62.31],[29.599,62.27],[29.648,62.223],[29.96,62.164],[29.982,62.133],[29.911,62.115],[29.708,62.151],[29.518,62.123],[29.47,62.08]],[[27.842,62.911],[27.886,62.834],[28.072,62.746],[28.109,62.755],[28.062,62.976],[27.903,62.973],[27.849,62.951],[27.842,62.911]],[[27.677,61.31],[27.629,61.383],[27.418,61.437],[27.328,61.4],[27.588,61.266],[27.637,61.273],[27.677,61.31]],[[27.969,61.503],[27.946,61.527],[27.859,61.519],[27.732,61.547],[27.7,61.488],[27.52,61.485],[27.75,61.401],[27.914,61.442],[27.969,61.503]],[[28.445,61.516],[28.493,61.602],[28.536,61.622],[28.515,61.699],[28.476,61.723],[28.328,61.73],[28.277,61.71],[28.308,61.582],[28.243,61.539],[28.255,61.497],[28.226,61.443],[28.24,61.394],[28.416,61.416],[28.495,61.444],[28.496,61.478],[28.445,61.516]],[[29.442,62.038],[29.322,62.13],[29.019,62.125],[28.703,62.082],[28.691,62.036],[28.714,61.995],[28.828,61.963],[28.944,61.873],[28.99,61.802],[29.137,61.775],[29.255,61.807],[29.309,61.87],[29.342,61.971],[29.403,61.975],[29.445,61.948],[29.477,61.967],[29.442,62.038]]]}},{"type":"Feature","properties":{"name":"Lake Zaysan"},"geometry":{"type":"Polygon","coordinates":[[[84.427,47.857],[84.357,47.732],[84.296,47.699],[84.242,47.706],[83.625,48.013],[83.259,48.095],[83.027,48.212],[83.039,48.25],[83.435,48.27],[83.498,48.305],[83.533,48.375],[83.392,48.5],[83.387,48.554],[83.417,48.597],[83.423,48.743],[83.471,48.858],[83.589,48.962],[83.747,49.039],[84.036,49.111],[84.121,49.159],[84.1,49.238],[83.849,49.417],[83.66,49.443],[83.539,49.532],[83.426,49.573],[83.364,49.644],[83.608,49.606],[83.74,49.631],[83.89,49.72],[83.964,49.726],[83.961,49.703],[83.818,49.634],[83.729,49.535],[84.288,49.238],[84.361,49.161],[84.329,49.125],[83.609,48.91],[83.514,48.813],[83.487,48.718],[83.613,48.437],[83.919,48.397],[83.907,48.374],[83.682,48.353],[83.596,48.303],[83.581,48.267],[84.051,48.083],[84.334,48.023],[84.516,47.93],[84.427,47.857]]]}},{"type":"Feature","properties":{"name":"Churchill Lake"},"geometry":{"type":"Polygon","coordinates":[[[-108.692,56.49],[-108.736,56.668],[-108.859,56.709],[-108.87,56.748],[-108.765,56.813],[-108.703,56.792],[-108.634,56.715],[-108.495,56.693],[-108.425,56.629],[-108.412,56.464],[-108.134,56.426],[-108.074,56.382],[-108.111,56.308],[-108.189,56.271],[-108.179,56.143],[-108.122,56.063],[-108.135,56.038],[-108.178,56.015],[-108.3,55.858],[-108.572,55.698],[-108.605,55.648],[-108.598,55.585],[-108.627,55.552],[-108.665,55.569],[-108.688,55.749],[-108.759,55.903],[-109.034,55.93],[-109.1,55.981],[-109.158,56.068],[-109.137,56.108],[-109.086,56.122],[-108.875,56.08],[-108.671,55.979],[-108.6,55.848],[-108.52,55.879],[-108.467,55.936],[-108.467,56.033],[-108.433,56.104],[-108.273,56.191],[-108.268,56.244],[-108.315,56.29],[-108.376,56.285],[-108.539,56.366],[-108.53,56.479],[-108.561,56.51],[-108.692,56.49]]]}},{"type":"Feature","properties":{"name":"Lago Buenos Aires"},"geometry":{"type":"Polygon","coordinates":[[[-71.207,-46.563],[-71.376,-46.575],[-71.782,-46.499],[-71.998,-46.521],[-72.258,-46.586],[-72.774,-46.873],[-72.86,-46.997],[-72.904,-47.011],[-72.87,-46.911],[-72.789,-46.785],[-72.661,-46.664],[-72.724,-46.512],[-72.692,-46.499],[-72.585,-46.605],[-72.478,-46.596],[-71.988,-46.437],[-71.872,-46.382],[-71.872,-46.324],[-71.755,-46.33],[-71.626,-46.297],[-71.578,-46.361],[-71.313,-46.436],[-71.166,-46.527],[-71.207,-46.563]]]}},{"type":"Feature","properties":{"name":"Päijänne"},"geometry":{"type":"Polygon","coordinates":[[[27.092,62.842],[27.018,62.832],[27.018,62.8],[26.88,62.796],[26.983,62.686],[26.952,62.652],[26.999,62.613],[26.896,62.624],[26.819,62.564],[26.851,62.497],[26.93,62.482],[26.909,62.456],[26.736,62.494],[26.69,62.596],[26.662,62.583],[26.665,62.551],[26.58,62.412],[26.426,62.366],[26.42,62.318],[26.379,62.346],[26.407,62.418],[26.508,62.424],[26.51,62.453],[26.558,62.49],[26.526,62.539],[26.383,62.567],[26.273,62.551],[26.239,62.522],[26.238,62.481],[26.312,62.368],[26.277,62.34],[26.173,62.358],[26.128,62.329],[26.128,62.28],[26.05,62.348],[25.992,62.373],[25.956,62.356],[26.002,62.277],[25.946,62.21],[25.951,62.145],[25.876,62.206],[25.826,62.148],[25.821,62.072],[25.878,62.021],[25.79,61.992],[25.774,61.967],[25.641,61.95],[25.632,61.916],[25.701,61.885],[25.615,61.842],[25.588,61.793],[25.622,61.774],[25.721,61.813],[25.68,61.712],[25.706,61.601],[25.586,61.591],[25.573,61.494],[25.641,61.467],[25.543,61.423],[25.547,61.335],[25.58,61.308],[25.977,61.255],[26.082,61.196],[26.118,61.211],[26.106,61.246],[26.163,61.31],[26.275,61.374],[26.238,61.317],[26.257,61.247],[26.173,61.271],[26.148,61.256],[26.197,61.175],[26.184,61.148],[26.241,61.102],[26.095,60.964],[26.025,60.961],[26.071,61.004],[26.102,61.101],[26.026,61.17],[25.961,61.19],[25.871,61.168],[25.67,61.273],[25.621,61.263],[25.657,61.206],[25.531,61.115],[25.603,61.055],[25.592,61.024],[25.549,61.027],[25.48,61.088],[25.405,61.058],[25.356,61.076],[25.459,61.156],[25.5,61.229],[25.465,61.28],[25.406,61.251],[25.356,61.315],[25.271,61.352],[25.194,61.475],[25.188,61.532],[25.27,61.568],[25.398,61.584],[25.418,61.626],[25.403,61.67],[25.228,61.759],[25.209,61.794],[25.306,61.777],[25.389,61.794],[25.444,61.844],[25.314,61.878],[25.317,61.902],[25.51,61.931],[25.543,61.989],[25.625,62.005],[25.671,62.059],[25.586,62.101],[25.498,62.111],[25.472,62.142],[25.668,62.136],[25.713,62.162],[25.735,62.219],[25.881,62.292],[25.922,62.385],[25.897,62.441],[25.841,62.433],[25.763,62.534],[25.69,62.543],[25.632,62.627],[25.781,62.652],[25.795,62.705],[25.827,62.725],[25.894,62.72],[25.888,62.756],[25.818,62.794],[25.857,62.825],[25.866,62.875],[25.934,62.913],[25.832,63.014],[25.617,63.071],[25.541,63.03],[25.522,62.966],[25.436,62.975],[25.368,63.007],[25.444,63.052],[25.44,63.128],[25.623,63.216],[25.621,63.182],[25.681,63.137],[25.792,63.092],[25.837,63.13],[25.903,63.111],[26.084,62.993],[26.015,62.991],[26.014,62.972],[26.364,62.768],[26.371,62.725],[26.302,62.729],[26.103,62.826],[26.067,62.819],[26.007,62.71],[25.98,62.706],[26.029,62.632],[25.913,62.648],[25.821,62.613],[25.834,62.535],[25.938,62.462],[26.024,62.477],[26.056,62.521],[26.096,62.519],[26.103,62.488],[26.069,62.454],[26.084,62.421],[26.16,62.388],[26.185,62.46],[26.178,62.55],[26.342,62.608],[26.359,62.633],[26.451,62.633],[26.469,62.704],[26.358,62.826],[26.359,62.854],[26.563,62.706],[26.785,62.609],[26.813,62.623],[26.822,62.697],[26.568,62.9],[26.73,62.836],[26.743,62.866],[26.713,62.929],[26.765,62.98],[26.996,63.031],[27.033,63.019],[26.978,62.998],[26.931,62.941],[26.948,62.916],[26.894,62.917],[26.889,62.895],[26.95,62.852],[27.092,62.842]]]}},{"type":"Feature","properties":{"name":"Lake Srednye Kuyto"},"geometry":{"type":"Polygon","coordinates":[[[30.397,65.159],[30.646,65.074],[30.903,65.122],[30.974,65.183],[31.346,65.181],[31.576,65.137],[31.661,65.032],[31.942,64.897],[31.955,64.864],[31.664,64.945],[31.545,65.003],[31.482,65.096],[31.373,65.116],[31.246,65.117],[31.191,65.102],[31.181,65.078],[31.019,65.092],[30.906,65.074],[30.839,65.043],[30.814,64.982],[30.743,64.944],[30.54,64.931],[30.606,64.977],[30.721,64.995],[30.709,65.021],[30.533,65.063],[30.362,65.149],[30.397,65.159]]]}},{"type":"Feature","properties":{"name":"Kakhovka Reservoir"},"geometry":{"type":"Polygon","coordinates":[[[35.269,47.45],[34.961,47.406],[34.592,47.52],[34.19,47.42],[34.173,47.325],[34.097,47.316],[33.904,47.159],[33.718,46.941],[33.687,46.861],[33.54,46.831],[33.63,47.034],[33.705,47.061],[33.777,47.163],[33.933,47.282],[33.963,47.331],[33.936,47.541],[34.067,47.558],[34.211,47.536],[34.266,47.59],[34.38,47.558],[34.487,47.593],[34.997,47.588],[35.088,47.676],[35.086,47.824],[35.106,47.842],[35.13,47.84],[35.242,47.647],[35.302,47.492],[35.269,47.45]]]}},{"type":"Feature","properties":{},"geometry":{"type":"Polygon","coordinates":[[[-105.042,21.796],[-105.063,21.809],[-105.042,21.801],[-105.042,21.796]]]}},{"type":"Feature","properties":{"name":"Samara Reservoir"},"geometry":{"type":"Polygon","coordinates":[[[48.416,54.597],[48.551,54.652],[48.745,54.675],[48.808,54.733],[48.864,54.871],[48.859,55.012],[49.159,55.163],[49.172,55.293],[49.048,55.443],[49.059,55.483],[49.12,55.476],[49.233,55.338],[49.303,55.323],[49.358,55.339],[49.328,55.379],[49.329,55.518],[49.367,55.544],[49.371,55.465],[49.455,55.404],[49.788,55.383],[50.0,55.415],[50.09,55.463],[50.379,55.431],[50.481,55.46],[50.675,55.451],[51.255,55.526],[51.414,55.494],[51.469,55.511],[51.467,55.59],[51.398,55.685],[51.414,55.774],[51.48,55.833],[51.461,55.701],[51.521,55.632],[51.635,55.646],[51.763,55.72],[51.937,55.699],[51.886,55.671],[51.748,55.675],[51.714,55.593],[51.55,55.558],[51.524,55.503],[51.41,55.441],[51.206,55.489],[51.174,55.463],[51.219,55.4],[51.184,55.357],[51.071,55.415],[50.877,55.452],[50.734,55.407],[49.892,55.294],[49.692,55.191],[49.461,55.114],[49.446,55.052],[49.396,55.016],[49.224,55.023],[49.008,54.97],[48.94,54.902],[48.969,54.828],[49.098,54.8],[48.986,54.728],[48.973,54.641],[48.896,54.582],[48.909,54.55],[48.863,54.501],[48.864,54.462],[48.631,54.435],[48.53,54.394],[48.499,54.334],[48.549,54.241],[48.659,54.171],[48.798,54.131],[48.848,54.045],[49.02,54.015],[49.275,54.071],[49.727,54.225],[49.742,54.191],[49.537,54.127],[49.441,54.038],[49.218,53.934],[49.219,53.878],[49.351,53.77],[49.369,53.695],[49.127,53.825],[49.091,53.794],[49.063,53.607],[49.087,53.534],[49.247,53.502],[49.882,53.486],[49.905,53.457],[49.852,53.426],[49.495,53.436],[49.316,53.402],[49.258,53.352],[49.23,53.284],[48.801,53.281],[48.759,53.324],[49.137,53.309],[49.206,53.338],[49.205,53.368],[48.992,53.44],[49.009,53.46],[48.865,53.648],[48.903,53.828],[48.813,53.939],[48.567,54.098],[48.387,54.168],[48.416,54.597]]]}},{"type":"Feature","properties":{"name":"Lake Mead"},"geometry":{"type":"Polygon","coordinates":[[[-113.67,35.843],[-113.795,36.01],[-113.989,36.165],[-114.039,36.163],[-114.11,36.032],[-114.208,36.006],[-114.294,36.03],[-114.321,36.076],[-114.373,36.1],[-114.451,36.079],[-114.504,36.106],[-114.64,36.106],[-114.741,36.014],[-114.812,36.075],[-114.816,36.121],[-114.512,36.194],[-114.432,36.237],[-114.387,36.483],[-114.336,36.519],[-114.37,36.209],[-114.295,36.11],[-114.226,36.05],[-114.159,36.077],[-114.03,36.245],[-113.996,36.244],[-113.777,36.048],[-113.633,35.859],[-113.636,35.831],[-113.67,35.843]]]}},{"type":"Feature","properties":{"name":"Lake Powell"},"geometry":{"type":"Polygon","coordinates":[[[-110.433,37.711],[-110.673,37.45],[-110.836,37.225],[-110.792,37.193],[-110.65,37.208],[-110.676,37.175],[-110.792,37.17],[-110.996,37.114],[-111.112,37.076],[-111.189,37.023],[-111.307,37.016],[-111.455,36.919],[-111.473,36.932],[-111.53,37.029],[-111.339,37.062],[-111.256,37.146],[-111.211,37.119],[-111.163,37.165],[-111.073,37.139],[-110.963,37.151],[-110.858,37.335],[-110.799,37.352],[-110.736,37.431],[-110.755,37.526],[-110.681,37.531],[-110.555,37.631],[-110.447,37.769],[-110.435,37.871],[-110.404,37.906],[-110.368,37.898],[-110.433,37.711]]]}},{"type":"Feature","properties":{"name":"Southern Indian Lake"},"geometry":{"type":"Polygon","coordinates":[[[-98.201,57.405],[-97.995,57.387],[-98.109,57.317],[-98.25,57.112],[-98.561,57.061],[-98.855,56.841],[-99.002,56.862],[-99.068,56.846],[-99.218,56.736],[-99.47,56.733],[-99.553,56.711],[-99.549,56.654],[-99.571,56.641],[-99.686,56.73],[-99.546,56.776],[-99.329,56.988],[-99.226,56.951],[-99.155,56.956],[-99.124,57.005],[-99.015,57.085],[-99.037,56.975],[-99.006,56.927],[-98.905,56.925],[-98.873,56.946],[-98.857,57.06],[-98.775,57.073],[-98.695,57.117],[-98.651,57.219],[-98.668,57.262],[-98.542,57.275],[-98.508,57.299],[-98.537,57.456],[-98.593,57.529],[-98.596,57.585],[-98.556,57.611],[-98.528,57.543],[-98.472,57.549],[-98.293,57.638],[-98.206,57.654],[-98.224,57.58],[-98.295,57.493],[-98.201,57.405]]]}},{"type":"Feature","properties":{"name":"Represa de Sobradinho"},"geometry":{"type":"Polygon","coordinates":[[[-40.818,-9.406],[-40.818,-9.438],[-41.097,-9.5],[-41.138,-9.577],[-41.147,-9.664],[-41.188,-9.702],[-41.35,-9.736],[-41.464,-9.794],[-41.561,-9.789],[-41.649,-9.819],[-41.818,-9.82],[-41.866,-9.77],[-41.935,-9.787],[-42.075,-9.888],[-42.171,-10.024],[-42.167,-10.081],[-41.986,-10.152],[-41.874,-10.3],[-41.917,-10.29],[-41.995,-10.196],[-42.335,-10.098],[-42.363,-10.192],[-42.157,-10.668],[-42.24,-10.896],[-42.336,-11.001],[-42.351,-10.999],[-42.237,-10.66],[-42.259,-10.548],[-42.37,-10.427],[-42.415,-10.415],[-42.482,-10.467],[-42.725,-10.842],[-42.764,-11.142],[-42.812,-11.187],[-42.825,-11.251],[-42.934,-11.244],[-42.978,-11.174],[-43.072,-11.109],[-43.15,-11.143],[-43.16,-11.115],[-43.087,-10.94],[-42.893,-10.774],[-42.924,-10.713],[-42.994,-10.664],[-42.991,-10.623],[-42.955,-10.594],[-42.839,-10.741],[-42.78,-10.744],[-42.745,-10.706],[-42.748,-10.615],[-42.851,-10.498],[-42.848,-10.462],[-42.668,-10.538],[-42.614,-10.48],[-42.679,-10.398],[-42.673,-10.288],[-42.558,-10.352],[-42.497,-10.331],[-42.494,-10.267],[-42.596,-10.093],[-42.791,-9.998],[-42.816,-9.962],[-42.753,-9.956],[-42.734,-9.916],[-42.691,-9.967],[-42.675,-9.955],[-42.606,-9.999],[-42.547,-10.078],[-42.482,-10.044],[-42.519,-9.983],[-42.51,-9.948],[-42.419,-9.995],[-42.361,-9.985],[-42.287,-9.834],[-42.354,-9.708],[-42.221,-9.696],[-42.195,-9.613],[-42.09,-9.592],[-42.048,-9.511],[-41.998,-9.517],[-41.979,-9.573],[-41.924,-9.618],[-41.74,-9.565],[-41.446,-9.591],[-41.365,-9.622],[-41.264,-9.594],[-41.224,-9.511],[-41.224,-9.432],[-41.264,-9.362],[-41.245,-9.346],[-41.186,-9.366],[-41.184,-9.283],[-41.064,-9.282],[-41.029,-9.194],[-41.047,-9.149],[-41.027,-9.004],[-40.935,-9.057],[-40.953,-9.174],[-40.818,-9.406]],[[-42.849,-10.935],[-42.772,-10.843],[-42.783,-10.831],[-42.847,-10.846],[-42.891,-10.902],[-42.991,-10.943],[-42.996,-10.961],[-42.899,-10.945],[-42.879,-10.975],[-42.931,-11.079],[-42.879,-11.148],[-42.849,-11.143],[-42.807,-11.083],[-42.803,-10.961],[-42.849,-10.935]]]}},{"type":"Feature","properties":{"name":"Danau Toba"},"geometry":{"type":"Polygon","coordinates":[[[99.093,2.37],[98.999,2.349],[98.846,2.353],[98.689,2.555],[98.711,2.577],[98.784,2.515],[98.885,2.476],[98.949,2.504],[98.919,2.558],[98.76,2.729],[98.723,2.724],[98.662,2.644],[98.641,2.65],[98.526,2.824],[98.53,2.859],[98.64,2.873],[98.792,2.799],[98.87,2.731],[99.042,2.483],[99.143,2.412],[99.093,2.37]]]}},{"type":"Feature","properties":{},"geometry":{"type":"Polygon","coordinates":[[[26.473,61.612],[26.183,61.73],[26.077,61.704],[26.085,61.657],[26.144,61.669],[26.183,61.629],[26.148,61.546],[26.114,61.542],[25.9,61.647],[25.891,61.675],[25.955,61.717],[25.944,61.796],[26.126,61.767],[26.237,61.841],[26.295,61.716],[26.466,61.735],[26.543,61.688],[26.57,61.623],[26.473,61.612]]]}},{"type":"Feature","properties":{"name":"Lake Pukaki"},"geometry":{"type":"Polygon","coordinates":[[[170.23,-44.173],[170.178,-44.17],[170.131,-43.809],[170.136,-43.766],[170.198,-43.704],[170.184,-43.831],[170.248,-44.117],[170.23,-44.173]]]}},{"type":"Feature","properties":{"name":"Lake Ohau"},"geometry":{"type":"Polygon","coordinates":[[[169.893,-44.277],[169.865,-44.224],[169.86,-43.987],[169.881,-43.973],[169.891,-44.039],[169.912,-44.051],[169.98,-43.974],[169.982,-44.017],[169.925,-44.091],[169.913,-44.172],[169.921,-44.221],[169.995,-44.287],[169.893,-44.277]]]}},{"type":"Feature","properties":{"name":"Lake Abitibi"},"geometry":{"type":"Polygon","coordinates":[[[-80.105,48.913],[-79.889,48.924],[-79.836,48.875],[-79.857,48.807],[-79.832,48.73],[-79.701,48.723],[-79.576,48.797],[-79.413,48.715],[-79.259,48.69],[-79.226,48.472],[-79.313,48.452],[-79.295,48.578],[-79.319,48.631],[-79.439,48.648],[-79.511,48.613],[-79.701,48.641],[-79.867,48.633],[-80.06,48.783],[-80.091,48.775],[-80.18,48.812],[-80.105,48.913]]]}},{"type":"Feature","properties":{"name":"Fort Peck Lake"},"geometry":{"type":"Polygon","coordinates":[[[-106.269,47.548],[-106.251,47.644],[-106.384,47.848],[-106.454,47.879],[-106.521,47.828],[-106.556,47.75],[-106.813,47.716],[-106.862,47.631],[-106.906,47.672],[-106.993,47.644],[-107.03,47.666],[-107.306,47.685],[-107.429,47.635],[-107.612,47.623],[-107.846,47.468],[-107.911,47.39],[-107.916,47.509],[-107.949,47.558],[-108.196,47.602],[-107.959,47.601],[-107.889,47.538],[-107.841,47.526],[-107.685,47.646],[-107.714,47.688],[-107.455,47.662],[-107.336,47.728],[-106.93,47.725],[-106.933,47.764],[-106.769,47.788],[-106.596,47.86],[-106.566,47.907],[-106.59,47.958],[-106.433,48.027],[-106.325,47.985],[-106.358,47.925],[-106.345,47.879],[-106.253,47.815],[-106.267,47.793],[-106.217,47.585],[-106.269,47.548]]]}},{"type":"Feature","properties":{"name":"Lake Oahe"},"geometry":{"type":"Polygon","coordinates":[[[-100.37,44.988],[-100.392,44.896],[-100.476,44.794],[-100.532,44.763],[-100.625,44.767],[-100.636,44.75],[-100.595,44.601],[-100.488,44.573],[-100.504,44.522],[-100.397,44.47],[-100.412,44.419],[-100.61,44.47],[-100.637,44.503],[-100.62,44.531],[-100.671,44.627],[-100.682,44.714],[-100.724,44.732],[-100.848,44.764],[-101.188,44.727],[-100.995,44.777],[-100.96,44.818],[-100.805,44.834],[-100.767,44.85],[-100.778,44.882],[-100.67,44.867],[-100.559,44.811],[-100.5,44.87],[-100.457,44.872],[-100.447,44.999],[-100.347,45.102],[-100.335,45.157],[-100.317,45.26],[-100.345,45.305],[-100.407,45.348],[-100.612,45.355],[-100.344,45.39],[-100.434,45.504],[-100.637,45.662],[-100.531,45.636],[-100.448,45.644],[-100.39,45.71],[-100.414,45.808],[-100.659,46.12],[-100.668,46.162],[-100.594,46.314],[-100.606,46.489],[-100.634,46.58],[-100.767,46.673],[-100.777,46.714],[-100.714,46.705],[-100.585,46.617],[-100.527,46.386],[-100.574,46.187],[-100.559,46.096],[-100.493,45.988],[-100.35,45.854],[-100.345,45.685],[-100.354,45.645],[-100.398,45.618],[-100.408,45.564],[-100.281,45.427],[-100.255,45.242],[-100.286,45.088],[-100.262,45.044],[-100.37,44.988]]]}},{"type":"Feature","properties":{"name":"Teslin Lake"},"geometry":{"type":"Polygon","coordinates":[[[-132.159,59.626],[-132.399,59.922],[-132.61,60.05],[-132.958,60.201],[-133.245,60.449],[-133.138,60.427],[-132.98,60.297],[-132.798,60.192],[-132.522,60.098],[-132.364,59.986],[-132.23,59.849],[-132.202,59.77],[-132.089,59.644],[-132.095,59.607],[-132.159,59.626]]]}},{"type":"Feature","properties":{"name":"Lower Arrow Lake"},"geometry":{"type":"Polygon","coordinates":[[[-117.957,49.336],[-118.063,49.412],[-118.139,49.521],[-118.156,49.601],[-118.128,49.752],[-118.092,49.802],[-118.109,49.583],[-118.087,49.515],[-118.048,49.457],[-117.911,49.375],[-117.907,49.342],[-117.957,49.336]]]}},{"type":"Feature","properties":{"name":"Lake Nasser"},"geometry":{"type":"Polygon","coordinates":[[[32.127,22.688],[32.056,22.665],[31.962,22.573],[31.936,22.481],[31.855,22.415],[31.826,22.351],[31.746,22.363],[31.645,22.312],[31.625,22.242],[31.487,22.159],[31.441,22.102],[31.319,21.812],[31.124,21.612],[31.091,21.609],[31.112,21.671],[31.303,21.932],[31.372,22.103],[31.45,22.21],[31.704,22.453],[31.785,22.483],[31.676,22.626],[31.824,22.565],[31.911,22.661],[32.132,22.781],[32.222,22.769],[32.337,22.691],[32.413,22.694],[32.501,22.758],[32.739,23.229],[32.819,23.278],[32.856,23.342],[32.841,23.483],[32.743,23.516],[32.661,23.472],[32.599,23.496],[32.707,23.57],[32.676,23.594],[32.646,23.567],[32.624,23.587],[32.655,23.633],[32.739,23.624],[32.798,23.584],[32.834,23.619],[32.873,23.792],[32.823,23.91],[32.879,23.988],[32.933,23.941],[32.945,23.791],[32.986,23.695],[32.981,23.655],[32.909,23.61],[32.924,23.567],[33.005,23.509],[32.951,23.509],[32.922,23.485],[32.99,23.371],[33.007,23.237],[32.921,23.249],[32.911,23.161],[32.865,23.156],[32.855,23.117],[32.99,22.955],[32.972,22.935],[32.859,22.978],[32.785,23.039],[32.744,23.033],[32.705,22.947],[32.618,22.896],[32.586,22.783],[32.297,22.531],[32.248,22.547],[32.299,22.592],[32.234,22.674],[32.127,22.688]]]}},{"type":"Feature","properties":{},"geometry":{"type":"Polygon","coordinates":[[[24.456,61.59],[24.507,61.552],[24.469,61.528],[24.342,61.52],[24.194,61.457],[24.128,61.344],[24.279,61.293],[24.014,61.231],[24.092,61.185],[24.242,61.195],[24.355,61.162],[24.372,61.145],[24.33,61.139],[24.337,61.12],[24.439,61.031],[24.352,61.073],[23.781,61.214],[23.773,61.283],[23.845,61.228],[23.952,61.224],[24.035,61.312],[24.017,61.369],[24.043,61.423],[24.358,61.587],[24.309,61.621],[24.321,61.633],[24.454,61.626],[24.491,61.679],[24.691,61.721],[24.702,61.702],[24.659,61.656],[24.456,61.59]]]}},{"type":"Feature","properties":{"name":"Pyhäjärvi"},"geometry":{"type":"Polygon","coordinates":[[[23.528,61.369],[23.707,61.317],[23.717,61.262],[23.572,61.296],[23.44,61.371],[23.349,61.39],[23.709,61.511],[23.638,61.556],[23.57,61.641],[23.632,61.652],[23.603,61.688],[23.667,61.728],[23.692,61.81],[23.725,61.836],[23.708,61.865],[23.838,61.87],[23.865,61.911],[24.032,61.974],[24.003,62.076],[23.681,62.116],[23.645,62.215],[23.699,62.227],[23.683,62.191],[23.701,62.164],[23.855,62.14],[23.906,62.154],[23.928,62.221],[23.999,62.232],[23.954,62.16],[24.181,62.157],[24.123,62.123],[24.126,62.057],[24.22,62.045],[24.301,62.12],[24.335,62.103],[24.304,62.042],[24.375,62.029],[24.565,62.045],[24.524,62.081],[24.343,62.146],[24.363,62.156],[24.595,62.09],[24.611,62.109],[24.582,62.18],[24.615,62.205],[24.611,62.251],[24.662,62.266],[24.682,62.194],[24.722,62.198],[24.709,62.134],[24.63,62.043],[24.634,61.986],[24.706,61.921],[24.549,61.993],[24.094,62.02],[24.119,61.988],[24.105,61.951],[23.758,61.786],[23.786,61.729],[23.739,61.651],[23.834,61.636],[23.772,61.618],[23.798,61.599],[23.776,61.521],[23.511,61.419],[23.528,61.369]]]}},{"type":"Feature","properties":{"name":"Lake Volta"},"geometry":{"type":"Polygon","coordinates":[[[0.317,6.738],[0.276,6.648],[0.23,6.616],[0.152,6.611],[0.138,6.366],[0.103,6.338],[0.073,6.404],[-0.011,6.379],[-0.099,6.49],[-0.324,6.622],[-0.634,6.753],[-0.674,6.802],[-0.684,6.834],[-0.58,6.785],[-0.551,6.811],[-0.467,6.723],[-0.419,6.731],[-0.393,6.828],[-0.335,6.716],[-0.194,6.741],[-0.144,6.648],[-0.057,6.63],[-0.017,6.733],[-0.067,6.789],[-0.066,6.825],[0.112,6.897],[0.059,6.914],[0.042,6.946],[0.123,6.983],[0.088,7.023],[0.085,7.147],[0.01,7.187],[0.007,7.209],[0.099,7.193],[0.174,7.252],[0.184,7.287],[0.102,7.343],[0.046,7.478],[-0.063,7.508],[-0.066,7.444],[-0.157,7.51],[-0.242,7.517],[-0.208,7.546],[0.012,7.543],[-0.064,7.641],[-0.242,7.639],[-0.654,7.551],[-0.422,7.649],[-0.294,7.667],[-0.262,7.684],[-0.254,7.72],[-0.161,7.721],[-0.1,7.755],[-0.157,7.779],[-0.152,7.841],[-0.192,7.955],[-0.315,8.04],[-0.417,7.972],[-0.379,8.048],[-0.446,8.091],[-0.527,8.062],[-0.543,8.154],[-0.624,8.085],[-0.643,8.106],[-0.756,8.102],[-0.748,8.135],[-0.655,8.142],[-0.6,8.173],[-0.795,8.315],[-0.784,8.366],[-0.912,8.555],[-0.999,8.63],[-1.128,8.632],[-1.153,8.551],[-1.219,8.658],[-1.405,8.739],[-1.545,8.664],[-1.715,8.63],[-1.376,8.805],[-1.269,8.726],[-1.126,8.705],[-1.062,8.722],[-1.134,8.813],[-1.174,8.945],[-1.174,9.074],[-1.152,9.117],[-1.106,8.897],[-1.075,8.853],[-1.026,8.844],[-0.931,8.653],[-0.873,8.586],[-0.817,8.6],[-0.823,8.707],[-0.791,8.761],[-0.806,8.689],[-0.77,8.656],[-0.705,8.643],[-0.805,8.52],[-0.782,8.469],[-0.485,8.209],[-0.286,8.253],[-0.202,8.213],[-0.193,8.186],[-0.321,8.177],[-0.33,8.158],[-0.128,8.011],[-0.052,7.811],[-0.024,7.793],[0.055,7.792],[0.07,7.821],[0.07,8.081],[0.17,8.086],[0.105,8.242],[0.137,8.254],[0.217,8.363],[0.092,8.403],[0.085,8.548],[0.135,8.598],[0.16,8.7],[0.198,8.738],[0.168,8.625],[0.128,8.574],[0.103,8.434],[0.242,8.379],[0.294,8.334],[0.214,8.314],[0.184,8.206],[0.267,8.094],[0.161,8.06],[0.108,7.939],[0.168,7.863],[0.258,7.905],[0.237,7.834],[0.278,7.762],[0.282,7.575],[0.24,7.578],[0.229,7.536],[0.25,7.491],[0.32,7.542],[0.276,7.353],[0.294,7.278],[0.272,7.234],[0.271,7.138],[0.305,7.099],[0.24,6.896],[0.237,6.768],[0.254,6.673],[0.317,6.738]],[[0.181,6.726],[0.159,6.767],[0.062,6.808],[0.017,6.779],[0.011,6.718],[0.09,6.659],[0.181,6.726]]]}},{"type":"Feature","properties":{"name":"Bratsk Reservoir"},"geometry":{"type":"Polygon","coordinates":[[[103.725,53.602],[103.743,53.496],[103.726,53.484],[103.609,53.552],[103.49,53.563],[103.44,53.519],[103.425,53.473],[103.44,53.223],[103.374,53.107],[103.343,53.228],[103.343,53.572],[103.275,53.677],[102.868,53.79],[102.927,53.82],[103.117,53.774],[103.208,53.806],[103.003,54.068],[102.987,54.156],[103.017,54.283],[103.106,54.415],[103.173,54.424],[103.218,54.487],[103.186,54.627],[103.033,54.782],[103.07,54.921],[103.226,55.046],[103.282,55.159],[103.272,55.302],[103.179,55.486],[103.139,55.685],[103.074,55.789],[102.99,55.854],[102.921,56.063],[102.717,56.143],[102.53,56.158],[102.439,56.091],[102.236,56.103],[102.18,56.068],[101.986,56.026],[102.0,55.961],[101.978,55.903],[101.906,55.834],[101.913,55.783],[101.99,55.731],[102.085,55.718],[102.094,55.696],[102.051,55.663],[102.102,55.628],[102.332,55.59],[102.386,55.544],[102.311,55.401],[102.342,55.32],[102.43,55.285],[102.344,55.232],[102.233,55.101],[102.118,55.053],[102.33,55.271],[102.26,55.409],[102.307,55.495],[102.3,55.53],[102.072,55.457],[101.789,55.414],[101.757,55.469],[101.979,55.523],[101.97,55.563],[101.806,55.654],[101.788,55.772],[101.741,55.807],[101.322,55.946],[101.275,55.982],[101.706,55.973],[101.732,56.07],[101.672,56.135],[101.706,56.175],[101.71,56.264],[101.767,56.287],[101.803,56.291],[101.867,56.236],[101.964,56.227],[101.922,56.167],[101.945,56.125],[102.255,56.227],[102.26,56.255],[102.462,56.253],[102.474,56.311],[102.522,56.349],[102.582,56.332],[102.626,56.253],[102.799,56.262],[102.872,56.199],[103.023,56.214],[103.02,56.045],[103.063,55.92],[103.247,55.714],[103.226,55.558],[103.334,55.358],[103.364,55.219],[103.304,55.02],[103.185,54.878],[103.154,54.801],[103.279,54.578],[103.286,54.482],[103.349,54.323],[103.463,54.16],[103.397,54.17],[103.318,54.303],[103.261,54.342],[103.144,54.239],[103.103,54.147],[103.16,54.001],[103.298,53.874],[103.33,53.779],[103.435,53.679],[103.533,53.636],[103.725,53.602]]]}},{"type":"Feature","properties":{"name":"Ozero Khantayskoye"},"geometry":{"type":"Polygon","coordinates":[[[92.104,68.509],[92.331,68.426],[91.105,68.368],[90.92,68.311],[89.935,68.24],[89.807,68.263],[89.772,68.305],[89.313,68.335],[89.33,68.351],[89.315,68.388],[89.523,68.399],[90.232,68.369],[90.869,68.405],[91.092,68.443],[91.483,68.44],[92.104,68.509]]]}},{"type":"Feature","properties":{"name":"Ozero Keta"},"geometry":{"type":"Polygon","coordinates":[[[90.544,68.71],[90.05,68.702],[89.547,68.819],[89.582,68.848],[89.737,68.856],[89.999,68.837],[90.445,68.758],[90.918,68.816],[91.713,68.862],[91.484,68.787],[91.306,68.793],[90.544,68.71]]]}},{"type":"Feature","properties":{"name":"Ozero Lama"},"geometry":{"type":"Polygon","coordinates":[[[88.958,69.323],[88.825,69.339],[88.845,69.371],[89.546,69.495],[89.901,69.603],[90.205,69.625],[91.08,69.488],[91.436,69.51],[91.559,69.418],[90.988,69.459],[90.66,69.453],[90.408,69.519],[90.099,69.539],[89.582,69.444],[89.469,69.378],[88.958,69.323]]]}},{"type":"Feature","properties":{"name":"Uddjaure"},"geometry":{"type":"Polygon","coordinates":[[[17.882,65.89],[17.74,65.857],[17.693,65.875],[17.704,65.931],[17.736,65.949],[17.72,65.979],[17.637,66.012],[17.546,66.012],[17.517,66.05],[17.46,66.066],[17.36,66.047],[17.346,66.08],[17.471,66.113],[17.672,66.067],[17.733,66.083],[17.723,66.115],[17.615,66.168],[17.621,66.193],[17.777,66.187],[17.968,66.106],[18.009,66.051],[17.964,66.048],[17.945,65.997],[17.948,65.934],[18.001,65.882],[17.967,65.852],[17.882,65.89]]]}},{"type":"Feature","properties":{"name":"Storavan"},"geometry":{"type":"Polygon","coordinates":[[[18.14,65.778],[18.37,65.752],[18.509,65.66],[18.378,65.648],[18.255,65.677],[18.173,65.664],[18.151,65.644],[18.161,65.621],[18.093,65.629],[18.071,65.715],[17.967,65.852],[18.001,65.882],[18.14,65.778]]]}},{"type":"Feature","properties":{},"geometry":{"type":"Polygon","coordinates":[[[15.642,63.808],[15.542,63.76],[15.52,63.85],[15.263,63.961],[15.39,63.926],[15.419,63.959],[15.316,64.031],[15.319,64.11],[15.037,64.285],[14.328,64.388],[14.192,64.447],[14.093,64.519],[13.71,64.636],[13.802,64.66],[14.096,64.557],[14.195,64.481],[14.356,64.42],[14.493,64.417],[14.851,64.347],[15.21,64.322],[15.322,64.163],[15.419,64.075],[15.395,64.019],[15.578,63.868],[15.745,63.83],[15.824,63.754],[15.755,63.758],[15.642,63.808]]]}},{"type":"Feature","properties":{},"geometry":{"type":"Polygon","coordinates":[[[13.399,64.785],[13.635,64.686],[13.198,64.684],[13.399,64.785]]]}},{"type":"Feature","properties":{"name":"Lake Habbaniyah"},"geometry":{"type":"Polygon","coordinates":[[[43.566,33.219],[43.483,33.19],[43.434,33.199],[43.402,33.257],[43.304,33.309],[43.309,33.349],[43.382,33.435],[43.477,33.338],[43.554,33.348],[43.595,33.306],[43.566,33.219]]]}},{"type":"Feature","properties":{"name":"Lake Skadar"},"geometry":{"type":"Polygon","coordinates":[[[19.364,42.29],[19.481,42.108],[19.467,42.079],[19.216,42.158],[19.099,42.278],[19.293,42.265],[19.364,42.29]]]}},{"type":"Feature","properties":{"name":"Aylmer Lake"},"geometry":{"type":"Polygon","coordinates":[[[-108.161,64.038],[-108.459,63.945],[-108.661,63.988],[-108.858,64.065],[-109.114,64.076],[-109.394,64.02],[-109.571,64.018],[-109.639,64.051],[-109.029,64.103],[-108.634,64.17],[-108.598,64.195],[-108.623,64.276],[-108.602,64.331],[-108.541,64.388],[-108.467,64.413],[-108.432,64.398],[-108.419,64.267],[-108.247,64.316],[-108.358,64.181],[-108.336,64.156],[-108.263,64.142],[-108.186,64.177],[-107.945,64.094],[-107.932,64.036],[-108.161,64.038]]]}},{"type":"Feature","properties":{"name":"Clinton-Colden Lake"},"geometry":{"type":"Polygon","coordinates":[[[-107.752,64.071],[-107.589,64.112],[-107.323,64.131],[-107.238,64.1],[-107.24,64.022],[-107.269,63.983],[-107.222,63.926],[-107.088,63.912],[-107.274,63.776],[-107.502,63.789],[-107.632,63.877],[-107.622,63.97],[-107.789,63.981],[-107.805,63.956],[-107.932,64.036],[-107.945,64.094],[-107.752,64.071]]]}},{"type":"Feature","properties":{"name":"Lake Francis Case"},"geometry":{"type":"Polygon","coordinates":[[[-98.905,43.285],[-98.831,43.206],[-98.706,43.135],[-98.571,43.102],[-98.56,43.06],[-98.666,43.059],[-98.9,43.159],[-98.93,43.226],[-99.315,43.468],[-99.383,43.606],[-99.471,43.669],[-99.441,43.752],[-99.365,43.843],[-99.364,43.991],[-99.322,43.957],[-99.303,43.903],[-99.315,43.841],[-99.411,43.703],[-99.244,43.477],[-98.905,43.285]]]}},{"type":"Feature","properties":{"name":"Falcon Lake"},"geometry":{"type":"Polygon","coordinates":[[[-99.119,26.749],[-99.113,26.727],[-99.149,26.652],[-99.15,26.592],[-99.2,26.562],[-99.243,26.584],[-99.283,26.76],[-99.331,26.803],[-99.394,26.795],[-99.364,26.821],[-99.368,26.886],[-99.464,27.025],[-99.457,27.057],[-99.415,27.044],[-99.277,26.921],[-99.218,26.91],[-99.218,26.805],[-99.184,26.76],[-99.119,26.749]]]}},{"type":"Feature","properties":{"name":"Lac Île-à-la-Crosse"},"geometry":{"type":"Polygon","coordinates":[[[-107.843,55.303],[-108.044,55.508],[-108.036,55.554],[-107.985,55.575],[-107.85,55.528],[-107.806,55.553],[-107.857,55.661],[-107.805,55.665],[-107.769,55.698],[-107.766,55.894],[-107.737,55.921],[-107.666,55.744],[-107.74,55.408],[-107.792,55.367],[-107.769,55.267],[-107.789,55.211],[-107.843,55.303]]]}},{"type":"Feature","properties":{"name":"Wholdaia Lake"},"geometry":{"type":"Polygon","coordinates":[[[-103.935,60.477],[-103.949,60.421],[-104.187,60.341],[-104.135,60.533],[-104.494,60.726],[-104.343,60.871],[-104.38,60.901],[-104.505,60.818],[-104.588,60.813],[-104.643,60.856],[-104.53,60.86],[-104.449,61.001],[-104.335,61.026],[-104.213,60.938],[-104.219,60.814],[-104.141,60.826],[-104.139,60.805],[-104.219,60.757],[-104.217,60.738],[-103.851,60.824],[-103.769,60.866],[-103.742,60.945],[-103.716,60.952],[-103.647,60.902],[-103.667,60.835],[-103.97,60.707],[-104.137,60.668],[-104.123,60.624],[-104.042,60.602],[-103.879,60.641],[-103.81,60.71],[-103.746,60.701],[-103.736,60.642],[-103.935,60.477]]]}},{"type":"Feature","properties":{"name":"Tehek Lake"},"geometry":{"type":"Polygon","coordinates":[[[-95.39,64.972],[-95.463,64.921],[-95.459,64.789],[-95.487,64.766],[-95.593,64.782],[-95.636,64.846],[-95.799,64.923],[-95.858,64.915],[-95.881,64.851],[-96.032,64.923],[-96.003,64.974],[-95.931,65.003],[-95.632,65.039],[-95.25,65.034],[-95.249,65.003],[-95.39,64.972]]]}},{"type":"Feature","properties":{"name":"Réservoir de Caniapiscau"},"geometry":{"type":"Polygon","coordinates":[[[-69.269,54.047],[-69.834,53.946],[-69.869,53.955],[-69.856,53.977],[-69.703,54.038],[-69.707,54.069],[-69.983,54.139],[-70.129,54.11],[-70.141,54.129],[-70.011,54.223],[-69.879,54.261],[-69.869,54.289],[-69.88,54.311],[-70.082,54.343],[-70.041,54.372],[-69.901,54.379],[-69.858,54.368],[-69.793,54.283],[-69.682,54.268],[-69.664,54.21],[-69.704,54.172],[-69.697,54.153],[-69.588,54.107],[-69.477,54.092],[-69.406,54.121],[-69.269,54.047]]]}},{"type":"Feature","properties":{},"geometry":{"type":"Polygon","coordinates":[[[-68.726,53.689],[-68.716,53.583],[-68.853,53.594],[-68.9,53.483],[-69.055,53.428],[-69.085,53.444],[-68.947,53.609],[-68.827,53.676],[-68.866,53.737],[-68.767,53.796],[-68.814,53.846],[-69.008,53.94],[-69.243,53.961],[-69.154,54.0],[-69.146,54.04],[-69.062,54.007],[-69.005,54.042],[-68.903,53.985],[-68.846,53.911],[-68.68,53.798],[-68.726,53.689]]]}},{"type":"Feature","properties":{},"geometry":{"type":"Polygon","coordinates":[[[-70.419,54.359],[-70.517,54.441],[-70.424,54.41],[-70.214,54.479],[-69.97,54.49],[-69.912,54.552],[-69.912,54.617],[-69.96,54.684],[-70.029,54.676],[-69.983,54.742],[-69.9,54.704],[-69.839,54.525],[-69.766,54.466],[-69.882,54.456],[-69.949,54.425],[-70.233,54.444],[-70.419,54.359]]]}},{"type":"Feature","properties":{"name":"Kentucky Lake"},"geometry":{"type":"Polygon","coordinates":[[[-88.007,36.427],[-87.91,36.187],[-87.975,35.945],[-88.041,35.949],[-87.983,36.099],[-87.991,36.234],[-88.039,36.307],[-88.066,36.314],[-88.092,36.26],[-88.116,36.293],[-88.084,36.555],[-88.272,36.951],[-88.283,37.022],[-88.207,36.971],[-88.057,36.669],[-88.007,36.427]]]}},{"type":"Feature","properties":{"name":"J. Strom Thurmond Lake"},"geometry":{"type":"Polygon","coordinates":[[[-82.188,33.694],[-82.208,33.664],[-82.332,33.672],[-82.575,33.643],[-82.275,33.725],[-82.308,33.776],[-82.491,33.898],[-82.579,33.865],[-82.553,33.937],[-82.589,34.017],[-82.441,33.938],[-82.411,33.954],[-82.188,33.694]]]}},{"type":"Feature","properties":{"name":"Kinbasket Lake"},"geometry":{"type":"Polygon","coordinates":[[[-118.287,52.159],[-118.18,52.178],[-118.218,52.129],[-118.392,52.069],[-118.499,52.069],[-118.527,52.102],[-118.551,52.241],[-119.128,52.739],[-119.058,52.727],[-118.402,52.172],[-118.287,52.159]]]}},{"type":"Feature","properties":{"name":"Lake George"},"geometry":{"type":"Polygon","coordinates":[[[-81.683,29.505],[-81.54,29.287],[-81.529,29.224],[-81.595,29.198],[-81.684,29.368],[-81.683,29.505]]]}},{"type":"Feature","properties":{"name":"Lake Havasu"},"geometry":{"type":"Polygon","coordinates":[[[-114.405,34.488],[-114.377,34.54],[-114.327,34.478],[-114.082,34.318],[-114.134,34.242],[-114.164,34.253],[-114.189,34.318],[-114.405,34.488]]]}},{"type":"Feature","properties":{"name":"Shasta Lake"},"geometry":{"type":"Polygon","coordinates":[[[-122.229,40.793],[-122.116,40.8],[-122.102,40.766],[-122.411,40.721],[-122.426,40.744],[-122.395,40.829],[-122.362,40.82],[-122.351,40.784],[-122.232,40.871],[-122.229,40.793]]]}},{"type":"Feature","properties":{"name":"Point Lake"},"geometry":{"type":"Polygon","coordinates":[[[-114.185,65.446],[-114.442,65.477],[-114.381,65.616],[-114.397,65.657],[-114.229,65.677],[-114.173,65.638],[-114.183,65.611],[-114.298,65.6],[-114.287,65.555],[-114.169,65.496],[-113.937,65.444],[-113.91,65.402],[-113.84,65.368],[-113.621,65.416],[-113.517,65.385],[-113.271,65.401],[-113.113,65.385],[-113.125,65.361],[-113.224,65.356],[-113.312,65.318],[-112.678,65.203],[-112.217,65.225],[-112.222,65.192],[-112.307,65.183],[-112.346,65.128],[-112.242,64.966],[-112.318,64.96],[-112.457,65.153],[-112.65,65.16],[-112.939,65.213],[-112.997,65.196],[-113.324,65.26],[-113.507,65.272],[-113.787,65.244],[-113.95,65.335],[-114.098,65.378],[-114.185,65.446]]]}},{"type":"Feature","properties":{"name":"Upper Klamath Lake"},"geometry":{"type":"Polygon","coordinates":[[[-121.948,42.499],[-121.828,42.409],[-121.809,42.251],[-121.922,42.332],[-121.957,42.396],[-122.042,42.428],[-122.06,42.475],[-121.941,42.604],[-121.948,42.499]]]}},{"type":"Feature","properties":{"name":"Harney Lake"},"geometry":{"type":"Polygon","coordinates":[[[-119.205,43.256],[-119.133,43.308],[-119.005,43.239],[-119.023,43.197],[-119.081,43.16],[-119.163,43.184],[-119.205,43.256]]]}},{"type":"Feature","properties":{"name":"Chiputneticook Lakes"},"geometry":{"type":"Polygon","coordinates":[[[-67.6,45.637],[-67.533,45.643],[-67.48,45.683],[-67.449,45.607],[-67.512,45.589],[-67.625,45.602],[-67.779,45.67],[-67.863,45.74],[-67.787,45.759],[-67.6,45.637]]]}},{"type":"Feature","properties":{"name":"Represa de Tucuruí"},"geometry":{"type":"Polygon","coordinates":[[[-49.81,-4.409],[-49.865,-4.321],[-49.815,-4.26],[-49.809,-4.175],[-49.753,-4.115],[-49.749,-4.058],[-49.719,-4.028],[-49.715,-3.855],[-49.687,-3.835],[-49.626,-3.848],[-49.524,-4.257],[-49.448,-4.36],[-49.435,-4.49],[-49.298,-4.679],[-49.316,-4.725],[-49.283,-4.8],[-49.29,-4.836],[-49.347,-4.881],[-49.281,-5.165],[-49.176,-5.275],[-48.962,-5.276],[-48.937,-5.303],[-48.971,-5.333],[-49.17,-5.388],[-49.281,-5.301],[-49.532,-4.846],[-49.549,-4.74],[-49.592,-4.652],[-49.713,-4.593],[-49.653,-4.484],[-49.709,-4.422],[-49.81,-4.409]]]}},{"type":"Feature","properties":{"name":"Represa Três Marias"},"geometry":{"type":"Polygon","coordinates":[[[-44.903,-18.841],[-44.92,-18.857],[-45.044,-18.828],[-45.118,-18.83],[-45.129,-18.849],[-45.077,-19.005],[-45.089,-19.051],[-45.156,-18.948],[-45.397,-19.007],[-45.386,-18.923],[-45.251,-18.909],[-45.209,-18.882],[-45.195,-18.831],[-45.214,-18.753],[-45.236,-18.758],[-45.247,-18.838],[-45.281,-18.853],[-45.34,-18.829],[-45.258,-18.678],[-45.255,-18.623],[-45.359,-18.66],[-45.372,-18.636],[-45.298,-18.541],[-45.318,-18.501],[-45.367,-18.488],[-45.429,-18.556],[-45.516,-18.586],[-45.479,-18.474],[-45.355,-18.395],[-45.328,-18.303],[-45.329,-18.273],[-45.379,-18.268],[-45.36,-18.239],[-45.287,-18.201],[-45.23,-18.231],[-45.285,-18.414],[-45.259,-18.474],[-45.192,-18.514],[-45.181,-18.607],[-45.133,-18.608],[-45.152,-18.735],[-45.097,-18.775],[-45.036,-18.759],[-45.017,-18.723],[-44.903,-18.841]]]}},{"type":"Feature","properties":{},"geometry":{"type":"Polygon","coordinates":[[[-51.396,-20.355],[-51.438,-20.284],[-51.427,-20.257],[-51.314,-20.281],[-51.272,-20.255],[-51.181,-20.257],[-51.156,-20.24],[-51.172,-20.185],[-51.15,-20.147],[-51.078,-20.175],[-51.05,-20.1],[-51.051,-19.781],[-50.997,-19.668],[-50.97,-19.727],[-50.949,-19.981],[-50.807,-19.932],[-50.668,-19.841],[-50.582,-19.82],[-50.669,-19.947],[-50.792,-19.995],[-50.936,-20.09],[-50.985,-20.17],[-50.978,-20.232],[-50.934,-20.265],[-50.913,-20.319],[-50.983,-20.307],[-51.245,-20.392],[-51.066,-20.529],[-51.197,-20.499],[-51.305,-20.441],[-51.363,-20.452],[-51.416,-20.426],[-51.396,-20.355]]]}},{"type":"Feature","properties":{},"geometry":{"type":"Polygon","coordinates":[[[-72.541,-40.617],[-72.365,-40.639],[-72.37,-40.663],[-72.464,-40.704],[-72.57,-40.69],[-72.609,-40.658],[-72.541,-40.617]]]}},{"type":"Feature","properties":{"name":"Lago Colhué Huapí"},"geometry":{"type":"Polygon","coordinates":[[[-68.641,-45.512],[-68.574,-45.568],[-68.566,-45.607],[-68.599,-45.645],[-68.848,-45.644],[-68.966,-45.447],[-68.97,-45.282],[-68.934,-45.264],[-68.875,-45.294],[-68.836,-45.413],[-68.802,-45.413],[-68.766,-45.365],[-68.702,-45.369],[-68.641,-45.512]]]}},{"type":"Feature","properties":{},"geometry":{"type":"Polygon","coordinates":[[[9.128,47.671],[8.881,47.656],[8.981,47.702],[8.999,47.752],[9.094,47.716],[9.128,47.671]]]}},{"type":"Feature","properties":{},"geometry":{"type":"Polygon","coordinates":[[[36.768,62.26],[36.813,62.43],[36.909,62.466],[37.015,62.428],[37.035,62.368],[37.012,62.295],[37.025,62.262],[36.983,62.211],[36.898,62.179],[36.768,62.26]]]}},{"type":"Feature","properties":{},"geometry":{"type":"Polygon","coordinates":[[[38.892,60.585],[38.89,60.664],[38.844,60.734],[38.866,60.777],[39.173,60.68],[39.188,60.496],[39.096,60.394],[39.031,60.395],[39.069,60.475],[39.054,60.523],[39.008,60.573],[38.892,60.585]]]}},{"type":"Feature","properties":{},"geometry":{"type":"Polygon","coordinates":[[[31.346,64.465],[31.37,64.5],[31.743,64.477],[31.79,64.495],[31.765,64.557],[32.015,64.495],[32.044,64.46],[32.002,64.405],[31.346,64.465]]]}},{"type":"Feature","properties":{},"geometry":{"type":"Polygon","coordinates":[[[32.246,67.415],[31.899,67.512],[31.944,67.544],[32.216,67.539],[32.406,67.457],[32.246,67.415]]]}},{"type":"Feature","properties":{},"geometry":{"type":"Polygon","coordinates":[[[35.08,67.707],[34.995,67.801],[35.158,67.906],[35.092,67.94],[35.099,67.979],[35.221,68.059],[35.247,68.1],[35.291,68.078],[35.297,68.006],[35.243,67.956],[35.26,67.88],[35.159,67.811],[35.08,67.707]]]}},{"type":"Feature","properties":{"name":"Shardara Bögeni"},"geometry":{"type":"Polygon","coordinates":[[[68.393,41.161],[68.456,41.107],[68.28,41.052],[68.135,41.048],[68.024,41.099],[67.933,41.225],[67.991,41.255],[68.393,41.161]]]}},{"type":"Feature","properties":{"name":"Vilyuy Reservoir"},"geometry":{"type":"Polygon","coordinates":[[[111.194,62.707],[111.158,62.74],[111.165,62.792],[111.139,62.848],[110.839,62.912],[110.648,62.982],[110.431,62.989],[110.433,63.046],[110.494,63.099],[110.484,63.136],[110.109,63.172],[110.039,63.208],[110.291,63.218],[110.374,63.242],[110.389,63.35],[110.162,63.439],[110.002,63.429],[109.848,63.382],[109.587,63.455],[109.899,63.456],[110.096,63.625],[110.136,63.621],[110.146,63.6],[110.113,63.573],[110.127,63.536],[110.247,63.485],[110.482,63.46],[110.61,63.388],[110.474,63.25],[110.546,63.198],[110.668,63.199],[110.744,63.239],[110.918,63.178],[110.939,63.159],[110.886,63.125],[110.728,63.09],[110.719,63.063],[110.944,62.997],[111.086,63.094],[111.042,63.311],[111.103,63.415],[111.143,63.424],[111.17,63.353],[111.144,63.219],[111.16,63.176],[111.273,63.119],[111.473,63.13],[111.558,63.165],[111.584,63.218],[111.536,63.288],[111.69,63.289],[111.9,63.219],[111.985,63.097],[111.83,63.003],[111.829,62.96],[111.998,62.9],[112.12,62.917],[112.155,62.97],[112.115,63.017],[112.12,63.13],[112.047,63.315],[111.816,63.383],[111.91,63.412],[112.079,63.409],[112.125,63.432],[112.171,63.424],[112.139,63.381],[112.148,63.249],[112.234,63.126],[112.44,63.075],[112.48,63.02],[112.4,63.0],[112.368,62.842],[112.175,62.765],[111.846,62.873],[111.729,62.846],[111.693,62.864],[111.581,62.858],[111.488,62.873],[111.399,62.919],[111.408,62.94],[111.633,62.973],[111.657,63.041],[111.774,63.07],[111.839,63.121],[111.844,63.16],[111.786,63.196],[111.709,63.187],[111.64,63.143],[111.592,63.077],[111.518,63.047],[111.207,63.005],[111.191,62.94],[111.345,62.847],[111.424,62.653],[111.317,62.55],[111.358,62.472],[111.294,62.46],[111.293,62.431],[111.328,62.397],[111.605,62.39],[111.666,62.331],[111.663,62.311],[111.504,62.349],[111.39,62.327],[111.372,62.283],[111.604,62.214],[111.551,62.187],[111.35,62.223],[111.286,62.191],[111.296,62.131],[111.399,62.058],[111.251,61.99],[111.046,61.99],[110.417,62.093],[110.303,62.134],[110.16,62.124],[110.016,62.078],[109.665,61.911],[109.601,61.783],[109.56,61.799],[109.558,61.9],[109.637,62.007],[109.627,62.053],[109.714,62.039],[109.816,62.055],[110.145,62.204],[110.433,62.194],[110.606,62.131],[111.088,62.051],[111.156,62.11],[111.12,62.221],[111.209,62.256],[111.243,62.309],[111.209,62.431],[111.137,62.483],[111.012,62.504],[110.875,62.468],[110.784,62.528],[111.051,62.544],[111.194,62.707]]]}},{"type":"Feature","properties":{},"geometry":{"type":"Polygon","coordinates":[[[139.922,53.527],[139.809,53.4],[139.816,53.34],[139.749,53.348],[139.672,53.39],[139.658,53.456],[139.748,53.524],[139.881,53.556],[139.922,53.527]]]}},{"type":"Feature","properties":{"name":"Ozero Krasnoye"},"geometry":{"type":"Polygon","coordinates":[[[174.575,64.581],[174.607,64.652],[174.713,64.669],[174.804,64.65],[174.766,64.568],[174.671,64.481],[174.541,64.433],[174.338,64.437],[174.207,64.513],[174.373,64.702],[174.352,64.594],[174.429,64.569],[174.575,64.581]]]}},{"type":"Feature","properties":{"name":"Biwa Ko"},"geometry":{"type":"Polygon","coordinates":[[[136.083,35.443],[136.137,35.466],[136.182,35.453],[136.268,35.347],[136.214,35.264],[135.981,35.098],[135.889,35.0],[135.892,35.093],[136.032,35.304],[136.083,35.443]]]}},{"type":"Feature","properties":{"name":"Aishihik Lake"},"geometry":{"type":"Polygon","coordinates":[[[-137.096,61.457],[-137.042,61.31],[-136.992,61.273],[-137.0,61.227],[-137.083,61.292],[-137.168,61.45],[-137.522,61.636],[-137.442,61.652],[-137.148,61.503],[-137.096,61.457]]]}},{"type":"Feature","properties":{},"geometry":{"type":"Polygon","coordinates":[[[-155.655,58.602],[-155.646,58.576],[-155.473,58.53],[-155.653,58.52],[-155.841,58.597],[-156.323,58.629],[-156.409,58.691],[-156.153,58.729],[-156.006,58.688],[-155.435,58.66],[-155.453,58.637],[-155.655,58.602]]]}},{"type":"Feature","properties":{},"geometry":{"type":"Polygon","coordinates":[[[-162.838,61.041],[-163.031,61.083],[-163.002,61.109],[-162.713,61.077],[-162.838,61.041]]]}},{"type":"Feature","properties":{"name":"Lake Clark"},"geometry":{"type":"Polygon","coordinates":[[[-154.089,60.34],[-153.627,60.436],[-153.659,60.404],[-154.26,60.23],[-154.72,60.04],[-154.752,60.07],[-154.473,60.222],[-154.089,60.34]]]}},{"type":"Feature","properties":{},"geometry":{"type":"Polygon","coordinates":[[[-151.065,60.305],[-150.894,60.272],[-150.654,60.121],[-150.681,60.048],[-150.716,60.052],[-150.831,60.128],[-151.021,60.206],[-151.166,60.227],[-151.065,60.305]]]}},{"type":"Feature","properties":{},"geometry":{"type":"Polygon","coordinates":[[[-160.089,61.34],[-160.131,61.358],[-160.103,61.406],[-160.038,61.422],[-159.934,61.367],[-160.089,61.34]]]}},{"type":"Feature","properties":{},"geometry":{"type":"Polygon","coordinates":[[[-162.297,60.918],[-162.204,60.853],[-162.275,60.821],[-162.37,60.83],[-162.397,60.95],[-162.362,60.99],[-162.297,60.918]]]}},{"type":"Feature","properties":{},"geometry":{"type":"Polygon","coordinates":[[[-163.638,61.519],[-163.699,61.472],[-163.729,61.523],[-163.959,61.619],[-163.973,61.645],[-163.783,61.602],[-163.638,61.519]]]}},{"type":"Feature","properties":{},"geometry":{"type":"Polygon","coordinates":[[[-163.5,62.652],[-163.524,62.574],[-163.582,62.6],[-163.619,62.675],[-163.456,62.71],[-163.41,62.679],[-163.5,62.652]]]}},{"type":"Feature","properties":{"name":"Wheeler Lake"},"geometry":{"type":"Polygon","coordinates":[[[-87.542,34.851],[-87.383,34.851],[-87.006,34.683],[-86.899,34.575],[-86.959,34.565],[-87.323,34.767],[-87.512,34.792],[-87.7,34.773],[-87.661,34.814],[-87.542,34.851]]]}},{"type":"Feature","properties":{"name":"Üüreg Nuur"},"geometry":{"type":"Polygon","coordinates":[[[91.117,50.175],[91.131,50.13],[90.961,50.08],[90.891,50.136],[90.942,50.214],[91.052,50.208],[91.117,50.175]]]}},{"type":"Feature","properties":{},"geometry":{"type":"Polygon","coordinates":[[[90.394,33.436],[90.247,33.325],[90.033,33.385],[90.006,33.437],[90.186,33.416],[90.29,33.475],[90.289,33.638],[90.319,33.702],[90.401,33.526],[90.394,33.436]]]}},{"type":"Feature","properties":{},"geometry":{"type":"Polygon","coordinates":[[[89.832,33.48],[89.935,33.523],[89.97,33.48],[89.83,33.256],[89.806,33.286],[89.786,33.417],[89.71,33.469],[89.832,33.48]]]}},{"type":"Feature","properties":{},"geometry":{"type":"Polygon","coordinates":[[[76.082,31.909],[75.975,31.972],[75.938,32.061],[75.936,32.139],[75.983,32.153],[76.095,32.073],[76.171,31.962],[76.169,31.9],[76.082,31.909]]]}},{"type":"Feature","properties":{},"geometry":{"type":"Polygon","coordinates":[[[91.424,32.062],[91.455,32.112],[91.511,32.133],[91.532,32.08],[91.529,31.966],[91.518,31.943],[91.469,31.947],[91.424,32.062]]]}},{"type":"Feature","properties":{},"geometry":{"type":"Polygon","coordinates":[[[87.424,31.912],[87.49,31.954],[87.546,31.969],[87.591,31.948],[87.596,31.903],[87.53,31.847],[87.415,31.852],[87.424,31.912]]]}},{"type":"Feature","properties":{"name":"Banggong Co"},"geometry":{"type":"Polygon","coordinates":[[[78.49,33.974],[78.758,33.747],[78.961,33.741],[78.976,33.723],[78.734,33.677],[78.443,33.939],[78.49,33.974]]]}},{"type":"Feature","properties":{"name":"Tengiz Köli"},"geometry":{"type":"Polygon","coordinates":[[[69.371,50.719],[69.617,50.676],[69.613,50.615],[69.275,50.588],[69.047,50.426],[69.036,50.397],[69.057,50.364],[69.237,50.354],[69.256,50.254],[68.938,50.179],[68.69,50.266],[68.779,50.513],[68.861,50.571],[69.091,50.564],[69.227,50.616],[69.288,50.688],[69.371,50.719]]]}},{"type":"Feature","properties":{"name":"Qusmuryn Köli"},"geometry":{"type":"Polygon","coordinates":[[[64.949,52.908],[64.982,52.883],[64.967,52.731],[64.89,52.672],[64.649,52.553],[64.515,52.516],[64.501,52.535],[64.949,52.908]]]}},{"type":"Feature","properties":{"name":"Femunden"},"geometry":{"type":"Polygon","coordinates":[[[11.753,61.929],[11.742,62.008],[11.778,62.052],[11.797,61.939],[11.753,61.929]]]}},{"type":"Feature","properties":{"name":"Femunden"},"geometry":{"type":"Polygon","coordinates":[[[11.893,62.3],[11.892,62.4],[11.922,62.421],[11.967,62.407],[11.885,62.089],[11.927,61.931],[11.883,61.931],[11.843,62.046],[11.721,62.103],[11.736,62.138],[11.846,62.212],[11.893,62.3]]]}},{"type":"Feature","properties":{},"geometry":{"type":"Polygon","coordinates":[[[-76.554,51.364],[-76.751,51.288],[-77.026,51.329],[-76.903,51.355],[-76.819,51.416],[-76.554,51.364]]]}},{"type":"Feature","properties":{},"geometry":{"type":"Polygon","coordinates":[[[-91.39,51.071],[-91.542,51.085],[-91.647,51.154],[-91.441,51.163],[-91.39,51.071]]]}},{"type":"Feature","properties":{},"geometry":{"type":"Polygon","coordinates":[[[-91.95,51.982],[-91.895,51.952],[-91.91,51.911],[-91.932,51.894],[-91.991,51.937],[-91.95,51.982]]]}},{"type":"Feature","properties":{},"geometry":{"type":"Polygon","coordinates":[[[-78.55,51.034],[-78.813,51.097],[-78.827,51.152],[-78.55,51.034]]]}},{"type":"Feature","properties":{},"geometry":{"type":"Polygon","coordinates":[[[-78.763,47.57],[-78.813,47.656],[-78.792,47.691],[-78.612,47.681],[-78.571,47.656],[-78.628,47.597],[-78.763,47.57]]]}},{"type":"Feature","properties":{},"geometry":{"type":"Polygon","coordinates":[[[-77.235,47.55],[-77.129,47.561],[-77.065,47.508],[-76.935,47.488],[-76.966,47.442],[-77.119,47.477],[-77.185,47.456],[-77.165,47.389],[-77.259,47.347],[-77.289,47.386],[-77.27,47.463],[-77.322,47.573],[-77.288,47.614],[-77.235,47.55]]]}},{"type":"Feature","properties":{},"geometry":{"type":"Polygon","coordinates":[[[-108.044,64.749],[-107.979,64.72],[-108.063,64.697],[-108.09,64.715],[-108.044,64.749]]]}},{"type":"Feature","properties":{},"geometry":{"type":"Polygon","coordinates":[[[-108.481,64.559],[-108.533,64.562],[-108.494,64.598],[-108.24,64.684],[-108.18,64.686],[-108.189,64.646],[-108.481,64.559]]]}},{"type":"Feature","properties":{},"geometry":{"type":"Polygon","coordinates":[[[-108.989,64.613],[-109.09,64.587],[-109.098,64.656],[-109.061,64.686],[-109.062,64.727],[-108.93,64.706],[-108.821,64.552],[-108.989,64.613]]]}},{"type":"Feature","properties":{},"geometry":{"type":"Polygon","coordinates":[[[-109.34,64.655],[-109.362,64.702],[-109.347,64.758],[-109.24,64.74],[-109.284,64.702],[-109.272,64.662],[-109.149,64.58],[-109.16,64.547],[-109.273,64.536],[-109.235,64.565],[-109.34,64.655]]]}},{"type":"Feature","properties":{},"geometry":{"type":"Polygon","coordinates":[[[-78.671,71.112],[-78.896,71.089],[-79.211,71.097],[-79.339,71.122],[-79.367,71.149],[-79.277,71.175],[-78.866,71.16],[-78.671,71.112]]]}},{"type":"Feature","properties":{},"geometry":{"type":"Polygon","coordinates":[[[-104.646,69.733],[-104.862,69.856],[-104.358,69.815],[-104.388,69.756],[-104.511,69.718],[-104.646,69.733]]]}},{"type":"Feature","properties":{},"geometry":{"type":"Polygon","coordinates":[[[-98.229,67.332],[-98.421,67.192],[-98.546,67.243],[-98.486,67.421],[-98.229,67.332]]]}},{"type":"Feature","properties":{},"geometry":{"type":"Polygon","coordinates":[[[-96.205,55.271],[-96.055,55.287],[-95.789,55.4],[-95.702,55.401],[-95.676,55.364],[-95.733,55.308],[-96.106,55.217],[-96.229,55.212],[-96.285,55.238],[-96.205,55.271]]]}},{"type":"Feature","properties":{},"geometry":{"type":"Polygon","coordinates":[[[-102.287,54.715],[-102.197,54.738],[-102.116,54.708],[-102.106,54.598],[-102.128,54.494],[-102.169,54.455],[-102.256,54.449],[-102.34,54.475],[-102.378,54.516],[-102.287,54.715]]]}},{"type":"Feature","properties":{},"geometry":{"type":"Polygon","coordinates":[[[-105.728,54.414],[-105.714,54.492],[-105.683,54.509],[-105.568,54.459],[-105.553,54.39],[-105.57,54.327],[-105.673,54.222],[-105.714,54.086],[-105.755,54.055],[-105.805,54.078],[-105.812,54.234],[-105.728,54.414]]]}},{"type":"Feature","properties":{},"geometry":{"type":"Polygon","coordinates":[[[-70.935,53.483],[-70.843,53.427],[-70.865,53.407],[-70.98,53.431],[-71.125,53.565],[-71.117,53.591],[-71.019,53.596],[-70.95,53.565],[-70.935,53.483]]]}},{"type":"Feature","properties":{},"geometry":{"type":"Polygon","coordinates":[[[-60.724,52.444],[-60.6,52.32],[-60.648,52.315],[-60.79,52.424],[-60.968,52.516],[-61.15,52.589],[-61.297,52.603],[-61.139,52.619],[-60.904,52.55],[-60.724,52.444]]]}},{"type":"Feature","properties":{},"geometry":{"type":"Polygon","coordinates":[[[-111.988,64.69],[-112.326,64.86],[-112.343,64.899],[-112.114,64.848],[-111.887,64.701],[-111.966,64.638],[-111.996,64.66],[-111.988,64.69]]]}},{"type":"Feature","properties":{},"geometry":{"type":"Polygon","coordinates":[[[-83.781,48.305],[-83.925,48.307],[-83.721,48.421],[-83.573,48.424],[-83.429,48.506],[-83.468,48.434],[-83.781,48.305]]]}},{"type":"Feature","properties":{},"geometry":{"type":"Polygon","coordinates":[[[-107.059,55.855],[-107.011,55.89],[-106.947,55.921],[-106.897,55.927],[-106.88,55.908],[-106.984,55.832],[-106.973,55.815],[-107.063,55.82],[-107.059,55.855]]]}},{"type":"Feature","properties":{},"geometry":{"type":"Polygon","coordinates":[[[-106.551,55.668],[-106.539,55.689],[-106.344,55.76],[-106.33,55.74],[-106.359,55.691],[-106.341,55.662],[-106.472,55.631],[-106.551,55.668]]]}},{"type":"Feature","properties":{},"geometry":{"type":"Polygon","coordinates":[[[-102.551,62.499],[-102.576,62.45],[-102.737,62.41],[-102.677,62.56],[-102.692,62.602],[-102.769,62.669],[-102.774,62.704],[-102.694,62.762],[-102.66,62.76],[-102.597,62.657],[-102.551,62.499]]]}},{"type":"Feature","properties":{},"geometry":{"type":"Polygon","coordinates":[[[-103.478,61.431],[-103.456,61.513],[-103.342,61.562],[-103.21,61.677],[-103.144,61.653],[-103.191,61.588],[-103.296,61.521],[-103.392,61.395],[-103.447,61.366],[-103.478,61.431]]]}},{"type":"Feature","properties":{},"geometry":{"type":"Polygon","coordinates":[[[-103.786,58.691],[-103.663,58.702],[-103.6,58.661],[-103.668,58.545],[-103.819,58.583],[-103.836,58.609],[-103.786,58.691]]]}},{"type":"Feature","properties":{},"geometry":{"type":"Polygon","coordinates":[[[-69.123,56.332],[-69.077,56.272],[-68.808,56.089],[-68.795,56.055],[-69.121,56.248],[-69.189,56.326],[-69.195,56.427],[-69.274,56.504],[-69.128,56.65],[-69.153,56.507],[-69.123,56.332]]]}},{"type":"Feature","properties":{},"geometry":{"type":"Polygon","coordinates":[[[-88.93,66.577],[-89.089,66.483],[-89.075,66.556],[-88.96,66.607],[-88.792,66.633],[-88.82,66.596],[-88.93,66.577]]]}},{"type":"Feature","properties":{},"geometry":{"type":"Polygon","coordinates":[[[-88.091,66.605],[-88.213,66.581],[-88.284,66.634],[-88.396,66.657],[-88.547,66.64],[-88.682,66.579],[-88.71,66.597],[-88.711,66.632],[-88.615,66.711],[-88.341,66.705],[-88.202,66.633],[-88.091,66.605]]]}},{"type":"Feature","properties":{"name":"Lake Disappointment"},"geometry":{"type":"Polygon","coordinates":[[[122.768,-23.661],[122.641,-23.538],[122.608,-23.469],[122.697,-23.322],[122.703,-23.274],[122.879,-23.255],[122.932,-23.277],[122.947,-23.434],[122.926,-23.591],[122.876,-23.662],[122.823,-23.685],[122.768,-23.661]]]}},{"type":"Feature","properties":{"name":"Lake Mackay"},"geometry":{"type":"Polygon","coordinates":[[[128.385,-22.598],[128.317,-22.491],[128.341,-22.404],[128.794,-22.22],[129.0,-22.009],[129.135,-22.002],[129.216,-22.035],[129.201,-22.085],[129.072,-22.174],[129.06,-22.271],[129.219,-22.366],[129.215,-22.417],[128.899,-22.654],[128.82,-22.678],[128.385,-22.598]]]}},{"type":"Feature","properties":{"name":"Lake Gairdner"},"geometry":{"type":"Polygon","coordinates":[[[135.89,-32.241],[135.921,-32.15],[136.045,-31.966],[136.052,-31.902],[135.852,-31.743],[135.788,-31.617],[135.749,-31.593],[135.637,-31.59],[135.611,-31.514],[135.638,-31.402],[135.439,-31.232],[135.429,-31.063],[135.493,-31.084],[135.605,-31.189],[135.777,-31.238],[135.955,-31.225],[136.08,-31.254],[136.106,-31.305],[136.11,-31.415],[136.203,-31.577],[136.312,-31.926],[136.253,-32.148],[136.256,-32.211],[136.238,-32.24],[136.185,-32.253],[136.056,-32.209],[135.975,-32.23],[135.896,-32.326],[135.89,-32.241]]]}},{"type":"Feature","properties":{"name":"Lake Torrens"},"geometry":{"type":"Polygon","coordinates":[[[137.748,-31.897],[137.613,-31.808],[137.601,-31.778],[137.672,-31.732],[137.703,-31.664],[137.733,-31.326],[137.531,-31.106],[137.632,-31.063],[137.659,-31.027],[137.626,-30.673],[137.595,-30.633],[137.427,-30.629],[137.328,-30.365],[137.212,-30.223],[137.227,-30.179],[137.323,-30.217],[137.482,-30.383],[137.746,-30.494],[137.928,-30.717],[138.002,-30.874],[138.03,-30.951],[138.026,-31.06],[138.133,-31.259],[138.111,-31.393],[137.83,-31.717],[137.748,-31.897]]]}},{"type":"Feature","properties":{"name":"Lake Barlee"},"geometry":{"type":"Polygon","coordinates":[[[119.786,-29.58],[119.636,-29.55],[119.693,-29.452],[119.636,-29.338],[119.668,-29.21],[119.58,-29.188],[119.548,-29.216],[119.517,-29.505],[119.442,-29.554],[119.382,-29.542],[119.437,-29.236],[119.38,-29.214],[119.33,-29.235],[119.204,-29.351],[119.142,-29.28],[119.129,-29.114],[119.226,-29.091],[119.314,-29.012],[119.398,-28.994],[119.548,-29.057],[119.65,-29.027],[119.764,-28.888],[119.938,-28.882],[120.006,-28.928],[119.993,-28.981],[119.946,-28.985],[119.877,-28.943],[119.718,-29.067],[119.683,-29.12],[119.751,-29.297],[119.823,-29.413],[119.786,-29.58]]]}},{"type":"Feature","properties":{"name":"Lake Frome"},"geometry":{"type":"Polygon","coordinates":[[[139.876,-31.084],[139.835,-31.126],[139.8,-31.124],[139.613,-31.011],[139.488,-30.877],[139.719,-30.566],[139.951,-30.321],[140.011,-30.341],[140.044,-30.423],[139.982,-30.854],[139.876,-31.084]]]}},{"type":"Feature","properties":{"name":"Lake Eyre South"},"geometry":{"type":"Polygon","coordinates":[[[137.374,-29.454],[137.189,-29.468],[137.111,-29.449],[137.119,-29.346],[137.2,-29.245],[137.698,-29.131],[137.72,-29.197],[137.661,-29.348],[137.374,-29.454]]]}},{"type":"Feature","properties":{"name":"Lake Eyre North"},"geometry":{"type":"Polygon","coordinates":[[[137.777,-29.038],[137.619,-29.051],[137.478,-29.012],[137.344,-29.025],[137.239,-28.892],[137.146,-28.887],[137.12,-28.978],[137.075,-29.014],[137.018,-29.015],[136.949,-28.953],[136.894,-28.832],[136.922,-28.689],[136.883,-28.45],[136.966,-28.394],[136.99,-28.314],[136.969,-28.199],[136.889,-28.064],[136.785,-28.019],[136.8,-27.967],[137.033,-27.859],[137.328,-27.974],[137.453,-28.087],[137.672,-28.12],[137.702,-28.143],[137.72,-28.28],[137.774,-28.35],[137.733,-28.39],[137.676,-28.645],[137.786,-28.84],[137.905,-28.985],[138.014,-29.051],[138.01,-29.091],[137.914,-29.1],[137.777,-29.038]]]}}]}